2,1563792152083,-160,1008,-112
2,1563792152084,-160,1008,-96
4,1563792152086,176,960,256
4,1563792152087,192,976,240
6,1563792152094,128,-576,-800
6,1563792152101,128,-576,-816
2,1563792152123,-144,1008,-64
2,1563792152124,-160,1008,-64
4,1563792152132,192,976,256
4,1563792152134,176,976,240
6,1563792152138,128,-592,-800
6,1563792152140,128,-576,-800
6,1563792152141,128,-576,-800
2,1563792152168,-160,1008,-64
4,1563792152175,192,976,240
4,1563792152188,192,976,256
6,1563792152190,128,-576,-800
6,1563792152191,128,-576,-800
2,1563792152216,-176,1008,-80
2,1563792152218,-176,1008,-112
2,1563792152219,-144,1008,-128
2,1563792152221,-144,1008,-128
4,1563792152232,176,976,256
4,1563792152234,176,976,256
4,1563792152235,176,976,256
6,1563792152237,128,-576,-816
6,1563792152239,128,-576,-800
2,1563792152259,-144,1008,-112
2,1563792152260,-144,1008,-80
4,1563792152266,176,976,256
4,1563792152268,176,976,256
6,1563792152274,128,-576,-800
6,1563792152275,128,-576,-800
2,1563792152304,-160,1008,-80
2,1563792152305,-160,1024,-48
4,1563792152313,192,976,256
4,1563792152314,192,976,240
4,1563792152315,192,976,240
6,1563792152319,128,-576,-800
6,1563792152320,128,-576,-800
6,1563792152321,128,-576,-800
2,1563792152348,-160,1008,-48
2,1563792152352,-160,1008,-80
4,1563792152363,176,976,240
4,1563792152365,176,976,240
6,1563792152366,128,-576,-816
6,1563792152367,128,-576,-800
2,1563792152395,-144,1008,-96
2,1563792152403,-160,1008,-112
2,1563792152405,-160,1008,-128
4,1563792152407,176,976,256
4,1563792152409,160,976,256
6,1563792152411,128,-576,-800
6,1563792152414,128,-576,-800
2,1563792152438,-176,1008,-144
2,1563792152439,-160,1008,-128
4,1563792152448,176,976,256
4,1563792152449,160,976,256
6,1563792152457,128,-576,-816
6,1563792152460,128,-576,-800
2,1563792152483,-160,1008,-128
2,1563792152486,-144,1008,-112
4,1563792152495,176,976,256
4,1563792152498,176,976,240
4,1563792152500,176,976,240
6,1563792152509,128,-576,-816
6,1563792152510,128,-576,-816
6,1563792152511,128,-576,-816
2,1563792152531,-144,1024,-96
4,1563792152537,192,976,240
6,1563792152549,128,-576,-800
2,1563792152573,-128,1008,-64
4,1563792152582,192,976,256
6,1563792152591,128,-576,-800
2,1563792152619,-128,1008,-64
2,1563792152621,-144,1024,-48
2,1563792152622,-144,1008,-48
2,1563792152632,-176,1008,-64
2,1563792152635,-192,1008,-80
4,1563792152637,192,960,256
4,1563792152639,176,976,240
4,1563792152641,176,976,240
4,1563792152643,176,976,256
6,1563792152652,112,-576,-816
6,1563792152654,128,-576,-816
6,1563792152655,128,-576,-800
6,1563792152657,112,-576,-800
6,1563792152658,128,-592,-800
2,1563792152664,-176,1008,-112
2,1563792152666,-176,1008,-128
4,1563792152673,176,976,256
4,1563792152675,176,976,240
4,1563792152676,176,976,240
2,1563792152708,-144,1008,-144
2,1563792152709,-128,1008,-144
4,1563792152716,176,976,240
4,1563792152717,176,960,240
6,1563792152724,128,-576,-800
6,1563792152725,128,-576,-800
6,1563792152727,128,-576,-816
6,1563792152729,128,-576,-816
2,1563792152753,-128,1008,-128
2,1563792152756,-144,1008,-112
2,1563792152757,-144,1008,-64
4,1563792152766,176,976,240
4,1563792152768,192,976,256
6,1563792152774,128,-576,-800
6,1563792152776,128,-576,-800
6,1563792152777,112,-576,-800
2,1563792152798,-160,1024,-48
2,1563792152799,-160,1024,-48
4,1563792152806,192,976,256
4,1563792152807,192,976,240
6,1563792152820,128,-576,-816
6,1563792152821,128,-576,-800
2,1563792152844,-160,1008,-64
2,1563792152846,-160,992,-96
4,1563792152857,192,976,240
4,1563792152859,176,976,256
4,1563792152862,176,976,256
6,1563792152865,128,-576,-800
6,1563792152868,128,-576,-800
2,1563792152890,-160,1008,-96
2,1563792152892,-160,1008,-128
4,1563792152900,176,976,240
4,1563792152902,176,976,256
6,1563792152910,128,-576,-800
6,1563792152912,128,-576,-800
2,1563792152935,-160,1008,-128
2,1563792152936,-160,1008,-144
2,1563792152937,-160,1008,-112
4,1563792152943,160,976,256
4,1563792152944,176,960,256
6,1563792152954,128,-576,-800
6,1563792152955,128,-576,-800
6,1563792152957,128,-576,-800
2,1563792152981,-144,1008,-96
2,1563792152982,-128,1008,-80
4,1563792152987,176,976,256
4,1563792152988,176,976,240
6,1563792152994,128,-576,-816
6,1563792153001,128,-576,-800
2,1563792153024,-128,1008,-80
2,1563792153027,-160,1008,-64
4,1563792153035,176,976,240
4,1563792153036,176,976,240
4,1563792153039,176,976,240
6,1563792153042,128,-576,-800
6,1563792153046,128,-576,-816
2,1563792153069,-176,1008,-64
2,1563792153070,-176,1008,-80
4,1563792153075,176,976,240
4,1563792153077,176,976,256
6,1563792153084,128,-576,-800
6,1563792153086,128,-576,-800
2,1563792153113,-160,1008,-112
2,1563792153119,-144,1008,-112
2,1563792153121,-144,1008,-112
4,1563792153123,192,976,256
4,1563792153127,176,976,240
6,1563792153135,128,-576,-800
6,1563792153137,128,-576,-816
6,1563792153138,128,-576,-800
2,1563792153159,-128,1008,-112
2,1563792153161,-144,1008,-112
4,1563792153168,176,976,240
4,1563792153170,176,976,256
6,1563792153173,128,-576,-816
6,1563792153174,128,-576,-800
2,1563792153205,-144,1008,-96
2,1563792153207,-144,1008,-80
4,1563792153218,176,976,240
4,1563792153222,176,976,240
4,1563792153226,176,976,240
6,1563792153228,128,-576,-800
6,1563792153237,128,-576,-800
2,1563792153251,-160,1008,-80
2,1563792153255,-176,1008,-96
4,1563792153266,176,976,240
4,1563792153267,176,976,240
6,1563792153269,128,-576,-816
6,1563792153270,128,-576,-800
2,1563792153297,-176,1008,-112
2,1563792153298,-160,1008,-128
2,1563792153299,-144,1008,-128
4,1563792153305,176,960,240
4,1563792153306,176,976,256
6,1563792153309,128,-576,-800
6,1563792153311,128,-576,-800
6,1563792153314,128,-576,-816
2,1563792153338,-144,1008,-112
2,1563792153339,-144,1008,-96
4,1563792153346,176,976,256
4,1563792153349,176,976,256
6,1563792153358,128,-576,-800
6,1563792153360,128,-576,-800
2,1563792153383,-144,1024,-64
2,1563792153385,-160,1008,-64
2,1563792153386,-160,1008,-64
4,1563792153394,176,976,256
4,1563792153396,192,976,240
4,1563792153398,176,976,240
6,1563792153409,128,-576,-816
6,1563792153412,128,-576,-800
2,1563792153429,-160,1008,-80
2,1563792153432,-160,1008,-96
4,1563792153442,176,976,240
4,1563792153443,176,976,240
6,1563792153446,128,-576,-816
6,1563792153456,128,-576,-800
6,1563792153457,128,-576,-816
2,1563792153476,-160,1008,-128
2,1563792153477,-144,1008,-128
4,1563792153483,176,976,240
4,1563792153484,176,976,256
6,1563792153488,128,-576,-800
6,1563792153489,128,-576,-800
2,1563792153520,-144,1008,-112
2,1563792153521,-160,1008,-112
4,1563792153530,176,976,256
4,1563792153532,176,976,256
6,1563792153542,128,-576,-816
6,1563792153547,128,-576,-800
2,1563792153564,-176,1008,-112
2,1563792153566,-160,1008,-96
2,1563792153567,-144,1008,-96
4,1563792153572,176,976,256
4,1563792153574,176,976,256
4,1563792153577,176,976,256
6,1563792153585,128,-576,-800
6,1563792153585,128,-576,-800
6,1563792153587,128,-576,-816
2,1563792153609,-144,1008,-96
2,1563792153611,-128,1008,-80
4,1563792153620,176,976,240
4,1563792153621,176,976,240
6,1563792153623,128,-576,-800
6,1563792153624,128,-576,-800
2,1563792153654,-144,1008,-80
2,1563792153656,-160,1008,-64
4,1563792153663,176,960,240
4,1563792153666,192,976,256
6,1563792153677,128,-576,-800
6,1563792153679,128,-576,-800
2,1563792153699,-176,1008,-64
2,1563792153701,-176,1008,-96
4,1563792153706,192,960,256
4,1563792153708,176,976,256
6,1563792153716,128,-576,-800
6,1563792153717,128,-576,-816
2,1563792153747,-176,1008,-112
2,1563792153748,-160,1008,-128
2,1563792153750,-144,1008,-128
4,1563792153759,176,976,240
4,1563792153761,176,976,240
4,1563792153763,176,976,256
6,1563792153773,128,-576,-800
6,1563792153774,128,-576,-800
6,1563792153775,128,-576,-816
2,1563792153788,-144,1008,-112
2,1563792153789,-144,1008,-96
4,1563792153800,176,976,256
4,1563792153801,176,976,256
6,1563792153803,128,-576,-816
6,1563792153805,128,-576,-800
2,1563792153833,-160,1008,-80
2,1563792153835,-160,1008,-64
4,1563792153840,192,976,256
4,1563792153843,192,976,240
4,1563792153846,192,976,240
6,1563792153854,128,-576,-800
6,1563792153855,128,-576,-800
2,1563792153878,-160,1008,-64
2,1563792153879,-160,1008,-80
4,1563792153885,176,976,240
6,1563792153897,128,-576,-816
6,1563792153899,128,-576,-800
2,1563792153924,-160,1008,-128
2,1563792153926,-176,1008,-144
2,1563792153929,-160,1008,-144
4,1563792153939,176,976,240
4,1563792153941,176,976,256
4,1563792153944,176,976,240
6,1563792153946,128,-592,-800
6,1563792153949,128,-592,-800
6,1563792153951,128,-576,-816
2,1563792153969,-160,1008,-128
2,1563792153970,-144,1008,-96
4,1563792153977,176,960,256
4,1563792153978,176,976,256
6,1563792153985,128,-576,-800
6,1563792153986,128,-576,-800
2,1563792154014,-144,1008,-80
2,1563792154015,-144,1008,-64
4,1563792154022,192,976,256
4,1563792154024,192,976,256
4,1563792154025,192,976,240
6,1563792154036,128,-576,-800
6,1563792154038,128,-576,-800
2,1563792154060,-144,1008,-64
2,1563792154062,-144,1008,-64
4,1563792154071,176,976,240
4,1563792154073,176,976,240
6,1563792154075,128,-576,-800
6,1563792154077,128,-576,-800
2,1563792154103,-160,1008,-80
2,1563792154104,-176,1008,-96
2,1563792154119,-176,1008,-112
4,1563792154123,176,976,256
4,1563792154127,176,976,256
6,1563792154130,128,-576,-800
6,1563792154132,128,-576,-816
6,1563792154134,128,-576,-800
2,1563792154151,-160,1008,-128
2,1563792154152,-160,1008,-128
4,1563792154160,176,976,256
4,1563792154161,176,976,256
6,1563792154170,128,-576,-816
6,1563792154172,128,-576,-800
2,1563792154196,-144,1024,-128
2,1563792154197,-144,1008,-112
4,1563792154202,176,976,256
4,1563792154203,176,976,256
4,1563792154204,176,976,256
6,1563792154209,128,-576,-800
6,1563792154210,128,-576,-816
2,1563792154240,-144,1008,-96
2,1563792154242,-144,1008,-64
2,1563792154244,-144,1008,-64
4,1563792154255,192,976,256
4,1563792154257,192,976,240
6,1563792154260,128,-576,-800
6,1563792154263,128,-576,-800
2,1563792154284,-160,1008,-64
2,1563792154286,-176,1008,-80
4,1563792154293,176,976,240
4,1563792154296,176,976,256
6,1563792154307,128,-576,-800
6,1563792154308,128,-576,-800
6,1563792154311,128,-576,-800
2,1563792154332,-176,1008,-112
2,1563792154333,-160,1008,-128
4,1563792154340,176,976,256
4,1563792154342,176,976,240
6,1563792154351,128,-576,-816
6,1563792154352,128,-576,-816
2,1563792154372,-160,1008,-128
2,1563792154373,-144,1008,-128
4,1563792154382,176,976,256
4,1563792154384,176,976,256
4,1563792154386,176,976,256
6,1563792154388,128,-576,-800
6,1563792154389,128,-576,-800
2,1563792154419,-144,1008,-112
2,1563792154420,-128,1008,-80
4,1563792154425,176,976,240
4,1563792154428,192,976,240
6,1563792154439,128,-576,-816
6,1563792154440,128,-576,-800
2,1563792154464,-128,1008,-64
2,1563792154466,-144,1008,-64
2,1563792154474,-144,1008,-64
4,1563792154475,192,976,240
4,1563792154477,176,976,240
6,1563792154488,128,-576,-800
6,1563792154489,128,-576,-800
6,1563792154491,128,-576,-800
2,1563792154508,-160,1008,-80
2,1563792154509,-176,1008,-96
4,1563792154515,176,976,240
4,1563792154517,176,976,240
2,1563792154553,-176,1008,-112
2,1563792154555,-176,1008,-144
4,1563792154564,176,976,256
4,1563792154567,176,976,256
4,1563792154570,176,976,256
6,1563792154580,128,-576,-800
6,1563792154581,128,-576,-800
6,1563792154582,128,-576,-816
6,1563792154584,128,-592,-800
2,1563792154599,-160,1008,-144
2,1563792154600,-144,1008,-128
2,1563792154601,-144,1024,-112
4,1563792154608,176,976,256
4,1563792154609,176,976,240
6,1563792154618,128,-576,-800
6,1563792154620,128,-576,-816
2,1563792154645,-128,1008,-96
2,1563792154648,-144,1008,-80
4,1563792154659,176,976,240
4,1563792154661,192,976,240
6,1563792154662,128,-576,-816
6,1563792154673,128,-576,-800
6,1563792154674,128,-576,-800
2,1563792154689,-144,1024,-48
2,1563792154690,-144,1024,-64
4,1563792154699,192,976,240
4,1563792154701,192,976,240
6,1563792154705,128,-576,-800
6,1563792154706,128,-576,-800
2,1563792154733,-144,1008,-80
2,1563792154734,-144,1008,-80
4,1563792154741,176,976,240
4,1563792154742,176,976,240
4,1563792154744,176,976,256
6,1563792154751,128,-576,-800
6,1563792154752,128,-576,-816
6,1563792154753,128,-576,-816
2,1563792154778,-144,1008,-96
2,1563792154779,-160,1008,-112
4,1563792154786,176,976,256
4,1563792154787,176,976,256
6,1563792154798,128,-576,-800
6,1563792154800,128,-576,-800
2,1563792154823,-176,1008,-128
2,1563792154824,-176,1008,-128
2,1563792154827,-144,1008,-128
4,1563792154835,176,976,256
4,1563792154837,176,976,256
6,1563792154840,128,-576,-800
6,1563792154844,128,-576,-800
2,1563792154869,-128,1008,-112
2,1563792154870,-128,1008,-96
4,1563792154876,176,976,240
4,1563792154886,176,976,240
6,1563792154888,128,-576,-800
6,1563792154889,128,-576,-800
2,1563792154913,-144,1008,-80
2,1563792154915,-144,1008,-64
2,1563792154917,-144,1008,-64
4,1563792154924,192,976,256
4,1563792154928,192,976,240
4,1563792154930,192,976,240
6,1563792154937,128,-576,-800
6,1563792154938,128,-576,-816
6,1563792154940,128,-576,-800
2,1563792154959,-160,1008,-64
2,1563792154961,-160,1008,-96
4,1563792154968,176,976,240
4,1563792154969,176,976,256
6,1563792154973,128,-576,-800
6,1563792154974,128,-576,-800
2,1563792155003,-176,1008,-112
2,1563792155004,-176,1008,-112
4,1563792155014,176,976,240
4,1563792155016,176,960,256
6,1563792155023,128,-576,-816
6,1563792155024,128,-576,-800
2,1563792155050,-160,1008,-128
2,1563792155051,-144,1008,-112
4,1563792155056,176,960,256
4,1563792155057,176,976,256
6,1563792155066,128,-576,-800
6,1563792155067,128,-576,-800
2,1563792155096,-144,1024,-96
2,1563792155097,-144,1008,-64
2,1563792155098,-144,1008,-64
4,1563792155104,176,976,256
4,1563792155106,192,976,256
4,1563792155107,176,976,240
6,1563792155109,128,-576,-816
6,1563792155110,128,-576,-800
6,1563792155112,128,-576,-800
4,1563792155147,176,976,240
4,1563792155149,176,976,256
6,1563792155156,128,-576,-800
6,1563792155157,112,-576,-800
2,1563792155183,-160,1008,-80
2,1563792155186,-176,1008,-96
2,1563792155188,-176,992,-112
2,1563792155190,-176,992,-128
4,1563792155199,176,976,240
4,1563792155201,176,976,240
6,1563792155203,128,-576,-800
6,1563792155205,128,-576,-800
2,1563792155230,-160,1008,-144
2,1563792155232,-160,1008,-128
4,1563792155239,176,976,240
4,1563792155240,176,976,240
6,1563792155250,128,-576,-800
6,1563792155251,128,-576,-800
2,1563792155274,-160,1024,-128
2,1563792155275,-160,1024,-96
2,1563792155277,-160,1024,-64
4,1563792155286,176,976,256
4,1563792155288,176,976,256
4,1563792155289,192,960,256
6,1563792155291,128,-576,-800
6,1563792155292,128,-576,-800
6,1563792155293,128,-576,-800
2,1563792155318,-160,1008,-48
2,1563792155320,-144,1024,-48
4,1563792155325,192,976,256
4,1563792155327,192,976,240
6,1563792155333,112,-576,-800
6,1563792155334,128,-576,-800
2,1563792155362,-144,1008,-48
2,1563792155363,-144,1008,-80
4,1563792155370,192,976,240
4,1563792155371,176,976,240
6,1563792155381,128,-576,-800
6,1563792155382,128,-576,-800
2,1563792155409,-160,1008,-96
2,1563792155410,-160,1008,-96
4,1563792155416,176,976,256
4,1563792155417,176,976,240
4,1563792155419,176,976,256
6,1563792155424,128,-576,-800
6,1563792155426,128,-576,-800
2,1563792155454,-176,1008,-112
2,1563792155455,-176,1008,-128
2,1563792155457,-160,1008,-144
4,1563792155464,176,976,256
4,1563792155465,160,976,240
6,1563792155470,128,-576,-800
6,1563792155472,128,-576,-800
6,1563792155473,128,-576,-816
2,1563792155499,-144,1008,-144
2,1563792155505,-128,1008,-128
4,1563792155506,176,976,240
4,1563792155507,160,960,240
6,1563792155514,128,-576,-800
6,1563792155515,128,-576,-816
2,1563792155545,-128,992,-112
2,1563792155546,-144,1008,-80
4,1563792155555,176,976,240
4,1563792155557,176,976,256
4,1563792155560,192,976,256
6,1563792155562,128,-576,-800
6,1563792155564,128,-576,-800
2,1563792155589,-160,1024,-48
2,1563792155591,-160,1008,-48
4,1563792155597,192,976,240
4,1563792155605,176,976,240
6,1563792155607,128,-576,-816
6,1563792155608,128,-576,-800
2,1563792155633,-160,1008,-80
2,1563792155634,-144,1008,-112
2,1563792155635,-128,1008,-112
4,1563792155640,176,976,240
4,1563792155642,160,992,240
2,1563792155681,-128,1008,-112
2,1563792155682,-128,1008,-112
4,1563792155691,176,976,240
4,1563792155694,176,976,240
6,1563792155701,128,-576,-800
6,1563792155703,128,-576,-816
6,1563792155704,128,-576,-800
6,1563792155705,128,-576,-800
6,1563792155707,128,-576,-800
2,1563792155725,-128,1008,-96
2,1563792155726,-160,1008,-64
4,1563792155735,192,992,240
4,1563792155737,176,976,240
4,1563792155738,176,976,240
6,1563792155741,128,-576,-800
6,1563792155743,128,-592,-800
6,1563792155747,128,-576,-800
2,1563792155770,-160,1024,-64
2,1563792155770,-176,1008,-80
2,1563792155771,-176,1008,-112
4,1563792155779,176,976,256
4,1563792155781,176,976,240
6,1563792155790,128,-576,-800
6,1563792155791,128,-576,-816
2,1563792155813,-144,1008,-128
2,1563792155815,-128,1008,-144
4,1563792155822,176,976,240
4,1563792155823,176,976,240
6,1563792155835,128,-576,-800
6,1563792155837,128,-576,-784
2,1563792155861,-128,1008,-144
2,1563792155869,-128,1008,-96
4,1563792155871,176,976,256
4,1563792155873,192,976,240
6,1563792155876,128,-576,-816
6,1563792155879,128,-576,-816
2,1563792155904,-144,1008,-80
2,1563792155905,-160,1008,-48
4,1563792155914,192,976,256
4,1563792155916,192,976,240
4,1563792155918,192,976,240
6,1563792155929,128,-576,-800
4,1563792155957,176,976,240
4,1563792155960,160,976,240
6,1563792155966,128,-576,-800
6,1563792155968,128,-576,-800
6,1563792155969,128,-576,-800
6,1563792155972,144,-576,-800
2,1563792155999,-160,1008,-64
2,1563792156000,-144,1008,-80
2,1563792156002,-160,1008,-112
2,1563792156003,-144,1008,-128
2,1563792156004,-144,1008,-128
4,1563792156013,176,976,240
4,1563792156014,176,960,256
6,1563792156016,128,-576,-800
6,1563792156018,128,-576,-800
2,1563792156039,-144,1008,-112
2,1563792156041,-144,1008,-112
4,1563792156050,176,976,256
4,1563792156052,176,976,256
6,1563792156060,128,-576,-800
6,1563792156062,128,-576,-816
2,1563792156085,-160,1008,-96
2,1563792156086,-160,1008,-80
4,1563792156093,176,976,240
4,1563792156094,176,976,240
4,1563792156105,176,976,240
6,1563792156106,128,-576,-800
6,1563792156107,128,-576,-800
6,1563792156108,128,-576,-816
2,1563792156130,-176,1008,-80
2,1563792156131,-160,1008,-80
2,1563792156132,-144,1008,-112
4,1563792156139,176,976,240
4,1563792156140,176,976,240
6,1563792156147,128,-576,-816
6,1563792156149,128,-576,-800
2,1563792156174,-128,1008,-112
2,1563792156175,-128,1008,-96
4,1563792156181,176,976,256
4,1563792156182,176,976,240
6,1563792156188,128,-576,-800
6,1563792156189,128,-576,-800
2,1563792156219,-128,1024,-80
2,1563792156220,-144,1008,-64
4,1563792156232,176,976,256
4,1563792156234,192,976,240
6,1563792156244,128,-576,-800
6,1563792156247,128,-576,-800
2,1563792156264,-144,1008,-64
2,1563792156265,-160,1008,-80
4,1563792156274,192,976,240
4,1563792156276,176,976,240
4,1563792156277,176,960,240
6,1563792156285,128,-576,-800
6,1563792156287,128,-576,-800
6,1563792156288,128,-576,-800
2,1563792156309,-176,1008,-112
2,1563792156317,-176,1008,-128
2,1563792156318,-160,1008,-144
4,1563792156319,160,976,256
4,1563792156320,176,976,256
6,1563792156323,128,-576,-800
6,1563792156324,128,-592,-800
2,1563792156352,-128,1008,-128
2,1563792156353,-144,1024,-112
4,1563792156363,176,976,256
4,1563792156364,176,960,256
6,1563792156372,128,-576,-800
6,1563792156373,128,-576,-800
2,1563792156398,-144,1008,-112
2,1563792156400,-144,1008,-80
4,1563792156407,176,976,256
4,1563792156411,192,976,240
6,1563792156420,128,-576,-800
6,1563792156423,128,-576,-800
2,1563792156445,-144,1024,-64
2,1563792156446,-144,1008,-64
2,1563792156447,-144,1008,-64
6,1563792156460,128,-576,-816
6,1563792156471,128,-576,-800
6,1563792156471,128,-576,-800
2,1563792156489,-144,1008,-96
2,1563792156491,-144,1008,-112
4,1563792156503,192,976,256
4,1563792156504,192,976,240
4,1563792156507,192,976,240
4,1563792156509,176,976,240
4,1563792156511,176,976,240
6,1563792156513,128,-576,-800
6,1563792156516,128,-576,-800
2,1563792156533,-160,1008,-112
2,1563792156534,-160,1008,-112
4,1563792156540,176,976,240
4,1563792156541,176,976,256
6,1563792156550,128,-576,-816
6,1563792156552,128,-576,-816
2,1563792156579,-176,1008,-112
2,1563792156580,-160,1008,-112
4,1563792156587,176,976,240
4,1563792156589,176,976,240
6,1563792156602,128,-576,-800
6,1563792156605,128,-576,-800
2,1563792156625,-160,1008,-112
2,1563792156627,-144,1008,-112
2,1563792156629,-160,1008,-96
4,1563792156640,176,976,240
4,1563792156643,176,976,240
4,1563792156646,176,976,240
6,1563792156649,128,-576,-800
6,1563792156651,128,-576,-800
6,1563792156653,128,-576,-800
2,1563792156668,-144,1008,-96
2,1563792156670,-144,1008,-80
4,1563792156679,176,976,256
4,1563792156680,176,976,240
6,1563792156687,128,-576,-800
6,1563792156689,128,-560,-800
2,1563792156713,-144,1024,-64
2,1563792156722,-144,1024,-64
4,1563792156723,192,976,256
4,1563792156724,192,976,240
6,1563792156734,128,-576,-816
6,1563792156736,128,-576,-800
2,1563792156758,-144,1008,-64
2,1563792156767,-160,1008,-64
4,1563792156771,176,976,240
4,1563792156773,176,976,240
6,1563792156776,128,-576,-800
6,1563792156778,128,-576,-800
2,1563792156804,-144,1008,-80
2,1563792156806,-160,1008,-96
2,1563792156809,-160,1008,-112
4,1563792156821,176,976,240
4,1563792156822,176,976,240
4,1563792156823,176,976,240
6,1563792156826,128,-576,-800
6,1563792156829,128,-576,-816
6,1563792156831,128,-576,-800
2,1563792156850,-160,1008,-128
2,1563792156851,-160,1008,-144
4,1563792156858,176,976,240
4,1563792156861,176,976,240
6,1563792156870,128,-592,-800
6,1563792156871,128,-576,-800
2,1563792156895,-160,1008,-128
2,1563792156897,-160,1008,-128
4,1563792156901,176,976,240
4,1563792156902,176,976,240
6,1563792156908,128,-576,-800
6,1563792156909,128,-576,-800
6,1563792156916,128,-576,-816
2,1563792156940,-160,1024,-112
2,1563792156943,-160,1024,-96
4,1563792156953,176,976,256
4,1563792156954,176,976,240
6,1563792156956,128,-576,-800
6,1563792156958,128,-576,-800
2,1563792156983,-160,1008,-80
2,1563792156986,-144,1024,-64
2,1563792156993,-128,1008,-64
4,1563792156996,176,976,256
4,1563792156999,192,976,240
4,1563792157001,192,976,240
6,1563792157009,128,-576,-800
6,1563792157010,128,-576,-800
2,1563792157029,-128,1008,-64
2,1563792157031,-144,1008,-64
4,1563792157036,192,976,240
4,1563792157037,192,976,240
6,1563792157047,128,-576,-800
6,1563792157048,128,-576,-800
2,1563792157074,-160,1008,-64
2,1563792157075,-160,1008,-96
4,1563792157083,176,976,240
4,1563792157084,176,976,240
4,1563792157085,176,976,256
6,1563792157088,128,-576,-800
6,1563792157091,128,-576,-816
6,1563792157093,128,-576,-800
2,1563792157119,-160,1008,-112
2,1563792157121,-176,1008,-128
2,1563792157122,-176,1008,-144
4,1563792157130,176,976,256
6,1563792157138,128,-592,-800
6,1563792157139,128,-576,-800
2,1563792157163,-160,1008,-128
2,1563792157167,-160,1008,-128
4,1563792157177,176,976,240
4,1563792157180,176,976,256
4,1563792157182,176,976,256
6,1563792157184,128,-576,-800
6,1563792157186,128,-576,-816
2,1563792157212,-144,1024,-112
2,1563792157215,-144,1008,-96
4,1563792157224,176,976,256
4,1563792157225,176,976,240
6,1563792157226,128,-576,-800
6,1563792157229,128,-576,-800
2,1563792157254,-144,1024,-80
2,1563792157256,-144,1024,-64
4,1563792157266,176,976,240
4,1563792157269,192,976,240
4,1563792157271,192,976,240
6,1563792157281,128,-576,-800
6,1563792157284,128,-576,-800
6,1563792157286,128,-576,-816
2,1563792157298,-144,1024,-48
2,1563792157300,-144,1008,-64
2,1563792157302,-144,1008,-80
4,1563792157310,176,976,240
4,1563792157312,176,976,256
6,1563792157319,128,-576,-800
6,1563792157320,128,-576,-800
2,1563792157346,-160,1008,-96
2,1563792157347,-176,992,-112
4,1563792157353,176,976,256
4,1563792157354,176,976,256
6,1563792157358,112,-576,-816
6,1563792157365,128,-576,-800
2,1563792157388,-176,1008,-128
4,1563792157398,176,976,240
4,1563792157399,176,976,256
6,1563792157403,128,-576,-800
6,1563792157404,128,-576,-800
2,1563792157435,-160,1008,-128
2,1563792157437,-160,1008,-112
2,1563792157438,-144,1024,-112
4,1563792157449,176,976,256
4,1563792157451,176,960,256
4,1563792157453,192,976,256
6,1563792157455,128,-576,-800
6,1563792157458,128,-576,-816
6,1563792157468,128,-576,-800
2,1563792157481,-144,1024,-96
2,1563792157484,-144,1008,-80
2,1563792157486,-144,1008,-64
4,1563792157493,192,976,256
4,1563792157496,192,960,240
2,1563792157524,-144,1008,-64
2,1563792157526,-144,1008,-80
4,1563792157536,192,976,240
4,1563792157538,176,976,240
6,1563792157550,128,-576,-816
6,1563792157552,128,-576,-800
6,1563792157553,128,-576,-800
6,1563792157555,112,-592,-800
2,1563792157569,-160,1008,-96
2,1563792157571,-160,1008,-96
4,1563792157580,176,960,240
4,1563792157581,176,976,240
6,1563792157590,128,-576,-816
6,1563792157591,128,-576,-800
2,1563792157614,-160,1008,-128
2,1563792157617,-160,1008,-128
4,1563792157623,176,976,256
4,1563792157625,176,976,256
4,1563792157626,176,960,256
6,1563792157632,128,-576,-816
6,1563792157634,128,-576,-800
6,1563792157635,128,-576,-800
2,1563792157662,-160,1024,-128
2,1563792157663,-144,1008,-112
2,1563792157664,-128,1008,-96
4,1563792157669,176,976,256
4,1563792157670,176,976,240
6,1563792157673,128,-576,-800
6,1563792157673,128,-576,-800
2,1563792157704,-144,1008,-64
2,1563792157705,-144,1008,-48
4,1563792157711,192,976,240
4,1563792157713,192,976,240
6,1563792157726,128,-576,-800
6,1563792157728,128,-576,-800
2,1563792157751,-144,1008,-48
2,1563792157753,-160,1008,-80
4,1563792157763,176,976,240
4,1563792157764,176,976,240
6,1563792157766,128,-576,-800
6,1563792157776,112,-576,-800
2,1563792157795,-160,1008,-96
2,1563792157796,-176,1008,-128
4,1563792157802,176,976,256
4,1563792157803,176,976,256
6,1563792157809,128,-576,-800
6,1563792157810,128,-576,-800
6,1563792157819,128,-576,-800
2,1563792157838,-176,1008,-128
2,1563792157841,-160,1008,-128
2,1563792157844,-144,1008,-128
4,1563792157852,176,976,240
4,1563792157854,176,976,256
4,1563792157856,176,960,240
6,1563792157858,128,-576,-800
6,1563792157860,128,-576,-800
2,1563792157884,-144,1008,-128
2,1563792157885,-128,1008,-96
6,1563792157899,128,-592,-800
6,1563792157900,128,-576,-800
6,1563792157901,128,-576,-800
2,1563792157930,-128,1008,-64
2,1563792157932,-144,1024,-48
4,1563792157943,176,960,256
4,1563792157946,192,960,240
4,1563792157948,192,976,240
4,1563792157951,192,960,240
6,1563792157962,128,-576,-800
6,1563792157964,128,-576,-800
2,1563792157976,-160,1024,-48
2,1563792157978,-160,1008,-48
2,1563792157980,-144,1008,-80
4,1563792157988,192,976,240
4,1563792157990,192,976,240
4,1563792157991,176,976,240
6,1563792157993,128,-576,-800
6,1563792157994,128,-576,-800
2,1563792158021,-144,1008,-112
2,1563792158022,-160,1008,-112
4,1563792158027,176,976,240
4,1563792158028,176,976,240
2,1563792158064,-176,1008,-128
2,1563792158065,-176,1008,-128
4,1563792158073,176,976,256
4,1563792158074,176,976,256
6,1563792158085,128,-576,-800
6,1563792158087,128,-592,-800
6,1563792158088,128,-592,-800
6,1563792158090,128,-576,-800
6,1563792158091,128,-576,-816
2,1563792158108,-176,1008,-144
2,1563792158111,-144,1008,-144
4,1563792158120,160,976,256
4,1563792158121,176,976,240
6,1563792158124,128,-576,-800
6,1563792158126,128,-576,-800
2,1563792158153,-144,1008,-128
2,1563792158155,-144,1008,-112
2,1563792158155,-144,1024,-80
4,1563792158162,176,976,240
6,1563792158170,128,-576,-800
6,1563792158171,128,-576,-800
2,1563792158199,-128,1024,-48
2,1563792158200,-128,1024,-32
4,1563792158205,176,960,240
4,1563792158206,192,976,256
4,1563792158207,192,976,240
4,1563792158209,192,976,240
6,1563792158219,128,-576,-800
6,1563792158221,128,-576,-800
2,1563792158244,-144,1024,-32
2,1563792158247,-160,1008,-48
4,1563792158259,192,976,240
4,1563792158262,192,976,240
6,1563792158272,128,-576,-800
6,1563792158275,128,-576,-800
6,1563792158277,128,-576,-800
2,1563792158288,-144,1008,-64
2,1563792158289,-160,1008,-96
4,1563792158297,176,976,240
4,1563792158299,176,976,240
4,1563792158300,176,976,256
6,1563792158303,128,-576,-800
6,1563792158304,128,-576,-800
2,1563792158333,-176,992,-112
2,1563792158335,-176,1008,-144
2,1563792158337,-176,1008,-160
4,1563792158344,176,976,256
4,1563792158346,176,976,240
6,1563792158349,128,-576,-800
6,1563792158351,128,-576,-800
2,1563792158379,-176,1008,-160
2,1563792158386,-160,1008,-144
4,1563792158389,160,976,256
4,1563792158393,176,976,256
6,1563792158405,128,-576,-816
6,1563792158407,128,-576,-816
2,1563792158424,-128,1024,-144
2,1563792158427,-128,1008,-96
4,1563792158436,176,976,240
4,1563792158439,176,976,240
6,1563792158442,128,-576,-800
6,1563792158444,128,-576,-816
6,1563792158447,128,-592,-800
2,1563792158469,-144,1024,-64
2,1563792158471,-144,1024,-32
4,1563792158480,192,976,240
4,1563792158481,192,976,240
6,1563792158489,128,-576,-800
6,1563792158492,128,-576,-800
2,1563792158515,-160,1024,-32
2,1563792158517,-160,1024,-32
2,1563792158518,-160,1008,-64
4,1563792158525,192,976,240
4,1563792158526,192,976,240
4,1563792158528,176,976,240
6,1563792158538,128,-576,-800
6,1563792158539,128,-576,-800
2,1563792158559,-160,1008,-96
2,1563792158568,-144,992,-112
4,1563792158571,176,976,240
4,1563792158574,176,976,240
6,1563792158576,128,-576,-816
6,1563792158578,128,-576,-800
2,1563792158604,-160,1008,-128
2,1563792158605,-176,1008,-144
6,1563792158619,128,-592,-800
6,1563792158621,128,-576,-800
6,1563792158622,128,-576,-800
2,1563792158649,-176,1008,-160
2,1563792158650,-160,1008,-144
2,1563792158651,-160,1008,-144
4,1563792158663,176,976,256
4,1563792158665,176,976,256
4,1563792158667,160,976,256
4,1563792158668,176,976,256
6,1563792158676,144,-592,-800
6,1563792158678,128,-576,-800
2,1563792158696,-144,1008,-112
2,1563792158698,-144,1024,-96
4,1563792158704,176,976,256
4,1563792158705,176,976,256
4,1563792158706,192,976,256
6,1563792158714,128,-576,-800
6,1563792158715,128,-576,-800
2,1563792158739,-128,1024,-64
2,1563792158739,-128,1024,-32
4,1563792158747,192,976,240
4,1563792158750,192,976,240
6,1563792158753,128,-576,-800
6,1563792158754,128,-576,-800
6,1563792158756,128,-576,-800
2,1563792158783,-144,1008,-32
2,1563792158784,-160,1008,-32
4,1563792158792,192,976,240
4,1563792158806,192,976,240
4,1563792158806,192,976,240
6,1563792158809,128,-576,-800
6,1563792158811,128,-576,-800
2,1563792158831,-160,1008,-64
2,1563792158832,-160,1008,-80
2,1563792158833,-160,992,-112
4,1563792158840,176,976,240
4,1563792158843,176,976,256
6,1563792158852,128,-576,-800
6,1563792158854,112,-576,-816
2,1563792158874,-160,992,-128
2,1563792158875,-176,1008,-144
4,1563792158883,160,976,240
4,1563792158884,176,976,256
6,1563792158888,128,-576,-816
6,1563792158889,128,-576,-816
2,1563792158921,-176,1008,-144
2,1563792158922,-160,1008,-144
4,1563792158932,176,976,256
4,1563792158939,176,976,256
6,1563792158943,128,-592,-800
6,1563792158946,128,-592,-800
2,1563792158963,-160,1008,-144
2,1563792158965,-160,1008,-128
4,1563792158971,176,976,256
4,1563792158973,176,976,256
4,1563792158974,176,976,240
6,1563792158982,128,-592,-800
6,1563792158984,128,-576,-800
6,1563792158985,128,-576,-800
2,1563792159010,-144,1024,-112
2,1563792159011,-144,1008,-96
2,1563792159012,-128,1008,-64
4,1563792159017,176,976,240
4,1563792159017,192,976,256
6,1563792159023,128,-576,-816
6,1563792159024,128,-576,-800
2,1563792159055,-128,1008,-48
2,1563792159056,-144,1024,-32
4,1563792159065,192,976,256
4,1563792159068,192,976,240
6,1563792159077,128,-576,-800
6,1563792159078,128,-576,-800
6,1563792159081,128,-576,-800
2,1563792159099,-160,1008,-48
2,1563792159100,-160,1008,-64
4,1563792159109,192,976,256
4,1563792159111,192,976,240
6,1563792159120,128,-576,-800
6,1563792159122,128,-576,-800
2,1563792159146,-160,1008,-96
2,1563792159147,-176,1008,-112
4,1563792159162,176,976,240
4,1563792159165,160,976,256
4,1563792159167,176,976,256
6,1563792159170,128,-576,-816
6,1563792159171,128,-576,-800
2,1563792159188,-176,1008,-128
2,1563792159190,-176,1008,-144
2,1563792159190,-160,1008,-144
4,1563792159197,176,976,256
4,1563792159199,176,976,256
6,1563792159207,128,-576,-816
6,1563792159208,128,-576,-816
2,1563792159233,-160,1008,-144
2,1563792159234,-160,1008,-128
4,1563792159240,176,976,256
4,1563792159241,176,976,256
6,1563792159250,128,-576,-800
6,1563792159251,128,-576,-800
6,1563792159252,128,-576,-800
2,1563792159278,-160,1008,-112
2,1563792159284,-144,1008,-80
4,1563792159286,176,976,240
4,1563792159287,192,976,240
6,1563792159297,128,-576,-800
6,1563792159299,128,-560,-784
2,1563792159324,-128,1008,-32
2,1563792159325,-128,1024,-32
2,1563792159335,-144,1024,-48
4,1563792159337,192,960,240
4,1563792159339,192,976,240
4,1563792159343,192,976,240
6,1563792159346,128,-576,-800
6,1563792159348,128,-576,-800
2,1563792159369,-160,1024,-48
2,1563792159371,-160,1008,-80
4,1563792159379,192,976,240
4,1563792159388,176,976,240
6,1563792159390,128,-576,-800
6,1563792159391,128,-576,-800
2,1563792159414,-160,992,-112
2,1563792159415,-176,992,-144
4,1563792159422,176,976,240
4,1563792159423,160,976,256
6,1563792159431,128,-576,-800
6,1563792159432,128,-576,-800
6,1563792159433,128,-592,-800
2,1563792159462,-176,1008,-144
2,1563792159463,-176,1008,-144
4,1563792159474,176,976,256
4,1563792159476,176,976,256
6,1563792159480,128,-576,-800
6,1563792159484,128,-592,-800
2,1563792159505,-160,1008,-144
2,1563792159506,-160,1008,-144
2,1563792159508,-144,1024,-128
4,1563792159518,176,976,240
4,1563792159520,176,976,256
4,1563792159522,176,976,256
6,1563792159524,128,-576,-800
6,1563792159527,128,-576,-816
2,1563792159548,-144,1008,-112
2,1563792159548,-128,1008,-80
4,1563792159557,176,976,240
4,1563792159561,192,976,240
6,1563792159570,128,-576,-800
6,1563792159572,128,-576,-800
2,1563792159594,-128,1024,-48
2,1563792159595,-128,1024,-32
4,1563792159601,208,960,256
4,1563792159602,192,976,240
6,1563792159613,128,-576,-816
6,1563792159613,128,-576,-800
6,1563792159614,128,-576,-800
2,1563792159639,-144,1024,-32
2,1563792159642,-160,1008,-48
4,1563792159651,192,976,240
4,1563792159653,192,976,240
6,1563792159655,128,-576,-800
6,1563792159657,128,-576,-800
2,1563792159686,-160,1008,-80
2,1563792159687,-176,1008,-112
2,1563792159688,-160,992,-128
4,1563792159698,176,976,240
4,1563792159702,176,976,240
4,1563792159706,160,976,256
6,1563792159715,128,-576,-816
6,1563792159718,128,-576,-816
2,1563792159731,-176,992,-160
2,1563792159735,-176,1008,-160
4,1563792159743,160,976,256
4,1563792159744,160,976,240
6,1563792159750,128,-576,-816
6,1563792159751,128,-576,-816
2,1563792159773,-160,1008,-144
2,1563792159774,-144,1008,-128
4,1563792159783,176,976,240
4,1563792159784,176,976,240
6,1563792159789,128,-576,-816
6,1563792159790,128,-576,-816
6,1563792159791,128,-576,-800
2,1563792159819,-144,1008,-112
2,1563792159830,-144,1008,-96
4,1563792159831,176,976,240
4,1563792159832,192,976,240
6,1563792159841,128,-576,-800
6,1563792159843,128,-576,-816
2,1563792159864,-144,1024,-64
2,1563792159865,-144,1024,-32
2,1563792159866,-144,1024,-32
4,1563792159874,192,976,240
4,1563792159876,192,976,256
4,1563792159879,192,976,240
6,1563792159887,128,-576,-800
6,1563792159888,128,-576,-800
2,1563792159908,-144,1008,-32
2,1563792159916,-144,1008,-48
4,1563792159918,192,976,240
4,1563792159920,192,976,240
6,1563792159923,128,-576,-800
6,1563792159924,128,-576,-800
2,1563792159955,-144,1008,-64
2,1563792159957,-144,1008,-96
4,1563792159969,176,976,240
4,1563792159972,176,976,240
6,1563792159975,128,-576,-800
6,1563792159977,128,-576,-800
6,1563792159980,128,-576,-800
2,1563792159998,-176,1008,-112
2,1563792160004,-192,1008,-128
4,1563792160006,176,976,240
4,1563792160008,176,976,256
6,1563792160019,128,-576,-800
6,1563792160021,128,-592,-816
2,1563792160045,-192,992,-128
2,1563792160046,-160,1008,-160
2,1563792160047,-160,1008,-144
4,1563792160055,160,976,240
6,1563792160059,128,-592,-800
6,1563792160068,128,-592,-816
6,1563792160069,128,-576,-816
2,1563792160089,-160,1008,-128
2,1563792160090,-144,1024,-112
4,1563792160100,176,976,240
4,1563792160101,160,976,256
4,1563792160102,176,976,240
4,1563792160104,192,976,240
6,1563792160106,128,-576,-800
6,1563792160107,128,-576,-800
2,1563792160134,-144,1024,-80
2,1563792160137,-144,1008,-48
4,1563792160145,176,976,240
4,1563792160147,192,976,240
6,1563792160150,128,-576,-800
6,1563792160160,128,-576,-816
2,1563792160180,-128,1024,-32
2,1563792160182,-144,1024,-16
2,1563792160185,-144,1008,-32
4,1563792160193,192,976,240
4,1563792160195,192,976,240
6,1563792160197,128,-576,-800
6,1563792160199,128,-576,-800
2,1563792160224,-160,1008,-48
4,1563792160235,192,976,240
4,1563792160237,192,976,240
4,1563792160240,176,976,240
6,1563792160250,128,-576,-800
6,1563792160252,128,-576,-800
6,1563792160253,128,-576,-816
2,1563792160268,-176,1008,-64
2,1563792160269,-160,1008,-96
2,1563792160270,-176,1008,-112
4,1563792160278,176,976,240
4,1563792160279,176,976,256
6,1563792160288,128,-576,-816
6,1563792160290,128,-576,-800
2,1563792160315,-176,1008,-128
2,1563792160316,-176,992,-144
4,1563792160322,176,976,240
4,1563792160323,176,976,256
6,1563792160331,128,-576,-816
6,1563792160334,128,-576,-800
2,1563792160362,-160,1008,-160
4,1563792160370,160,960,256
4,1563792160372,160,976,240
6,1563792160374,128,-576,-800
6,1563792160376,128,-576,-800
2,1563792160404,-144,1008,-144
2,1563792160406,-144,1008,-144
2,1563792160407,-144,1008,-112
2,1563792160407,-128,1024,-80
4,1563792160427,176,976,256
4,1563792160429,176,976,240
4,1563792160432,192,976,240
6,1563792160435,128,-576,-800
6,1563792160437,128,-576,-800
6,1563792160441,128,-576,-800
2,1563792160453,-144,1024,-48
2,1563792160455,-144,1024,-16
4,1563792160464,192,976,240
4,1563792160467,192,976,240
2,1563792160497,-144,1024,-16
2,1563792160498,-160,1024,-48
4,1563792160507,208,976,240
4,1563792160510,192,976,240
4,1563792160513,176,976,240
6,1563792160521,128,-576,-800
6,1563792160523,128,-576,-800
6,1563792160525,128,-576,-800
6,1563792160527,128,-576,-800
2,1563792160538,-160,992,-64
2,1563792160541,-176,1008,-96
2,1563792160543,-192,1008,-112
4,1563792160553,176,976,240
4,1563792160554,176,976,256
6,1563792160556,128,-576,-800
6,1563792160557,128,-576,-800
2,1563792160584,-192,1008,-144
2,1563792160586,-176,1008,-144
4,1563792160591,160,976,256
4,1563792160603,160,976,256
6,1563792160605,128,-592,-800
6,1563792160606,128,-576,-800
6,1563792160607,128,-576,-800
2,1563792160629,-160,1008,-144
2,1563792160637,-144,1008,-144
4,1563792160639,176,976,240
4,1563792160641,160,976,240
6,1563792160650,128,-576,-816
6,1563792160651,128,-576,-800
2,1563792160673,-144,1008,-112
2,1563792160674,-144,1008,-64
4,1563792160681,176,976,240
4,1563792160683,192,976,240
4,1563792160685,192,976,240
6,1563792160688,128,-576,-800
6,1563792160689,128,-576,-800
2,1563792160719,-144,1024,-32
2,1563792160720,-160,1024,-32
2,1563792160720,-160,1024,-32
4,1563792160728,192,976,240
4,1563792160731,192,976,240
6,1563792160741,128,-576,-800
6,1563792160741,128,-576,-800
2,1563792160764,-160,1008,-48
2,1563792160767,-144,1008,-80
4,1563792160774,176,976,240
4,1563792160776,176,976,240
6,1563792160786,128,-576,-800
6,1563792160788,128,-576,-800
6,1563792160789,128,-576,-800
2,1563792160812,-160,1008,-112
2,1563792160813,-176,1008,-112
4,1563792160821,176,976,240
4,1563792160824,176,976,256
6,1563792160827,128,-592,-816
6,1563792160829,128,-576,-800
2,1563792160855,-192,1008,-128
2,1563792160858,-176,1008,-160
2,1563792160860,-160,1008,-160
4,1563792160868,176,976,256
4,1563792160870,160,976,240
4,1563792160871,176,976,256
6,1563792160874,128,-592,-800
6,1563792160877,128,-576,-800
2,1563792160899,-144,1008,-144
2,1563792160901,-144,1008,-128
4,1563792160909,176,976,256
4,1563792160912,160,976,240
6,1563792160920,128,-576,-800
6,1563792160922,128,-576,-800
2,1563792160944,-128,1008,-96
2,1563792160945,-144,1008,-48
4,1563792160955,176,976,240
4,1563792160957,192,976,240
6,1563792160967,128,-576,-800
6,1563792160968,128,-576,-800
6,1563792160971,128,-576,-800
2,1563792160989,-144,1024,-32
2,1563792160989,-144,1024,-16
4,1563792161000,192,976,240
4,1563792161001,192,976,240
6,1563792161003,128,-576,-800
6,1563792161005,128,-576,-784
2,1563792161038,-160,1024,-32
2,1563792161040,-160,1008,-64
2,1563792161043,-160,1008,-96
4,1563792161056,192,976,240
4,1563792161059,176,976,240
4,1563792161063,176,976,240
6,1563792161066,128,-576,-800
6,1563792161068,128,-576,-800
2,1563792161079,-160,1008,-112
2,1563792161081,-160,1008,-144
4,1563792161094,176,976,240
4,1563792161097,176,976,256
6,1563792161106,128,-592,-800
6,1563792161107,128,-592,-800
2,1563792161124,-176,1008,-144
2,1563792161126,-160,1008,-144
4,1563792161131,176,976,256
4,1563792161133,176,976,240
6,1563792161139,128,-576,-816
6,1563792161140,128,-592,-800
6,1563792161140,128,-576,-800
2,1563792161169,-160,1008,-144
2,1563792161170,-144,1008,-128
4,1563792161178,176,976,256
4,1563792161181,176,976,240
6,1563792161191,128,-576,-800
6,1563792161193,144,-576,-816
2,1563792161214,-128,1008,-112
2,1563792161216,-128,1008,-80
2,1563792161217,-144,1008,-48
4,1563792161225,176,976,240
6,1563792161233,128,-560,-800
6,1563792161235,128,-576,-800
6,1563792161237,128,-576,-800
2,1563792161264,-144,1024,-32
2,1563792161265,-144,1008,-32
4,1563792161271,192,976,240
4,1563792161272,192,960,240
4,1563792161273,192,976,240
4,1563792161275,192,976,240
6,1563792161278,128,-576,-800
6,1563792161280,128,-576,-800
2,1563792161305,-144,1008,-64
2,1563792161306,-176,1008,-80
4,1563792161314,176,976,240
4,1563792161316,176,976,240
6,1563792161330,128,-576,-800
6,1563792161331,128,-592,-800
2,1563792161348,-176,1008,-112
2,1563792161349,-192,1008,-128
4,1563792161356,176,976,240
4,1563792161358,176,976,256
6,1563792161367,128,-576,-800
6,1563792161368,128,-592,-800
2,1563792161394,-176,1008,-144
2,1563792161395,-160,1008,-160
2,1563792161396,-160,1008,-160
4,1563792161405,176,976,256
4,1563792161406,176,976,240
4,1563792161411,160,976,256
6,1563792161421,128,-576,-800
6,1563792161422,128,-592,-800
6,1563792161423,128,-576,-800
2,1563792161439,-160,1008,-128
2,1563792161440,-160,1008,-96
4,1563792161447,176,960,256
4,1563792161450,176,976,240
6,1563792161453,128,-576,-800
6,1563792161455,128,-576,-800
2,1563792161484,-144,1024,-64
2,1563792161485,-128,1024,-32
6,1563792161501,128,-576,-816
6,1563792161503,128,-576,-800
2,1563792161530,-144,1024,-32
2,1563792161531,-160,1024,-32
4,1563792161541,192,976,256
4,1563792161543,192,976,240
4,1563792161546,192,976,240
4,1563792161548,192,976,240
6,1563792161555,128,-576,-800
6,1563792161556,128,-576,-800
2,1563792161574,-160,1008,-64
2,1563792161576,-160,1008,-80
2,1563792161578,-144,1008,-112
4,1563792161585,176,976,240
4,1563792161587,176,976,240
4,1563792161589,160,976,240
6,1563792161591,128,-576,-800
6,1563792161593,128,-592,-800
6,1563792161596,144,-576,-800
2,1563792161618,-144,1008,-128
2,1563792161619,-160,1008,-128
4,1563792161627,160,976,256
4,1563792161629,176,976,240
6,1563792161639,128,-576,-800
6,1563792161641,128,-576,-816
2,1563792161663,-176,1008,-144
2,1563792161664,-176,1008,-144
4,1563792161673,176,976,256
4,1563792161676,176,960,240
6,1563792161686,128,-592,-800
6,1563792161687,128,-576,-800
2,1563792161711,-160,1008,-144
2,1563792161712,-144,1008,-128
2,1563792161715,-144,1024,-128
4,1563792161723,176,976,240
4,1563792161726,176,976,240
6,1563792161728,128,-592,-816
6,1563792161730,128,-576,-800
2,1563792161754,-128,1024,-96
2,1563792161755,-128,1008,-64
4,1563792161762,176,976,240
4,1563792161769,176,976,240
4,1563792161770,192,976,240
6,1563792161772,128,-576,-800
6,1563792161773,128,-576,-800
6,1563792161776,128,-576,-800
2,1563792161798,-128,1024,-48
2,1563792161799,-144,1008,-32
4,1563792161805,192,976,256
4,1563792161806,208,976,240
6,1563792161814,128,-576,-800
6,1563792161817,128,-576,-800
2,1563792161844,-160,1008,-32
2,1563792161845,-160,1024,-48
4,1563792161852,192,976,240
4,1563792161856,176,976,240
6,1563792161865,128,-576,-800
6,1563792161866,128,-576,-816
2,1563792161888,-144,1008,-80
2,1563792161891,-160,1008,-96
2,1563792161895,-176,1008,-128
4,1563792161906,176,976,240
4,1563792161907,176,976,240
6,1563792161909,128,-592,-800
6,1563792161911,128,-576,-800
2,1563792161935,-176,1008,-128
2,1563792161936,-176,1008,-144
4,1563792161943,160,976,240
4,1563792161945,160,976,256
4,1563792161947,176,976,256
6,1563792161956,128,-592,-816
6,1563792161958,128,-592,-800
6,1563792161960,128,-576,-800
2,1563792161979,-160,1008,-144
2,1563792161980,-176,1008,-128
4,1563792161986,160,976,256
4,1563792161987,160,976,240
6,1563792161998,128,-576,-800
6,1563792161999,128,-576,-800
2,1563792162023,-160,1008,-128
2,1563792162024,-160,1024,-112
4,1563792162032,176,976,256
4,1563792162033,176,976,256
4,1563792162035,176,976,240
6,1563792162038,128,-576,-800
6,1563792162040,128,-576,-800
2,1563792162070,-144,1024,-96
2,1563792162072,-144,1008,-80
