2,1562829435849,-560,848,128
2,1562829435850,-560,848,128
4,1562829435855,-896,-368,272
4,1562829435856,-896,-368,272
6,1562829435865,-608,48,-800
6,1562829435866,-608,48,-800
2,1562829435892,-560,848,128
2,1562829435897,-560,848,128
6,1562829435906,-608,32,-800
6,1562829435907,-608,32,-800
2,1562829435937,-560,848,128
2,1562829435938,-560,848,128
2,1562829435939,-560,848,128
4,1562829435947,-896,-368,272
4,1562829435950,-896,-368,272
4,1562829435952,-912,-368,272
4,1562829435957,-896,-368,272
4,1562829435958,-896,-368,272
6,1562829435964,-608,32,-800
6,1562829435966,-608,32,-800
6,1562829435967,-592,32,-800
2,1562829435984,-560,848,128
2,1562829435986,-560,848,128
4,1562829435990,-896,-368,272
4,1562829435991,-896,-368,272
6,1562829436000,-608,32,-816
6,1562829436001,-592,32,-800
2,1562829436029,-560,832,128
2,1562829436030,-560,848,128
6,1562829436042,-608,32,-800
6,1562829436042,-592,32,-800
6,1562829436044,-608,32,-800
2,1562829436071,-560,848,128
2,1562829436072,-560,848,128
4,1562829436082,-896,-368,272
4,1562829436086,-896,-368,272
4,1562829436087,-896,-368,272
4,1562829436088,-896,-368,272
4,1562829436089,-896,-368,272
6,1562829436095,-592,32,-800
6,1562829436099,-592,48,-800
2,1562829436116,-560,848,128
2,1562829436121,-560,848,128
2,1562829436122,-560,848,128
6,1562829436134,-608,32,-800
6,1562829436136,-608,48,-800
2,1562829436162,-560,848,144
2,1562829436167,-544,848,144
6,1562829436177,-608,48,-800
6,1562829436182,-608,32,-800
2,1562829436207,-560,848,144
2,1562829436209,-560,848,128
6,1562829436221,-608,32,-800
6,1562829436224,-592,48,-800
6,1562829436225,-608,48,-800
2,1562829436251,-560,848,144
2,1562829436252,-560,848,144
6,1562829436267,-608,48,-800
6,1562829436268,-608,32,-800
2,1562829436296,-560,848,128
2,1562829436313,-560,848,128
2,1562829436316,-560,832,112
4,1562829436318,-896,-368,272
4,1562829436320,-896,-368,272
4,1562829436321,-912,-368,272
4,1562829436322,-896,-368,272
4,1562829436324,-912,-368,272
4,1562829436326,-896,-368,272
6,1562829436329,-608,32,-800
6,1562829436330,-608,32,-800
2,1562829436341,-560,848,128
2,1562829436344,-560,848,128
4,1562829436353,-896,-368,272
4,1562829436354,-896,-368,272
6,1562829436363,-608,32,-800
6,1562829436364,-592,32,-800
2,1562829436388,-560,848,128
2,1562829436398,-560,848,128
6,1562829436416,-592,48,-800
6,1562829436418,-608,32,-800
6,1562829436420,-592,32,-784
2,1562829436432,-560,848,128
2,1562829436434,-560,848,128
4,1562829436449,-912,-368,272
4,1562829436451,-912,-368,272
4,1562829436452,-896,-368,272
4,1562829436454,-912,-368,272
6,1562829436455,-608,32,-800
6,1562829436457,-608,48,-800
2,1562829436480,-560,848,144
2,1562829436481,-560,832,128
2,1562829436482,-560,848,128
4,1562829436488,-912,-368,272
4,1562829436489,-912,-368,288
4,1562829436490,-912,-384,272
6,1562829436491,-608,32,-800
6,1562829436493,-608,48,-800
2,1562829436523,-560,848,128
2,1562829436524,-560,848,128
6,1562829436538,-608,32,-800
6,1562829436539,-592,32,-800
2,1562829436572,-560,848,128
2,1562829436584,-544,848,128
6,1562829436587,-592,32,-800
6,1562829436590,-608,32,-800
6,1562829436593,-608,48,-800
2,1562829436614,-544,848,144
2,1562829436617,-544,848,144
2,1562829436620,-560,848,160
4,1562829436628,-896,-368,272
4,1562829436630,-912,-368,272
4,1562829436632,-912,-368,272
4,1562829436633,-896,-368,272
4,1562829436636,-896,-368,288
4,1562829436637,-912,-368,288
6,1562829436639,-608,48,-800
6,1562829436640,-608,48,-800
2,1562829436658,-560,848,144
2,1562829436659,-560,848,128
6,1562829436673,-608,32,-800
6,1562829436674,-592,32,-816
2,1562829436702,-560,848,112
2,1562829436703,-560,848,96
6,1562829436718,-608,48,-800
6,1562829436719,-592,48,-800
2,1562829436749,-560,848,96
2,1562829436751,-560,832,128
4,1562829436761,-912,-368,272
4,1562829436764,-912,-368,272
4,1562829436766,-912,-368,272
4,1562829436768,-912,-352,272
4,1562829436770,-912,-368,272
4,1562829436771,-896,-368,256
6,1562829436773,-608,16,-800
6,1562829436783,-592,16,-800
6,1562829436785,-608,32,-800
2,1562829436793,-560,832,144
2,1562829436795,-560,848,144
2,1562829436798,-560,848,144
6,1562829436807,-608,48,-800
6,1562829436808,-608,48,-800
2,1562829436838,-560,848,144
2,1562829436839,-560,848,144
4,1562829436849,-896,-384,288
4,1562829436850,-912,-368,304
4,1562829436852,-912,-368,288
4,1562829436853,-896,-368,272
6,1562829436861,-592,48,-816
6,1562829436862,-608,32,-800
2,1562829436882,-560,848,144
2,1562829436883,-560,832,144
4,1562829436889,-896,-368,272
4,1562829436890,-896,-368,272
6,1562829436898,-592,32,-800
6,1562829436899,-608,48,-800
2,1562829436929,-560,848,128
2,1562829436931,-560,848,112
4,1562829436938,-912,-368,288
4,1562829436939,-912,-368,272
4,1562829436941,-912,-368,256
6,1562829436943,-608,48,-800
6,1562829436945,-608,48,-800
6,1562829436947,-608,32,-800
2,1562829436972,-560,848,128
2,1562829436972,-544,832,128
2,1562829436973,-560,848,144
4,1562829436983,-896,-368,256
4,1562829436986,-896,-368,272
6,1562829436996,-592,16,-800
6,1562829436997,-592,32,-800
6,1562829437032,-608,48,-800
6,1562829437034,-608,64,-800
6,1562829437036,-608,48,-800
2,1562829437063,-560,848,144
4,1562829437076,-896,-368,288
4,1562829437080,-912,-368,320
4,1562829437082,-912,-368,288
4,1562829437085,-896,-368,272
4,1562829437087,-896,-368,256
6,1562829437097,-592,32,-800
6,1562829437099,-592,16,-800
2,1562829437109,-560,848,144
2,1562829437111,-560,848,128
2,1562829437113,-560,848,128
2,1562829437115,-560,832,112
2,1562829437117,-560,832,128
4,1562829437126,-896,-368,256
4,1562829437127,-896,-384,272
6,1562829437129,-592,16,-800
6,1562829437130,-608,48,-800
2,1562829437153,-560,832,144
2,1562829437154,-560,864,128
2,1562829437155,-560,848,128
6,1562829437167,-608,64,-800
6,1562829437167,-608,64,-800
2,1562829437198,-560,848,128
2,1562829437200,-544,848,144
4,1562829437212,-912,-368,304
4,1562829437215,-912,-368,288
4,1562829437217,-912,-368,272
4,1562829437218,-896,-368,256
6,1562829437228,-608,32,-800
6,1562829437229,-608,16,-800
6,1562829437231,-608,32,-800
2,1562829437247,-544,848,144
2,1562829437249,-544,848,144
4,1562829437252,-896,-368,272
4,1562829437260,-896,-368,272
4,1562829437262,-896,-368,288
6,1562829437264,-608,48,-800
6,1562829437265,-608,48,-800
2,1562829437287,-560,848,144
2,1562829437287,-576,848,144
2,1562829437291,-560,848,128
6,1562829437302,-608,48,-800
6,1562829437303,-608,48,-816
2,1562829437332,-560,848,112
2,1562829437334,-544,848,112
4,1562829437340,-912,-368,288
4,1562829437343,-912,-368,272
4,1562829437347,-912,-368,272
4,1562829437350,-912,-368,256
6,1562829437359,-592,32,-800
6,1562829437362,-592,32,-800
2,1562829437380,-544,832,128
2,1562829437382,-544,848,144
4,1562829437390,-896,-368,256
4,1562829437393,-896,-368,272
6,1562829437396,-592,16,-800
6,1562829437398,-608,32,-800
6,1562829437400,-608,64,-800
2,1562829437422,-560,848,128
2,1562829437423,-560,848,144
6,1562829437437,-608,32,-816
6,1562829437439,-608,32,-800
2,1562829437468,-560,864,128
2,1562829437469,-560,848,128
2,1562829437470,-560,832,128
4,1562829437479,-912,-368,288
4,1562829437481,-912,-368,288
4,1562829437483,-928,-368,272
4,1562829437486,-912,-368,272
4,1562829437487,-896,-368,256
6,1562829437497,-608,32,-800
6,1562829437499,-608,32,-800
2,1562829437514,-544,832,144
2,1562829437515,-560,832,144
4,1562829437526,-896,-368,256
4,1562829437528,-896,-384,272
6,1562829437537,-608,32,-800
6,1562829437538,-608,48,-800
2,1562829437558,-560,848,144
2,1562829437559,-560,848,128
6,1562829437574,-608,48,-800
6,1562829437576,-608,48,-800
6,1562829437579,-592,48,-800
2,1562829437602,-560,864,128
2,1562829437603,-560,848,128
4,1562829437610,-896,-368,288
4,1562829437619,-912,-368,288
4,1562829437620,-912,-368,288
4,1562829437622,-912,-368,272
4,1562829437623,-896,-368,272
6,1562829437626,-592,32,-816
6,1562829437627,-592,32,-800
2,1562829437648,-544,848,144
2,1562829437650,-544,832,144
2,1562829437651,-560,848,128
4,1562829437656,-880,-368,272
4,1562829437657,-896,-368,272
6,1562829437666,-608,32,-800
6,1562829437668,-608,48,-800
2,1562829437692,-560,848,144
2,1562829437693,-560,848,128
6,1562829437707,-592,48,-800
6,1562829437709,-608,48,-800
2,1562829437737,-576,848,112
2,1562829437738,-560,848,112
4,1562829437750,-912,-368,288
4,1562829437752,-912,-368,288
4,1562829437754,-912,-368,288
4,1562829437756,-912,-368,272
4,1562829437758,-896,-368,256
6,1562829437769,-592,48,-800
6,1562829437770,-608,48,-800
6,1562829437772,-592,32,-800
2,1562829437784,-560,848,112
2,1562829437786,-560,848,128
6,1562829437798,-608,32,-800
6,1562829437799,-608,48,-800
2,1562829437830,-544,832,144
2,1562829437831,-560,848,144
2,1562829437832,-560,848,144
4,1562829437842,-880,-368,272
4,1562829437844,-896,-368,272
4,1562829437848,-896,-384,272
4,1562829437851,-912,-368,288
6,1562829437856,-608,48,-800
6,1562829437858,-608,48,-800
2,1562829437872,-560,848,128
2,1562829437874,-560,848,128
4,1562829437883,-912,-368,288
4,1562829437885,-912,-368,272
6,1562829437894,-608,48,-800
6,1562829437896,-592,32,-816
2,1562829437918,-560,832,128
2,1562829437919,-560,832,128
6,1562829437934,-592,32,-800
6,1562829437936,-608,32,-800
6,1562829437937,-608,48,-800
2,1562829437962,-560,832,144
2,1562829437965,-560,848,144
2,1562829437969,-560,848,128
4,1562829437980,-896,-368,256
4,1562829437982,-896,-368,272
4,1562829437984,-896,-368,272
4,1562829437986,-912,-368,288
4,1562829437988,-928,-368,288
6,1562829437991,-608,48,-800
6,1562829437994,-608,48,-800
2,1562829438007,-560,864,128
2,1562829438009,-560,848,144
4,1562829438017,-912,-368,272
4,1562829438018,-896,-368,272
6,1562829438026,-592,32,-800
6,1562829438029,-608,32,-800
6,1562829438030,-608,32,-800
2,1562829438052,-560,848,128
2,1562829438054,-560,832,144
6,1562829438069,-608,48,-800
6,1562829438070,-608,48,-800
2,1562829438101,-560,848,144
2,1562829438104,-576,848,128
4,1562829438118,-896,-368,272
4,1562829438122,-896,-384,288
4,1562829438126,-896,-368,288
4,1562829438130,-912,-368,288
4,1562829438133,-912,-368,272
6,1562829438138,-608,48,-816
6,1562829438142,-608,48,-784
2,1562829438155,-560,864,112
2,1562829438157,-560,848,112
2,1562829438159,-560,848,112
4,1562829438161,-912,-368,256
4,1562829438163,-896,-368,256
6,1562829438173,-608,32,-800
6,1562829438175,-592,16,-800
2,1562829438188,-544,832,128
2,1562829438189,-544,848,144
6,1562829438204,-608,32,-800
6,1562829438205,-608,48,-800
6,1562829438206,-608,48,-800
2,1562829438234,-560,848,160
2,1562829438235,-560,832,160
4,1562829438241,-896,-384,272
4,1562829438242,-896,-368,288
4,1562829438243,-896,-368,288
4,1562829438247,-912,-368,288
6,1562829438254,-608,64,-800
6,1562829438255,-608,48,-816
2,1562829438280,-560,848,128
2,1562829438281,-560,864,112
4,1562829438287,-912,-368,288
4,1562829438288,-912,-368,272
4,1562829438289,-912,-368,256
6,1562829438292,-608,48,-816
6,1562829438293,-592,16,-800
2,1562829438324,-560,848,112
2,1562829438327,-560,832,112
2,1562829438328,-544,832,128
6,1562829438338,-608,16,-816
6,1562829438339,-608,32,-800
2,1562829438368,-560,848,144
2,1562829438370,-560,848,144
4,1562829438379,-896,-368,256
4,1562829438381,-896,-368,256
4,1562829438383,-896,-384,288
4,1562829438385,-912,-368,288
6,1562829438395,-608,48,-800
6,1562829438397,-608,48,-800
6,1562829438399,-592,48,-800
2,1562829438414,-560,864,144
2,1562829438415,-560,864,128
4,1562829438425,-912,-368,288
4,1562829438426,-912,-368,272
6,1562829438435,-608,48,-800
6,1562829438436,-608,32,-800
2,1562829438457,-560,848,128
2,1562829438458,-544,832,128
6,1562829438472,-592,32,-800
6,1562829438473,-608,32,-800
2,1562829438502,-560,832,128
2,1562829438503,-560,848,144
2,1562829438504,-560,848,144
4,1562829438509,-896,-368,272
4,1562829438511,-880,-368,256
4,1562829438513,-880,-368,272
4,1562829438521,-896,-368,272
4,1562829438522,-912,-368,288
6,1562829438523,-608,48,-800
6,1562829438524,-608,32,-800
2,1562829438548,-560,848,144
2,1562829438549,-560,848,112
4,1562829438554,-912,-368,288
4,1562829438555,-912,-368,288
6,1562829438568,-608,48,-800
6,1562829438569,-608,48,-800
6,1562829438570,-592,32,-800
2,1562829438593,-560,848,128
2,1562829438596,-560,848,112
4,1562829438608,-912,-368,272
4,1562829438611,-896,-368,272
4,1562829438614,-896,-384,256
6,1562829438617,-592,32,-800
6,1562829438618,-608,32,-800
2,1562829438637,-560,832,128
2,1562829438639,-560,832,144
4,1562829438647,-896,-368,272
4,1562829438649,-896,-384,288
6,1562829438655,-608,32,-800
6,1562829438656,-608,32,-800
2,1562829438683,-560,848,160
2,1562829438683,-560,848,144
2,1562829438684,-560,864,144
6,1562829438698,-608,48,-800
6,1562829438700,-608,48,-800
2,1562829438731,-560,848,128
2,1562829438733,-560,848,112
4,1562829438743,-912,-368,288
4,1562829438744,-912,-368,304
4,1562829438747,-912,-368,288
4,1562829438749,-896,-368,272
6,1562829438751,-592,32,-800
6,1562829438753,-592,32,-816
6,1562829438754,-592,32,-800
2,1562829438773,-560,832,128
2,1562829438774,-560,832,128
4,1562829438784,-896,-368,256
4,1562829438787,-896,-368,272
4,1562829438788,-896,-368,288
6,1562829438797,-608,32,-800
6,1562829438798,-608,48,-800
2,1562829438818,-544,848,128
2,1562829438819,-560,864,144
2,1562829438820,-560,848,144
6,1562829438835,-608,48,-800
6,1562829438836,-608,48,-800
2,1562829438863,-560,848,128
2,1562829438864,-560,848,128
4,1562829438870,-928,-368,288
4,1562829438871,-896,-368,272
4,1562829438872,-912,-368,288
4,1562829438874,-912,-368,288
6,1562829438882,-608,48,-800
6,1562829438883,-608,48,-800
2,1562829438907,-560,848,128
2,1562829438908,-560,832,112
4,1562829438916,-896,-368,272
6,1562829438922,-592,32,-800
6,1562829438923,-592,16,-800
6,1562829438925,-608,32,-800
2,1562829438952,-560,832,128
2,1562829438953,-560,832,144
6,1562829438969,-608,32,-800
6,1562829438971,-608,48,-800
2,1562829438998,-560,848,144
2,1562829439000,-560,848,144
2,1562829439002,-560,864,128
4,1562829439010,-896,-368,256
4,1562829439012,-880,-384,272
4,1562829439014,-896,-368,288
4,1562829439017,-912,-368,288
4,1562829439018,-912,-368,288
4,1562829439020,-912,-368,288
6,1562829439022,-608,48,-800
2,1562829439046,-560,864,128
4,1562829439055,-912,-352,272
6,1562829439057,-608,48,-800
2,1562829439087,-544,848,128
6,1562829439105,-608,48,-800
6,1562829439107,-592,32,-800
6,1562829439110,-608,32,-800
6,1562829439112,-608,32,-800
6,1562829439113,-608,64,-800
2,1562829439133,-544,832,128
2,1562829439134,-544,832,144
2,1562829439135,-560,848,144
2,1562829439138,-560,848,144
4,1562829439148,-896,-368,272
6,1562829439150,-608,48,-800
6,1562829439152,-608,48,-800
2,1562829439181,-560,864,128
2,1562829439182,-560,848,128
2,1562829439184,-560,848,128
4,1562829439192,-880,-368,272
4,1562829439195,-880,-384,272
4,1562829439197,-896,-368,288
4,1562829439199,-912,-368,288
4,1562829439201,-912,-368,288
4,1562829439203,-912,-368,288
6,1562829439205,-608,48,-800
6,1562829439207,-592,32,-800
6,1562829439216,-608,32,-800
2,1562829439223,-544,832,144
2,1562829439224,-544,832,128
6,1562829439237,-608,32,-800
6,1562829439238,-608,48,-800
2,1562829439267,-560,848,128
2,1562829439269,-560,848,144
4,1562829439276,-896,-368,272
4,1562829439278,-880,-368,288
4,1562829439280,-912,-368,288
4,1562829439283,-912,-368,272
4,1562829439294,-912,-368,272
6,1562829439297,-608,48,-800
6,1562829439299,-608,32,-800
2,1562829439313,-560,848,128
2,1562829439315,-560,848,128
4,1562829439323,-896,-368,288
4,1562829439324,-896,-368,272
6,1562829439331,-608,32,-800
6,1562829439332,-608,48,-800
2,1562829439359,-560,848,112
2,1562829439360,-560,848,128
2,1562829439361,-560,848,144
6,1562829439373,-608,32,-800
6,1562829439374,-608,32,-800
6,1562829439375,-608,48,-800
2,1562829439402,-560,832,144
2,1562829439403,-560,832,144
4,1562829439413,-896,-368,272
4,1562829439414,-896,-368,272
4,1562829439416,-896,-384,272
4,1562829439418,-896,-368,288
6,1562829439424,-608,48,-784
6,1562829439426,-608,48,-800
2,1562829439448,-560,848,128
2,1562829439449,-544,864,128
4,1562829439456,-912,-368,288
4,1562829439457,-912,-368,272
4,1562829439458,-912,-368,272
6,1562829439466,-592,48,-800
6,1562829439467,-592,32,-816
2,1562829439494,-544,848,144
2,1562829439495,-544,832,160
2,1562829439496,-544,832,144
6,1562829439507,-608,48,-800
6,1562829439510,-608,48,-784
2,1562829439538,-544,832,160
2,1562829439540,-576,848,160
4,1562829439552,-880,-368,272
4,1562829439555,-896,-384,288
4,1562829439557,-896,-368,288
4,1562829439559,-912,-368,288
6,1562829439562,-608,48,-800
6,1562829439564,-608,48,-816
6,1562829439567,-608,48,-800
2,1562829439583,-560,864,112
2,1562829439584,-560,864,96
6,1562829439598,-608,48,-800
6,1562829439600,-608,32,-816
2,1562829439627,-560,848,112
2,1562829439629,-544,848,128
6,1562829439642,-592,16,-800
6,1562829439644,-608,32,-800
2,1562829439673,-560,832,144
2,1562829439683,-560,832,160
2,1562829439686,-560,832,160
4,1562829439689,-912,-368,288
4,1562829439691,-912,-368,272
4,1562829439693,-896,-368,256
4,1562829439695,-896,-368,256
4,1562829439696,-896,-368,288
4,1562829439699,-896,-384,288
6,1562829439711,-608,64,-800
6,1562829439714,-608,64,-800
2,1562829439721,-560,864,128
2,1562829439722,-560,864,128
6,1562829439733,-608,64,-800
6,1562829439735,-608,48,-816
6,1562829439737,-592,32,-800
2,1562829439762,-560,848,128
6,1562829439779,-608,32,-800
6,1562829439780,-608,32,-800
2,1562829439809,-544,832,128
2,1562829439812,-544,832,144
2,1562829439813,-560,832,144
4,1562829439823,-912,-368,288
4,1562829439825,-912,-368,272
4,1562829439827,-896,-368,272
4,1562829439829,-896,-368,272
4,1562829439832,-896,-368,288
4,1562829439834,-896,-384,288
6,1562829439837,-608,32,-800
6,1562829439838,-608,48,-800
2,1562829439852,-560,848,144
2,1562829439854,-560,864,128
2,1562829439862,-560,864,112
6,1562829439873,-608,64,-800
6,1562829439874,-608,48,-816
2,1562829439897,-560,848,128
2,1562829439898,-544,832,128
4,1562829439905,-912,-368,304
4,1562829439908,-912,-368,288
4,1562829439912,-912,-368,256
4,1562829439915,-896,-368,272
6,1562829439924,-592,32,-800
6,1562829439925,-608,32,-800
6,1562829439927,-608,32,-800
2,1562829439942,-544,832,144
2,1562829439949,-544,832,144
4,1562829439950,-880,-368,272
4,1562829439951,-896,-384,288
6,1562829439957,-608,48,-784
6,1562829439958,-592,48,-800
2,1562829439988,-576,848,160
2,1562829439990,-560,848,144
6,1562829440004,-608,48,-800
6,1562829440005,-608,48,-800
6,1562829440006,-608,48,-800
2,1562829440033,-560,864,128
2,1562829440035,-560,848,112
2,1562829440037,-544,848,128
4,1562829440043,-912,-384,288
4,1562829440046,-912,-368,288
4,1562829440048,-912,-368,288
4,1562829440050,-896,-368,288
4,1562829440052,-896,-368,256
6,1562829440061,-592,32,-800
6,1562829440065,-608,32,-800
2,1562829440080,-544,832,128
2,1562829440081,-544,832,144
4,1562829440089,-896,-368,256
4,1562829440090,-896,-368,272
6,1562829440093,-608,32,-800
6,1562829440102,-608,48,-800
2,1562829440122,-560,848,160
2,1562829440123,-560,848,144
6,1562829440138,-608,48,-800
6,1562829440140,-608,48,-800
4,1562829440175,-896,-384,272
4,1562829440191,-912,-368,304
6,1562829440196,-608,48,-800
6,1562829440199,-592,32,-800
6,1562829440200,-592,32,-800
4,1562829440223,-896,-368,304
4,1562829440225,-912,-368,272
4,1562829440228,-896,-368,272
4,1562829440230,-896,-368,272
4,1562829440231,-896,-368,288
6,1562829440240,-608,48,-800
6,1562829440241,-608,48,-800
2,1562829440259,-560,864,128
2,1562829440261,-560,864,128
2,1562829440273,-544,848,128
2,1562829440274,-544,832,144
2,1562829440276,-560,832,144
2,1562829440278,-560,848,144
6,1562829440281,-608,48,-800
6,1562829440283,-608,48,-800
2,1562829440303,-576,848,144
2,1562829440304,-576,848,112
4,1562829440314,-912,-368,288
4,1562829440315,-912,-384,288
4,1562829440317,-912,-384,272
4,1562829440318,-912,-368,288
4,1562829440319,-912,-368,272
6,1562829440328,-608,48,-784
6,1562829440329,-592,48,-800
2,1562829440351,-560,848,96
2,1562829440352,-544,848,112
2,1562829440352,-544,832,128
4,1562829440358,-912,-368,256
4,1562829440359,-896,-368,272
6,1562829440369,-592,32,-816
6,1562829440371,-592,32,-800
6,1562829440372,-608,32,-800
6,1562829440408,-608,48,-800
6,1562829440412,-608,64,-800
2,1562829440439,-544,832,144
2,1562829440440,-544,832,160
2,1562829440441,-560,848,160
2,1562829440443,-576,848,160
4,1562829440455,-880,-368,272
6,1562829440458,-608,48,-800
6,1562829440460,-608,48,-800
2,1562829440482,-560,848,128
2,1562829440483,-560,864,128
6,1562829440497,-608,48,-816
6,1562829440498,-592,32,-800
2,1562829440529,-544,848,128
2,1562829440531,-560,848,128
2,1562829440533,-544,832,128
6,1562829440544,-592,32,-800
6,1562829440545,-608,32,-800
6,1562829440547,-608,48,-800
2,1562829440572,-560,832,144
2,1562829440574,-560,848,144
4,1562829440582,-896,-384,304
4,1562829440584,-912,-384,288
4,1562829440587,-912,-368,288
4,1562829440589,-912,-368,288
4,1562829440591,-912,-368,272
4,1562829440593,-896,-368,272
6,1562829440601,-608,48,-800
6,1562829440602,-608,48,-800
2,1562829440617,-560,848,144
2,1562829440618,-560,864,128
6,1562829440632,-608,64,-816
6,1562829440634,-608,48,-816
2,1562829440664,-560,848,128
2,1562829440665,-544,848,144
4,1562829440675,-912,-368,288
4,1562829440679,-912,-368,304
4,1562829440682,-912,-368,288
4,1562829440684,-896,-368,272
4,1562829440686,-896,-368,272
6,1562829440699,-592,48,-800
6,1562829440700,-608,32,-800
2,1562829440707,-544,832,144
2,1562829440710,-560,832,128
2,1562829440712,-560,832,144
4,1562829440720,-880,-384,272
4,1562829440722,-896,-368,272
6,1562829440724,-608,32,-800
6,1562829440726,-608,48,-800
6,1562829440729,-608,48,-800
2,1562829440752,-576,848,144
2,1562829440753,-560,848,128
6,1562829440770,-608,48,-800
6,1562829440771,-608,48,-800
2,1562829440799,-560,864,128
2,1562829440800,-560,848,144
4,1562829440808,-912,-368,288
4,1562829440812,-912,-368,288
4,1562829440815,-912,-368,288
4,1562829440817,-912,-368,272
6,1562829440824,-592,48,-800
6,1562829440826,-592,48,-816
2,1562829440842,-560,832,128
2,1562829440853,-560,832,144
2,1562829440854,-544,832,160
4,1562829440855,-896,-368,272
4,1562829440857,-880,-368,272
4,1562829440859,-880,-368,288
6,1562829440862,-592,32,-800
6,1562829440863,-608,48,-784
2,1562829440887,-560,848,160
2,1562829440888,-560,848,144
6,1562829440902,-608,48,-800
6,1562829440903,-608,48,-800
6,1562829440904,-608,48,-800
2,1562829440932,-560,864,128
2,1562829440933,-560,848,112
4,1562829440942,-896,-368,288
4,1562829440946,-912,-368,288
4,1562829440948,-912,-368,288
4,1562829440949,-912,-368,288
6,1562829440957,-608,48,-800
6,1562829440959,-608,32,-800
2,1562829440978,-544,848,128
2,1562829440980,-560,832,144
4,1562829440989,-896,-368,256
4,1562829440991,-896,-368,272
4,1562829440993,-880,-368,288
6,1562829440995,-592,32,-800
6,1562829440997,-608,32,-800
6,1562829440999,-608,48,-800
2,1562829441022,-544,832,144
2,1562829441030,-560,832,160
2,1562829441031,-560,848,144
6,1562829441041,-608,48,-800
2,1562829441067,-560,848,144
2,1562829441068,-560,848,128
4,1562829441074,-896,-368,288
4,1562829441075,-912,-368,288
4,1562829441077,-912,-368,288
4,1562829441079,-912,-368,288
6,1562829441089,-592,48,-800
6,1562829441090,-608,48,-800
6,1562829441092,-608,48,-800
2,1562829441112,-560,848,128
2,1562829441113,-560,832,128
4,1562829441119,-896,-368,272
4,1562829441119,-896,-368,272
6,1562829441132,-592,32,-800
6,1562829441133,-592,32,-800
2,1562829441157,-560,832,144
2,1562829441159,-560,848,144
6,1562829441172,-608,48,-800
6,1562829441173,-608,48,-800
6,1562829441174,-608,48,-800
2,1562829441203,-576,848,144
2,1562829441203,-560,864,128
2,1562829441205,-560,848,128
4,1562829441212,-896,-384,272
4,1562829441213,-896,-384,288
4,1562829441216,-912,-368,288
4,1562829441218,-912,-368,288
4,1562829441220,-896,-368,288
6,1562829441230,-608,48,-800
6,1562829441230,-592,48,-800
2,1562829441248,-560,848,128
2,1562829441256,-544,832,144
6,1562829441266,-608,48,-800
6,1562829441268,-608,48,-800
2,1562829441298,-544,832,144
2,1562829441300,-560,848,160
6,1562829441310,-608,48,-800
6,1562829441313,-608,48,-800
2,1562829441337,-560,848,144
2,1562829441339,-560,848,128
4,1562829441349,-896,-368,288
4,1562829441352,-880,-368,288
4,1562829441354,-896,-368,288
4,1562829441357,-896,-368,288
4,1562829441358,-912,-368,288
4,1562829441360,-912,-368,272
6,1562829441368,-608,48,-800
6,1562829441369,-592,48,-800
6,1562829441370,-608,32,-800
2,1562829441381,-560,848,112
2,1562829441383,-560,848,112
2,1562829441389,-560,832,128
6,1562829441398,-608,32,-800
6,1562829441400,-608,32,-800
2,1562829441429,-560,848,160
2,1562829441430,-560,832,144
4,1562829441437,-896,-368,272
4,1562829441439,-896,-368,272
4,1562829441441,-896,-368,272
4,1562829441445,-896,-368,304
6,1562829441452,-608,48,-800
6,1562829441453,-608,64,-800
2,1562829441472,-560,848,144
2,1562829441473,-560,848,144
4,1562829441482,-912,-368,304
4,1562829441483,-912,-368,288
6,1562829441487,-608,64,-800
6,1562829441487,-608,48,-800
2,1562829441518,-560,864,128
2,1562829441520,-560,848,112
6,1562829441534,-608,32,-816
6,1562829441539,-592,32,-800
6,1562829441542,-608,32,-800
2,1562829441563,-544,832,128
2,1562829441566,-544,832,144
2,1562829441569,-560,848,160
4,1562829441577,-896,-368,272
4,1562829441579,-896,-368,272
4,1562829441580,-896,-368,272
4,1562829441582,-896,-368,288
4,1562829441584,-896,-368,288
6,1562829441587,-608,48,-800
6,1562829441589,-608,48,-800
2,1562829441608,-560,848,160
2,1562829441610,-560,848,160
4,1562829441617,-896,-368,304
4,1562829441619,-896,-352,288
6,1562829441622,-608,48,-800
6,1562829441624,-608,64,-800
6,1562829441669,-608,48,-816
6,1562829441671,-592,32,-816
2,1562829441700,-560,848,128
2,1562829441706,-560,848,112
2,1562829441722,-560,848,112
2,1562829441723,-560,832,128
2,1562829441724,-544,832,144
4,1562829441727,-896,-368,288
4,1562829441731,-912,-368,272
4,1562829441733,-896,-368,272
4,1562829441734,-896,-368,272
4,1562829441735,-880,-368,272
6,1562829441738,-592,32,-800
6,1562829441739,-608,32,-800
6,1562829441741,-608,48,-784
2,1562829441750,-544,848,144
2,1562829441752,-560,848,160
4,1562829441753,-896,-368,288
4,1562829441755,-912,-368,288
6,1562829441763,-608,48,-800
6,1562829441765,-608,48,-800
2,1562829441787,-560,848,160
2,1562829441788,-560,848,128
6,1562829441802,-608,64,-800
6,1562829441805,-608,48,-800
2,1562829441832,-560,848,112
2,1562829441833,-560,848,112
4,1562829441841,-912,-368,304
4,1562829441844,-912,-368,288
4,1562829441846,-912,-368,272
4,1562829441847,-896,-368,256
4,1562829441849,-896,-368,256
6,1562829441859,-592,32,-800
6,1562829441861,-592,16,-800
2,1562829441878,-560,848,112
2,1562829441879,-560,832,128
2,1562829441880,-560,832,160
4,1562829441887,-880,-368,272
4,1562829441889,-896,-384,288
6,1562829441900,-608,32,-800
6,1562829441902,-608,32,-800
6,1562829441903,-608,48,-800
2,1562829441923,-560,848,160
2,1562829441924,-560,848,144
6,1562829441938,-608,64,-800
6,1562829441939,-608,64,-800
2,1562829441968,-560,864,128
2,1562829441969,-560,848,128
4,1562829441977,-912,-368,304
4,1562829441979,-912,-368,304
4,1562829441980,-912,-368,288
4,1562829441983,-896,-368,272
6,1562829441986,-608,48,-800
6,1562829441988,-592,32,-800
6,1562829442028,-608,32,-784
6,1562829442029,-608,48,-800
6,1562829442074,-608,48,-800
6,1562829442079,-592,48,-800
6,1562829442084,-608,48,-800
4,1562829442119,-896,-368,272
4,1562829442123,-880,-384,272
4,1562829442126,-896,-368,288
4,1562829442130,-912,-368,288
6,1562829442134,-592,48,-800
4,1562829442137,-912,-368,288
4,1562829442138,-912,-368,288
6,1562829442140,-608,48,-816
2,1562829442153,-560,832,144
2,1562829442155,-544,832,144
2,1562829442157,-560,848,128
2,1562829442159,-560,848,144
2,1562829442161,-576,848,144
2,1562829442164,-560,848,128
2,1562829442166,-560,848,112
6,1562829442174,-592,32,-800
6,1562829442176,-608,32,-800
6,1562829442178,-608,48,-800
2,1562829442194,-544,832,144
2,1562829442195,-560,832,160
6,1562829442208,-608,48,-784
6,1562829442209,-608,48,-800
2,1562829442238,-560,848,176
2,1562829442239,-560,848,160
2,1562829442240,-560,864,128
4,1562829442254,-896,-368,272
6,1562829442256,-608,64,-800
6,1562829442258,-608,48,-800
2,1562829442284,-560,864,112
2,1562829442285,-560,848,112
4,1562829442294,-896,-368,272
4,1562829442296,-880,-368,272
4,1562829442299,-896,-368,288
4,1562829442301,-912,-368,288
4,1562829442303,-912,-368,304
6,1562829442312,-592,32,-800
6,1562829442314,-592,32,-800
2,1562829442332,-544,832,128
2,1562829442333,-560,832,128
4,1562829442335,-912,-368,272
4,1562829442341,-896,-368,256
4,1562829442344,-880,-384,272
6,1562829442352,-608,32,-784
6,1562829442353,-608,48,-800
6,1562829442354,-608,48,-800
2,1562829442372,-560,832,144
2,1562829442374,-560,848,160
2,1562829442374,-560,848,160
4,1562829442380,-896,-368,288
4,1562829442382,-912,-368,288
4,1562829442383,-912,-368,288
6,1562829442387,-608,48,-800
6,1562829442388,-608,64,-800
2,1562829442419,-560,848,128
2,1562829442422,-560,864,112
6,1562829442435,-608,48,-800
6,1562829442436,-592,48,-800
2,1562829442463,-560,848,112
2,1562829442465,-560,832,128
4,1562829442472,-912,-368,288
4,1562829442476,-912,-368,288
4,1562829442477,-896,-368,272
4,1562829442479,-896,-368,272
6,1562829442491,-592,32,-800
6,1562829442492,-608,32,-800
2,1562829442507,-560,832,128
2,1562829442509,-560,848,128
4,1562829442518,-880,-384,272
4,1562829442520,-896,-368,288
4,1562829442521,-912,-368,288
6,1562829442523,-608,32,-800
6,1562829442525,-608,48,-800
6,1562829442527,-608,48,-800
2,1562829442553,-560,848,160
2,1562829442554,-576,848,144
2,1562829442554,-560,848,144
6,1562829442567,-608,48,-800
6,1562829442568,-608,48,-800
2,1562829442598,-560,864,128
2,1562829442602,-544,848,112
4,1562829442619,-912,-368,288
4,1562829442623,-896,-368,304
4,1562829442626,-912,-368,288
4,1562829442629,-912,-368,272
6,1562829442632,-608,48,-800
6,1562829442637,-608,32,-800
2,1562829442647,-544,848,128
2,1562829442649,-544,832,128
4,1562829442657,-896,-368,256
4,1562829442659,-880,-368,272
6,1562829442661,-608,32,-800
6,1562829442662,-608,48,-800
2,1562829442687,-560,832,128
6,1562829442703,-608,48,-800
6,1562829442705,-608,48,-800
6,1562829442706,-608,48,-800
2,1562829442734,-560,848,160
2,1562829442735,-560,848,160
2,1562829442736,-560,848,144
2,1562829442736,-560,848,128
4,1562829442748,-896,-384,288
4,1562829442752,-912,-368,288
4,1562829442757,-912,-368,288
4,1562829442759,-912,-368,304
4,1562829442761,-896,-368,288
6,1562829442763,-608,48,-800
6,1562829442766,-608,48,-800
2,1562829442778,-544,848,128
2,1562829442779,-560,848,128
4,1562829442786,-912,-368,272
4,1562829442787,-896,-368,272
2,1562829442823,-544,832,128
2,1562829442824,-560,832,128
6,1562829442837,-592,32,-800
6,1562829442839,-592,32,-784
6,1562829442840,-608,48,-800
6,1562829442843,-608,48,-800
2,1562829442867,-560,848,160
2,1562829442869,-560,848,144
4,1562829442877,-880,-368,272
4,1562829442880,-896,-384,272
4,1562829442881,-912,-368,288
4,1562829442884,-912,-368,288
4,1562829442886,-912,-368,304
6,1562829442896,-608,48,-800
6,1562829442898,-608,48,-800
6,1562829442901,-608,48,-800
2,1562829442913,-560,864,144
2,1562829442914,-560,848,128
2,1562829442915,-560,848,128
6,1562829442930,-608,48,-800
6,1562829442931,-592,16,-784
2,1562829442962,-544,848,128
2,1562829442965,-544,832,144
6,1562829442979,-608,32,-800
6,1562829442982,-608,48,-784
4,1562829443011,-912,-368,288
4,1562829443013,-912,-368,272
4,1562829443014,-896,-368,272
4,1562829443016,-880,-368,272
4,1562829443020,-896,-384,288
4,1562829443024,-912,-368,288
6,1562829443038,-608,48,-816
6,1562829443040,-608,32,-800
2,1562829443051,-544,832,144
2,1562829443053,-560,848,160
2,1562829443057,-560,848,160
2,1562829443059,-560,848,144
2,1562829443061,-560,848,128
6,1562829443070,-608,48,-800
6,1562829443072,-608,48,-800
6,1562829443074,-608,64,-800
2,1562829443095,-560,848,128
2,1562829443096,-560,848,128
4,1562829443103,-912,-368,288
4,1562829443104,-896,-368,288
4,1562829443106,-896,-368,288
6,1562829443108,-608,32,-816
6,1562829443111,-608,32,-800
2,1562829443138,-560,832,128
2,1562829443139,-560,832,160
4,1562829443151,-912,-368,272
4,1562829443152,-896,-368,272
4,1562829443153,-896,-368,272
4,1562829443155,-880,-368,272
6,1562829443156,-608,32,-800
6,1562829443157,-608,48,-800
6,1562829443158,-608,48,-800
2,1562829443184,-560,848,160
2,1562829443185,-560,848,144
4,1562829443193,-912,-368,288
4,1562829443195,-912,-368,304
4,1562829443197,-896,-368,288
6,1562829443206,-608,64,-800
6,1562829443207,-608,64,-800
2,1562829443228,-560,864,144
2,1562829443229,-560,848,144
2,1562829443230,-560,848,128
4,1562829443234,-896,-368,288
4,1562829443235,-896,-368,272
6,1562829443247,-608,48,-800
6,1562829443248,-592,32,-800
2,1562829443272,-560,848,128
2,1562829443273,-560,832,112
4,1562829443280,-896,-368,272
4,1562829443281,-880,-368,272
6,1562829443287,-608,32,-800
6,1562829443288,-608,32,-800
2,1562829443319,-560,832,128
2,1562829443322,-560,848,144
6,1562829443335,-608,48,-800
6,1562829443337,-608,48,-800
6,1562829443338,-608,48,-800
2,1562829443362,-560,848,144
2,1562829443363,-560,848,144
4,1562829443370,-896,-368,272
4,1562829443372,-912,-368,288
4,1562829443374,-912,-368,288
4,1562829443375,-896,-368,304
4,1562829443377,-912,-368,288
6,1562829443384,-608,64,-800
6,1562829443385,-592,48,-784
2,1562829443409,-560,864,128
2,1562829443410,-560,848,128
2,1562829443411,-560,848,128
4,1562829443418,-912,-368,288
4,1562829443419,-896,-368,272
6,1562829443422,-592,48,-800
6,1562829443424,-592,32,-800
2,1562829443453,-544,832,128
2,1562829443453,-560,832,144
6,1562829443468,-608,32,-800
6,1562829443470,-608,48,-800
2,1562829443498,-560,848,144
2,1562829443499,-560,848,144
4,1562829443506,-880,-384,272
4,1562829443510,-896,-384,288
4,1562829443512,-896,-368,288
4,1562829443514,-912,-368,288
6,1562829443525,-608,48,-800
6,1562829443526,-592,48,-800
6,1562829443528,-608,64,-800
2,1562829443543,-560,848,144
2,1562829443545,-560,848,128
4,1562829443553,-912,-368,304
4,1562829443554,-896,-368,288
4,1562829443556,-912,-368,272
6,1562829443557,-608,64,-800
6,1562829443558,-608,48,-800
2,1562829443587,-560,848,112
2,1562829443589,-560,848,128
2,1562829443591,-560,832,128
6,1562829443602,-608,16,-784
6,1562829443607,-608,32,-800
2,1562829443633,-544,832,128
2,1562829443637,-560,848,144
4,1562829443648,-912,-368,272
4,1562829443649,-896,-368,272
4,1562829443650,-896,-368,272
4,1562829443652,-896,-368,288
6,1562829443654,-608,48,-800
6,1562829443655,-608,48,-800
6,1562829443693,-608,48,-800
6,1562829443694,-608,48,-800
6,1562829443694,-608,48,-800
6,1562829443741,-592,48,-800
6,1562829443746,-608,32,-800
2,1562829443770,-560,848,160
2,1562829443774,-560,848,160
2,1562829443777,-560,848,144
2,1562829443780,-560,848,128
2,1562829443782,-560,848,128
2,1562829443783,-560,848,112
4,1562829443792,-912,-368,288
4,1562829443796,-896,-368,304
4,1562829443798,-896,-368,288
4,1562829443800,-912,-368,272
4,1562829443801,-912,-368,272
4,1562829443803,-896,-368,256
6,1562829443805,-592,32,-800
6,1562829443807,-608,48,-800
2,1562829443816,-560,848,144
2,1562829443817,-560,848,128
6,1562829443828,-608,32,-800
6,1562829443830,-608,48,-800
2,1562829443860,-560,848,128
2,1562829443861,-544,848,144
4,1562829443871,-896,-384,272
4,1562829443874,-912,-368,288
6,1562829443878,-608,64,-800
6,1562829443880,-608,48,-800
6,1562829443882,-608,48,-784
4,1562829443912,-912,-368,288
4,1562829443913,-912,-368,288
4,1562829443913,-896,-368,288
4,1562829443914,-880,-368,288
4,1562829443915,-896,-368,288
6,1562829443929,-608,48,-800
6,1562829443932,-608,48,-800
2,1562829443950,-544,848,160
2,1562829443952,-544,848,160
2,1562829443955,-560,832,144
2,1562829443958,-560,848,144
2,1562829443960,-560,848,144
6,1562829443968,-608,48,-800
6,1562829443971,-608,48,-800
2,1562829443995,-576,832,144
2,1562829443996,-576,848,112
4,1562829444002,-896,-368,288
4,1562829444003,-912,-368,288
4,1562829444004,-896,-368,272
4,1562829444005,-896,-368,288
6,1562829444008,-608,32,-800
6,1562829444017,-608,48,-800
2,1562829444037,-560,848,96
2,1562829444038,-560,848,112
4,1562829444047,-912,-368,288
4,1562829444049,-912,-368,256
4,1562829444050,-896,-368,256
6,1562829444052,-608,48,-816
6,1562829444053,-592,32,-800
6,1562829444053,-592,32,-800
2,1562829444082,-544,848,112
2,1562829444083,-544,832,144
2,1562829444084,-560,832,160
4,1562829444089,-880,-384,288
4,1562829444091,-880,-384,288
6,1562829444099,-608,48,-800
6,1562829444100,-608,64,-800
2,1562829444128,-560,848,160
2,1562829444129,-560,848,160
4,1562829444136,-912,-368,288
4,1562829444137,-912,-368,288
6,1562829444148,-608,64,-800
6,1562829444151,-608,64,-800
6,1562829444152,-608,48,-800
2,1562829444172,-560,848,160
2,1562829444174,-560,864,128
4,1562829444183,-912,-368,272
4,1562829444185,-912,-368,288
6,1562829444187,-608,48,-800
6,1562829444189,-592,48,-800
2,1562829444216,-560,848,112
2,1562829444217,-560,848,112
6,1562829444231,-592,32,-800
6,1562829444232,-608,32,-800
2,1562829444264,-544,832,112
2,1562829444267,-544,832,128
2,1562829444270,-560,848,144
4,1562829444272,-896,-368,272
4,1562829444275,-896,-368,272
4,1562829444278,-880,-368,272
4,1562829444280,-896,-368,272
4,1562829444281,-912,-368,288
6,1562829444292,-608,48,-800
6,1562829444294,-608,48,-816
2,1562829444312,-560,848,144
2,1562829444323,-576,848,176
4,1562829444325,-912,-368,288
4,1562829444326,-896,-368,288
6,1562829444328,-608,48,-800
6,1562829444338,-608,64,-800
6,1562829444339,-608,64,-800
2,1562829444352,-560,848,144
2,1562829444353,-544,848,128
6,1562829444368,-608,48,-800
6,1562829444369,-592,32,-816
2,1562829444398,-560,848,128
2,1562829444399,-544,848,112
4,1562829444406,-896,-384,304
4,1562829444408,-912,-368,288
4,1562829444410,-912,-368,272
4,1562829444415,-880,-368,256
4,1562829444416,-880,-384,256
6,1562829444421,-608,32,-800
6,1562829444422,-608,32,-800
2,1562829444444,-560,832,112
2,1562829444445,-560,832,128
2,1562829444446,-576,848,144
4,1562829444452,-896,-368,272
4,1562829444452,-912,-368,288
6,1562829444457,-608,48,-800
6,1562829444458,-608,48,-800
2,1562829444488,-576,848,144
2,1562829444488,-560,848,144
6,1562829444503,-608,64,-800
6,1562829444505,-608,64,-800
6,1562829444512,-608,48,-800
2,1562829444532,-544,864,144
2,1562829444538,-544,848,144
4,1562829444541,-912,-384,288
4,1562829444543,-912,-368,304
4,1562829444546,-896,-368,288
4,1562829444549,-896,-368,288
6,1562829444559,-608,32,-800
6,1562829444560,-608,32,-800
2,1562829444577,-544,832,144
2,1562829444578,-544,832,144
2,1562829444579,-560,848,128
4,1562829444585,-880,-368,272
4,1562829444585,-880,-384,288
4,1562829444586,-896,-368,288
6,1562829444597,-608,48,-784
6,1562829444598,-608,48,-800
2,1562829444622,-560,848,144
2,1562829444623,-560,848,144
6,1562829444637,-608,48,-816
6,1562829444638,-592,48,-800
2,1562829444668,-560,848,128
2,1562829444670,-560,848,112
4,1562829444680,-912,-368,288
4,1562829444682,-912,-384,288
4,1562829444684,-912,-368,288
4,1562829444687,-912,-368,272
6,1562829444696,-608,48,-800
6,1562829444698,-608,48,-800
6,1562829444699,-592,32,-800
2,1562829444713,-560,848,112
2,1562829444714,-544,848,128
6,1562829444729,-608,32,-800
6,1562829444731,-608,48,-800
2,1562829444757,-544,832,144
2,1562829444763,-560,848,160
2,1562829444766,-560,848,160
6,1562829444775,-608,48,-784
6,1562829444776,-608,48,-800
4,1562829444812,-912,-368,272
4,1562829444813,-896,-368,272
4,1562829444815,-880,-384,288
4,1562829444815,-896,-384,288
4,1562829444816,-896,-368,304
4,1562829444828,-912,-368,288
6,1562829444831,-608,64,-800
6,1562829444833,-608,64,-800
2,1562829444850,-560,848,144
2,1562829444853,-560,848,128
2,1562829444855,-560,848,112
2,1562829444858,-544,848,128
4,1562829444868,-912,-368,272
4,1562829444870,-896,-368,272
6,1562829444872,-608,48,-816
6,1562829444873,-592,32,-800
6,1562829444875,-608,32,-800
2,1562829444895,-560,848,128
2,1562829444897,-560,832,128
4,1562829444905,-880,-368,272
4,1562829444906,-880,-368,288
4,1562829444907,-896,-368,288
6,1562829444909,-608,48,-800
6,1562829444911,-608,48,-800
2,1562829444938,-544,848,144
2,1562829444939,-560,848,160
2,1562829444941,-560,848,144
4,1562829444956,-912,-368,288
4,1562829444959,-912,-368,288
6,1562829444961,-608,48,-800
6,1562829444963,-608,48,-800
2,1562829444982,-560,848,128
2,1562829444985,-560,848,112
6,1562829444998,-608,64,-800
6,1562829445000,-608,48,-800
4,1562829445035,-896,-368,288
4,1562829445044,-912,-368,272
4,1562829445045,-896,-368,272
4,1562829445047,-896,-368,272
6,1562829445048,-592,32,-800
6,1562829445050,-592,32,-800
6,1562829445052,-608,32,-800
2,1562829445072,-560,848,112
2,1562829445073,-544,848,128
2,1562829445074,-560,832,128
2,1562829445076,-544,832,144
6,1562829445087,-608,48,-784
6,1562829445088,-608,48,-800
2,1562829445118,-560,848,160
2,1562829445120,-576,848,160
2,1562829445122,-560,848,144
6,1562829445132,-608,64,-800
6,1562829445133,-608,64,-800
6,1562829445134,-608,64,-800
2,1562829445165,-560,848,128
2,1562829445168,-560,848,128
4,1562829445180,-880,-368,272
4,1562829445183,-896,-384,288
4,1562829445186,-912,-368,288
4,1562829445188,-912,-368,288
4,1562829445191,-896,-368,304
4,1562829445194,-896,-368,288
6,1562829445197,-592,32,-800
6,1562829445199,-592,32,-800
2,1562829445210,-560,848,112
2,1562829445212,-560,832,128
4,1562829445220,-896,-368,272
4,1562829445222,-880,-368,272
6,1562829445224,-608,32,-800
6,1562829445232,-608,48,-800
2,1562829445253,-560,832,144
2,1562829445254,-560,848,160
2,1562829445255,-560,864,144
6,1562829445268,-608,48,-800
6,1562829445269,-608,48,-800
2,1562829445298,-560,848,144
2,1562829445313,-544,864,128
4,1562829445316,-896,-384,272
4,1562829445318,-896,-368,288
4,1562829445319,-912,-368,304
4,1562829445320,-912,-368,304
4,1562829445322,-912,-352,288
6,1562829445324,-608,64,-816
6,1562829445326,-608,48,-800
6,1562829445328,-608,32,-816
6,1562829445358,-592,32,-800
6,1562829445362,-608,32,-800
6,1562829445404,-608,48,-800
6,1562829445407,-608,48,-800
2,1562829445435,-544,848,128
2,1562829445437,-544,848,144
2,1562829445439,-544,832,128
2,1562829445441,-560,832,128
2,1562829445443,-560,848,144
2,1562829445453,-560,848,160
4,1562829445454,-912,-368,272
4,1562829445458,-896,-368,272
4,1562829445461,-880,-368,288
4,1562829445463,-896,-368,288
4,1562829445464,-912,-368,288
6,1562829445467,-608,48,-800
6,1562829445468,-608,48,-800
2,1562829445478,-560,848,128
2,1562829445479,-560,848,128
6,1562829445493,-608,64,-800
6,1562829445494,-608,48,-800
6,1562829445495,-592,32,-800
2,1562829445522,-560,848,112
2,1562829445523,-560,832,128
6,1562829445537,-608,32,-800
6,1562829445538,-608,32,-800
2,1562829445570,-560,832,128
2,1562829445572,-560,848,144
4,1562829445586,-912,-368,288
4,1562829445588,-896,-368,288
4,1562829445592,-912,-368,288
4,1562829445595,-896,-368,272
4,1562829445598,-896,-368,272
4,1562829445600,-880,-384,256
6,1562829445603,-608,32,-800
6,1562829445606,-608,48,-800
2,1562829445618,-560,848,160
2,1562829445619,-560,848,160
2,1562829445621,-560,848,160
4,1562829445632,-896,-368,304
4,1562829445633,-896,-368,288
6,1562829445634,-608,64,-800
6,1562829445637,-608,48,-784
2,1562829445660,-560,848,144
2,1562829445661,-560,848,128
6,1562829445671,-608,64,-800
6,1562829445672,-592,48,-800
6,1562829445674,-592,32,-800
2,1562829445706,-560,848,128
2,1562829445710,-544,832,112
4,1562829445713,-912,-368,288
4,1562829445715,-912,-368,272
4,1562829445717,-896,-368,272
4,1562829445719,-896,-384,272
6,1562829445721,-608,32,-800
6,1562829445724,-608,48,-800
2,1562829445748,-560,832,128
2,1562829445749,-560,848,144
4,1562829445756,-896,-384,272
4,1562829445759,-912,-368,288
4,1562829445762,-912,-368,288
6,1562829445772,-608,48,-800
6,1562829445776,-608,48,-784
2,1562829445795,-560,864,144
2,1562829445797,-560,848,144
2,1562829445799,-560,848,144
4,1562829445811,-912,-368,288
4,1562829445812,-912,-368,288
6,1562829445815,-608,64,-800
6,1562829445816,-608,48,-800
2,1562829445838,-560,848,144
