4,1562829583197,-848,-496,288
6,1562829583199,-640,64,-768
6,1562829583200,-640,80,-768
6,1562829583201,-640,64,-784
6,1562829583202,-640,64,-768
2,1562829583225,-544,864,96
2,1562829583233,-544,864,96
2,1562829583234,-544,864,112
4,1562829583236,-848,-512,288
4,1562829583247,-848,-512,272
4,1562829583248,-848,-496,288
4,1562829583249,-832,-512,288
6,1562829583251,-640,64,-784
6,1562829583252,-640,64,-768
2,1562829583268,-528,848,96
2,1562829583269,-560,864,96
4,1562829583278,-832,-512,288
4,1562829583278,-816,-512,288
6,1562829583282,-640,64,-768
6,1562829583283,-640,64,-784
6,1562829583284,-640,48,-768
2,1562829583311,-576,848,96
2,1562829583312,-560,848,96
4,1562829583319,-832,-512,288
6,1562829583327,-640,64,-768
6,1562829583328,-640,48,-768
2,1562829583358,-560,848,80
2,1562829583361,-560,848,80
4,1562829583375,-832,-528,272
4,1562829583377,-832,-528,272
4,1562829583378,-832,-512,272
4,1562829583380,-832,-512,288
6,1562829583382,-640,64,-784
6,1562829583384,-640,64,-784
2,1562829583402,-544,864,64
2,1562829583405,-544,864,64
2,1562829583407,-544,864,80
4,1562829583417,-832,-512,288
4,1562829583418,-832,-496,304
6,1562829583420,-640,64,-768
6,1562829583421,-640,64,-768
2,1562829583447,-544,864,96
2,1562829583449,-544,864,96
4,1562829583456,-848,-512,288
4,1562829583457,-848,-512,272
6,1562829583466,-640,64,-768
6,1562829583468,-640,48,-768
6,1562829583473,-640,64,-768
2,1562829583493,-544,864,96
2,1562829583495,-544,848,96
4,1562829583503,-832,-512,288
4,1562829583505,-816,-512,288
6,1562829583513,-656,64,-768
6,1562829583515,-640,64,-768
2,1562829583539,-560,848,96
2,1562829583540,-560,848,80
4,1562829583551,-816,-512,288
4,1562829583554,-832,-512,288
4,1562829583557,-832,-512,272
6,1562829583560,-640,64,-768
6,1562829583562,-640,64,-768
2,1562829583582,-560,848,80
2,1562829583584,-560,848,80
2,1562829583585,-560,864,80
4,1562829583593,-832,-528,272
4,1562829583595,-832,-512,272
6,1562829583600,-640,48,-768
6,1562829583601,-640,64,-768
2,1562829583628,-544,848,80
6,1562829583643,-640,64,-768
2,1562829583672,-544,848,80
6,1562829583689,-640,64,-784
2,1562829583717,-544,864,80
2,1562829583719,-544,864,96
2,1562829583723,-544,864,96
2,1562829583725,-544,864,96
4,1562829583734,-832,-496,288
6,1562829583737,-640,64,-784
6,1562829583739,-640,64,-768
6,1562829583742,-640,64,-768
6,1562829583744,-640,64,-768
6,1562829583746,-640,64,-768
2,1562829583762,-544,848,96
2,1562829583763,-544,848,96
2,1562829583764,-560,864,80
4,1562829583770,-832,-496,288
2,1562829583807,-576,848,96
2,1562829583812,-576,848,80
4,1562829583814,-832,-512,288
6,1562829583829,-640,64,-784
6,1562829583831,-640,64,-768
6,1562829583832,-640,64,-768
6,1562829583833,-640,48,-768
6,1562829583834,-640,64,-768
2,1562829583857,-560,848,96
2,1562829583859,-544,848,80
4,1562829583867,-848,-512,288
4,1562829583868,-832,-512,288
4,1562829583869,-832,-512,288
4,1562829583870,-832,-512,288
4,1562829583873,-832,-528,272
4,1562829583875,-816,-512,272
6,1562829583877,-640,64,-768
6,1562829583879,-640,64,-768
2,1562829583896,-544,848,80
2,1562829583898,-544,864,80
4,1562829583906,-832,-512,288
4,1562829583908,-848,-512,288
6,1562829583916,-640,64,-768
6,1562829583918,-640,64,-768
6,1562829583919,-640,48,-784
2,1562829583942,-544,864,80
2,1562829583944,-544,864,96
2,1562829583953,-544,880,96
4,1562829583955,-848,-512,272
6,1562829583963,-640,64,-768
6,1562829583964,-640,64,-768
2,1562829583988,-544,864,96
2,1562829583989,-544,848,96
4,1562829583995,-848,-512,288
4,1562829583996,-832,-512,288
4,1562829583997,-832,-512,288
6,1562829584008,-640,64,-768
6,1562829584010,-640,64,-768
2,1562829584032,-544,848,96
2,1562829584032,-560,848,96
4,1562829584046,-816,-512,288
4,1562829584048,-832,-512,288
4,1562829584050,-832,-512,256
6,1562829584052,-640,64,-768
6,1562829584055,-640,64,-768
2,1562829584077,-576,848,96
2,1562829584080,-560,848,96
4,1562829584090,-832,-512,272
4,1562829584093,-816,-512,272
6,1562829584096,-640,64,-768
6,1562829584098,-640,48,-768
6,1562829584100,-640,64,-768
2,1562829584123,-560,848,80
2,1562829584130,-544,848,80
2,1562829584132,-528,864,80
4,1562829584135,-832,-512,288
4,1562829584138,-832,-496,288
6,1562829584147,-640,64,-768
6,1562829584150,-640,64,-768
2,1562829584168,-544,864,80
2,1562829584170,-544,880,96
4,1562829584178,-848,-496,288
4,1562829584179,-848,-512,288
4,1562829584180,-848,-512,288
6,1562829584183,-640,64,-784
6,1562829584184,-640,64,-784
2,1562829584213,-544,864,96
2,1562829584214,-544,864,112
4,1562829584219,-832,-512,288
4,1562829584225,-816,-512,288
6,1562829584228,-640,48,-768
6,1562829584229,-640,64,-768
2,1562829584256,-544,864,96
2,1562829584259,-544,848,96
4,1562829584271,-816,-512,304
4,1562829584276,-832,-512,288
6,1562829584285,-640,80,-768
6,1562829584286,-640,64,-768
6,1562829584287,-640,64,-768
2,1562829584307,-544,848,96
2,1562829584308,-560,848,80
2,1562829584310,-576,864,96
4,1562829584318,-832,-512,272
4,1562829584320,-848,-512,272
6,1562829584322,-640,64,-784
6,1562829584324,-640,48,-768
2,1562829584347,-560,864,96
2,1562829584348,-560,848,96
4,1562829584357,-832,-512,272
4,1562829584358,-816,-512,272
4,1562829584359,-816,-512,288
6,1562829584366,-640,48,-752
6,1562829584369,-640,64,-768
2,1562829584393,-544,848,80
2,1562829584394,-544,848,64
4,1562829584400,-832,-512,288
4,1562829584401,-832,-496,288
6,1562829584413,-640,64,-768
6,1562829584416,-640,64,-768
2,1562829584439,-528,864,64
2,1562829584440,-544,880,80
4,1562829584447,-848,-512,288
6,1562829584461,-640,64,-784
6,1562829584461,-640,64,-784
6,1562829584462,-640,48,-784
2,1562829584482,-544,880,96
2,1562829584484,-544,864,112
2,1562829584485,-544,848,96
4,1562829584494,-848,-512,272
4,1562829584497,-832,-512,272
4,1562829584498,-816,-512,288
6,1562829584500,-640,64,-768
6,1562829584502,-640,64,-768
2,1562829584528,-544,848,96
2,1562829584528,-544,848,80
4,1562829584534,-816,-512,304
6,1562829584544,-640,64,-768
6,1562829584546,-656,64,-768
2,1562829584572,-544,848,80
2,1562829584573,-560,864,80
4,1562829584579,-816,-512,304
6,1562829584594,-640,48,-768
6,1562829584597,-640,48,-784
2,1562829584617,-576,864,96
2,1562829584618,-560,848,96
4,1562829584628,-832,-512,272
4,1562829584629,-848,-512,272
4,1562829584631,-848,-512,272
4,1562829584633,-832,-512,272
4,1562829584636,-816,-512,288
6,1562829584638,-640,48,-784
6,1562829584640,-640,64,-768
6,1562829584642,-640,64,-768
2,1562829584662,-544,848,80
2,1562829584664,-544,848,80
2,1562829584672,-528,848,64
4,1562829584675,-816,-512,288
4,1562829584676,-832,-512,288
6,1562829584682,-640,64,-768
6,1562829584684,-640,64,-784
2,1562829584707,-544,880,80
2,1562829584708,-544,880,96
4,1562829584715,-848,-496,288
4,1562829584716,-848,-512,272
6,1562829584725,-640,64,-784
6,1562829584728,-640,48,-784
2,1562829584754,-544,864,96
2,1562829584755,-544,848,96
2,1562829584756,-544,848,96
4,1562829584766,-848,-512,288
4,1562829584768,-832,-512,288
4,1562829584770,-816,-512,288
6,1562829584773,-640,64,-784
6,1562829584776,-640,64,-768
2,1562829584798,-544,848,96
2,1562829584801,-576,848,96
4,1562829584811,-816,-512,288
4,1562829584815,-816,-528,288
6,1562829584817,-640,64,-768
6,1562829584819,-640,64,-768
6,1562829584831,-640,64,-768
2,1562829584841,-576,848,96
2,1562829584847,-560,848,96
4,1562829584849,-832,-528,288
6,1562829584860,-640,48,-768
6,1562829584862,-640,48,-768
4,1562829584894,-832,-512,272
4,1562829584895,-832,-512,272
4,1562829584896,-832,-512,288
4,1562829584897,-832,-496,288
6,1562829584901,-640,64,-768
6,1562829584907,-640,64,-768
2,1562829584933,-544,848,80
2,1562829584935,-544,864,64
2,1562829584939,-544,848,80
2,1562829584952,-544,864,80
2,1562829584956,-544,864,96
4,1562829584958,-848,-512,288
4,1562829584960,-848,-512,288
6,1562829584962,-640,64,-768
6,1562829584964,-640,64,-784
6,1562829584965,-640,64,-768
2,1562829584978,-544,864,112
2,1562829584980,-544,848,96
4,1562829584990,-832,-496,288
6,1562829584998,-640,64,-768
6,1562829584999,-640,64,-768
2,1562829585023,-544,848,96
2,1562829585024,-544,848,96
4,1562829585031,-832,-512,288
4,1562829585033,-832,-512,288
4,1562829585034,-816,-512,288
4,1562829585036,-832,-512,272
6,1562829585044,-640,64,-768
6,1562829585045,-640,64,-768
2,1562829585068,-544,848,80
2,1562829585070,-544,864,64
4,1562829585077,-832,-512,272
4,1562829585078,-848,-512,288
2,1562829585113,-560,864,80
2,1562829585115,-576,848,80
2,1562829585116,-560,848,80
4,1562829585122,-832,-512,272
4,1562829585126,-832,-512,288
6,1562829585141,-640,48,-768
6,1562829585143,-640,48,-784
6,1562829585145,-640,64,-784
6,1562829585147,-640,64,-768
6,1562829585148,-640,64,-768
2,1562829585161,-560,848,112
2,1562829585162,-544,848,96
4,1562829585170,-816,-512,288
4,1562829585173,-816,-512,288
6,1562829585174,-640,64,-768
6,1562829585175,-640,64,-768
4,1562829585210,-832,-512,304
4,1562829585211,-848,-496,288
4,1562829585212,-848,-512,288
6,1562829585218,-624,64,-784
6,1562829585221,-640,64,-784
2,1562829585248,-544,864,80
2,1562829585250,-544,864,80
2,1562829585251,-544,864,96
2,1562829585253,-544,864,96
4,1562829585261,-848,-512,272
4,1562829585263,-832,-512,288
6,1562829585266,-640,64,-784
6,1562829585274,-640,64,-768
6,1562829585276,-640,64,-768
2,1562829585292,-544,864,96
2,1562829585295,-544,848,96
2,1562829585296,-544,848,80
4,1562829585304,-816,-512,288
4,1562829585306,-816,-512,288
6,1562829585315,-640,64,-768
6,1562829585316,-640,64,-768
2,1562829585338,-544,848,80
2,1562829585340,-544,848,80
4,1562829585348,-816,-512,288
6,1562829585352,-640,48,-784
6,1562829585361,-640,48,-768
2,1562829585381,-560,864,80
2,1562829585382,-560,864,80
4,1562829585390,-832,-512,272
4,1562829585391,-848,-512,272
4,1562829585393,-832,-528,288
4,1562829585394,-832,-512,288
6,1562829585396,-640,64,-784
6,1562829585397,-624,64,-784
2,1562829585426,-560,848,96
2,1562829585427,-544,848,112
4,1562829585434,-816,-512,272
4,1562829585436,-816,-512,272
6,1562829585446,-640,64,-768
6,1562829585447,-640,64,-768
6,1562829585449,-640,64,-768
2,1562829585472,-544,848,96
2,1562829585473,-544,848,80
2,1562829585474,-544,864,96
4,1562829585480,-832,-512,288
6,1562829585491,-640,64,-768
6,1562829585493,-640,64,-768
2,1562829585517,-544,864,96
2,1562829585518,-544,864,96
4,1562829585527,-832,-496,304
4,1562829585529,-848,-512,288
4,1562829585533,-848,-512,288
6,1562829585536,-640,64,-784
6,1562829585539,-640,48,-768
2,1562829585562,-544,864,96
2,1562829585563,-544,848,96
4,1562829585571,-832,-512,288
4,1562829585573,-816,-512,304
4,1562829585577,-816,-512,288
6,1562829585586,-640,64,-768
6,1562829585587,-640,64,-768
2,1562829585609,-544,848,80
2,1562829585609,-544,848,96
4,1562829585616,-832,-512,288
6,1562829585627,-640,64,-784
6,1562829585628,-640,64,-768
6,1562829585629,-640,64,-768
2,1562829585654,-560,848,80
2,1562829585655,-560,864,80
2,1562829585656,-560,848,80
4,1562829585662,-832,-512,288
4,1562829585663,-832,-512,288
4,1562829585664,-832,-512,288
6,1562829585666,-640,64,-768
6,1562829585667,-640,64,-768
2,1562829585697,-560,848,96
2,1562829585697,-560,848,96
4,1562829585707,-816,-512,288
4,1562829585711,-816,-512,272
6,1562829585720,-640,64,-768
6,1562829585721,-640,64,-768
2,1562829585742,-544,848,80
2,1562829585743,-544,864,64
4,1562829585749,-832,-512,272
6,1562829585759,-640,64,-768
6,1562829585761,-640,64,-784
2,1562829585789,-544,864,80
2,1562829585791,-544,864,80
2,1562829585793,-544,864,96
4,1562829585804,-832,-512,288
4,1562829585807,-832,-512,288
4,1562829585810,-832,-512,272
4,1562829585812,-848,-512,288
6,1562829585814,-640,64,-768
6,1562829585823,-640,64,-784
6,1562829585825,-640,48,-784
2,1562829585834,-544,864,96
2,1562829585836,-544,864,96
4,1562829585845,-832,-512,288
4,1562829585848,-832,-512,288
6,1562829585850,-640,64,-768
6,1562829585852,-640,64,-768
2,1562829585878,-544,848,96
2,1562829585879,-544,848,96
4,1562829585885,-816,-512,288
6,1562829585896,-640,64,-768
6,1562829585898,-640,64,-768
2,1562829585922,-544,864,80
2,1562829585924,-560,864,80
4,1562829585932,-816,-496,288
4,1562829585933,-832,-512,272
4,1562829585934,-848,-512,288
4,1562829585937,-832,-512,272
6,1562829585944,-640,64,-784
6,1562829585946,-640,64,-784
6,1562829585947,-640,48,-784
2,1562829585967,-560,864,96
2,1562829585968,-560,848,96
4,1562829585976,-832,-512,272
4,1562829585978,-816,-512,272
6,1562829585981,-640,48,-768
6,1562829585982,-640,64,-784
2,1562829586014,-560,832,96
2,1562829586015,-544,848,96
2,1562829586016,-544,848,80
4,1562829586030,-816,-512,288
4,1562829586033,-832,-496,288
6,1562829586036,-640,64,-768
6,1562829586040,-640,64,-768
2,1562829586058,-544,864,80
2,1562829586060,-544,864,80
4,1562829586069,-832,-496,288
4,1562829586071,-848,-512,288
4,1562829586073,-848,-512,272
6,1562829586082,-640,64,-784
6,1562829586083,-640,48,-784
6,1562829586084,-640,48,-784
2,1562829586105,-544,864,96
2,1562829586107,-544,864,96
2,1562829586109,-544,848,96
4,1562829586117,-832,-512,288
4,1562829586119,-816,-512,288
6,1562829586121,-640,64,-768
6,1562829586123,-640,64,-768
2,1562829586147,-544,848,96
4,1562829586156,-816,-512,288
4,1562829586158,-800,-512,288
6,1562829586167,-640,64,-768
6,1562829586169,-640,64,-784
2,1562829586192,-544,848,96
2,1562829586193,-560,864,96
2,1562829586194,-576,848,96
4,1562829586199,-832,-512,288
4,1562829586201,-848,-512,272
6,1562829586212,-640,64,-768
6,1562829586213,-640,48,-768
2,1562829586238,-560,848,80
2,1562829586239,-544,848,96
4,1562829586249,-832,-512,272
6,1562829586258,-640,64,-784
6,1562829586260,-640,64,-768
6,1562829586262,-640,64,-784
2,1562829586282,-560,848,80
2,1562829586283,-528,848,80
2,1562829586284,-544,864,80
4,1562829586293,-816,-528,288
4,1562829586295,-816,-512,288
4,1562829586296,-816,-496,288
6,1562829586297,-640,64,-784
6,1562829586298,-640,64,-784
2,1562829586327,-544,880,96
2,1562829586335,-544,864,96
4,1562829586344,-832,-512,288
4,1562829586345,-848,-512,288
4,1562829586346,-848,-512,288
6,1562829586347,-640,48,-784
6,1562829586348,-640,64,-784
2,1562829586374,-544,864,96
2,1562829586375,-544,848,96
4,1562829586381,-832,-512,288
6,1562829586392,-640,64,-784
6,1562829586393,-640,64,-768
2,1562829586417,-544,848,80
2,1562829586418,-560,864,80
4,1562829586428,-816,-512,288
4,1562829586429,-816,-512,288
4,1562829586430,-832,-512,288
6,1562829586432,-640,64,-768
6,1562829586433,-640,64,-768
6,1562829586434,-624,64,-784
2,1562829586463,-576,848,96
2,1562829586464,-576,848,96
2,1562829586465,-560,848,96
4,1562829586473,-832,-512,288
4,1562829586473,-832,-512,288
4,1562829586474,-832,-512,272
6,1562829586482,-640,48,-768
6,1562829586484,-640,64,-768
2,1562829586506,-544,864,80
2,1562829586507,-544,864,64
4,1562829586514,-832,-512,272
6,1562829586525,-640,64,-768
6,1562829586526,-640,64,-784
2,1562829586552,-544,864,80
2,1562829586558,-544,864,80
4,1562829586561,-832,-496,288
4,1562829586564,-832,-512,288
4,1562829586566,-832,-512,288
4,1562829586569,-848,-496,288
6,1562829586572,-640,64,-768
6,1562829586574,-640,64,-768
2,1562829586596,-544,880,96
2,1562829586598,-544,864,112
4,1562829586605,-832,-512,288
4,1562829586607,-832,-512,304
6,1562829586616,-640,64,-768
6,1562829586618,-640,64,-768
6,1562829586620,-640,64,-768
2,1562829586642,-544,864,96
2,1562829586644,-544,848,96
2,1562829586648,-544,848,96
4,1562829586649,-816,-512,288
4,1562829586651,-832,-512,288
6,1562829586663,-640,64,-768
6,1562829586664,-640,64,-768
2,1562829586687,-560,848,96
2,1562829586692,-576,864,96
4,1562829586694,-832,-512,288
4,1562829586695,-832,-512,288
6,1562829586702,-640,64,-784
6,1562829586709,-640,64,-784
2,1562829586732,-576,848,80
2,1562829586733,-560,848,96
4,1562829586743,-832,-528,272
4,1562829586745,-832,-512,288
4,1562829586748,-816,-512,272
6,1562829586750,-640,64,-768
6,1562829586753,-640,64,-768
2,1562829586776,-544,848,96
2,1562829586778,-544,848,80
4,1562829586784,-832,-512,288
4,1562829586786,-832,-512,288
6,1562829586795,-640,64,-768
6,1562829586796,-640,64,-784
6,1562829586798,-640,64,-784
2,1562829586823,-544,864,64
2,1562829586825,-544,864,80
2,1562829586833,-544,880,96
4,1562829586835,-832,-496,288
4,1562829586838,-848,-512,288
6,1562829586845,-640,64,-784
6,1562829586846,-640,64,-784
2,1562829586868,-544,864,96
2,1562829586871,-544,864,96
4,1562829586881,-848,-496,288
4,1562829586883,-832,-512,288
6,1562829586885,-640,64,-784
2,1562829586912,-544,848,96
2,1562829586913,-544,848,96
4,1562829586920,-816,-512,288
4,1562829586923,-816,-512,288
4,1562829586925,-832,-512,288
6,1562829586935,-640,64,-768
6,1562829586938,-640,64,-768
6,1562829586940,-640,64,-768
2,1562829586956,-560,864,80
2,1562829586958,-560,864,96
4,1562829586968,-832,-528,288
4,1562829586971,-832,-512,288
6,1562829586978,-624,64,-784
6,1562829586980,-640,64,-784
6,1562829586981,-640,48,-768
2,1562829587004,-560,848,80
2,1562829587006,-560,848,80
2,1562829587007,-560,848,96
4,1562829587014,-816,-512,272
6,1562829587017,-640,64,-768
6,1562829587019,-640,64,-784
2,1562829587047,-544,848,80
2,1562829587048,-528,864,80
4,1562829587056,-832,-512,272
4,1562829587060,-832,-512,288
4,1562829587062,-832,-496,288
6,1562829587073,-640,64,-784
6,1562829587075,-640,64,-784
6,1562829587078,-640,64,-768
2,1562829587093,-544,864,80
2,1562829587094,-544,880,96
4,1562829587101,-848,-512,288
4,1562829587104,-848,-512,288
4,1562829587107,-848,-496,272
6,1562829587115,-640,64,-784
6,1562829587117,-640,64,-784
2,1562829587138,-544,864,96
2,1562829587139,-544,864,96
4,1562829587145,-832,-512,288
6,1562829587152,-640,64,-768
6,1562829587161,-640,64,-768
2,1562829587182,-528,864,96
2,1562829587183,-544,848,96
2,1562829587184,-544,848,80
4,1562829587189,-816,-512,288
4,1562829587191,-816,-512,304
4,1562829587193,-832,-512,288
6,1562829587197,-640,64,-768
6,1562829587198,-640,64,-784
2,1562829587226,-560,864,96
2,1562829587228,-560,848,96
4,1562829587234,-832,-512,288
4,1562829587239,-832,-528,272
6,1562829587250,-640,48,-784
6,1562829587251,-640,64,-768
6,1562829587252,-640,64,-784
2,1562829587272,-560,848,96
2,1562829587274,-560,848,96
4,1562829587281,-832,-512,288
4,1562829587282,-816,-512,288
6,1562829587292,-640,64,-768
6,1562829587294,-640,64,-768
2,1562829587318,-544,848,80
2,1562829587324,-544,848,80
4,1562829587326,-816,-512,288
4,1562829587327,-832,-512,288
4,1562829587328,-832,-512,288
6,1562829587332,-640,64,-784
6,1562829587333,-640,64,-784
2,1562829587363,-544,864,80
2,1562829587364,-544,880,96
2,1562829587365,-544,864,96
4,1562829587376,-848,-512,288
4,1562829587378,-848,-512,288
6,1562829587380,-640,48,-784
6,1562829587389,-624,48,-784
2,1562829587406,-544,864,96
2,1562829587412,-544,864,96
6,1562829587424,-640,64,-768
6,1562829587425,-640,80,-768
6,1562829587427,-640,64,-752
2,1562829587453,-544,848,96
2,1562829587454,-544,848,96
4,1562829587461,-832,-512,288
4,1562829587463,-816,-512,288
4,1562829587465,-816,-512,304
4,1562829587468,-816,-512,288
4,1562829587471,-832,-512,288
6,1562829587474,-640,64,-768
6,1562829587476,-640,64,-784
2,1562829587497,-544,848,80
2,1562829587498,-560,848,96
4,1562829587506,-816,-512,288
4,1562829587508,-832,-512,272
6,1562829587518,-640,64,-768
6,1562829587520,-640,64,-784
2,1562829587543,-576,848,96
2,1562829587544,-560,848,96
2,1562829587544,-544,848,80
4,1562829587552,-832,-512,272
4,1562829587554,-832,-512,288
6,1562829587562,-640,48,-768
6,1562829587564,-640,64,-784
2,1562829587589,-544,848,80
2,1562829587591,-544,848,80
4,1562829587598,-832,-512,288
4,1562829587599,-832,-512,288
6,1562829587602,-640,64,-768
6,1562829587605,-640,64,-768
6,1562829587606,-640,64,-784
2,1562829587632,-544,864,80
2,1562829587633,-544,864,96
2,1562829587637,-544,864,96
4,1562829587648,-832,-512,288
4,1562829587652,-848,-512,288
4,1562829587655,-832,-512,288
6,1562829587657,-640,48,-768
6,1562829587659,-640,64,-768
2,1562829587678,-544,864,96
2,1562829587680,-544,848,96
4,1562829587688,-832,-512,288
4,1562829587691,-816,-512,288
6,1562829587699,-640,64,-784
6,1562829587700,-640,64,-784
2,1562829587723,-544,848,96
2,1562829587724,-560,848,96
4,1562829587734,-816,-512,304
4,1562829587736,-832,-512,288
6,1562829587745,-640,64,-768
6,1562829587747,-640,64,-768
2,1562829587767,-560,848,96
2,1562829587770,-560,848,96
4,1562829587778,-816,-512,272
4,1562829587781,-832,-528,288
6,1562829587784,-640,48,-768
6,1562829587787,-640,64,-784
6,1562829587789,-640,64,-768
2,1562829587811,-544,864,80
2,1562829587812,-544,848,80
2,1562829587813,-544,864,80
4,1562829587821,-832,-512,272
4,1562829587822,-832,-512,288
4,1562829587825,-832,-512,288
6,1562829587832,-640,64,-768
6,1562829587834,-640,48,-784
2,1562829587856,-544,864,96
2,1562829587864,-544,864,96
4,1562829587866,-832,-512,288
4,1562829587872,-848,-512,288
6,1562829587881,-640,64,-784
6,1562829587882,-640,64,-768
2,1562829587904,-544,864,96
2,1562829587906,-544,864,112
4,1562829587914,-832,-512,288
4,1562829587915,-832,-512,288
6,1562829587917,-640,64,-784
6,1562829587919,-640,64,-768
2,1562829587947,-544,848,96
2,1562829587948,-544,848,96
4,1562829587956,-832,-512,288
4,1562829587957,-832,-512,288
6,1562829587965,-640,64,-768
6,1562829587966,-640,64,-784
6,1562829587967,-640,64,-768
2,1562829587991,-560,848,96
2,1562829587992,-560,848,80
2,1562829587996,-560,848,96
4,1562829587998,-816,-512,288
4,1562829588000,-832,-512,272
4,1562829588002,-832,-512,272
6,1562829588011,-640,64,-784
6,1562829588012,-640,48,-784
2,1562829588038,-560,848,80
2,1562829588039,-544,848,80
4,1562829588047,-832,-512,288
2,1562829588083,-544,848,80
2,1562829588084,-544,864,80
4,1562829588096,-832,-512,288
4,1562829588097,-832,-512,288
4,1562829588098,-832,-512,304
4,1562829588099,-848,-512,288
6,1562829588109,-640,64,-784
6,1562829588111,-640,64,-784
6,1562829588112,-640,64,-768
6,1562829588113,-640,64,-768
6,1562829588115,-640,64,-784
2,1562829588127,-544,864,96
2,1562829588131,-544,864,96
4,1562829588134,-832,-512,288
4,1562829588135,-832,-512,288
6,1562829588142,-640,64,-784
6,1562829588143,-640,64,-784
2,1562829588171,-544,848,96
2,1562829588175,-544,848,96
2,1562829588175,-544,848,80
4,1562829588178,-816,-512,288
6,1562829588193,-640,48,-768
6,1562829588194,-640,64,-768
2,1562829588218,-560,848,80
2,1562829588219,-560,848,80
4,1562829588230,-816,-512,288
4,1562829588231,-832,-512,288
4,1562829588233,-832,-512,288
6,1562829588235,-640,64,-768
6,1562829588238,-640,48,-768
6,1562829588240,-640,64,-768
2,1562829588263,-560,848,96
2,1562829588264,-560,848,80
4,1562829588269,-832,-512,288
4,1562829588270,-832,-512,288
4,1562829588272,-832,-512,288
6,1562829588277,-640,64,-768
6,1562829588278,-640,64,-784
2,1562829588308,-544,864,80
2,1562829588310,-528,864,80
4,1562829588315,-832,-512,288
4,1562829588317,-848,-512,288
6,1562829588326,-624,64,-768
6,1562829588327,-640,64,-784
2,1562829588355,-544,864,80
2,1562829588357,-544,864,96
2,1562829588359,-544,864,96
4,1562829588368,-832,-512,288
4,1562829588370,-832,-512,288
6,1562829588371,-640,64,-768
6,1562829588380,-640,64,-784
2,1562829588397,-544,864,96
2,1562829588397,-544,864,96
4,1562829588405,-832,-512,288
4,1562829588406,-832,-512,288
6,1562829588412,-640,64,-768
6,1562829588413,-640,64,-768
6,1562829588414,-640,48,-768
2,1562829588442,-560,848,96
2,1562829588443,-560,848,80
4,1562829588448,-832,-512,288
4,1562829588449,-832,-512,288
6,1562829588457,-640,64,-768
6,1562829588459,-640,64,-768
2,1562829588489,-560,848,96
2,1562829588490,-560,848,96
4,1562829588496,-832,-528,288
4,1562829588497,-832,-528,272
4,1562829588498,-832,-512,288
6,1562829588507,-640,64,-768
6,1562829588508,-640,64,-784
2,1562829588531,-544,864,96
2,1562829588532,-544,848,80
2,1562829588533,-544,848,80
4,1562829588542,-832,-512,288
4,1562829588544,-832,-512,288
6,1562829588547,-640,64,-768
6,1562829588548,-640,64,-768
2,1562829588578,-544,864,80
2,1562829588579,-544,864,96
4,1562829588585,-832,-512,288
4,1562829588588,-832,-512,288
6,1562829588597,-640,64,-784
6,1562829588599,-624,64,-768
6,1562829588599,-640,64,-784
2,1562829588623,-544,864,112
2,1562829588625,-544,864,96
4,1562829588634,-832,-512,288
4,1562829588637,-832,-512,288
4,1562829588639,-832,-512,288
6,1562829588648,-640,64,-784
6,1562829588650,-640,64,-768
2,1562829588667,-544,848,96
2,1562829588670,-544,848,96
4,1562829588679,-832,-512,288
4,1562829588681,-832,-512,288
6,1562829588684,-624,64,-784
6,1562829588687,-640,64,-784
2,1562829588711,-544,864,80
2,1562829588712,-560,848,96
2,1562829588713,-560,848,96
4,1562829588722,-832,-512,288
4,1562829588725,-832,-528,288
6,1562829588727,-640,64,-784
6,1562829588729,-640,64,-768
2,1562829588756,-560,848,96
2,1562829588758,-560,848,96
4,1562829588764,-816,-528,288
4,1562829588766,-832,-512,288
6,1562829588776,-640,64,-768
6,1562829588779,-640,64,-768
6,1562829588781,-640,64,-784
2,1562829588804,-544,848,80
2,1562829588814,-528,864,80
4,1562829588816,-832,-512,288
6,1562829588819,-640,64,-784
6,1562829588822,-640,64,-784
2,1562829588847,-544,864,80
2,1562829588848,-544,864,96
4,1562829588855,-832,-512,288
4,1562829588858,-832,-512,288
4,1562829588860,-848,-512,288
4,1562829588863,-832,-512,288
6,1562829588872,-640,64,-768
6,1562829588874,-624,64,-784
2,1562829588893,-544,864,96
2,1562829588894,-544,864,112
2,1562829588896,-544,848,112
4,1562829588902,-832,-512,288
4,1562829588905,-816,-512,288
6,1562829588913,-640,64,-768
6,1562829588916,-640,64,-768
2,1562829588939,-544,848,96
2,1562829588939,-560,848,80
4,1562829588944,-816,-512,288
6,1562829588955,-640,64,-768
6,1562829588958,-640,64,-768
6,1562829588960,-640,64,-784
2,1562829588982,-576,864,96
2,1562829588984,-560,848,80
2,1562829588987,-560,848,80
4,1562829588995,-816,-512,288
4,1562829588996,-832,-528,288
4,1562829588998,-832,-512,272
4,1562829588999,-832,-512,272
6,1562829589000,-640,48,-784
6,1562829589002,-640,48,-768
2,1562829589028,-560,848,80
4,1562829589035,-816,-512,288
4,1562829589043,-816,-512,288
6,1562829589046,-640,64,-768
6,1562829589048,-640,64,-784
6,1562829589051,-640,64,-768
2,1562829589072,-544,848,80
2,1562829589077,-544,864,96
2,1562829589079,-544,864,112
4,1562829589080,-832,-512,288
6,1562829589091,-640,64,-784
6,1562829589094,-640,64,-768
2,1562829589117,-544,864,112
2,1562829589120,-544,864,112
4,1562829589129,-832,-512,288
4,1562829589130,-832,-496,304
4,1562829589131,-832,-512,304
6,1562829589133,-640,64,-768
6,1562829589134,-640,64,-784
2,1562829589161,-544,864,96
2,1562829589162,-544,848,96
2,1562829589166,-544,848,96
4,1562829589176,-832,-512,304
4,1562829589178,-816,-512,288
4,1562829589179,-832,-512,272
6,1562829589181,-640,64,-768
6,1562829589183,-640,64,-768
2,1562829589207,-560,848,80
2,1562829589208,-560,848,96
4,1562829589214,-832,-512,288
4,1562829589216,-832,-528,288
6,1562829589225,-640,64,-768
6,1562829589226,-640,64,-768
6,1562829589228,-640,64,-768
2,1562829589254,-576,848,96
2,1562829589255,-560,848,96
4,1562829589264,-832,-528,288
4,1562829589266,-832,-512,288
6,1562829589268,-640,64,-768
6,1562829589270,-624,48,-768
2,1562829589298,-560,848,96
2,1562829589299,-544,848,80
4,1562829589308,-832,-528,288
4,1562829589310,-832,-512,288
6,1562829589322,-640,64,-784
6,1562829589324,-640,64,-768
2,1562829589343,-544,864,80
2,1562829589344,-544,864,80
2,1562829589345,-544,864,96
4,1562829589352,-832,-512,288
4,1562829589354,-832,-512,288
4,1562829589357,-832,-512,288
6,1562829589364,-640,48,-784
6,1562829589367,-640,64,-784
2,1562829589388,-544,864,96
2,1562829589390,-544,864,112
4,1562829589398,-832,-512,288
4,1562829589402,-832,-512,288
6,1562829589413,-624,64,-784
6,1562829589416,-640,64,-784
6,1562829589419,-640,64,-768
2,1562829589432,-544,848,112
2,1562829589433,-544,848,96
4,1562829589442,-816,-512,304
4,1562829589444,-816,-512,288
4,1562829589445,-832,-512,288
6,1562829589447,-640,64,-768
6,1562829589449,-640,64,-768
2,1562829589478,-560,848,96
2,1562829589479,-560,848,96
4,1562829589484,-832,-512,288
6,1562829589492,-640,48,-768
6,1562829589493,-640,64,-784
4,1562829589530,-832,-528,288
4,1562829589532,-832,-512,288
4,1562829589533,-832,-512,288
6,1562829589544,-624,64,-768
6,1562829589547,-640,64,-784
2,1562829589567,-560,848,96
2,1562829589580,-544,848,80
2,1562829589581,-544,864,80
2,1562829589584,-544,848,80
2,1562829589585,-544,864,96
4,1562829589588,-832,-512,288
6,1562829589590,-640,64,-768
6,1562829589592,-640,64,-768
6,1562829589594,-640,64,-768
2,1562829589612,-544,864,96
2,1562829589613,-544,864,112
4,1562829589621,-832,-512,304
4,1562829589623,-832,-512,288
4,1562829589624,-832,-512,304
4,1562829589625,-832,-512,288
6,1562829589629,-624,64,-768
6,1562829589631,-640,64,-784
2,1562829589658,-544,864,112
2,1562829589661,-544,848,96
4,1562829589672,-816,-512,288
4,1562829589674,-816,-512,288
6,1562829589677,-640,64,-784
6,1562829589679,-640,64,-784
2,1562829589706,-560,848,96
2,1562829589708,-560,848,80
2,1562829589709,-560,848,80
4,1562829589718,-832,-512,288
4,1562829589719,-832,-512,272
6,1562829589729,-640,64,-768
6,1562829589730,-640,64,-784
2,1562829589748,-560,848,96
2,1562829589750,-560,848,96
6,1562829589763,-640,64,-768
6,1562829589764,-640,64,-784
6,1562829589766,-640,64,-784
2,1562829589792,-544,848,96
2,1562829589793,-544,864,80
4,1562829589802,-832,-512,272
4,1562829589805,-816,-512,288
4,1562829589808,-832,-512,288
4,1562829589810,-832,-512,288
4,1562829589820,-832,-512,288
6,1562829589821,-640,64,-768
6,1562829589823,-640,64,-768
2,1562829589837,-528,864,96
2,1562829589839,-544,880,80
4,1562829589847,-832,-512,304
6,1562829589859,-640,64,-768
6,1562829589861,-640,64,-784
2,1562829589883,-544,864,96
2,1562829589884,-544,864,112
2,1562829589885,-544,848,96
4,1562829589890,-848,-512,304
4,1562829589892,-832,-512,288
4,1562829589893,-832,-512,304
6,1562829589897,-640,64,-784
6,1562829589900,-640,64,-768
2,1562829589928,-544,848,96
2,1562829589929,-560,848,96
4,1562829589936,-816,-512,288
4,1562829589937,-816,-512,288
6,1562829589944,-640,64,-768
6,1562829589945,-640,64,-768
6,1562829589946,-640,64,-784
2,1562829589976,-560,848,96
2,1562829589977,-576,848,96
4,1562829589986,-816,-528,288
6,1562829589994,-640,64,-768
6,1562829589996,-640,64,-784
2,1562829590020,-576,848,96
2,1562829590021,-560,848,80
4,1562829590030,-816,-528,288
4,1562829590033,-832,-528,272
4,1562829590036,-816,-528,288
4,1562829590038,-832,-512,288
6,1562829590040,-640,64,-768
6,1562829590042,-640,64,-784
6,1562829590044,-640,64,-784
2,1562829590062,-560,848,80
2,1562829590063,-544,864,96
2,1562829590064,-544,864,96
4,1562829590072,-832,-496,288
4,1562829590074,-848,-512,288
6,1562829590082,-640,64,-768
6,1562829590083,-640,64,-784
2,1562829590107,-528,848,96
2,1562829590108,-544,864,96
4,1562829590115,-832,-512,288
4,1562829590117,-832,-512,288
6,1562829590126,-640,64,-784
6,1562829590127,-640,64,-768
2,1562829590154,-544,848,112
2,1562829590155,-544,864,96
4,1562829590160,-832,-512,304
4,1562829590163,-816,-512,288
4,1562829590166,-832,-512,304
6,1562829590177,-640,64,-784
6,1562829590177,-640,64,-768
2,1562829590196,-544,864,96
2,1562829590198,-544,864,96
4,1562829590206,-832,-512,288
4,1562829590209,-832,-512,288
6,1562829590212,-640,64,-784
6,1562829590213,-624,64,-784
6,1562829590215,-640,64,-784
2,1562829590243,-560,848,96
2,1562829590245,-560,848,96
2,1562829590246,-544,864,96
4,1562829590254,-832,-512,288
4,1562829590257,-832,-512,288
6,1562829590263,-640,64,-768
6,1562829590265,-640,64,-784
2,1562829590287,-560,848,96
2,1562829590289,-544,864,96
4,1562829590294,-832,-512,288
4,1562829590296,-832,-512,304
6,1562829590304,-640,64,-768
6,1562829590305,-640,64,-784
2,1562829590332,-544,848,80
2,1562829590334,-544,864,96
4,1562829590340,-832,-512,304
4,1562829590342,-832,-512,288
6,1562829590348,-640,64,-768
6,1562829590349,-640,48,-768
2,1562829590378,-560,848,96
2,1562829590379,-544,864,96
4,1562829590388,-832,-512,288
4,1562829590390,-832,-512,288
4,1562829590391,-832,-512,288
6,1562829590398,-640,64,-784
6,1562829590401,-640,64,-768
6,1562829590403,-640,64,-784
2,1562829590423,-544,864,96
2,1562829590424,-544,848,112
2,1562829590427,-560,848,96
4,1562829590434,-832,-512,304
4,1562829590436,-816,-512,288
6,1562829590444,-640,64,-784
6,1562829590445,-640,64,-768
2,1562829590470,-560,848,96
2,1562829590471,-560,848,96
4,1562829590477,-832,-512,288
4,1562829590478,-832,-512,288
6,1562829590485,-640,64,-784
6,1562829590487,-640,64,-768
2,1562829590513,-560,848,96
2,1562829590515,-544,848,80
2,1562829590515,-544,864,80
4,1562829590529,-832,-512,288
4,1562829590531,-816,-512,288
4,1562829590533,-832,-512,288
6,1562829590535,-640,64,-784
6,1562829590537,-640,48,-768
2,1562829590557,-544,864,80
2,1562829590559,-544,864,96
4,1562829590567,-832,-512,288
4,1562829590570,-832,-512,288
6,1562829590579,-640,64,-784
6,1562829590581,-640,64,-784
6,1562829590582,-640,64,-768
2,1562829590606,-560,864,96
2,1562829590609,-544,848,96
4,1562829590618,-832,-512,304
4,1562829590621,-816,-512,304
6,1562829590629,-640,64,-768
6,1562829590630,-640,64,-768
2,1562829590647,-544,848,96
2,1562829590649,-544,848,96
4,1562829590661,-816,-512,288
4,1562829590663,-816,-512,288
6,1562829590665,-640,64,-768
6,1562829590668,-640,64,-768
2,1562829590692,-544,864,80
2,1562829590693,-544,864,80
2,1562829590693,-560,864,96
4,1562829590698,-832,-512,288
4,1562829590702,-848,-512,288
4,1562829590706,-848,-512,288
6,1562829590716,-624,64,-784
6,1562829590719,-640,64,-784
2,1562829590737,-544,864,96
2,1562829590739,-528,848,96
4,1562829590746,-832,-512,288
6,1562829590757,-640,48,-768
6,1562829590759,-640,64,-768
6,1562829590760,-640,64,-768
2,1562829590783,-544,848,112
2,1562829590784,-544,864,112
4,1562829590790,-832,-512,304
4,1562829590791,-816,-512,288
4,1562829590794,-816,-512,304
6,1562829590797,-640,64,-784
6,1562829590798,-640,64,-768
2,1562829590828,-560,848,96
2,1562829590829,-560,848,96
4,1562829590840,-832,-512,288
4,1562829590841,-832,-512,288
6,1562829590843,-640,64,-784
6,1562829590851,-640,64,-768
2,1562829590873,-544,848,80
2,1562829590877,-544,848,80
2,1562829590880,-544,848,80
4,1562829590892,-832,-512,272
4,1562829590893,-832,-496,288
6,1562829590895,-640,64,-784
6,1562829590896,-640,64,-768
6,1562829590897,-640,64,-768
2,1562829590917,-560,848,96
2,1562829590918,-560,864,96
4,1562829590927,-832,-512,288
4,1562829590928,-832,-512,304
4,1562829590929,-832,-512,288
6,1562829590932,-640,64,-768
6,1562829590933,-640,64,-784
2,1562829590962,-544,864,96
2,1562829590966,-544,864,96
4,1562829590974,-832,-512,288
4,1562829590975,-832,-512,288
4,1562829590976,-832,-512,304
6,1562829590981,-624,64,-768
6,1562829590982,-640,64,-768
2,1562829591007,-544,848,96
2,1562829591008,-544,848,80
4,1562829591014,-832,-512,288
6,1562829591024,-640,64,-784
6,1562829591027,-640,64,-768
2,1562829591054,-544,864,96
4,1562829591060,-832,-512,288
6,1562829591066,-640,48,-768
2,1562829591097,-560,864,96
4,1562829591106,-848,-512,288
6,1562829591118,-640,64,-768
2,1562829591144,-544,848,96
2,1562829591145,-544,848,96
2,1562829591147,-544,848,96
2,1562829591150,-544,848,96
2,1562829591152,-560,864,96
4,1562829591161,-832,-512,288
4,1562829591163,-816,-512,304
4,1562829591165,-816,-512,304
4,1562829591166,-832,-512,288
4,1562829591167,-832,-512,288
4,1562829591168,-832,-512,288
6,1562829591170,-640,64,-768
6,1562829591171,-640,64,-768
6,1562829591173,-640,64,-768
6,1562829591176,-624,64,-784
6,1562829591177,-640,64,-784
2,1562829591187,-560,864,96
2,1562829591188,-560,848,96
4,1562829591198,-832,-512,288
4,1562829591198,-816,-528,288
6,1562829591209,-640,64,-768
6,1562829591210,-640,64,-784
6,1562829591211,-640,64,-768
2,1562829591232,-560,848,96
2,1562829591234,-544,848,96
2,1562829591235,-544,848,80
4,1562829591241,-816,-512,304
6,1562829591248,-640,64,-784
6,1562829591250,-640,64,-768
2,1562829591279,-544,864,96
2,1562829591281,-544,864,96
4,1562829591294,-832,-512,288
4,1562829591296,-832,-512,288
4,1562829591299,-832,-512,288
6,1562829591301,-640,64,-784
6,1562829591304,-640,64,-784
2,1562829591322,-544,864,96
2,1562829591325,-544,864,96
4,1562829591333,-832,-512,288
4,1562829591336,-816,-512,288
4,1562829591338,-816,-512,288
6,1562829591347,-640,64,-768
6,1562829591348,-640,64,-784
2,1562829591372,-544,848,80
2,1562829591372,-560,848,96
4,1562829591382,-816,-512,288
4,1562829591384,-832,-528,272
6,1562829591387,-640,64,-768
6,1562829591389,-640,64,-768
6,1562829591391,-640,64,-784
2,1562829591413,-560,848,96
2,1562829591413,-560,848,96
2,1562829591414,-560,848,96
4,1562829591422,-832,-528,288
4,1562829591423,-832,-512,288
6,1562829591434,-640,64,-768
6,1562829591436,-640,64,-784
2,1562829591457,-544,848,80
2,1562829591458,-528,864,80
4,1562829591466,-832,-512,288
4,1562829591467,-832,-512,288
6,1562829591474,-640,48,-768
6,1562829591475,-640,64,-768
2,1562829591504,-528,864,80
2,1562829591505,-544,864,96
4,1562829591510,-832,-512,288
6,1562829591525,-624,64,-784
6,1562829591526,-656,64,-784
2,1562829591547,-544,864,112
2,1562829591549,-544,864,112
4,1562829591559,-848,-512,304
4,1562829591560,-832,-512,304
4,1562829591562,-832,-512,304
4,1562829591563,-816,-512,288
6,1562829591565,-640,64,-768
6,1562829591567,-640,64,-768
6,1562829591569,-640,64,-768
2,1562829591592,-544,848,112
2,1562829591593,-544,848,96
2,1562829591594,-560,848,80
4,1562829591601,-816,-512,288
4,1562829591606,-832,-512,288
6,1562829591618,-640,64,-768
6,1562829591621,-640,64,-784
2,1562829591638,-560,864,96
2,1562829591648,-576,848,96
4,1562829591650,-832,-528,288
6,1562829591660,-640,64,-784
6,1562829591662,-640,64,-784
2,1562829591682,-560,848,96
2,1562829591683,-560,848,80
4,1562829591689,-832,-512,272
4,1562829591692,-816,-528,272
4,1562829591693,-816,-512,288
4,1562829591694,-832,-512,304
6,1562829591697,-640,64,-768
6,1562829591698,-640,64,-768
2,1562829591729,-544,848,80
2,1562829591730,-544,864,80
4,1562829591739,-832,-496,288
4,1562829591740,-848,-512,288
6,1562829591744,-640,80,-784
6,1562829591746,-640,64,-768
6,1562829591747,-640,64,-784
2,1562829591774,-544,864,96
2,1562829591776,-544,880,96
2,1562829591778,-544,864,112
4,1562829591786,-832,-496,304
4,1562829591789,-832,-512,304
6,1562829591791,-624,64,-784
6,1562829591793,-640,64,-768
2,1562829591821,-544,864,112
2,1562829591825,-544,848,96
4,1562829591839,-816,-512,304
4,1562829591841,-832,-512,288
6,1562829591843,-640,64,-768
6,1562829591846,-640,64,-768
2,1562829591863,-544,848,96
2,1562829591865,-560,848,96
4,1562829591876,-816,-512,288
4,1562829591878,-832,-512,288
4,1562829591880,-832,-528,288
6,1562829591888,-640,64,-784
6,1562829591890,-640,64,-784
2,1562829591909,-576,848,80
2,1562829591911,-560,848,96
4,1562829591917,-832,-528,288
4,1562829591920,-816,-512,288
6,1562829591929,-640,64,-784
6,1562829591930,-640,64,-784
6,1562829591931,-640,64,-768
2,1562829591954,-560,848,96
2,1562829591954,-544,848,80
2,1562829591955,-544,848,80
4,1562829591959,-816,-512,304
4,1562829591960,-832,-512,304
6,1562829591967,-640,64,-768
6,1562829591979,-640,64,-768
2,1562829591998,-544,864,80
2,1562829591999,-544,864,96
4,1562829592007,-832,-512,288
4,1562829592008,-832,-512,288
6,1562829592012,-640,64,-784
6,1562829592013,-640,64,-784
2,1562829592044,-544,880,96
2,1562829592046,-544,864,112
2,1562829592059,-544,848,112
4,1562829592062,-848,-512,288
4,1562829592064,-832,-512,304
4,1562829592066,-816,-512,304
6,1562829592069,-640,64,-784
6,1562829592080,-640,64,-784
6,1562829592083,-640,64,-768
2,1562829592091,-544,848,96
2,1562829592094,-544,848,96
6,1562829592104,-640,64,-768
6,1562829592106,-640,64,-784
2,1562829592133,-560,848,80
2,1562829592135,-560,848,80
4,1562829592143,-816,-512,288
4,1562829592144,-816,-512,288
6,1562829592148,-640,64,-784
6,1562829592148,-640,48,-784
2,1562829592177,-560,848,96
2,1562829592178,-560,848,96
4,1562829592186,-832,-512,288
4,1562829592188,-832,-512,288
4,1562829592190,-832,-512,288
4,1562829592199,-816,-528,288
6,1562829592200,-640,64,-768
6,1562829592201,-640,64,-768
6,1562829592203,-640,64,-784
2,1562829592225,-544,864,96
2,1562829592226,-544,848,80
2,1562829592226,-544,864,96
4,1562829592234,-816,-512,288
4,1562829592235,-832,-512,288
4,1562829592236,-832,-496,304
6,1562829592241,-640,64,-768
6,1562829592243,-640,64,-784
2,1562829592269,-544,864,96
2,1562829592272,-544,864,96
4,1562829592280,-848,-512,288
6,1562829592284,-640,64,-768
6,1562829592288,-640,64,-784
2,1562829592313,-544,864,96
2,1562829592314,-544,864,96
4,1562829592325,-832,-512,288
4,1562829592329,-832,-512,304
4,1562829592331,-816,-512,304
6,1562829592341,-640,64,-784
6,1562829592342,-640,64,-784
2,1562829592357,-544,848,112
2,1562829592359,-560,848,96
4,1562829592368,-816,-512,304
4,1562829592370,-816,-512,288
6,1562829592378,-640,64,-768
6,1562829592379,-640,64,-768
6,1562829592380,-640,64,-784
2,1562829592404,-560,848,96
2,1562829592406,-576,848,80
2,1562829592407,-544,848,80
4,1562829592411,-816,-512,288
4,1562829592413,-832,-512,288
4,1562829592414,-832,-512,288
6,1562829592417,-640,64,-784
6,1562829592425,-624,64,-784
2,1562829592447,-544,848,80
2,1562829592448,-544,864,96
4,1562829592456,-832,-512,288
4,1562829592457,-832,-512,288
6,1562829592463,-640,64,-784
6,1562829592464,-640,64,-784
2,1562829592492,-544,864,96
2,1562829592493,-560,864,96
4,1562829592500,-832,-512,304
4,1562829592503,-832,-512,304
4,1562829592516,-832,-512,288
6,1562829592518,-640,64,-768
6,1562829592520,-640,64,-784
2,1562829592539,-560,848,112
2,1562829592548,-544,848,96
4,1562829592550,-816,-512,288
6,1562829592560,-640,64,-768
6,1562829592561,-640,64,-768
6,1562829592562,-640,64,-784
2,1562829592582,-544,848,80
2,1562829592583,-544,864,80
2,1562829592584,-560,864,80
4,1562829592590,-832,-512,288
4,1562829592591,-832,-496,304
4,1562829592592,-832,-512,288
6,1562829592598,-640,64,-784
6,1562829592598,-624,64,-768
2,1562829592629,-544,864,96
2,1562829592631,-544,864,96
4,1562829592637,-832,-512,288
4,1562829592638,-832,-512,288
6,1562829592644,-640,64,-784
6,1562829592646,-640,64,-784
2,1562829592673,-528,864,96
2,1562829592679,-544,848,96
4,1562829592681,-816,-512,304
4,1562829592684,-832,-512,304
4,1562829592688,-832,-512,304
6,1562829592699,-640,64,-768
6,1562829592701,-640,64,-768
6,1562829592703,-640,64,-784
2,1562829592721,-544,864,96
2,1562829592723,-560,864,96
4,1562829592732,-832,-512,304
4,1562829592735,-832,-512,288
6,1562829592738,-640,64,-768
6,1562829592740,-640,48,-784
2,1562829592763,-544,848,96
2,1562829592764,-544,848,96
2,1562829592765,-544,848,96
6,1562829592778,-640,64,-768
6,1562829592780,-640,64,-768
2,1562829592807,-560,848,80
2,1562829592808,-560,848,80
4,1562829592815,-832,-512,272
4,1562829592819,-816,-512,288
4,1562829592822,-832,-512,304
4,1562829592824,-832,-512,304
6,1562829592835,-640,80,-768
6,1562829592836,-640,64,-784
2,1562829592852,-560,848,80
2,1562829592854,-544,864,96
4,1562829592863,-832,-512,288
4,1562829592864,-832,-512,272
4,1562829592866,-832,-512,288
6,1562829592875,-640,48,-784
6,1562829592876,-640,48,-784
6,1562829592877,-640,64,-784
2,1562829592898,-544,848,96
2,1562829592900,-544,864,96
4,1562829592908,-816,-512,304
4,1562829592910,-832,-512,304
6,1562829592912,-640,64,-768
6,1562829592914,-640,64,-768
2,1562829592943,-544,864,112
2,1562829592944,-544,848,96
2,1562829592946,-544,864,96
4,1562829592955,-816,-512,304
4,1562829592958,-832,-512,288
6,1562829592966,-624,64,-784
6,1562829592968,-640,64,-768
2,1562829592987,-544,864,96
2,1562829592989,-544,848,96
4,1562829592996,-832,-512,288
4,1562829592997,-832,-512,288
6,1562829593008,-640,48,-768
6,1562829593009,-640,64,-768
2,1562829593032,-560,848,96
2,1562829593034,-560,848,96
4,1562829593044,-832,-512,288
4,1562829593045,-832,-512,288
6,1562829593047,-640,64,-784
6,1562829593048,-640,64,-768
6,1562829593050,-640,64,-784
2,1562829593078,-560,848,96
2,1562829593079,-544,848,96
4,1562829593086,-832,-512,288
4,1562829593088,-816,-512,288
4,1562829593097,-832,-512,288
6,1562829593099,-640,64,-768
6,1562829593100,-640,64,-784
2,1562829593123,-544,848,96
2,1562829593125,-544,864,96
2,1562829593127,-544,864,96
4,1562829593133,-832,-512,288
4,1562829593135,-832,-512,304
6,1562829593142,-640,64,-784
6,1562829593144,-624,64,-784
2,1562829593170,-544,864,96
2,1562829593173,-544,864,96
4,1562829593180,-832,-512,304
4,1562829593182,-832,-512,288
6,1562829593185,-656,64,-768
6,1562829593188,-640,64,-768
6,1562829593189,-640,64,-784
