3,1563794024856,48,896,192
3,1563794024863,80,880,224
5,1563794024867,0,-336,-928
5,1563794024872,16,-320,-976
1,1563794024878,800,384,320
1,1563794024882,880,480,384
3,1563794024903,0,1024,256
3,1563794024909,-80,1088,224
5,1563794024922,0,-288,-960
5,1563794024929,-16,-304,-976
1,1563794024935,912,608,416
1,1563794024943,880,624,448
3,1563794024947,-16,1072,192
3,1563794024952,0,1072,160
3,1563794024957,16,1024,160
5,1563794024962,-32,-304,-976
5,1563794024967,-32,-320,-960
1,1563794024972,832,544,448
1,1563794024978,752,496,384
1,1563794024984,720,480,352
3,1563794024987,48,944,160
3,1563794024991,48,896,192
5,1563794024996,-16,-320,-928
5,1563794025000,0,-336,-912
1,1563794025007,768,432,320
1,1563794025013,832,368,320
3,1563794025018,48,880,224
5,1563794025023,0,-320,-928
5,1563794025028,0,-320,-976
1,1563794025038,880,432,384
3,1563794025073,16,1008,256
3,1563794025082,-64,1088,240
3,1563794025086,-16,1056,208
5,1563794025091,0,-304,-960
5,1563794025096,0,-304,-960
1,1563794025102,896,560,400
1,1563794025106,880,656,448
1,1563794025112,848,576,464
3,1563794025119,-16,1104,160
3,1563794025123,0,1056,128
5,1563794025126,-16,-304,-976
5,1563794025131,-48,-320,-976
1,1563794025135,752,512,432
1,1563794025141,704,480,336
3,1563794025148,48,944,144
3,1563794025153,80,880,192
5,1563794025158,-48,-320,-928
5,1563794025163,0,-336,-912
5,1563794025167,16,-336,-912
1,1563794025172,736,448,304
3,1563794025178,64,864,224
3,1563794025182,16,992,240
5,1563794025186,0,-320,-976
5,1563794025189,0,-288,-976
1,1563794025200,816,368,320
1,1563794025204,880,416,384
1,1563794025208,912,512,400
3,1563794025214,-80,1104,240
3,1563794025220,-32,1040,224
5,1563794025226,-16,-304,-960
1,1563794025237,896,640,416
1,1563794025241,880,576,448
3,1563794025254,16,1072,192
3,1563794025260,0,1056,160
5,1563794025267,0,-320,-976
5,1563794025273,-32,-304,-960
5,1563794025278,-32,-320,-944
1,1563794025284,784,528,416
1,1563794025290,736,496,368
3,1563794025297,32,992,144
3,1563794025302,48,944,176
5,1563794025306,-16,-336,-928
5,1563794025310,0,-336,-928
1,1563794025317,736,480,336
1,1563794025322,784,416,304
3,1563794025334,64,880,192
3,1563794025340,64,912,224
5,1563794025345,16,-336,-928
5,1563794025351,0,-304,-976
1,1563794025357,832,416,368
1,1563794025361,880,496,400
3,1563794025376,-32,1056,240
3,1563794025384,-64,1072,208
5,1563794025390,-16,-304,-960
5,1563794025395,-16,-320,-960
1,1563794025401,880,576,416
1,1563794025407,880,592,464
3,1563794025414,0,1072,192
3,1563794025419,0,1072,160
5,1563794025434,-16,-304,-976
5,1563794025441,-32,-320,-944
1,1563794025447,816,528,432
1,1563794025452,768,496,368
3,1563794025457,32,1008,160
3,1563794025462,64,928,176
5,1563794025469,-16,-336,-928
5,1563794025474,16,-336,-928
1,1563794025480,736,464,320
1,1563794025484,784,400,304
3,1563794025494,64,880,208
3,1563794025500,48,912,240
5,1563794025506,16,-320,-928
5,1563794025512,0,-320,-960
1,1563794025518,848,416,336
1,1563794025525,880,480,384
3,1563794025537,-32,1056,240
3,1563794025546,-32,1056,224
5,1563794025551,0,-304,-960
5,1563794025556,0,-320,-960
1,1563794025560,880,592,400
1,1563794025564,880,608,448
3,1563794025574,0,1072,192
3,1563794025579,-16,1072,160
5,1563794025584,-16,-304,-976
5,1563794025589,-48,-320,-960
1,1563794025598,816,528,448
1,1563794025604,752,496,384
3,1563794025616,32,1008,144
3,1563794025620,48,928,176
5,1563794025626,-32,-336,-928
5,1563794025631,0,-336,-928
1,1563794025637,752,480,336
1,1563794025641,784,416,304
3,1563794025653,48,896,208
3,1563794025658,48,912,224
3,1563794025662,-48,1040,224
5,1563794025666,16,-320,-944
5,1563794025670,0,-320,-960
1,1563794025678,832,448,352
1,1563794025683,864,512,400
3,1563794025694,-48,1056,208
3,1563794025700,0,1072,192
5,1563794025706,-16,-304,-944
5,1563794025710,-16,-320,-960
1,1563794025717,864,576,416
1,1563794025721,864,560,432
3,1563794025733,16,1056,160
5,1563794025739,-16,-304,-976
5,1563794025745,-32,-320,-960
1,1563794025757,816,528,416
1,1563794025762,784,512,384
3,1563794025775,32,1008,160
3,1563794025780,32,944,176
3,1563794025785,32,912,192
5,1563794025789,-16,-336,-944
5,1563794025796,0,-320,-928
5,1563794025802,0,-336,-928
1,1563794025806,768,480,352
1,1563794025812,784,400,304
1,1563794025820,816,416,336
3,1563794025826,64,912,224
3,1563794025830,-16,1040,240
5,1563794025835,16,-320,-960
1,1563794025840,880,528,384
1,1563794025844,880,592,432
3,1563794025853,-80,1072,208
3,1563794025863,-16,1072,176
5,1563794025867,-16,-304,-960
5,1563794025871,-16,-304,-960
5,1563794025876,-32,-320,-976
1,1563794025883,864,560,464
3,1563794025894,0,1056,144
3,1563794025899,32,992,160
5,1563794025903,-32,-320,-944
5,1563794025907,-16,-320,-928
1,1563794025917,800,512,432
1,1563794025925,752,496,368
1,1563794025931,752,464,336
3,1563794025937,32,928,192
3,1563794025942,32,896,192
5,1563794025945,0,-336,-928
5,1563794025950,-16,-320,-928
1,1563794025959,784,384,336
1,1563794025963,832,384,368
3,1563794025974,32,896,208
3,1563794025980,0,1040,240
5,1563794025985,0,-320,-960
5,1563794025992,16,-304,-960
1,1563794026000,896,464,368
1,1563794026006,928,608,416
3,1563794026013,-64,1072,240
3,1563794026018,-32,1072,192
5,1563794026022,-16,-304,-976
5,1563794026025,-16,-320,-976
1,1563794026036,880,624,448
1,1563794026041,816,560,448
3,1563794026054,0,1072,144
3,1563794026061,16,1008,144
5,1563794026066,-48,-320,-960
5,1563794026071,-16,-336,-928
1,1563794026077,736,512,368
1,1563794026083,720,480,336
3,1563794026093,48,944,176
3,1563794026098,48,896,192
5,1563794026102,16,-336,-928
5,1563794026107,-16,-320,-912
1,1563794026119,752,416,336
1,1563794026124,832,368,368
3,1563794026134,48,864,192
3,1563794026139,16,1008,240
5,1563794026144,0,-320,-960
5,1563794026148,0,-304,-976
1,1563794026157,880,432,384
1,1563794026163,944,576,400
3,1563794026173,-48,1088,240
3,1563794026178,-48,1056,208
5,1563794026184,-16,-304,-960
5,1563794026189,-16,-304,-960
1,1563794026200,864,608,416
1,1563794026206,848,560,448
3,1563794026215,16,1072,160
3,1563794026219,0,1040,160
5,1563794026225,-32,-320,-976
5,1563794026230,-32,-320,-944
1,1563794026239,768,544,400
1,1563794026244,736,512,368
3,1563794026254,16,1008,144
3,1563794026259,48,944,176
5,1563794026263,-16,-320,-928
5,1563794026267,0,-336,-928
1,1563794026279,736,480,352
1,1563794026284,784,432,352
3,1563794026299,48,912,192
3,1563794026305,32,928,192
5,1563794026311,0,-320,-928
5,1563794026315,0,-320,-960
1,1563794026321,832,400,368
1,1563794026326,880,464,384
3,1563794026335,16,1024,240
3,1563794026340,-48,1072,240
5,1563794026346,0,-304,-976
5,1563794026351,0,-304,-960
1,1563794026357,896,560,384
1,1563794026363,880,608,432
3,1563794026375,-16,1040,208
3,1563794026379,0,1072,176
3,1563794026383,0,1024,160
5,1563794026388,0,-304,-960
5,1563794026393,-32,-304,-960
1,1563794026401,832,544,432
1,1563794026407,768,512,400
3,1563794026415,32,976,160
3,1563794026420,48,944,176
5,1563794026424,-32,-320,-944
5,1563794026428,-16,-336,-928
1,1563794026437,736,480,352
1,1563794026441,752,480,352
3,1563794026455,32,928,192
5,1563794026460,0,-320,-928
5,1563794026465,0,-320,-944
5,1563794026469,16,-320,-960
1,1563794026479,816,416,336
1,1563794026486,848,448,352
3,1563794026500,32,960,208
3,1563794026506,-16,1040,240
3,1563794026510,-16,1040,224
5,1563794026515,0,-304,-960
5,1563794026520,0,-304,-960
1,1563794026526,896,496,384
1,1563794026532,896,576,384
3,1563794026537,0,1056,208
3,1563794026540,16,1040,176
5,1563794026545,-16,-320,-960
1,1563794026557,864,576,416
1,1563794026562,816,512,384
3,1563794026573,16,992,160
3,1563794026580,32,976,176
5,1563794026586,-32,-320,-944
5,1563794026590,-16,-320,-944
5,1563794026595,0,-320,-944
1,1563794026601,768,496,368
1,1563794026605,752,496,368
3,1563794026613,16,960,176
3,1563794026619,16,944,176
5,1563794026626,-16,-320,-928
5,1563794026631,-16,-320,-944
1,1563794026638,768,496,368
1,1563794026643,800,448,368
1,1563794026648,832,448,368
3,1563794026656,16,960,208
3,1563794026661,16,1024,224
5,1563794026673,16,-320,-944
5,1563794026677,-16,-304,-960
1,1563794026680,880,496,384
1,1563794026685,880,560,384
3,1563794026694,-16,1040,224
3,1563794026703,0,1040,208
5,1563794026709,0,-304,-960
5,1563794026715,0,-320,-960
1,1563794026722,864,560,400
3,1563794026734,0,1056,176
3,1563794026741,16,992,176
5,1563794026745,-32,-320,-960
5,1563794026748,-16,-320,-928
1,1563794026758,816,528,400
1,1563794026764,768,496,352
1,1563794026769,768,480,352
3,1563794026774,48,960,176
3,1563794026780,32,928,192
5,1563794026784,0,-336,-928
5,1563794026788,0,-320,-928
1,1563794026797,800,432,336
1,1563794026801,848,448,368
3,1563794026815,32,928,208
3,1563794026822,0,1024,224
5,1563794026828,0,-320,-960
5,1563794026834,0,-304,-960
1,1563794026839,880,464,384
1,1563794026844,880,560,368
3,1563794026853,-16,1024,240
3,1563794026859,0,1040,208
5,1563794026863,0,-304,-944
5,1563794026868,0,-320,-960
1,1563794026880,848,592,416
1,1563794026885,816,544,432
3,1563794026895,-16,1056,160
3,1563794026902,0,1024,144
5,1563794026906,-32,-320,-960
5,1563794026910,-32,-320,-944
1,1563794026918,752,496,400
1,1563794026922,752,480,352
3,1563794026934,48,976,160
3,1563794026937,48,944,192
5,1563794026944,-16,-336,-944
5,1563794026948,0,-320,-928
1,1563794026963,784,480,336
1,1563794026969,816,432,320
3,1563794026974,32,928,192
3,1563794026980,32,944,224
5,1563794026983,0,-320,-928
5,1563794026988,0,-320,-960
1,1563794027002,864,432,352
1,1563794027005,880,480,368
3,1563794027014,-16,1040,240
3,1563794027019,-16,1040,224
5,1563794027025,0,-304,-960
5,1563794027030,0,-304,-944
1,1563794027040,880,592,384
1,1563794027045,864,592,416
3,1563794027054,16,1040,192
3,1563794027059,0,1056,176
5,1563794027063,0,-304,-960
5,1563794027067,-32,-320,-960
1,1563794027078,800,528,416
1,1563794027082,752,496,368
3,1563794027094,16,1008,144
3,1563794027100,32,960,176
3,1563794027105,48,928,192
5,1563794027110,-32,-320,-944
5,1563794027114,-16,-320,-928
5,1563794027118,16,-336,-912
1,1563794027122,752,496,336
1,1563794027127,784,448,320
3,1563794027134,48,896,208
3,1563794027138,16,992,224
5,1563794027142,0,-320,-944
1,1563794027158,832,416,336
1,1563794027162,864,464,384
3,1563794027174,-32,1056,240
5,1563794027179,0,-304,-976
5,1563794027184,-16,-304,-960
5,1563794027188,0,-304,-960
1,1563794027198,880,544,384
1,1563794027204,880,608,416
3,1563794027214,0,1024,224
3,1563794027218,0,1072,192
3,1563794027221,0,1040,160
5,1563794027225,-16,-304,-976
5,1563794027229,-32,-320,-960
1,1563794027238,848,544,432
1,1563794027244,800,496,384
3,1563794027254,32,992,160
3,1563794027259,48,944,192
5,1563794027263,-16,-320,-944
5,1563794027267,0,-336,-928
1,1563794027279,768,496,352
1,1563794027284,768,480,336
3,1563794027294,48,928,208
3,1563794027300,48,912,224
5,1563794027305,16,-320,-928
5,1563794027309,16,-320,-944
1,1563794027318,800,416,304
1,1563794027322,848,432,352
3,1563794027371,0,1040,240
3,1563794027377,-32,1056,224
5,1563794027381,0,-304,-976
1,1563794027386,896,480,368
5,1563794027389,0,-304,-960
1,1563794027395,896,592,384
3,1563794027401,16,1040,208
3,1563794027405,0,1072,176
5,1563794027409,0,-320,-960
5,1563794027413,-32,-304,-976
1,1563794027418,880,592,416
1,1563794027423,832,528,432
3,1563794027426,0,1024,160
3,1563794027431,48,960,160
5,1563794027435,-32,-320,-944
5,1563794027438,0,-336,-928
1,1563794027443,768,496,384
1,1563794027448,752,480,336
3,1563794027456,48,928,192
3,1563794027461,32,912,208
5,1563794027466,16,-336,-928
5,1563794027471,0,-320,-928
1,1563794027480,768,464,320
1,1563794027484,832,400,320
1,1563794027489,880,432,368
3,1563794027498,32,944,224
3,1563794027503,-16,1056,240
5,1563794027507,0,-320,-976
5,1563794027513,0,-288,-976
1,1563794027520,896,496,368
1,1563794027524,880,608,400
3,1563794027535,0,1040,240
3,1563794027539,16,1040,208
5,1563794027561,0,-304,-960
5,1563794027565,0,-320,-976
1,1563794027570,864,592,432
3,1563794027575,-16,1056,176
3,1563794027579,16,1008,160
5,1563794027584,-48,-304,-960
5,1563794027588,-32,-320,-944
1,1563794027600,800,528,416
1,1563794027604,752,512,352
1,1563794027609,752,480,336
3,1563794027615,64,960,192
3,1563794027619,48,928,192
5,1563794027624,0,-336,-928
5,1563794027628,16,-336,-912
1,1563794027638,784,432,320
1,1563794027642,832,432,352
3,1563794027654,32,912,208
3,1563794027658,0,1008,224
5,1563794027663,0,-320,-944
5,1563794027667,0,-304,-976
1,1563794027678,864,480,384
1,1563794027683,864,560,400
3,1563794027693,-32,1056,224
3,1563794027697,0,1024,208
5,1563794027703,-16,-304,-960
5,1563794027708,0,-320,-960
1,1563794027718,880,592,432
1,1563794027723,832,544,432
3,1563794027735,0,1072,176
3,1563794027740,0,1024,176
5,1563794027745,-16,-304,-976
5,1563794027749,-32,-320,-960
1,1563794027758,784,512,384
1,1563794027762,752,496,352
3,1563794027775,32,976,160
3,1563794027780,32,960,176
5,1563794027785,-16,-320,-944
5,1563794027790,0,-336,-928
5,1563794027793,0,-320,-928
1,1563794027800,768,480,352
1,1563794027805,800,432,336
3,1563794027815,32,944,192
3,1563794027820,32,944,208
3,1563794027825,16,1024,240
5,1563794027829,0,-320,-944
5,1563794027834,0,-304,-976
1,1563794027839,848,416,336
1,1563794027844,896,464,368
3,1563794027854,-16,1040,240
3,1563794027861,-16,1024,224
5,1563794027867,0,-304,-960
1,1563794027878,880,592,400
1,1563794027883,880,624,432
3,1563794027893,-16,1072,176
5,1563794027901,0,-320,-960
5,1563794027905,-32,-304,-976
5,1563794027910,-32,-320,-944
1,1563794027919,816,528,432
1,1563794027923,752,512,368
3,1563794027938,0,1024,144
3,1563794027944,48,976,160
3,1563794027948,64,928,176
5,1563794027953,-16,-320,-928
5,1563794027958,0,-336,-928
1,1563794027962,736,480,336
1,1563794027966,784,448,336
3,1563794027975,32,912,208
3,1563794027983,16,976,224
5,1563794027989,0,-320,-928
5,1563794027995,0,-320,-976
1,1563794028004,816,416,352
1,1563794028009,880,448,352
3,1563794028014,-16,1056,240
3,1563794028018,0,1024,224
5,1563794028022,0,-304,-960
5,1563794028026,16,-304,-960
1,1563794028038,880,528,368
1,1563794028043,880,624,416
3,1563794028055,0,1056,192
3,1563794028060,-16,1040,160
5,1563794028065,-16,-304,-976
5,1563794028070,-32,-320,-960
1,1563794028079,848,560,432
1,1563794028083,784,512,400
3,1563794028094,32,992,160
3,1563794028100,48,960,176
5,1563794028106,-16,-320,-944
5,1563794028111,0,-336,-928
1,1563794028118,752,512,352
1,1563794028124,768,480,352
3,1563794028135,32,960,192
3,1563794028140,16,928,208
5,1563794028146,0,-320,-928
5,1563794028151,0,-320,-944
1,1563794028159,800,432,352
1,1563794028165,832,432,352
3,1563794028173,16,992,224
3,1563794028179,-16,1040,240
5,1563794028183,0,-304,-960
5,1563794028188,0,-304,-960
1,1563794028197,864,464,368
1,1563794028203,880,544,384
3,1563794028216,-16,1024,208
3,1563794028221,-16,1056,192
5,1563794028225,0,-304,-960
5,1563794028229,-16,-320,-960
1,1563794028238,864,592,416
1,1563794028243,832,544,416
1,1563794028247,768,528,400
3,1563794028253,0,1040,144
3,1563794028260,16,992,160
5,1563794028264,-16,-320,-944
5,1563794028269,-16,-320,-928
1,1563794028278,752,496,384
3,1563794028295,32,960,160
3,1563794028299,32,928,192
5,1563794028310,-16,-336,-928
5,1563794028313,0,-336,-928
1,1563794028321,768,464,352
1,1563794028326,816,416,336
1,1563794028330,864,432,352
3,1563794028335,48,928,208
3,1563794028340,0,1024,240
5,1563794028345,0,-320,-944
5,1563794028349,16,-304,-976
1,1563794028358,896,496,352
1,1563794028363,880,624,384
3,1563794028376,-32,1024,240
3,1563794028380,0,1040,208
5,1563794028385,0,-304,-960
5,1563794028390,0,-304,-960
5,1563794028395,-32,-304,-976
1,1563794028399,864,592,432
3,1563794028415,-16,1072,176
3,1563794028421,16,1024,144
5,1563794028449,-32,-320,-944
5,1563794028454,-16,-320,-944
1,1563794028458,800,528,416
1,1563794028463,752,512,384
1,1563794028466,752,480,368
3,1563794028470,48,992,176
3,1563794028474,16,976,176
5,1563794028480,0,-320,-928
1,1563794028485,768,480,336
1,1563794028490,832,400,336
3,1563794028494,32,928,192
3,1563794028501,32,944,224
5,1563794028514,0,-320,-928
5,1563794028517,16,-320,-944
5,1563794028521,0,-304,-960
1,1563794028525,848,448,352
1,1563794028529,880,528,384
3,1563794028538,-16,1040,240
3,1563794028543,-32,1040,224
3,1563794028548,-16,1072,192
5,1563794028552,-16,-304,-960
5,1563794028555,-16,-320,-976
1,1563794028560,880,608,432
1,1563794028564,832,544,448
3,1563794028574,-16,1040,160
3,1563794028578,32,1008,160
5,1563794028585,-32,-320,-944
5,1563794028590,-16,-320,-944
1,1563794028599,784,528,416
1,1563794028604,752,496,368
3,1563794028614,32,960,176
5,1563794028621,0,-320,-928
5,1563794028626,0,-320,-928
1,1563794028638,768,464,336
1,1563794028642,816,416,336
3,1563794028655,32,928,192
3,1563794028662,32,944,208
3,1563794028667,0,1024,240
5,1563794028672,0,-320,-944
5,1563794028675,0,-304,-960
1,1563794028682,848,448,352
1,1563794028687,880,528,368
3,1563794028694,-16,1040,224
3,1563794028699,-16,1056,192
5,1563794028704,0,-304,-960
5,1563794028708,-16,-304,-960
1,1563794028717,880,608,416
1,1563794028722,848,544,432
3,1563794028734,0,1040,160
3,1563794028738,32,992,160
5,1563794028743,-32,-320,-960
5,1563794028748,-16,-320,-944
1,1563794028758,800,512,384
1,1563794028762,768,512,368
3,1563794028774,32,992,176
3,1563794028778,0,976,176
5,1563794028784,0,-336,-928
5,1563794028788,0,-320,-944
1,1563794028859,768,496,368
1,1563794028862,800,448,352
3,1563794028866,32,928,192
3,1563794028869,32,976,224
5,1563794028872,-16,-320,-928
5,1563794028874,16,-320,-960
1,1563794028880,832,432,352
1,1563794028883,864,496,368
3,1563794028886,-16,1040,224
3,1563794028890,-16,1056,208
5,1563794028894,0,-304,-960
5,1563794028897,-16,-304,-960
1,1563794028901,880,576,416
1,1563794028905,848,576,432
3,1563794028909,-16,1056,160
3,1563794028913,16,1024,160
5,1563794028917,-32,-304,-960
5,1563794028920,-32,-304,-960
1,1563794028926,816,528,400
1,1563794028929,768,496,368
3,1563794028935,16,976,160
3,1563794028939,32,944,176
5,1563794028944,-16,-320,-944
5,1563794028948,0,-336,-928
1,1563794028957,752,496,368
1,1563794028962,784,432,336
3,1563794028974,32,912,176
3,1563794028979,48,960,240
5,1563794028984,-16,-320,-928
5,1563794028991,16,-320,-960
1,1563794029030,816,384,336
1,1563794029036,880,432,336
3,1563794029042,-32,1056,256
3,1563794029047,-32,1040,224
5,1563794029053,0,-304,-960
5,1563794029058,0,-304,-960
5,1563794029064,-16,-304,-976
1,1563794029074,880,608,384
1,1563794029080,880,656,432
3,1563794029084,-32,1088,176
3,1563794029088,0,1056,144
5,1563794029091,-48,-320,-960
1,1563794029095,832,544,432
1,1563794029101,736,496,384
1,1563794029105,752,496,384
3,1563794029109,32,992,144
3,1563794029112,32,976,160
5,1563794029116,-16,-336,-944
5,1563794029120,-16,-320,-944
5,1563794029124,-16,-320,-944
1,1563794029129,768,496,368
3,1563794029135,0,976,176
3,1563794029143,16,928,176
5,1563794029148,-16,-320,-928
5,1563794029153,16,-320,-944
1,1563794029158,800,448,368
1,1563794029163,832,384,352
1,1563794029167,864,432,368
3,1563794029174,48,944,224
3,1563794029177,-16,1040,240
5,1563794029181,16,-304,-960
1,1563794029198,880,560,400
1,1563794029204,864,624,448
3,1563794029215,-32,1040,208
3,1563794029219,-16,1072,176
5,1563794029224,0,-304,-960
5,1563794029228,-16,-304,-960
5,1563794029232,-32,-320,-960
1,1563794029237,832,544,432
3,1563794029255,0,1040,160
3,1563794029259,32,1008,160
3,1563794029263,32,976,160
5,1563794029267,-16,-320,-944
5,1563794029271,-16,-320,-928
1,1563794029278,768,512,400
1,1563794029281,736,496,368
1,1563794029284,768,464,352
3,1563794029296,32,928,192
3,1563794029299,48,912,224
5,1563794029324,0,-336,-928
5,1563794029328,0,-320,-944
1,1563794029332,832,384,304
1,1563794029335,880,432,320
3,1563794029340,16,1024,256
5,1563794029345,16,-320,-960
5,1563794029350,16,-288,-960
1,1563794029358,896,512,352
1,1563794029363,880,640,384
3,1563794029375,-32,1024,240
3,1563794029380,0,1056,208
3,1563794029384,-16,1072,160
5,1563794029387,0,-304,-960
5,1563794029390,-32,-304,-976
1,1563794029398,864,576,432
1,1563794029403,784,528,400
3,1563794029414,16,1024,144
3,1563794029418,32,976,160
5,1563794029422,-32,-320,-944
5,1563794029426,-32,-320,-944
1,1563794029438,736,512,400
1,1563794029444,736,496,400
3,1563794029455,16,976,160
3,1563794029460,16,944,176
5,1563794029464,-16,-336,-928
5,1563794029469,-16,-320,-928
1,1563794029479,768,480,368
1,1563794029484,816,384,352
3,1563794029494,48,928,208
3,1563794029498,0,1024,240
5,1563794029505,0,-320,-928
5,1563794029508,16,-304,-960
1,1563794029519,848,448,400
1,1563794029523,896,544,400
3,1563794029533,-80,1056,208
3,1563794029536,-16,1072,176
5,1563794029540,-16,-304,-944
5,1563794029545,-16,-304,-960
1,1563794029558,880,592,432
1,1563794029563,832,544,432
3,1563794029575,0,1056,160
3,1563794029581,16,1008,160
5,1563794029584,-32,-320,-960
5,1563794029588,-16,-320,-944
1,1563794029598,768,512,400
1,1563794029602,752,496,368
3,1563794029614,16,960,176
3,1563794029618,16,928,192
5,1563794029622,-16,-336,-928
5,1563794029626,0,-320,-928
1,1563794029638,752,464,368
1,1563794029642,816,384,336
3,1563794029655,32,912,208
3,1563794029661,48,992,240
5,1563794029666,0,-320,-928
5,1563794029671,16,-320,-960
1,1563794029679,864,384,336
1,1563794029683,928,464,352
3,1563794029694,-48,1056,256
3,1563794029700,-32,1040,208
5,1563794029704,16,-304,-960
5,1563794029707,0,-304,-960
5,1563794029711,-16,-304,-976
1,1563794029719,896,624,400
1,1563794029723,880,608,432
3,1563794029734,-16,1088,176
3,1563794029738,0,1040,144
5,1563794029742,-48,-320,-960
5,1563794029745,-16,-336,-928
1,1563794029757,784,528,416
1,1563794029761,736,528,384
3,1563794029775,48,976,160
3,1563794029780,16,976,160
5,1563794029785,-16,-320,-928
1,1563794029798,736,512,400
1,1563794029802,736,480,400
3,1563794029814,0,944,144
3,1563794029818,32,912,192
5,1563794029822,-32,-320,-928
5,1563794029826,-16,-320,-944
5,1563794029831,16,-304,-960
1,1563794029840,800,384,384
1,1563794029844,832,416,368
3,1563794029853,16,1008,240
3,1563794029857,-64,1072,224
5,1563794029860,0,-288,-960
5,1563794029864,-16,-304,-960
1,1563794029879,928,560,400
1,1563794029883,896,608,416
1,1563794029887,864,544,416
3,1563794029894,-48,1056,192
3,1563794029899,16,1040,176
5,1563794029902,-16,-320,-976
5,1563794029906,-16,-320,-944
1,1563794029918,784,512,368
1,1563794029922,752,496,368
3,1563794029935,16,1008,176
3,1563794029939,16,976,160
5,1563794029943,-16,-320,-944
5,1563794029947,-16,-336,-928
1,1563794029957,736,480,368
3,1563794029977,16,944,160
3,1563794029981,32,928,192
3,1563794029986,32,976,224
5,1563794029990,-16,-320,-928
5,1563794029994,0,-320,-944
1,1563794029999,800,416,336
1,1563794030003,832,400,336
1,1563794030007,912,480,352
3,1563794030016,0,1040,256
3,1563794030020,-48,1040,224
5,1563794030032,16,-304,-960
5,1563794030036,0,-304,-960
1,1563794030041,912,592,368
1,1563794030045,864,624,400
3,1563794030054,-16,1056,176
5,1563794030058,-16,-304,-960
5,1563794030062,-16,-304,-960
1,1563794030078,816,544,416
3,1563794030095,0,1040,160
3,1563794030099,32,1008,160
3,1563794030104,32,976,144
5,1563794030107,-16,-320,-944
5,1563794030111,-16,-336,-944
1,1563794030119,736,528,384
1,1563794030123,736,512,400
1,1563794030127,752,496,400
3,1563794030137,0,976,160
3,1563794030143,0,944,176
5,1563794030149,-32,-320,-928
5,1563794030153,-32,-320,-944
1,1563794030158,800,432,384
1,1563794030162,816,384,352
3,1563794030175,32,960,224
3,1563794030179,0,1040,256
5,1563794030184,0,-320,-960
5,1563794030188,16,-304,-960
1,1563794030198,912,464,352
1,1563794030202,912,608,384
3,1563794030213,-48,1040,224
3,1563794030217,-16,1056,176
5,1563794030224,0,-304,-960
5,1563794030227,-16,-304,-960
1,1563794030240,864,624,416
1,1563794030244,816,544,400
3,1563794030255,0,1040,160
3,1563794030260,16,992,160
5,1563794030263,-32,-320,-960
5,1563794030268,-16,-320,-960
1,1563794030280,736,496,384
1,1563794030284,736,496,384
3,1563794030295,32,960,160
3,1563794030298,16,960,176
5,1563794030303,-16,-320,-944
5,1563794030308,-16,-320,-928
1,1563794030320,768,480,384
1,1563794030324,832,432,368
3,1563794030337,16,960,192
3,1563794030342,32,976,240
5,1563794030346,0,-304,-944
5,1563794030351,0,-320,-944
5,1563794030355,16,-304,-960
1,1563794030360,848,400,320
1,1563794030364,912,416,320
3,1563794030374,16,1008,272
3,1563794030379,-16,1024,240
5,1563794030383,16,-304,-960
1,1563794030400,912,592,336
1,1563794030405,880,672,400
3,1563794030435,-48,1072,192
3,1563794030442,-16,1056,144
5,1563794030446,16,-304,-960
5,1563794030450,-48,-320,-960
1,1563794030454,800,528,416
5,1563794030458,-32,-320,-944
1,1563794030462,720,496,400
3,1563794030466,32,992,144
3,1563794030470,32,976,144
5,1563794030473,-16,-320,-944
5,1563794030477,-32,-320,-928
1,1563794030483,736,528,416
1,1563794030487,752,512,416
3,1563794030494,0,976,144
3,1563794030499,16,944,160
5,1563794030503,-32,-320,-944
5,1563794030507,0,-304,-944
1,1563794030519,800,432,400
1,1563794030524,816,400,368
3,1563794030535,16,976,208
3,1563794030539,0,1024,240
5,1563794030544,16,-304,-960
5,1563794030547,0,-304,-976
1,1563794030558,880,480,368
1,1563794030562,912,576,384
3,1563794030575,-32,1040,224
3,1563794030579,-16,1056,192
5,1563794030583,-16,-304,-960
5,1563794030586,-16,-320,-960
1,1563794030600,880,576,384
1,1563794030603,832,544,384
3,1563794030614,16,1024,176
3,1563794030617,16,992,176
5,1563794030620,-16,-320,-944
5,1563794030624,-16,-320,-928
1,1563794030638,768,528,368
1,1563794030643,752,496,368
3,1563794030654,0,976,176
3,1563794030658,16,944,160
5,1563794030662,-16,-320,-928
5,1563794030666,-16,-320,-928
1,1563794030678,752,464,384
1,1563794030682,832,400,352
3,1563794030694,32,944,192
3,1563794030699,32,976,240
3,1563794030703,-16,1024,256
5,1563794030709,0,-320,-960
5,1563794030712,16,-304,-960
1,1563794030719,864,400,336
1,1563794030722,928,512,336
1,1563794030726,896,624,368
3,1563794030734,-32,1040,224
3,1563794030738,0,1056,192
5,1563794030742,0,-288,-960
5,1563794030746,-16,-320,-960
1,1563794030758,880,624,400
1,1563794030763,800,544,400
3,1563794030775,0,1040,160
5,1563794030779,-32,-320,-960
5,1563794030783,-16,-320,-944
1,1563794030798,736,512,384
3,1563794030815,32,992,144
3,1563794030819,32,976,160
3,1563794030823,0,976,160
5,1563794030827,-16,-336,-944
5,1563794030831,-32,-320,-944
1,1563794030838,720,528,400
1,1563794030841,752,496,400
1,1563794030845,800,416,368
3,1563794030855,16,928,176
3,1563794030862,32,960,240
5,1563794030867,-16,-320,-944
5,1563794030872,0,-320,-944
1,1563794030878,816,384,336
1,1563794030882,912,432,336
3,1563794030899,16,1024,256
3,1563794030903,-48,1040,240
5,1563794030906,16,-304,-976
5,1563794030910,0,-304,-960
1,1563794030919,944,576,352
1,1563794030923,880,640,384
3,1563794030935,-16,1056,208
3,1563794030938,0,1040,176
5,1563794030942,0,-304,-960
5,1563794030945,-16,-320,-960
1,1563794030959,832,576,400
1,1563794030964,752,528,368
3,1563794030976,16,1008,160
3,1563794030981,32,976,160
5,1563794030985,-16,-320,-944
5,1563794030990,-16,-320,-944
1,1563794030999,720,496,368
1,1563794031003,736,480,384
3,1563794031015,16,960,176
3,1563794031021,16,960,192
5,1563794031025,-16,-320,-928
5,1563794031029,-16,-320,-944
5,1563794031033,-16,-320,-944
1,1563794031039,800,448,384
1,1563794031042,832,384,352
3,1563794031055,16,976,208
3,1563794031060,32,1008,240
5,1563794031064,16,-304,-960
5,1563794031068,16,-304,-960
1,1563794031079,880,432,336
1,1563794031088,928,560,352
3,1563794031094,-16,1024,256
3,1563794031103,-32,1056,208
5,1563794031106,-16,-304,-960
1,1563794031118,880,640,400
1,1563794031122,832,576,416
3,1563794031134,-16,1040,176
3,1563794031138,16,1008,144
5,1563794031141,-16,-304,-960
5,1563794031144,-16,-320,-960
5,1563794031148,-16,-320,-944
1,1563794031158,768,528,400
1,1563794031162,720,512,368
3,1563794031175,32,976,160
3,1563794031179,16,960,160
5,1563794031183,-16,-336,-928
5,1563794031187,-16,-320,-944
1,1563794031199,736,496,384
1,1563794031203,768,448,384
3,1563794031216,16,944,176
3,1563794031219,16,960,208
5,1563794031223,-16,-320,-928
5,1563794031227,16,-304,-960
1,1563794031240,832,384,352
1,1563794031244,864,432,352
3,1563794031253,32,1008,240
3,1563794031257,-32,1040,240
5,1563794031264,16,-304,-960
5,1563794031269,0,-304,-960
1,1563794031278,928,560,368
1,1563794031284,896,624,384
3,1563794031294,-16,1040,208
3,1563794031298,0,1040,192
5,1563794031302,-16,-304,-960
5,1563794031306,-16,-320,-944
1,1563794031318,848,592,400
1,1563794031322,768,528,384
3,1563794031335,16,1008,160
3,1563794031340,32,976,160
5,1563794031344,-16,-320,-944
5,1563794031350,-16,-336,-944
1,1563794031359,736,512,352
1,1563794031364,736,496,368
3,1563794031374,32,960,176
3,1563794031383,16,960,192
5,1563794031388,0,-320,-944
5,1563794031393,-16,-320,-944
1,1563794031399,784,464,368
1,1563794031403,832,400,352
3,1563794031414,16,960,208
3,1563794031418,32,992,240
3,1563794031422,-16,1024,256
5,1563794031427,16,-320,-944
5,1563794031431,16,-304,-960
1,1563794031441,864,416,336
1,1563794031446,928,512,336
3,1563794031454,-16,1024,224
3,1563794031458,-16,1056,192
5,1563794031462,0,-304,-960
5,1563794031466,0,-320,-960
1,1563794031477,896,640,368
1,1563794031480,848,624,400
3,1563794031494,0,1024,160
5,1563794031498,-32,-304,-960
5,1563794031504,-16,-320,-944
1,1563794031519,784,528,400
1,1563794031524,736,496,368
3,1563794031533,32,976,144
3,1563794031538,32,960,160
3,1563794031544,16,960,176
5,1563794031549,-16,-320,-928
5,1563794031553,-16,-320,-928
1,1563794031560,736,496,384
1,1563794031565,768,480,384
1,1563794031570,816,400,352
3,1563794031575,16,960,192
3,1563794031579,32,992,224
5,1563794031584,-16,-320,-928
5,1563794031588,0,-304,-944
1,1563794031597,848,416,320
1,1563794031602,928,528,352
3,1563794031616,-16,1040,256
5,1563794031621,16,-304,-960
5,1563794031625,0,-304,-960
5,1563794031629,0,-304,-976
1,1563794031637,896,624,384
3,1563794031659,-32,1040,224
3,1563794031663,0,1056,192
3,1563794031668,-16,1024,160
5,1563794031672,-32,-320,-960
5,1563794031677,-32,-320,-944
1,1563794031682,864,608,416
1,1563794031686,784,528,400
1,1563794031690,752,512,368
3,1563794031694,32,992,160
3,1563794031698,32,960,160
5,1563794031702,-16,-320,-928
1,1563794031716,720,496,368
1,1563794031720,752,480,384
3,1563794031734,0,944,160
3,1563794031741,16,944,176
5,1563794031746,-16,-336,-928
5,1563794031751,-16,-320,-928
5,1563794031756,0,-320,-944
1,1563794031762,816,384,368
1,1563794031766,864,416,336
3,1563794031774,32,992,224
3,1563794031784,0,1040,272
5,1563794031787,16,-304,-960
5,1563794031792,16,-288,-960
1,1563794031799,928,528,352
1,1563794031803,896,624,384
3,1563794031815,-48,1040,224
3,1563794031820,-16,1056,176
5,1563794031825,-16,-320,-960
5,1563794031829,-16,-320,-960
1,1563794031838,864,608,400
1,1563794031844,800,544,400
3,1563794031854,0,1040,160
3,1563794031858,32,992,160
5,1563794031861,-32,-320,-944
5,1563794031865,-16,-320,-928
1,1563794031878,736,512,368
1,1563794031882,736,496,368
3,1563794031894,32,960,160
3,1563794031899,16,944,160
5,1563794031903,-16,-336,-928
5,1563794031907,-16,-320,-928
1,1563794031918,752,464,368
1,1563794031922,816,400,368
3,1563794031933,16,944,192
3,1563794031937,32,992,224
5,1563794031940,0,-320,-944
5,1563794031944,16,-304,-960
1,1563794031958,864,416,336
1,1563794031962,928,544,368
3,1563794031974,0,1024,256
3,1563794031978,-48,1040,224
5,1563794031982,0,-304,-960
5,1563794031985,0,-304,-960
1,1563794031998,896,624,384
1,1563794032002,864,608,416
3,1563794032013,0,1056,192
3,1563794032019,0,1040,176
5,1563794032023,-32,-320,-976
5,1563794032026,-32,-320,-944
1,1563794032037,784,544,400
1,1563794032040,736,512,368
3,1563794032054,32,992,160
3,1563794032063,32,960,160
5,1563794032068,-16,-320,-928
5,1563794032073,0,-336,-928
1,1563794032079,736,480,368
1,1563794032083,768,464,368
3,1563794032096,16,944,176
3,1563794032101,16,944,192
5,1563794032105,-16,-320,-944
5,1563794032109,0,-320,-944
1,1563794032118,816,400,368
1,1563794032123,864,416,336
3,1563794032134,32,992,224
3,1563794032139,0,1040,256
5,1563794032143,16,-304,-960
5,1563794032147,0,-304,-960
3,1563794032151,-32,1024,224
1,1563794032159,928,544,352
1,1563794032164,896,624,368
3,1563794032175,0,1056,192
3,1563794032182,0,1040,160
5,1563794032185,0,-304,-960
5,1563794032189,-16,-304,-976
1,1563794032199,864,608,400
1,1563794032202,800,528,384
3,1563794032214,32,992,160
5,1563794032222,-16,-320,-944
5,1563794032225,-16,-336,-928
1,1563794032238,736,512,368
1,1563794032242,736,496,384
3,1563794032254,32,960,176
3,1563794032258,16,960,160
3,1563794032263,16,944,192
5,1563794032267,-16,-320,-928
5,1563794032271,-16,-320,-928
1,1563794032279,768,464,368
1,1563794032282,816,384,352
3,1563794032294,32,976,224
3,1563794032298,-16,1040,256
5,1563794032304,0,-320,-944
5,1563794032308,16,-304,-976
1,1563794032318,864,432,336
1,1563794032323,928,544,352
3,1563794032334,-32,1040,224
5,1563794032340,0,-304,-976
5,1563794032345,0,-304,-960
5,1563794032349,-32,-304,-960
1,1563794032357,880,624,384
1,1563794032360,848,592,416
3,1563794032374,-16,1056,192
3,1563794032380,0,1040,160
3,1563794032386,32,992,160
5,1563794032391,-16,-320,-944
5,1563794032396,-16,-320,-928
1,1563794032400,784,528,400
1,1563794032405,736,512,368
1,1563794032409,736,480,368
3,1563794032416,32,960,176
3,1563794032421,16,944,176
5,1563794032425,0,-320,-928
1,1563794032438,768,448,368
1,1563794032443,816,384,352
3,1563794032456,16,944,192
3,1563794032461,32,992,256
5,1563794032465,-16,-320,-928
5,1563794032470,0,-320,-960
5,1563794032474,16,-304,-976
1,1563794032478,896,448,352
3,1563794032494,-16,1040,256
3,1563794032499,-32,1040,224
5,1563794032503,0,-304,-976
5,1563794032508,-16,-304,-960
1,1563794032518,928,576,352
1,1563794032523,880,624,400
1,1563794032527,848,576,416
3,1563794032536,0,1056,176
3,1563794032541,0,1024,160
5,1563794032545,-16,-304,-976
5,1563794032549,-16,-336,-944
1,1563794032559,784,528,384
1,1563794032562,736,512,368
3,1563794032574,32,992,160
3,1563794032577,32,960,160
5,1563794032582,-16,-336,-928
5,1563794032586,0,-336,-928
1,1563794032597,736,480,368
1,1563794032602,784,448,368
3,1563794032614,32,944,176
3,1563794032621,16,944,208
5,1563794032624,-16,-320,-928
5,1563794032628,0,-320,-944
1,1563794032637,816,400,336
1,1563794032642,896,464,352
3,1563794032655,16,1008,240
3,1563794032659,-32,1040,240
5,1563794032664,16,-304,-960
5,1563794032668,0,-304,-960
1,1563794032677,928,560,368
1,1563794032681,880,640,400
3,1563794032696,-16,1024,208
3,1563794032701,-16,1056,176
5,1563794032706,-16,-304,-960
5,1563794032711,-32,-320,-960
1,1563794032718,832,592,416
1,1563794032722,768,528,384
3,1563794032733,0,1040,144
3,1563794032737,32,976,160
5,1563794032752,-16,-320,-944
5,1563794032760,-16,-336,-928
1,1563794032765,720,496,352
1,1563794032769,736,464,368
3,1563794032775,32,944,160
3,1563794032780,16,944,176
5,1563794032784,0,-336,-928
5,1563794032787,-16,-320,-928
1,1563794032797,800,416,352
1,1563794032800,832,400,352
3,1563794032814,16,960,208
3,1563794032819,16,1024,240
5,1563794032824,0,-320,-976
5,1563794032828,16,-304,-976
1,1563794032839,912,496,352
1,1563794032843,896,592,368
3,1563794032859,-48,1040,240
3,1563794032864,-16,1040,208
3,1563794032869,-16,1056,176
5,1563794032873,0,-304,-960
5,1563794032878,-16,-304,-976
1,1563794032883,864,624,416
1,1563794032888,816,560,416
3,1563794032896,16,1024,160
3,1563794032901,32,976,160
5,1563794032906,-32,-320,-960
5,1563794032909,-16,-320,-944
1,1563794032917,752,512,384
1,1563794032921,720,496,384
3,1563794032935,32,960,160
5,1563794032940,-16,-320,-928
5,1563794032944,0,-320,-928
5,1563794032949,0,-320,-928
1,1563794032959,752,480,368
1,1563794032963,800,416,352
3,1563794032974,32,944,176
3,1563794032981,32,960,208
3,1563794032987,16,1008,240
5,1563794032991,0,-320,-960
5,1563794032996,16,-304,-960
1,1563794033000,832,416,336
1,1563794033005,912,480,336
3,1563794033014,-32,1024,240
3,1563794033018,-16,1040,208
5,1563794033022,0,-304,-960
1,1563794033039,896,592,368
1,1563794033043,864,624,416
3,1563794033054,-16,1056,176
5,1563794033060,-16,-304,-976
5,1563794033064,-32,-320,-960
5,1563794033068,-16,-320,-944
1,1563794033079,816,544,416
1,1563794033083,752,512,384
3,1563794033094,16,1008,160
3,1563794033099,32,976,160
3,1563794033104,32,960,160
5,1563794033108,-16,-320,-928
5,1563794033112,-16,-320,-928
1,1563794033118,736,496,368
1,1563794033122,752,480,352
3,1563794033134,16,944,176
3,1563794033138,32,960,224
5,1563794033142,0,-320,-928
5,1563794033146,16,-320,-960
1,1563794033159,816,400,336
1,1563794033162,864,448,336
1,1563794033166,896,512,368
3,1563794033173,-16,1040,256
3,1563794033177,-32,1024,208
5,1563794033183,16,-304,-960
5,1563794033186,0,-320,-960
1,1563794033197,864,624,400
3,1563794033216,-16,1040,192
3,1563794033220,-16,1056,160
5,1563794033222,-16,-304,-976
5,1563794033226,-32,-320,-960
1,1563794033238,848,592,432
1,1563794033242,784,528,400
1,1563794033246,736,496,352
3,1563794033256,32,992,160
3,1563794033262,48,944,160
5,1563794033267,-16,-336,-928
5,1563794033271,0,-320,-928
1,1563794033279,752,480,352
1,1563794033282,784,432,352
3,1563794033296,16,944,176
3,1563794033300,16,928,192
5,1563794033303,0,-320,-928
5,1563794033307,0,-320,-944
1,1563794033318,832,416,352
3,1563794033336,16,1008,240
3,1563794033339,-32,1040,240
5,1563794033343,16,-304,-976
5,1563794033347,0,-304,-960
1,1563794033359,896,464,352
1,1563794033369,896,576,368
1,1563794033373,880,640,416
3,1563794033376,-16,1040,208
3,1563794033381,-32,1072,176
5,1563794033386,0,-320,-960
5,1563794033390,-32,-304,-976
1,1563794033399,832,560,432
1,1563794033405,752,528,400
3,1563794033416,0,1040,160
3,1563794033419,32,992,160
5,1563794033424,-32,-320,-944
5,1563794033428,-16,-320,-928
1,1563794033437,720,496,368
1,1563794033441,752,480,352
3,1563794033455,32,960,160
3,1563794033458,32,944,176
5,1563794033462,0,-336,-928
5,1563794033466,0,-320,-928
1,1563794033477,800,432,352
1,1563794033481,832,384,336
3,1563794033495,16,928,192
3,1563794033499,32,1008,240
5,1563794033503,0,-320,-944
5,1563794033507,16,-304,-976
1,1563794033518,896,448,336
1,1563794033522,912,560,352
3,1563794033534,-32,1056,256
3,1563794033540,0,1008,224
5,1563794033545,0,-304,-960
5,1563794033552,16,-304,-960
1,1563794033559,864,672,400
1,1563794033564,832,592,432
3,1563794033574,-16,1056,192
3,1563794033579,-16,1040,144
3,1563794033582,16,1008,144
5,1563794033585,-32,-304,-976
5,1563794033588,-32,-320,-960
5,1563794033591,-32,-320,-928
1,1563794033600,768,528,416
1,1563794033603,720,496,384
3,1563794033615,32,960,144
3,1563794033620,32,944,176
5,1563794033624,-16,-336,-928
1,1563794033638,736,496,352
1,1563794033642,784,480,368
3,1563794033653,16,944,192
5,1563794033659,0,-320,-928
5,1563794033663,-16,-320,-944
5,1563794033666,0,-320,-960
1,1563794033679,848,400,352
1,1563794033683,880,432,352
3,1563794033694,16,992,224
3,1563794033697,-16,1040,256
3,1563794033700,0,1024,240
5,1563794033707,16,-304,-976
5,1563794033711,16,-304,-960
1,1563794033718,896,496,352
1,1563794033722,880,640,384
3,1563794033734,0,1040,208
3,1563794033738,-32,1056,160
5,1563794033742,0,-304,-960
5,1563794033745,-32,-320,-960
1,1563794033759,864,608,416
1,1563794033763,800,544,416
3,1563794033773,16,1008,144
5,1563794033779,-32,-320,-944
5,1563794033784,-16,-320,-928
1,1563794033797,736,496,384
1,1563794033800,736,496,352
3,1563794033814,32,976,160
3,1563794033819,48,944,176
3,1563794033824,16,944,192
5,1563794033828,0,-336,-928
5,1563794033832,-16,-320,-928
1,1563794033838,784,464,352
1,1563794033842,832,400,336
3,1563794033856,16,976,208
3,1563794033860,-16,1040,240
5,1563794033864,0,-320,-960
5,1563794033868,0,-304,-960
1,1563794033878,880,448,352
1,1563794033881,896,496,352
3,1563794033894,0,1008,240
3,1563794033897,0,1040,208
5,1563794033906,16,-304,-944
5,1563794033910,0,-304,-976
1,1563794033918,880,624,384
1,1563794033922,864,624,432
3,1563794033938,-32,1072,160
3,1563794033943,16,1024,128
5,1563794033946,-32,-304,-960
5,1563794033949,-32,-320,-944
1,1563794033958,800,528,432
1,1563794033962,720,496,368
3,1563794033975,48,960,144
3,1563794033979,64,944,192
5,1563794033984,-16,-336,-928
5,1563794033988,16,-336,-928
1,1563794033997,720,480,336
1,1563794034001,768,464,336
1,1563794034004,848,400,352
3,1563794034015,16,928,192
3,1563794034018,16,976,208
5,1563794034032,0,-320,-928
5,1563794034036,0,-304,-976
1,1563794034040,880,448,368
3,1563794034056,-16,1056,240
3,1563794034060,0,1008,240
5,1563794034067,0,-304,-976
5,1563794034071,16,-304,-960
1,1563794034079,896,496,352
1,1563794034083,864,608,400
1,1563794034088,864,608,432
3,1563794034095,0,1040,208
3,1563794034099,-32,1056,160
5,1563794034102,-16,-304,-960
5,1563794034106,-48,-320,-960
1,1563794034117,800,528,432
1,1563794034121,736,496,368
3,1563794034136,0,1024,144
3,1563794034143,48,960,144
5,1563794034147,-32,-320,-944
5,1563794034151,-16,-336,-928
1,1563794034164,736,480,320
1,1563794034168,784,464,336
3,1563794034174,64,928,192
3,1563794034178,16,928,192
5,1563794034181,16,-336,-928
5,1563794034184,0,-320,-928
1,1563794034198,864,400,352
1,1563794034202,880,448,368
3,1563794034214,16,976,208
3,1563794034220,-16,1056,240
5,1563794034226,0,-320,-960
5,1563794034229,0,-304,-960
1,1563794034237,912,480,352
1,1563794034240,864,624,384
3,1563794034254,0,1008,240
3,1563794034258,0,1040,208
5,1563794034263,16,-304,-944
5,1563794034268,0,-304,-960
5,1563794034272,-48,-304,-960
1,1563794034279,848,608,432
1,1563794034283,784,544,432
3,1563794034294,-32,1072,160
3,1563794034297,0,1024,144
5,1563794034301,-32,-320,-944
5,1563794034304,-16,-320,-928
1,1563794034318,736,512,384
1,1563794034323,736,496,352
3,1563794034334,32,976,144
3,1563794034338,48,928,176
3,1563794034343,32,928,192
5,1563794034347,0,-336,-928
1,1563794034358,768,480,336
1,1563794034363,848,400,336
3,1563794034374,16,944,208
5,1563794034380,0,-320,-928
5,1563794034384,0,-320,-960
5,1563794034387,0,-288,-976
1,1563794034399,880,448,368
1,1563794034402,896,480,352
3,1563794034414,-32,1056,240
3,1563794034419,-16,1008,240
5,1563794034423,16,-304,-944
5,1563794034427,0,-304,-960
3,1563794034431,0,1024,208
1,1563794034439,864,592,368
1,1563794034442,864,592,432
3,1563794034453,-32,1072,176
3,1563794034456,0,1024,144
5,1563794034460,-32,-304,-976
5,1563794034465,-32,-320,-944
1,1563794034478,816,528,432
1,1563794034483,752,496,368
3,1563794034494,48,960,160
5,1563794034499,-16,-320,-928
5,1563794034503,16,-336,-928
1,1563794034518,736,480,320
1,1563794034522,784,464,304
3,1563794034537,48,928,176
3,1563794034541,32,928,192
3,1563794034545,16,976,224
5,1563794034549,0,-320,-928
5,1563794034553,0,-320,-960
1,1563794034558,848,416,336
1,1563794034561,880,448,368
3,1563794034575,-32,1072,224
3,1563794034580,0,1008,224
5,1563794034584,0,-288,-960
5,1563794034587,16,-304,-960
1,1563794034600,864,528,368
1,1563794034605,848,640,416
3,1563794034615,-16,1072,192
3,1563794034619,-48,1072,144
1,1563794034638,848,576,480
1,1563794034642,768,496,416
3,1563794034665,16,1008,144
3,1563794034672,48,928,176
5,1563794034676,0,-304,-976
5,1563794034681,-48,-304,-976
5,1563794034685,-32,-320,-944
1,1563794034689,720,496,352
1,1563794034693,752,496,336
5,1563794034697,0,-336,-928
3,1563794034701,32,944,192
3,1563794034704,16,928,192
5,1563794034707,0,-320,-928
5,1563794034710,0,-320,-944
1,1563794034718,784,448,336
1,1563794034723,848,416,368
3,1563794034734,16,1008,224
3,1563794034739,-32,1056,240
5,1563794034743,0,-304,-960
5,1563794034747,0,-288,-960
1,1563794034758,896,464,368
1,1563794034762,880,544,368
3,1563794034774,0,1008,224
3,1563794034778,-16,1072,192
5,1563794034782,16,-304,-944
5,1563794034786,-16,-304,-976
1,1563794034797,864,624,416
1,1563794034803,832,560,448
1,1563794034807,768,512,400
3,1563794034814,-32,1040,144
3,1563794034822,16,992,144
5,1563794034826,-48,-320,-960
5,1563794034830,-16,-320,-944
1,1563794034840,736,496,352
1,1563794034845,752,496,336
3,1563794034854,32,960,160
