2,1563794103728,-112,1008,160
2,1563794103729,-112,1008,160
2,1563794103736,-112,1008,160
4,1563794103738,-160,1008,-32
4,1563794103738,-160,1008,-48
6,1563794103750,-32,-384,-928
6,1563794103751,-32,-384,-912
2,1563794103773,-96,1024,160
2,1563794103774,-96,1024,160
4,1563794103782,-160,1008,-32
4,1563794103784,-160,1008,-48
6,1563794103788,-32,-384,-912
6,1563794103789,-32,-384,-912
2,1563794103818,-96,1024,160
2,1563794103819,-96,1008,160
4,1563794103832,-160,1008,-48
4,1563794103834,-160,1008,-32
4,1563794103836,-160,992,-32
6,1563794103838,-32,-384,-912
6,1563794103840,-32,-384,-912
6,1563794103842,-32,-384,-912
2,1563794103863,-112,1024,160
2,1563794103864,-112,1008,160
4,1563794103871,-160,992,-32
4,1563794103873,-160,1008,-32
6,1563794103880,-32,-384,-912
6,1563794103882,-32,-384,-912
2,1563794103913,-96,1024,160
2,1563794103916,-96,1024,144
2,1563794103918,-96,1024,160
4,1563794103927,-160,1008,-48
4,1563794103928,-160,1008,-48
6,1563794103932,-32,-384,-912
6,1563794103933,-32,-384,-912
2,1563794103955,-96,1024,160
2,1563794103957,-96,1008,160
4,1563794103965,-160,1008,-48
4,1563794103967,-160,1008,-48
6,1563794103970,-32,-384,-912
6,1563794103972,-32,-384,-912
2,1563794103999,-96,1024,160
2,1563794104000,-96,1008,160
4,1563794104009,-160,1008,-32
4,1563794104011,-144,1008,-48
4,1563794104013,-160,1008,-48
6,1563794104024,-16,-368,-912
6,1563794104026,-32,-384,-912
6,1563794104028,-32,-384,-912
2,1563794104044,-96,1024,160
2,1563794104045,-96,1024,160
4,1563794104054,-160,1008,-32
4,1563794104056,-144,1008,-32
6,1563794104059,-32,-384,-912
6,1563794104069,-32,-384,-912
2,1563794104088,-96,1008,160
2,1563794104089,-96,1024,160
2,1563794104090,-96,1024,160
4,1563794104102,-144,1008,-48
4,1563794104103,-144,1008,-32
6,1563794104105,-32,-384,-912
6,1563794104108,-32,-384,-912
2,1563794104132,-96,1024,160
4,1563794104140,-160,1008,-48
4,1563794104143,-160,1008,-48
6,1563794104152,-32,-384,-912
6,1563794104153,-16,-384,-912
2,1563794104178,-96,1008,144
2,1563794104181,-96,1008,160
2,1563794104183,-80,1008,160
4,1563794104190,-144,1008,-48
4,1563794104191,-144,1008,-32
4,1563794104193,-160,1008,-48
6,1563794104202,-32,-384,-912
6,1563794104203,-16,-384,-912
6,1563794104206,-32,-384,-912
2,1563794104223,-96,1024,160
2,1563794104225,-80,1024,160
2,1563794104226,-80,1008,160
4,1563794104233,-160,1008,-48
4,1563794104235,-144,1008,-48
6,1563794104238,-32,-384,-928
6,1563794104240,-32,-384,-896
2,1563794104269,-80,1024,160
2,1563794104270,-96,1008,160
4,1563794104278,-144,1008,-48
4,1563794104281,-160,1008,-48
6,1563794104290,-16,-384,-912
6,1563794104292,-32,-384,-928
4,1563794104322,-160,1008,-48
4,1563794104325,-144,992,-32
6,1563794104333,-32,-384,-912
6,1563794104335,-16,-384,-912
2,1563794104360,-96,1024,160
2,1563794104362,-80,1008,160
2,1563794104364,-80,1024,160
2,1563794104365,-96,1008,160
4,1563794104374,-144,1008,-32
4,1563794104377,-160,1008,-48
4,1563794104379,-160,1008,-32
6,1563794104382,-32,-384,-912
6,1563794104384,-32,-384,-912
6,1563794104385,-32,-384,-912
2,1563794104405,-96,1024,144
2,1563794104406,-80,1024,144
2,1563794104408,-80,1024,160
4,1563794104421,-144,1008,-48
4,1563794104423,-144,1008,-48
6,1563794104426,-32,-384,-912
6,1563794104428,-32,-384,-896
2,1563794104448,-96,1008,160
2,1563794104449,-80,1024,160
4,1563794104455,-160,1008,-48
4,1563794104456,-144,1008,-48
6,1563794104465,-32,-384,-912
6,1563794104466,-32,-400,-912
2,1563794104495,-80,1024,160
2,1563794104496,-80,1024,160
4,1563794104502,-144,1008,-48
4,1563794104503,-144,1008,-48
6,1563794104515,-32,-384,-912
6,1563794104516,-32,-384,-912
2,1563794104539,-80,1024,160
2,1563794104541,-80,1024,144
4,1563794104549,-144,1008,-48
4,1563794104551,-144,1008,-48
4,1563794104553,-144,1008,-48
6,1563794104555,-16,-384,-912
6,1563794104557,-16,-400,-912
6,1563794104560,-16,-384,-912
2,1563794104583,-64,1024,144
2,1563794104584,-80,1024,160
2,1563794104585,-80,1024,144
4,1563794104590,-128,1008,-48
4,1563794104592,-144,1008,-48
6,1563794104601,-16,-400,-912
6,1563794104603,-32,-384,-912
2,1563794104630,-80,1024,160
2,1563794104633,-80,1024,160
4,1563794104645,-144,1008,-48
4,1563794104647,-144,1008,-48
6,1563794104649,-16,-384,-928
6,1563794104652,-32,-400,-912
6,1563794104653,-32,-384,-912
2,1563794104673,-96,1024,160
2,1563794104673,-96,1008,160
4,1563794104681,-144,992,-48
4,1563794104682,-144,1008,-48
4,1563794104683,-160,1008,-48
6,1563794104689,-32,-384,-912
6,1563794104690,-32,-384,-912
2,1563794104718,-96,1024,160
2,1563794104719,-80,1024,160
4,1563794104724,-144,1008,-32
4,1563794104733,-144,1008,-48
6,1563794104735,-16,-384,-912
6,1563794104737,-32,-400,-928
2,1563794104764,-80,1024,160
2,1563794104765,-80,1008,144
2,1563794104766,-80,1024,160
4,1563794104773,-144,1008,-48
4,1563794104776,-144,1008,-48
6,1563794104785,-16,-384,-912
6,1563794104786,-16,-384,-912
4,1563794104816,-144,1008,-48
4,1563794104817,-144,1008,-32
6,1563794104825,-16,-384,-912
6,1563794104828,-32,-400,-912
6,1563794104830,-32,-384,-912
2,1563794104853,-80,1008,160
2,1563794104855,-80,1008,160
2,1563794104856,-80,1024,160
2,1563794104858,-80,1008,160
4,1563794104867,-144,1008,-32
4,1563794104869,-144,1008,-48
4,1563794104870,-144,1008,-48
6,1563794104872,-16,-400,-912
6,1563794104881,-16,-400,-896
2,1563794104898,-80,1024,160
2,1563794104900,-96,1024,160
2,1563794104902,-80,1024,160
4,1563794104910,-144,1008,-32
4,1563794104912,-144,1008,-48
6,1563794104920,-32,-384,-912
6,1563794104921,-16,-384,-912
4,1563794104950,-144,1008,-48
4,1563794104951,-144,1008,-32
6,1563794104959,-16,-384,-912
6,1563794104961,-32,-384,-912
2,1563794104988,-80,1024,160
2,1563794104990,-80,1024,160
2,1563794104992,-80,1024,160
2,1563794105005,-80,1008,160
4,1563794105007,-144,1008,-32
4,1563794105009,-144,1008,-48
6,1563794105011,-16,-384,-912
6,1563794105012,-16,-400,-912
6,1563794105014,-16,-384,-912
2,1563794105035,-80,1008,160
2,1563794105037,-80,1024,160
4,1563794105046,-144,1008,-48
4,1563794105047,-144,1008,-48
4,1563794105049,-144,1008,-32
6,1563794105057,-16,-384,-912
6,1563794105057,-16,-384,-912
2,1563794105078,-80,1008,160
2,1563794105079,-80,1024,176
2,1563794105080,-80,1024,144
4,1563794105086,-144,1008,-48
4,1563794105087,-144,1008,-32
6,1563794105100,-16,-384,-912
6,1563794105101,-16,-384,-912
2,1563794105124,-80,1008,160
2,1563794105131,-80,1024,160
4,1563794105133,-144,1008,-48
4,1563794105135,-144,1008,-48
6,1563794105138,-32,-400,-912
6,1563794105140,-16,-400,-912
2,1563794105168,-80,1008,160
2,1563794105169,-80,1024,160
4,1563794105177,-144,1008,-32
4,1563794105179,-144,1008,-48
6,1563794105188,-16,-400,-912
6,1563794105190,-32,-400,-928
6,1563794105193,-32,-400,-896
4,1563794105220,-144,992,-32
4,1563794105222,-144,1008,-32
4,1563794105224,-144,1008,-48
6,1563794105234,-16,-384,-912
6,1563794105236,-32,-400,-912
2,1563794105261,-80,1008,160
2,1563794105262,-80,1024,144
2,1563794105263,-80,1024,144
2,1563794105264,-80,1024,160
2,1563794105264,-80,1008,160
4,1563794105269,-128,1008,-48
4,1563794105271,-144,1008,-32
2,1563794105303,-80,1024,144
2,1563794105304,-80,1008,144
4,1563794105312,-144,1008,-48
4,1563794105314,-144,1008,-48
6,1563794105323,-16,-400,-912
6,1563794105326,-32,-400,-896
6,1563794105328,-16,-400,-912
6,1563794105330,-16,-400,-912
2,1563794105350,-80,1024,160
2,1563794105351,-80,1024,144
4,1563794105358,-128,1008,-48
4,1563794105360,-128,1008,-48
4,1563794105362,-144,1008,-48
6,1563794105370,-16,-384,-912
6,1563794105371,-16,-400,-912
6,1563794105373,-16,-400,-912
2,1563794105395,-80,1024,160
2,1563794105396,-80,1024,144
4,1563794105404,-144,1008,-32
4,1563794105406,-144,1008,-48
6,1563794105416,-16,-400,-912
6,1563794105417,-32,-400,-912
2,1563794105439,-96,1024,160
2,1563794105441,-80,1024,160
2,1563794105444,-80,1024,160
4,1563794105452,-144,1008,-32
4,1563794105453,-144,1008,-32
6,1563794105455,-16,-384,-912
2,1563794105483,-80,1008,160
2,1563794105483,-80,1024,160
4,1563794105490,-128,1008,-32
4,1563794105491,-144,1008,-32
6,1563794105498,-16,-400,-912
6,1563794105499,-32,-400,-928
6,1563794105500,-16,-400,-912
2,1563794105528,-80,1024,144
2,1563794105529,-64,1024,160
4,1563794105536,-144,1008,-48
4,1563794105537,-128,1008,-48
4,1563794105539,-128,1008,-32
6,1563794105547,-16,-400,-912
6,1563794105549,-16,-400,-912
6,1563794105550,-16,-400,-912
2,1563794105573,-64,1024,160
2,1563794105578,-80,1024,160
2,1563794105579,-80,1008,144
4,1563794105581,-144,1008,-32
4,1563794105583,-128,1008,-48
6,1563794105587,-32,-400,-912
6,1563794105588,-32,-400,-912
2,1563794105619,-80,1024,160
2,1563794105620,-80,1024,160
4,1563794105627,-144,1008,-48
4,1563794105628,-128,1024,-48
6,1563794105636,-32,-400,-912
6,1563794105639,-16,-400,-912
6,1563794105641,-32,-400,-912
2,1563794105662,-80,1024,160
2,1563794105663,-64,1024,160
4,1563794105671,-128,1008,-48
4,1563794105672,-128,1008,-32
6,1563794105680,-16,-400,-912
6,1563794105682,-16,-400,-912
2,1563794105711,-80,1024,160
2,1563794105712,-80,1024,160
4,1563794105723,-128,1008,-32
4,1563794105726,-128,1008,-48
4,1563794105728,-128,1008,-32
6,1563794105731,-32,-400,-912
6,1563794105741,-16,-400,-928
2,1563794105754,-80,1024,160
2,1563794105755,-64,1024,160
2,1563794105757,-80,1008,160
4,1563794105765,-112,1008,-32
4,1563794105767,-128,1008,-32
6,1563794105769,-16,-400,-912
6,1563794105770,-16,-400,-912
2,1563794105798,-80,1024,160
2,1563794105799,-80,1024,160
4,1563794105805,-128,1008,-32
4,1563794105807,-112,1008,-32
6,1563794105816,-32,-400,-912
6,1563794105818,-32,-400,-912
6,1563794105819,-16,-400,-912
2,1563794105843,-64,1008,160
2,1563794105844,-64,1024,160
4,1563794105850,-112,1008,-32
4,1563794105851,-112,1008,-32
6,1563794105862,-32,-400,-912
6,1563794105863,-16,-400,-896
2,1563794105888,-64,1008,160
2,1563794105890,-64,1024,176
4,1563794105900,-112,1008,-32
4,1563794105902,-112,1008,-32
4,1563794105904,-128,1008,-32
6,1563794105907,-16,-400,-912
6,1563794105910,-32,-400,-912
4,1563794105943,-112,1008,-32
4,1563794105944,-112,1008,-32
6,1563794105952,-16,-400,-912
6,1563794105954,-32,-400,-912
2,1563794105978,-64,1024,176
2,1563794105984,-64,1024,176
2,1563794105986,-64,1024,176
2,1563794105988,-64,1024,160
2,1563794105991,-64,1008,176
4,1563794105993,-112,1008,-32
4,1563794105995,-96,1008,-32
6,1563794106006,-32,-384,-896
6,1563794106008,-16,-400,-912
6,1563794106010,-16,-400,-912
2,1563794106024,-64,1008,192
2,1563794106026,-64,1008,176
4,1563794106033,-96,1008,-16
4,1563794106036,-96,1008,-16
6,1563794106038,-16,-400,-912
6,1563794106040,-32,-400,-912
4,1563794106078,-96,1008,-16
4,1563794106079,-96,1008,0
4,1563794106080,-80,1008,0
6,1563794106085,-16,-400,-896
6,1563794106086,-16,-400,-912
2,1563794106113,-64,1008,192
2,1563794106114,-64,1008,192
2,1563794106117,-64,1008,192
2,1563794106118,-48,1008,192
2,1563794106126,-64,1008,192
4,1563794106128,-80,1024,0
4,1563794106130,-80,1024,0
6,1563794106139,-16,-400,-912
6,1563794106140,-16,-400,-896
2,1563794106162,-48,1024,208
2,1563794106163,-48,1008,192
4,1563794106169,-80,1024,0
4,1563794106170,-64,1024,0
6,1563794106173,-16,-400,-912
6,1563794106174,-16,-400,-912
6,1563794106176,-16,-400,-912
2,1563794106203,-48,1008,192
2,1563794106205,-48,1008,208
4,1563794106212,-64,1024,0
4,1563794106213,-64,1024,0
4,1563794106217,-48,1008,0
6,1563794106224,-16,-400,-912
6,1563794106226,-16,-400,-896
2,1563794106249,-64,1008,192
2,1563794106252,-64,1008,224
2,1563794106255,-48,1008,224
4,1563794106265,-48,1024,16
4,1563794106266,-48,1024,16
6,1563794106268,-16,-400,-912
6,1563794106269,-16,-400,-912
2,1563794106293,-48,1008,224
2,1563794106295,-48,1008,224
4,1563794106304,-48,1024,32
4,1563794106307,-48,1024,32
6,1563794106316,-16,-400,-912
6,1563794106317,-16,-400,-912
2,1563794106338,-48,1008,240
4,1563794106348,-32,1024,32
4,1563794106350,-32,1024,16
6,1563794106353,0,-400,-896
6,1563794106354,-16,-400,-896
6,1563794106355,-16,-400,-912
2,1563794106383,-32,1008,224
2,1563794106384,-32,1008,224
2,1563794106385,-32,1008,224
4,1563794106391,-32,1024,16
4,1563794106392,-16,1024,32
4,1563794106393,-16,1024,32
6,1563794106399,-16,-416,-896
6,1563794106400,0,-416,-912
2,1563794106428,-16,1008,240
2,1563794106434,-16,1008,240
2,1563794106436,-16,1008,256
4,1563794106437,0,1024,32
4,1563794106440,0,1024,32
6,1563794106450,0,-400,-896
6,1563794106451,0,-416,-912
2,1563794106473,-16,1008,256
2,1563794106478,-16,1008,256
4,1563794106481,0,1024,32
4,1563794106483,0,1008,64
6,1563794106488,16,-416,-880
6,1563794106489,0,-400,-896
2,1563794106518,-16,1008,272
2,1563794106519,-16,1008,272
4,1563794106528,0,1024,48
4,1563794106530,0,1024,48
6,1563794106538,0,-416,-912
6,1563794106539,16,-416,-912
6,1563794106542,0,-416,-912
2,1563794106563,-16,992,288
2,1563794106565,-32,992,288
4,1563794106570,0,1008,48
4,1563794106572,16,1024,48
4,1563794106574,16,1008,48
6,1563794106583,16,-416,-912
6,1563794106585,16,-416,-896
2,1563794106608,-16,1008,288
2,1563794106610,0,992,288
2,1563794106614,-16,992,272
4,1563794106625,16,1024,48
4,1563794106627,16,1008,64
6,1563794106629,0,-416,-896
6,1563794106632,0,-416,-896
2,1563794106654,-16,992,288
2,1563794106655,-16,992,304
4,1563794106662,16,1008,64
4,1563794106664,16,1008,64
6,1563794106672,0,-416,-896
6,1563794106674,16,-416,-896
2,1563794106698,-16,992,304
2,1563794106699,-32,992,304
4,1563794106706,16,1008,80
4,1563794106708,16,1024,64
6,1563794106716,16,-400,-896
6,1563794106718,0,-400,-912
6,1563794106721,16,-400,-912
2,1563794106745,-32,992,304
2,1563794106748,-16,992,320
4,1563794106759,16,1024,80
4,1563794106762,32,1024,80
4,1563794106765,16,1024,80
6,1563794106767,16,-400,-912
6,1563794106769,16,-400,-912
4,1563794106797,32,1008,80
4,1563794106800,32,1008,80
6,1563794106808,16,-416,-880
6,1563794106810,16,-400,-896
6,1563794106812,16,-400,-896
2,1563794106833,-32,992,304
2,1563794106836,-32,992,320
2,1563794106837,-32,992,320
2,1563794106839,-16,976,304
2,1563794106847,-16,976,304
4,1563794106849,32,1008,80
4,1563794106851,32,1008,80
6,1563794106853,16,-400,-896
6,1563794106855,16,-400,-896
2,1563794106878,-16,976,304
2,1563794106884,-32,976,304
4,1563794106886,32,1008,80
4,1563794106887,16,1008,80
4,1563794106889,16,1008,80
6,1563794106899,16,-416,-896
6,1563794106902,16,-416,-896
2,1563794106927,-32,976,304
2,1563794106928,-32,992,320
4,1563794106938,16,1024,96
4,1563794106940,16,1008,96
6,1563794106942,16,-400,-896
6,1563794106946,0,-400,-896
2,1563794106970,-48,992,320
2,1563794106971,-48,992,320
2,1563794106975,-48,992,304
4,1563794106984,16,1008,96
4,1563794106985,16,1008,96
6,1563794106986,0,-400,-912
6,1563794106988,16,-416,-896
6,1563794106991,16,-416,-896
2,1563794107016,-32,992,320
2,1563794107017,-32,976,304
4,1563794107023,16,1008,96
4,1563794107025,16,1008,96
6,1563794107030,16,-400,-912
6,1563794107032,16,-400,-896
2,1563794107059,-32,976,304
2,1563794107061,-32,992,304
4,1563794107066,16,1008,96
4,1563794107068,0,1008,112
4,1563794107069,16,1008,80
6,1563794107073,16,-400,-896
6,1563794107083,16,-400,-912
2,1563794107103,-32,992,304
2,1563794107104,-32,992,304
2,1563794107105,-48,992,304
4,1563794107114,16,1024,80
4,1563794107116,16,1024,96
6,1563794107118,0,-400,-912
6,1563794107119,0,-400,-896
2,1563794107150,-48,992,304
2,1563794107151,-48,976,304
4,1563794107160,0,1008,96
4,1563794107161,0,1008,96
6,1563794107169,0,-400,-912
6,1563794107171,0,-400,-896
6,1563794107172,0,-400,-880
2,1563794107194,-48,992,304
2,1563794107196,-48,992,304
4,1563794107205,0,1024,80
4,1563794107207,0,1024,80
6,1563794107218,0,-400,-912
6,1563794107219,0,-400,-912
2,1563794107238,-48,992,304
2,1563794107240,-48,992,304
4,1563794107247,0,1024,80
4,1563794107249,0,1008,96
4,1563794107250,0,1008,96
6,1563794107253,0,-400,-896
6,1563794107255,0,-400,-912
2,1563794107284,-48,992,304
2,1563794107285,-48,992,304
2,1563794107286,-48,992,304
4,1563794107293,0,1008,96
4,1563794107295,0,1008,80
6,1563794107306,0,-400,-912
6,1563794107307,0,-400,-912
2,1563794107328,-48,992,288
2,1563794107329,-48,992,288
4,1563794107338,0,1008,96
4,1563794107341,0,1024,80
6,1563794107350,0,-400,-912
6,1563794107352,0,-400,-912
6,1563794107353,0,-400,-912
2,1563794107373,-48,992,288
2,1563794107379,-48,992,288
4,1563794107382,0,1024,80
4,1563794107384,16,1024,80
6,1563794107389,0,-400,-912
6,1563794107390,0,-400,-912
2,1563794107419,-48,992,288
2,1563794107421,-48,992,288
4,1563794107430,0,1024,80
4,1563794107431,0,1008,80
4,1563794107436,0,1008,96
6,1563794107449,0,-400,-896
6,1563794107450,0,-400,-912
2,1563794107462,-48,992,288
2,1563794107471,-48,1008,288
2,1563794107473,-48,1008,304
4,1563794107475,0,1024,96
4,1563794107477,0,1024,80
6,1563794107484,0,-400,-912
6,1563794107485,0,-400,-912
2,1563794107509,-48,992,288
2,1563794107510,-48,992,304
4,1563794107515,0,1008,80
4,1563794107516,0,1008,80
6,1563794107523,0,-400,-912
6,1563794107529,0,-400,-896
6,1563794107529,0,-400,-912
2,1563794107555,-32,992,304
2,1563794107556,-48,992,288
4,1563794107561,0,1024,96
4,1563794107563,0,1024,80
6,1563794107568,0,-400,-912
6,1563794107569,0,-400,-912
2,1563794107598,-48,992,288
2,1563794107599,-48,992,288
4,1563794107607,0,1024,80
4,1563794107610,0,1008,80
4,1563794107622,0,1008,80
6,1563794107625,0,-400,-912
6,1563794107627,0,-400,-912
2,1563794107644,-48,992,304
2,1563794107646,-64,992,288
2,1563794107647,-64,992,288
4,1563794107655,0,1024,80
4,1563794107657,0,1008,96
6,1563794107665,0,-400,-912
6,1563794107667,0,-400,-912
2,1563794107689,-64,992,288
2,1563794107690,-64,992,288
4,1563794107699,-16,1008,96
4,1563794107700,-16,1008,96
6,1563794107703,0,-400,-912
6,1563794107705,0,-384,-912
6,1563794107706,-16,-384,-912
2,1563794107735,-48,992,288
2,1563794107738,-48,992,288
4,1563794107751,0,1008,80
4,1563794107753,0,1024,96
4,1563794107755,0,1008,80
6,1563794107759,0,-400,-912
6,1563794107761,0,-400,-912
2,1563794107778,-48,992,288
2,1563794107780,-48,992,288
2,1563794107782,-48,992,288
4,1563794107790,0,1024,96
4,1563794107792,0,1024,96
6,1563794107801,0,-400,-912
6,1563794107802,0,-384,-912
6,1563794107803,0,-400,-912
2,1563794107822,-48,992,288
2,1563794107823,-48,976,304
4,1563794107831,-16,1008,80
4,1563794107833,0,1008,96
6,1563794107838,0,-384,-896
6,1563794107839,0,-400,-912
2,1563794107870,-48,992,288
2,1563794107871,-48,992,288
4,1563794107880,0,1024,80
4,1563794107882,0,1024,96
6,1563794107892,0,-400,-912
6,1563794107894,-16,-400,-912
4,1563794107921,0,1024,96
4,1563794107923,0,1008,96
4,1563794107925,0,1008,96
6,1563794107931,0,-400,-912
6,1563794107933,0,-400,-912
2,1563794107963,-48,1008,288
2,1563794107965,-48,992,304
2,1563794107967,-48,992,304
2,1563794107968,-48,992,304
2,1563794107970,-48,992,304
4,1563794107977,0,1008,96
4,1563794107980,0,1008,96
6,1563794107982,0,-400,-912
6,1563794107983,0,-400,-896
6,1563794107984,0,-400,-912
2,1563794108003,-48,992,304
2,1563794108004,-48,992,304
4,1563794108012,0,1008,96
4,1563794108015,0,1008,96
6,1563794108024,0,-400,-912
6,1563794108026,0,-384,-896
2,1563794108048,-48,992,304
2,1563794108049,-48,992,288
4,1563794108055,0,1008,96
4,1563794108056,0,1008,96
6,1563794108063,0,-400,-912
6,1563794108065,0,-400,-928
2,1563794108094,-48,992,288
2,1563794108095,-32,992,288
4,1563794108102,0,1024,96
4,1563794108103,0,1008,96
6,1563794108111,0,-384,-928
6,1563794108112,0,-400,-912
2,1563794108140,-48,992,288
2,1563794108148,-48,992,304
2,1563794108149,-48,992,304
4,1563794108150,0,1008,96
4,1563794108152,0,1008,96
4,1563794108153,0,1008,96
6,1563794108155,0,-400,-912
6,1563794108156,0,-384,-912
6,1563794108158,0,-400,-912
4,1563794108194,0,1008,96
4,1563794108195,0,1008,96
6,1563794108203,0,-384,-912
6,1563794108204,0,-400,-912
2,1563794108228,-48,992,304
2,1563794108230,-48,992,304
2,1563794108232,-64,992,304
2,1563794108234,-64,992,304
4,1563794108242,0,1008,96
4,1563794108243,0,1008,96
6,1563794108252,0,-384,-928
6,1563794108254,0,-384,-912
2,1563794108278,-64,992,304
2,1563794108279,-48,992,304
4,1563794108285,-16,1008,96
4,1563794108286,0,1008,96
4,1563794108287,0,1008,80
6,1563794108289,0,-400,-912
6,1563794108290,16,-400,-912
2,1563794108319,-48,976,304
2,1563794108321,-64,992,304
2,1563794108322,-48,992,304
4,1563794108330,0,1008,96
4,1563794108332,-16,1008,96
6,1563794108348,0,-384,-912
6,1563794108349,-16,-384,-912
6,1563794108351,0,-384,-912
2,1563794108365,-64,992,304
2,1563794108374,-64,992,304
4,1563794108376,0,1008,96
4,1563794108377,0,1008,96
6,1563794108387,0,-400,-912
6,1563794108388,0,-384,-912
2,1563794108410,-48,992,288
2,1563794108411,-64,992,304
4,1563794108421,0,1008,96
4,1563794108423,-16,1008,96
4,1563794108426,0,1024,80
6,1563794108428,0,-400,-912
6,1563794108437,0,-384,-912
2,1563794108453,-64,992,304
2,1563794108455,-64,992,288
2,1563794108455,-48,992,288
4,1563794108465,-16,1008,96
4,1563794108466,-16,1008,96
6,1563794108468,0,-400,-912
6,1563794108470,0,-384,-912
2,1563794108498,-48,992,288
2,1563794108499,-64,992,288
4,1563794108509,-16,1008,80
4,1563794108510,-16,1024,80
6,1563794108521,0,-384,-912
6,1563794108522,0,-384,-912
6,1563794108522,0,-384,-912
2,1563794108544,-48,992,288
2,1563794108545,-48,992,288
4,1563794108551,-16,1008,80
4,1563794108552,-16,1024,80
6,1563794108565,0,-384,-912
6,1563794108566,-16,-384,-912
2,1563794108588,-48,992,288
2,1563794108590,-64,992,288
4,1563794108605,-16,1024,80
4,1563794108606,-16,1008,80
4,1563794108608,-16,1008,80
6,1563794108610,0,-384,-912
6,1563794108611,-16,-400,-912
2,1563794108635,-64,992,288
2,1563794108636,-64,992,288
2,1563794108637,-64,992,288
4,1563794108644,-16,1008,80
4,1563794108645,-16,1008,64
6,1563794108654,0,-384,-896
6,1563794108655,0,-400,-912
2,1563794108679,-64,992,288
2,1563794108680,-48,992,272
4,1563794108687,-16,1008,80
4,1563794108688,-16,1008,64
6,1563794108701,-16,-384,-912
6,1563794108703,-16,-384,-912
6,1563794108705,-16,-384,-912
2,1563794108723,-48,992,256
2,1563794108731,-48,1008,256
4,1563794108733,-32,1024,64
4,1563794108737,-32,1008,64
6,1563794108741,-16,-384,-912
6,1563794108743,-16,-384,-912
2,1563794108768,-48,1008,256
2,1563794108769,-48,992,256
4,1563794108777,-32,1024,64
4,1563794108779,-32,1024,48
4,1563794108791,-32,1008,48
6,1563794108792,-16,-384,-912
6,1563794108795,0,-384,-912
2,1563794108814,-48,1008,256
2,1563794108815,-48,1008,256
2,1563794108817,-48,1008,272
4,1563794108823,-32,1024,48
4,1563794108825,-32,1008,48
6,1563794108834,0,-384,-912
6,1563794108836,-16,-384,-912
2,1563794108858,-48,1008,240
2,1563794108859,-48,1008,240
4,1563794108865,-32,1008,48
4,1563794108866,-32,1024,32
6,1563794108883,0,-384,-912
6,1563794108883,-16,-384,-912
6,1563794108884,-16,-384,-912
2,1563794108903,-48,1008,256
2,1563794108903,-48,1008,256
4,1563794108915,-48,1024,48
4,1563794108918,-32,1008,48
6,1563794108920,0,-384,-912
6,1563794108923,0,-384,-912
2,1563794108949,-48,1008,240
2,1563794108952,-48,1008,240
4,1563794108962,-32,1024,32
4,1563794108964,-48,1024,32
4,1563794108967,-48,1024,32
6,1563794108976,-16,-384,-928
6,1563794108978,0,-384,-912
6,1563794108980,-16,-384,-912
2,1563794108996,-48,1008,240
2,1563794108997,-48,1008,224
2,1563794108998,-48,1008,224
4,1563794109007,-48,1008,16
4,1563794109008,-48,1008,16
6,1563794109015,-16,-384,-912
6,1563794109017,-16,-384,-912
2,1563794109039,-48,1008,224
2,1563794109041,-64,1008,208
4,1563794109047,-64,1008,16
4,1563794109052,-64,1008,16
6,1563794109053,-16,-384,-912
6,1563794109055,-16,-400,-912
2,1563794109083,-64,1008,224
2,1563794109084,-48,1008,208
4,1563794109097,-64,1008,16
4,1563794109100,-64,1008,16
6,1563794109110,-16,-384,-912
6,1563794109112,-16,-384,-912
2,1563794109128,-64,1008,208
2,1563794109131,-48,1008,208
2,1563794109133,-48,1008,192
4,1563794109141,-64,1008,0
4,1563794109143,-80,1024,16
4,1563794109145,-64,1024,0
6,1563794109148,-16,-384,-912
6,1563794109149,-16,-384,-912
6,1563794109150,-16,-400,-912
2,1563794109177,-48,1024,176
2,1563794109178,-48,1008,176
4,1563794109185,-80,1024,-16
4,1563794109186,-80,1024,-16
6,1563794109188,-16,-400,-912
6,1563794109189,-16,-400,-912
2,1563794109221,-48,1008,192
2,1563794109222,-48,1024,176
4,1563794109231,-80,1024,-16
4,1563794109234,-96,1024,-16
6,1563794109244,-16,-384,-912
6,1563794109247,-16,-384,-928
2,1563794109264,-48,1024,176
2,1563794109266,-48,1008,160
4,1563794109272,-80,1024,-16
4,1563794109275,-112,1008,-32
4,1563794109277,-112,1008,-32
6,1563794109285,-16,-400,-912
6,1563794109287,-16,-400,-912
2,1563794109309,-64,1008,160
2,1563794109311,-80,1008,176
2,1563794109313,-80,1024,160
4,1563794109320,-112,1008,-32
4,1563794109322,-128,1008,-32
6,1563794109331,-32,-400,-912
6,1563794109332,-32,-400,-912
6,1563794109333,-32,-400,-896
2,1563794109353,-64,1008,160
2,1563794109354,-64,1024,144
4,1563794109364,-128,1008,-48
4,1563794109366,-112,1008,-48
6,1563794109369,-16,-400,-912
6,1563794109371,-16,-400,-912
2,1563794109398,-64,1024,144
2,1563794109399,-64,1024,144
4,1563794109404,-128,1008,-48
4,1563794109406,-128,1008,-48
6,1563794109417,-16,-400,-896
6,1563794109418,-32,-400,-896
2,1563794109444,-64,1024,128
2,1563794109451,-48,1024,128
4,1563794109453,-128,1008,-64
4,1563794109456,-128,1008,-64
4,1563794109459,-144,1008,-64
6,1563794109468,-32,-400,-912
6,1563794109469,-16,-400,-912
2,1563794109490,-64,1024,128
2,1563794109492,-48,1024,128
2,1563794109494,-48,1024,112
4,1563794109502,-144,1008,-64
4,1563794109504,-144,1008,-64
6,1563794109505,-16,-400,-912
6,1563794109508,-16,-400,-912
6,1563794109510,-32,-400,-912
2,1563794109535,-64,1024,112
2,1563794109537,-64,1024,128
4,1563794109545,-144,1008,-64
4,1563794109547,-160,1008,-64
6,1563794109555,-32,-400,-896
6,1563794109557,-16,-400,-912
2,1563794109579,-64,1024,112
2,1563794109587,-64,1024,112
4,1563794109588,-160,1008,-80
4,1563794109590,-160,1008,-80
6,1563794109598,-16,-400,-912
6,1563794109599,-32,-400,-912
2,1563794109624,-80,1024,112
2,1563794109631,-96,1024,96
4,1563794109633,-160,1008,-80
4,1563794109635,-176,992,-80
4,1563794109637,-192,992,-96
6,1563794109639,-32,-400,-912
6,1563794109641,-32,-400,-912
2,1563794109669,-112,1024,96
2,1563794109670,-112,1024,96
2,1563794109671,-112,1024,96
4,1563794109683,-192,992,-96
4,1563794109686,-192,992,-96
6,1563794109688,-32,-400,-912
6,1563794109690,-32,-400,-912
6,1563794109693,-32,-400,-912
2,1563794109714,-96,1024,80
2,1563794109719,-96,1024,80
4,1563794109733,-192,992,-112
4,1563794109736,-192,992,-96
6,1563794109738,-48,-400,-912
6,1563794109741,-32,-400,-912
2,1563794109761,-80,1024,64
2,1563794109763,-96,1024,48
4,1563794109772,-192,992,-112
4,1563794109775,-208,992,-112
6,1563794109782,-48,-400,-912
6,1563794109783,-32,-416,-912
2,1563794109802,-96,1024,48
2,1563794109804,-96,1024,32
2,1563794109807,-112,1024,32
4,1563794109816,-208,992,-128
4,1563794109818,-208,992,-128
4,1563794109821,-224,992,-128
6,1563794109823,-32,-416,-912
6,1563794109825,-48,-400,-912
2,1563794109850,-112,1024,32
2,1563794109851,-112,1024,48
4,1563794109860,-224,976,-128
4,1563794109863,-224,992,-128
6,1563794109871,-48,-400,-912
6,1563794109872,-48,-416,-912
6,1563794109875,-48,-400,-896
2,1563794109896,-128,1024,32
2,1563794109897,-128,1024,32
4,1563794109905,-224,976,-128
4,1563794109906,-224,976,-144
6,1563794109915,-48,-400,-912
6,1563794109916,-48,-416,-912
2,1563794109939,-128,1024,16
2,1563794109940,-112,1024,32
4,1563794109948,-224,992,-144
4,1563794109950,-224,992,-144
4,1563794109952,-224,976,-144
6,1563794109954,-48,-400,-896
6,1563794109956,-48,-400,-912
6,1563794109958,-48,-416,-896
2,1563794109984,-96,1024,32
2,1563794109985,-80,1024,16
2,1563794109987,-96,1024,16
4,1563794109997,-224,992,-144
4,1563794109998,-224,976,-144
6,1563794110005,-48,-400,-912
6,1563794110006,-48,-400,-896
2,1563794110029,-112,1040,16
2,1563794110038,-112,1024,16
4,1563794110040,-240,976,-160
4,1563794110044,-240,976,-160
6,1563794110053,-48,-416,-896
6,1563794110054,-48,-400,-912
2,1563794110076,-128,1024,16
2,1563794110078,-128,1024,0
4,1563794110087,-256,976,-160
4,1563794110089,-256,976,-160
6,1563794110091,-48,-400,-896
6,1563794110094,-48,-416,-896
2,1563794110118,-112,1024,0
2,1563794110119,-112,1024,16
4,1563794110128,-240,976,-160
4,1563794110129,-256,976,-160
4,1563794110132,-256,976,-160
6,1563794110141,-48,-400,-912
6,1563794110144,-48,-416,-896
6,1563794110146,-48,-416,-912
2,1563794110164,-128,1008,0
2,1563794110166,-144,1024,16
2,1563794110167,-128,1024,16
4,1563794110173,-256,976,-160
4,1563794110177,-256,960,-160
6,1563794110186,-48,-400,-912
6,1563794110187,-48,-400,-896
2,1563794110210,-144,1024,16
2,1563794110212,-144,1024,16
4,1563794110222,-256,976,-160
4,1563794110223,-272,960,-160
6,1563794110224,-64,-416,-896
6,1563794110231,-48,-400,-896
2,1563794110254,-144,1024,16
2,1563794110256,-128,1024,16
4,1563794110265,-272,976,-160
4,1563794110267,-256,976,-160
4,1563794110308,-272,976,-160
4,1563794110310,-256,976,-160
4,1563794110313,-256,960,-160
6,1563794110326,-48,-400,-912
6,1563794110328,-48,-400,-896
6,1563794110330,-48,-400,-912
6,1563794110332,-64,-400,-896
6,1563794110335,-64,-400,-912
2,1563794110345,-144,1024,0
2,1563794110347,-144,1024,16
2,1563794110349,-144,1024,16
2,1563794110351,-128,1024,16
2,1563794110352,-128,1024,0
4,1563794110361,-272,960,-160
4,1563794110363,-256,960,-176
6,1563794110366,-48,-416,-912
6,1563794110368,-64,-400,-896
2,1563794110388,-128,1024,0
2,1563794110389,-112,1024,0
4,1563794110396,-256,976,-160
4,1563794110397,-256,976,-176
6,1563794110404,-48,-400,-896
6,1563794110405,-48,-400,-896
2,1563794110434,-128,1024,0
2,1563794110436,-128,1024,0
4,1563794110443,-272,976,-160
4,1563794110444,-272,976,-160
6,1563794110452,-48,-400,-912
6,1563794110454,-64,-400,-912
2,1563794110479,-128,1024,16
2,1563794110480,-128,1024,16
2,1563794110482,-128,1024,16
4,1563794110490,-272,960,-160
4,1563794110492,-256,976,-160
4,1563794110494,-256,976,-160
6,1563794110501,-48,-400,-912
6,1563794110503,-48,-400,-896
6,1563794110504,-64,-400,-912
2,1563794110527,-144,1024,0
2,1563794110529,-128,1024,0
4,1563794110538,-272,960,-160
4,1563794110539,-256,960,-176
6,1563794110541,-64,-400,-912
6,1563794110543,-48,-400,-896
2,1563794110569,-128,1024,0
2,1563794110570,-144,1024,16
4,1563794110579,-256,976,-160
4,1563794110581,-256,960,-160
6,1563794110592,-64,-400,-896
6,1563794110595,-48,-400,-896
2,1563794110613,-144,1024,16
2,1563794110615,-128,1024,16
4,1563794110623,-272,960,-160
4,1563794110624,-256,976,-160
6,1563794110633,-64,-400,-896
6,1563794110635,-48,-400,-912
2,1563794110659,-128,1024,16
2,1563794110660,-128,1024,32
2,1563794110661,-144,1024,16
4,1563794110670,-256,960,-160
4,1563794110671,-256,976,-160
4,1563794110672,-256,976,-160
6,1563794110681,-48,-400,-912
6,1563794110682,-48,-416,-896
6,1563794110683,-48,-400,-896
2,1563794110704,-128,1024,16
2,1563794110705,-112,1024,16
4,1563794110712,-256,976,-144
4,1563794110713,-256,976,-144
6,1563794110718,-48,-416,-896
6,1563794110719,-48,-416,-912
2,1563794110750,-128,1024,32
2,1563794110751,-128,1024,16
4,1563794110759,-256,976,-160
4,1563794110761,-256,976,-160
2,1563794110793,-112,1024,16
2,1563794110795,-112,1024,32
4,1563794110805,-256,976,-160
4,1563794110808,-256,976,-160
4,1563794110810,-240,976,-160
6,1563794110818,-48,-416,-912
6,1563794110820,-48,-400,-912
6,1563794110823,-48,-400,-896
6,1563794110825,-48,-416,-896
2,1563794110839,-112,1024,16
2,1563794110840,-112,1024,16
2,1563794110841,-112,1024,32
4,1563794110851,-256,976,-160
4,1563794110852,-256,976,-160
6,1563794110854,-48,-400,-896
6,1563794110855,-48,-416,-896
6,1563794110857,-64,-416,-912
2,1563794110884,-128,1024,32
2,1563794110885,-112,1024,32
4,1563794110891,-256,976,-144
4,1563794110893,-256,976,-160
6,1563794110900,-48,-400,-912
6,1563794110901,-48,-400,-896
2,1563794110927,-112,1024,32
2,1563794110928,-128,1024,32
4,1563794110935,-240,976,-160
4,1563794110937,-240,976,-144
6,1563794110946,-48,-400,-912
6,1563794110947,-48,-400,-896
2,1563794110975,-128,1024,32
2,1563794110976,-112,1024,32
4,1563794110985,-240,976,-144
4,1563794110989,-240,976,-144
4,1563794110992,-240,976,-160
6,1563794110994,-48,-400,-896
6,1563794110995,-48,-400,-912
2,1563794111018,-112,1024,48
2,1563794111020,-112,1024,48
2,1563794111022,-128,1024,48
4,1563794111029,-240,976,-144
4,1563794111031,-240,976,-144
6,1563794111040,-48,-400,-896
6,1563794111041,-48,-400,-912
6,1563794111043,-48,-400,-896
2,1563794111063,-128,1024,32
2,1563794111064,-112,1024,48
4,1563794111070,-240,976,-144
4,1563794111072,-240,976,-160
6,1563794111080,-48,-400,-912
6,1563794111082,-48,-400,-896
2,1563794111111,-112,1024,32
2,1563794111114,-112,1024,32
4,1563794111128,-240,976,-144
4,1563794111131,-240,976,-144
6,1563794111134,-48,-400,-896
6,1563794111136,-48,-400,-896
6,1563794111138,-48,-400,-896
2,1563794111153,-112,1024,48
2,1563794111156,-112,1024,48
4,1563794111167,-240,976,-144
4,1563794111168,-240,976,-144
4,1563794111169,-240,976,-144
6,1563794111173,-48,-416,-912
6,1563794111176,-48,-400,-896
2,1563794111198,-112,1024,48
2,1563794111200,-112,1024,48
2,1563794111206,-112,1024,48
4,1563794111207,-240,976,-144
4,1563794111209,-240,976,-144
6,1563794111214,-48,-400,-912
6,1563794111216,-48,-400,-912
2,1563794111243,-112,1008,48
2,1563794111244,-112,1024,32
4,1563794111253,-240,976,-144
4,1563794111254,-240,976,-144
6,1563794111266,-48,-416,-896
6,1563794111267,-48,-416,-896
2,1563794111291,-112,1024,48
2,1563794111294,-112,1024,48
4,1563794111305,-240,976,-144
4,1563794111307,-240,976,-144
6,1563794111309,-48,-400,-896
6,1563794111311,-48,-400,-896
6,1563794111314,-48,-400,-896
2,1563794111332,-112,1024,48
2,1563794111333,-112,1024,48
2,1563794111334,-128,1024,48
4,1563794111342,-240,976,-144
4,1563794111343,-240,976,-144
4,1563794111345,-240,976,-144
6,1563794111354,-48,-400,-896
6,1563794111355,-48,-416,-896
2,1563794111378,-128,1024,48
2,1563794111379,-128,1024,48
4,1563794111385,-240,976,-144
4,1563794111387,-240,976,-144
6,1563794111396,-48,-400,-896
6,1563794111397,-48,-400,-896
2,1563794111425,-112,1024,48
2,1563794111427,-112,1024,48
4,1563794111439,-240,992,-144
4,1563794111442,-240,976,-144
6,1563794111445,-48,-416,-912
6,1563794111446,-48,-400,-912
2,1563794111468,-112,1024,32
2,1563794111469,-128,1024,32
4,1563794111478,-240,976,-128
4,1563794111480,-240,976,-144
4,1563794111483,-240,976,-144
6,1563794111492,-48,-400,-896
6,1563794111494,-48,-400,-912
6,1563794111495,-48,-400,-912
2,1563794111513,-128,1024,48
2,1563794111514,-128,1024,32
2,1563794111515,-128,1024,48
4,1563794111521,-240,976,-144
4,1563794111523,-240,976,-144
6,1563794111531,-48,-400,-896
6,1563794111532,-48,-400,-896
2,1563794111559,-112,1024,48
2,1563794111563,-128,1024,48
4,1563794111566,-240,976,-144
4,1563794111567,-240,976,-144
6,1563794111577,-48,-400,-896
6,1563794111578,-48,-400,-912
2,1563794111602,-128,1024,48
2,1563794111603,-128,1024,48
4,1563794111615,-240,976,-144
4,1563794111616,-240,976,-128
6,1563794111619,-48,-400,-912
6,1563794111621,-48,-400,-896
2,1563794111648,-128,1024,48
2,1563794111650,-128,1024,48
4,1563794111659,-240,976,-144
4,1563794111662,-240,976,-144
4,1563794111665,-240,976,-144
6,1563794111674,-48,-400,-912
6,1563794111676,-48,-400,-912
6,1563794111678,-48,-400,-912
2,1563794111692,-128,1024,48
2,1563794111694,-128,1024,48
2,1563794111695,-128,1024,48
4,1563794111703,-240,976,-144
4,1563794111704,-240,976,-144
6,1563794111712,-48,-400,-896
6,1563794111714,-48,-400,-912
2,1563794111739,-128,1024,48
2,1563794111740,-128,1024,48
4,1563794111746,-256,976,-144
4,1563794111747,-240,976,-144
6,1563794111753,-48,-400,-912
6,1563794111754,-48,-400,-912
2,1563794111784,-144,1008,48
2,1563794111786,-144,1024,32
4,1563794111800,-240,992,-144
4,1563794111802,-240,976,-144
6,1563794111804,-48,-400,-912
6,1563794111806,-48,-400,-896
2,1563794111827,-128,1024,32
2,1563794111833,-112,1024,32
4,1563794111836,-240,976,-144
4,1563794111837,-240,976,-144
4,1563794111839,-240,976,-144
6,1563794111849,-48,-400,-912
6,1563794111850,-48,-400,-896
6,1563794111851,-48,-400,-912
2,1563794111874,-128,1024,48
2,1563794111878,-128,1024,48
2,1563794111880,-128,1024,48
4,1563794111881,-256,976,-144
4,1563794111882,-240,976,-144
6,1563794111888,-48,-400,-912
6,1563794111894,-48,-400,-912
2,1563794111918,-128,1024,48
2,1563794111918,-128,1024,48
4,1563794111927,-240,976,-144
4,1563794111929,-240,976,-144
6,1563794111934,-48,-400,-912
6,1563794111935,-48,-400,-912
2,1563794111964,-128,1024,48
2,1563794111965,-128,1024,48
4,1563794111974,-240,976,-144
4,1563794111975,-240,976,-144
6,1563794111981,-48,-400,-912
6,1563794111982,-48,-400,-912
2,1563794112009,-128,1024,48
2,1563794112010,-128,1024,48
2,1563794112012,-128,1024,64
4,1563794112020,-240,976,-144
4,1563794112022,-240,976,-128
4,1563794112023,-240,976,-128
6,1563794112029,-48,-400,-896
6,1563794112031,-48,-400,-896
6,1563794112032,-48,-400,-912
2,1563794112053,-144,1024,48
2,1563794112054,-128,1024,48
4,1563794112063,-240,976,-128
4,1563794112065,-240,976,-144
6,1563794112067,-48,-400,-912
6,1563794112069,-48,-400,-912
2,1563794112098,-128,1024,48
2,1563794112099,-128,1024,48
4,1563794112105,-240,976,-144
4,1563794112106,-224,992,-128
6,1563794112116,-48,-400,-912
6,1563794112118,-48,-400,-912
6,1563794112119,-48,-400,-912
2,1563794112143,-128,1040,48
2,1563794112144,-144,1024,32
4,1563794112152,-240,992,-144
4,1563794112153,-240,992,-144
6,1563794112162,-48,-400,-912
6,1563794112164,-48,-400,-912
2,1563794112190,-128,1008,48
2,1563794112193,-128,1024,48
2,1563794112196,-144,1024,48
4,1563794112203,-240,976,-128
4,1563794112206,-240,976,-128
4,1563794112209,-240,976,-128
6,1563794112211,-48,-400,-912
6,1563794112213,-48,-400,-912
2,1563794112234,-144,1008,64
2,1563794112235,-128,1024,48
4,1563794112243,-224,976,-128
4,1563794112247,-240,976,-128
6,1563794112258,-48,-400,-896
6,1563794112260,-48,-400,-896
2,1563794112277,-128,1024,64
2,1563794112279,-128,1024,64
4,1563794112284,-240,976,-128
4,1563794112286,-224,976,-112
6,1563794112293,-48,-400,-896
6,1563794112294,-48,-400,-912
6,1563794112296,-48,-400,-912
2,1563794112325,-128,1024,64
2,1563794112328,-128,1024,64
4,1563794112339,-240,976,-128
4,1563794112341,-224,976,-112
4,1563794112344,-224,976,-128
6,1563794112347,-48,-400,-912
6,1563794112348,-48,-400,-896
2,1563794112370,-144,1024,64
2,1563794112373,-128,1024,80
2,1563794112375,-144,1024,64
4,1563794112384,-224,992,-112
4,1563794112385,-224,992,-128
6,1563794112387,-48,-400,-896
6,1563794112389,-48,-400,-912
2,1563794112413,-128,1024,64
2,1563794112415,-112,1024,64
4,1563794112421,-224,992,-128
4,1563794112423,-208,992,-128
6,1563794112431,-48,-400,-912
6,1563794112432,-48,-400,-912
2,1563794112460,-112,1024,80
2,1563794112461,-112,1024,80
4,1563794112468,-208,992,-128
4,1563794112469,-208,992,-112
6,1563794112480,-48,-400,-912
6,1563794112480,-32,-400,-896
6,1563794112482,-32,-400,-912
2,1563794112504,-112,1024,80
2,1563794112505,-112,1024,80
4,1563794112513,-208,992,-112
4,1563794112515,-208,992,-112
4,1563794112516,-208,992,-112
6,1563794112518,-48,-400,-912
6,1563794112520,-32,-400,-912
2,1563794112550,-112,1024,96
2,1563794112550,-112,1024,96
2,1563794112551,-112,1024,96
4,1563794112559,-208,992,-112
4,1563794112559,-208,992,-96
6,1563794112567,-48,-384,-912
6,1563794112568,-32,-400,-896
2,1563794112593,-112,1024,96
2,1563794112602,-112,1008,96
4,1563794112603,-208,992,-96
4,1563794112605,-208,992,-112
6,1563794112614,-48,-384,-912
6,1563794112616,-32,-400,-912
2,1563794112642,-112,1024,80
2,1563794112643,-96,1024,96
4,1563794112651,-192,992,-112
4,1563794112654,-192,992,-96
6,1563794112656,-48,-400,-912
6,1563794112659,-32,-384,-912
6,1563794112661,-32,-400,-912
4,1563794112692,-192,992,-96
4,1563794112694,-192,992,-96
4,1563794112695,-176,992,-96
6,1563794112702,-32,-400,-896
6,1563794112704,-48,-400,-896
2,1563794112729,-112,1024,96
2,1563794112731,-96,1024,96
2,1563794112734,-96,1024,112
2,1563794112736,-96,1024,112
2,1563794112737,-112,1024,96
4,1563794112745,-192,992,-96
4,1563794112747,-192,992,-96
6,1563794112748,-32,-400,-912
6,1563794112750,-32,-384,-912
2,1563794112775,-128,1024,128
2,1563794112775,-112,1024,112
4,1563794112782,-192,1008,-96
4,1563794112783,-176,992,-80
6,1563794112788,-32,-400,-912
6,1563794112790,-32,-384,-912
2,1563794112819,-112,1008,128
2,1563794112821,-112,1024,128
4,1563794112831,-176,992,-80
4,1563794112833,-176,992,-80
6,1563794112844,-32,-384,-912
6,1563794112847,-32,-384,-912
6,1563794112849,-32,-384,-912
2,1563794112864,-112,1008,144
2,1563794112866,-112,1008,128
2,1563794112868,-96,1024,144
4,1563794112876,-176,992,-80
4,1563794112878,-176,992,-80
4,1563794112881,-176,1008,-64
6,1563794112888,-32,-384,-912
6,1563794112889,-32,-384,-912
2,1563794112908,-96,1008,144
2,1563794112910,-80,1024,144
4,1563794112916,-176,1008,-80
4,1563794112917,-160,1008,-64
6,1563794112927,-32,-400,-912
6,1563794112928,-32,-384,-912
2,1563794112952,-64,1024,144
2,1563794112953,-80,1008,160
4,1563794112960,-144,1008,-64
4,1563794112962,-144,1008,-64
6,1563794112969,-16,-400,-928
6,1563794112970,-16,-384,-912
2,1563794112997,-80,1024,160
2,1563794112999,-80,1024,144
4,1563794113015,-144,1008,-64
4,1563794113016,-144,1008,-64
4,1563794113017,-144,1008,-48
6,1563794113019,-32,-384,-912
6,1563794113020,-32,-384,-912
6,1563794113020,-32,-384,-912
2,1563794113043,-96,1008,176
2,1563794113044,-96,1008,176
2,1563794113046,-96,1008,160
4,1563794113052,-144,1008,-48
4,1563794113054,-144,1008,-48
6,1563794113063,-32,-384,-912
6,1563794113064,-32,-384,-912
2,1563794113091,-96,1008,176
2,1563794113093,-96,1008,176
4,1563794113100,-144,1008,-48
4,1563794113102,-144,1008,-48
6,1563794113104,-32,-400,-912
6,1563794113107,-32,-384,-912
2,1563794113133,-96,1008,176
2,1563794113134,-96,1008,176
4,1563794113143,-144,992,-32
4,1563794113143,-144,1008,-48
6,1563794113149,-32,-384,-912
6,1563794113151,-32,-384,-912
6,1563794113152,-32,-384,-912
2,1563794113179,-96,1008,208
4,1563794113185,-128,1008,-32
4,1563794113187,-128,1008,-32
4,1563794113188,-128,1008,-32
6,1563794113199,-32,-384,-912
6,1563794113201,-32,-384,-912
2,1563794113223,-96,1008,192
2,1563794113233,-96,1008,176
2,1563794113234,-96,1008,176
2,1563794113236,-80,1008,192
4,1563794113241,-112,1008,-32
4,1563794113243,-112,1008,-16
6,1563794113245,-16,-384,-912
6,1563794113255,-16,-384,-928
2,1563794113268,-96,1024,192
2,1563794113269,-96,1008,192
4,1563794113277,-128,1024,-32
4,1563794113279,-112,1008,-32
6,1563794113283,-32,-384,-912
6,1563794113285,-16,-384,-912
6,1563794113286,-32,-384,-912
2,1563794113313,-96,1008,192
2,1563794113315,-80,1008,192
4,1563794113322,-112,1008,-32
4,1563794113325,-96,1008,-32
6,1563794113333,-16,-384,-912
6,1563794113334,-16,-384,-912
2,1563794113358,-96,1008,192
2,1563794113360,-96,1008,208
2,1563794113361,-96,1008,208
4,1563794113370,-112,1008,-32
4,1563794113371,-112,1008,-16
4,1563794113373,-96,1008,-16
6,1563794113382,-16,-384,-912
6,1563794113384,-16,-384,-912
2,1563794113404,-96,1008,208
2,1563794113413,-96,1008,208
4,1563794113416,-112,1008,-16
4,1563794113418,-96,1008,0
6,1563794113420,-32,-384,-896
6,1563794113422,-16,-384,-912
2,1563794113448,-96,1008,208
2,1563794113449,-96,1008,208
4,1563794113456,-96,1008,0
4,1563794113459,-80,1024,0
6,1563794113468,-16,-384,-912
6,1563794113469,-16,-384,-912
6,1563794113470,-16,-384,-912
2,1563794113494,-96,1008,208
2,1563794113496,-96,1008,208
4,1563794113503,-96,1008,-16
4,1563794113504,-80,1008,0
6,1563794113514,-16,-384,-912
6,1563794113516,-16,-384,-912
2,1563794113540,-96,1008,208
2,1563794113541,-96,1008,224
2,1563794113542,-96,1008,224
4,1563794113549,-80,1024,0
4,1563794113550,-80,1024,0
4,1563794113552,-64,1008,16
6,1563794113555,-16,-384,-912
6,1563794113557,-16,-384,-912
2,1563794113583,-96,992,224
2,1563794113584,-96,1008,224
4,1563794113591,-64,1024,16
4,1563794113596,-64,1024,16
6,1563794113606,-16,-384,-912
6,1563794113607,-16,-384,-912
2,1563794113628,-96,1008,224
2,1563794113631,-96,992,224
4,1563794113638,-64,1024,0
4,1563794113641,-64,1008,16
6,1563794113649,-16,-384,-912
6,1563794113650,-16,-400,-912
6,1563794113651,-16,-384,-912
2,1563794113673,-96,1008,224
2,1563794113681,-96,1008,240
4,1563794113683,-64,1024,16
4,1563794113684,-64,1024,16
6,1563794113695,-16,-384,-912
6,1563794113696,-16,-384,-912
2,1563794113719,-96,1008,240
2,1563794113722,-96,1008,240
2,1563794113724,-80,1008,240
6,1563794113734,-16,-384,-912
6,1563794113735,-16,-384,-928
2,1563794113764,-96,1008,240
2,1563794113765,-80,1008,256
4,1563794113774,-48,1024,16
4,1563794113776,-48,1008,16
4,1563794113777,-48,1024,16
4,1563794113780,-48,1008,32
4,1563794113782,-32,1024,32
6,1563794113790,-16,-384,-912
6,1563794113793,-16,-384,-912
2,1563794113811,-80,992,256
2,1563794113813,-80,1008,256
4,1563794113821,-32,1024,32
4,1563794113823,-32,1008,32
6,1563794113832,-16,-384,-912
6,1563794113833,-16,-384,-896
6,1563794113834,-16,-384,-912
2,1563794113854,-80,992,256
2,1563794113855,-80,1008,272
4,1563794113862,-32,1008,32
4,1563794113863,-32,1024,48
4,1563794113864,-32,1024,48
6,1563794113869,-16,-384,-928
6,1563794113870,-16,-400,-912
2,1563794113899,-80,992,272
2,1563794113901,-80,992,288
2,1563794113902,-80,992,288
4,1563794113911,-16,1024,48
4,1563794113914,-16,1008,48
6,1563794113927,-16,-384,-912
6,1563794113928,0,-400,-912
2,1563794113944,-64,992,288
2,1563794113946,-64,992,272
4,1563794113954,-16,1008,48
4,1563794113955,-16,1024,48
6,1563794113962,-16,-384,-912
6,1563794113963,0,-400,-912
2,1563794113991,-64,992,288
2,1563794113992,-64,992,288
4,1563794114002,-16,1024,48
4,1563794114005,-16,1024,48
6,1563794114008,-16,-384,-912
6,1563794114010,-16,-384,-912
6,1563794114012,-16,-384,-912
2,1563794114034,-64,992,288
2,1563794114035,-64,992,288
2,1563794114036,-64,992,288
4,1563794114047,-16,1024,48
4,1563794114051,-16,1024,64
4,1563794114053,-16,1024,48
6,1563794114057,-16,-384,-912
6,1563794114069,-16,-384,-912
2,1563794114078,-64,992,304
2,1563794114079,-64,992,304
4,1563794114089,-16,1024,64
4,1563794114090,-16,1024,64
6,1563794114096,-16,-384,-912
6,1563794114097,-16,-384,-928
2,1563794114124,-64,992,304
2,1563794114126,-64,992,336
4,1563794114134,0,1008,64
4,1563794114135,0,1008,64
6,1563794114139,-16,-400,-912
6,1563794114150,0,-384,-928
2,1563794114168,-48,992,304
2,1563794114169,-48,992,304
4,1563794114180,0,1024,64
4,1563794114182,0,1024,64
6,1563794114184,0,-384,-912
6,1563794114187,-16,-384,-912
6,1563794114190,0,-384,-912
2,1563794114213,-32,992,320
2,1563794114214,-48,992,304
2,1563794114216,-48,992,304
6,1563794114229,0,-384,-912
6,1563794114232,0,-384,-912
2,1563794114258,-48,976,320
2,1563794114260,-48,992,320
4,1563794114268,0,1024,64
4,1563794114270,16,1008,64
4,1563794114273,0,1008,80
4,1563794114275,16,1008,80
4,1563794114277,0,1008,64
6,1563794114287,-16,-384,-912
6,1563794114289,0,-384,-928
6,1563794114291,0,-384,-928
2,1563794114303,-48,976,320
2,1563794114306,-32,992,320
4,1563794114315,16,1008,80
6,1563794114318,0,-384,-912
6,1563794114320,0,-384,-912
2,1563794114348,-32,992,320
2,1563794114350,-32,992,320
4,1563794114358,16,1008,80
4,1563794114359,16,1008,64
4,1563794114360,16,1008,64
6,1563794114369,0,-384,-912
6,1563794114370,0,-384,-912
2,1563794114395,-32,992,320
2,1563794114396,-32,976,320
2,1563794114399,-48,992,320
4,1563794114407,16,1008,64
4,1563794114409,16,1008,64
4,1563794114412,16,1024,64
6,1563794114415,0,-384,-912
6,1563794114424,0,-384,-896
2,1563794114437,-48,992,320
2,1563794114443,-48,992,304
4,1563794114445,16,1008,80
4,1563794114446,16,1008,64
6,1563794114454,0,-400,-912
6,1563794114462,0,-384,-912
6,1563794114463,0,-384,-912
2,1563794114484,-48,992,304
2,1563794114485,-64,992,304
4,1563794114497,0,1008,64
4,1563794114498,0,1008,64
6,1563794114500,0,-384,-912
6,1563794114500,0,-384,-912
2,1563794114528,-64,992,304
2,1563794114530,-64,992,304
4,1563794114539,0,1008,64
4,1563794114543,0,1008,64
6,1563794114553,0,-384,-912
6,1563794114556,-16,-384,-912
2,1563794114575,-64,992,288
2,1563794114576,-64,1008,288
2,1563794114578,-48,992,288
4,1563794114586,-16,1024,48
4,1563794114587,-16,1024,48
4,1563794114590,0,1024,48
6,1563794114599,-16,-384,-912
6,1563794114601,0,-384,-928
2,1563794114619,-48,992,288
2,1563794114620,-64,992,288
4,1563794114631,0,1024,48
4,1563794114633,0,1024,48
6,1563794114635,0,-384,-912
6,1563794114635,0,-400,-912
6,1563794114636,0,-384,-912
2,1563794114663,-64,992,272
2,1563794114664,-64,992,272
4,1563794114670,-16,1008,48
4,1563794114671,-32,1008,32
6,1563794114681,0,-384,-912
6,1563794114684,-16,-384,-912
2,1563794114708,-80,992,272
2,1563794114710,-80,992,256
2,1563794114713,-96,992,256
4,1563794114722,-32,1008,32
4,1563794114724,-32,1024,32
4,1563794114727,-32,1024,32
6,1563794114735,-16,-384,-912
6,1563794114735,-16,-384,-912
2,1563794114753,-80,992,256
2,1563794114754,-80,992,240
4,1563794114764,-16,1024,32
4,1563794114767,-16,1008,16
6,1563794114769,-16,-384,-912
6,1563794114771,0,-384,-912
2,1563794114797,-96,992,240
2,1563794114798,-96,1008,240
4,1563794114807,-32,1024,32
4,1563794114809,-48,1008,16
6,1563794114819,-16,-384,-912
6,1563794114821,-16,-384,-912
6,1563794114825,-16,-384,-912
2,1563794114844,-112,1008,224
2,1563794114847,-112,992,224
4,1563794114857,-48,1024,16
4,1563794114859,-48,1024,16
6,1563794114868,-16,-384,-928
6,1563794114870,-16,-384,-912
2,1563794114888,-96,1008,224
2,1563794114890,-80,1008,224
2,1563794114892,-80,1008,224
4,1563794114901,-48,1024,16
4,1563794114903,-48,1024,16
4,1563794114905,-48,1024,0
6,1563794114908,0,-384,-912
6,1563794114910,0,-384,-912
2,1563794114934,-80,1008,224
2,1563794114935,-96,1008,224
4,1563794114943,-48,1024,0
4,1563794114945,-48,1008,0
6,1563794114954,0,-384,-928
6,1563794114956,-16,-384,-912
2,1563794114978,-96,1008,208
2,1563794114980,-96,1008,208
4,1563794114986,-48,1024,0
4,1563794114988,-48,1024,-16
6,1563794114997,0,-384,-912
6,1563794114999,-16,-384,-912
6,1563794115001,-16,-384,-912
2,1563794115024,-96,1008,208
2,1563794115025,-96,1008,208
4,1563794115031,-64,1024,0
4,1563794115032,-64,1008,0
6,1563794115039,-16,-384,-912
6,1563794115050,-16,-384,-896
2,1563794115068,-96,1008,208
2,1563794115069,-96,1008,208
2,1563794115070,-96,1008,208
4,1563794115079,-64,1008,-16
4,1563794115082,-64,1024,-16
4,1563794115084,-80,1024,-16
6,1563794115087,-16,-384,-912
6,1563794115089,-16,-384,-912
2,1563794115114,-112,1008,208
2,1563794115115,-128,1008,192
4,1563794115121,-80,1024,0
4,1563794115123,-80,1008,-16
6,1563794115130,-16,-384,-912
6,1563794115131,-16,-384,-896
2,1563794115158,-112,1008,208
2,1563794115159,-112,1008,192
4,1563794115166,-96,1008,-32
4,1563794115167,-80,1008,-16
6,1563794115177,-16,-384,-912
6,1563794115178,-16,-384,-912
6,1563794115180,-16,-384,-912
2,1563794115204,-112,1008,192
2,1563794115206,-112,1008,192
4,1563794115214,-80,1024,-16
4,1563794115216,-80,1008,-16
6,1563794115218,-16,-368,-928
6,1563794115219,-16,-384,-912
2,1563794115248,-112,1008,192
2,1563794115249,-112,1008,192
2,1563794115250,-112,1008,176
4,1563794115257,-96,1008,-32
4,1563794115259,-96,1008,-16
4,1563794115268,-96,1008,-32
6,1563794115269,-16,-384,-912
6,1563794115270,-16,-384,-912
6,1563794115272,-16,-384,-912
2,1563794115293,-112,1008,192
2,1563794115295,-112,1008,176
4,1563794115300,-96,1008,-32
4,1563794115302,-96,1008,-32
6,1563794115311,-16,-384,-912
6,1563794115313,-16,-384,-912
2,1563794115341,-96,1008,192
2,1563794115342,-96,1008,176
4,1563794115350,-96,1008,-32
6,1563794115354,-16,-384,-928
6,1563794115358,-16,-384,-912
2,1563794115384,-96,1008,192
2,1563794115386,-96,1008,192
4,1563794115396,-80,1024,-32
4,1563794115397,-96,1008,-32
4,1563794115398,-80,1024,-48
4,1563794115400,-80,1008,-32
6,1563794115410,-16,-384,-912
6,1563794115412,-16,-384,-912
2,1563794115428,-80,1008,176
2,1563794115430,-80,1008,176
2,1563794115432,-80,1008,176
4,1563794115440,-96,1008,-32
4,1563794115441,-96,1008,-48
6,1563794115443,-16,-384,-912
6,1563794115444,-16,-384,-912
6,1563794115445,0,-384,-912
2,1563794115474,-80,1024,176
2,1563794115475,-80,1008,176
4,1563794115482,-96,1008,-48
4,1563794115483,-96,1024,-48
6,1563794115493,-16,-384,-912
6,1563794115494,-16,-384,-912
2,1563794115519,-80,1008,176
2,1563794115521,-80,1024,176
4,1563794115530,-96,1008,-48
4,1563794115530,-96,1008,-48
6,1563794115533,-16,-384,-912
6,1563794115535,-16,-384,-912
2,1563794115564,-64,1008,160
2,1563794115565,-64,1024,160
2,1563794115566,-80,1024,160
4,1563794115574,-96,1008,-64
4,1563794115575,-96,1008,-48
4,1563794115577,-96,1008,-48
6,1563794115586,-16,-400,-912
6,1563794115587,-16,-384,-912
2,1563794115609,-80,1024,176
2,1563794115611,-64,1024,176
4,1563794115618,-96,1008,-48
4,1563794115619,-96,1008,-64
6,1563794115629,-16,-384,-928
6,1563794115630,-16,-384,-912
6,1563794115631,-16,-384,-912
2,1563794115653,-64,1024,160
2,1563794115654,-64,1024,160
4,1563794115662,-96,1008,-64
4,1563794115663,-80,1008,-64
2,1563794115700,-64,1008,160
2,1563794115701,-64,1024,128
4,1563794115711,-96,1008,-64
4,1563794115713,-112,1008,-64
6,1563794115721,-16,-400,-912
6,1563794115724,0,-384,-912
6,1563794115727,-16,-384,-912
6,1563794115729,-16,-400,-896
2,1563794115744,-64,1024,128
2,1563794115745,-48,1024,128
2,1563794115747,-48,1024,144
4,1563794115756,-96,1008,-80
4,1563794115758,-96,1008,-80
4,1563794115760,-96,1008,-80
6,1563794115768,-16,-400,-912
6,1563794115769,-16,-384,-912
2,1563794115789,-32,1024,144
2,1563794115790,-48,1024,144
4,1563794115796,-96,1024,-80
4,1563794115796,-96,1024,-80
6,1563794115802,0,-400,-912
6,1563794115803,-16,-400,-912
6,1563794115808,-16,-384,-912
2,1563794115834,-48,1024,128
2,1563794115836,-64,1024,144
4,1563794115842,-112,1008,-96
4,1563794115843,-96,1008,-80
6,1563794115848,-16,-400,-896
6,1563794115848,-16,-400,-912
2,1563794115879,-32,1024,128
2,1563794115881,-48,1024,144
4,1563794115891,-96,1008,-80
4,1563794115893,-96,1008,-80
6,1563794115902,-16,-400,-912
6,1563794115905,-16,-400,-912
2,1563794115927,-32,1024,128
2,1563794115930,-32,1024,128
2,1563794115932,-32,1024,112
4,1563794115942,-96,1008,-96
4,1563794115945,-96,1008,-96
4,1563794115946,-96,1008,-96
6,1563794115948,-16,-400,-912
6,1563794115948,0,-400,-912
2,1563794115969,-32,1024,112
2,1563794115970,-16,1040,112
4,1563794115975,-96,1008,-96
4,1563794115976,-96,1008,-96
6,1563794115983,-16,-400,-912
6,1563794115983,-16,-400,-896
6,1563794115985,0,-400,-912
2,1563794116013,-16,1024,112
2,1563794116014,-32,1024,112
4,1563794116020,-96,1008,-96
4,1563794116021,-96,1008,-96
6,1563794116027,0,-400,-912
6,1563794116028,-16,-400,-912
2,1563794116057,-48,1024,112
2,1563794116059,-32,1024,112
4,1563794116065,-112,1008,-96
4,1563794116066,-112,1008,-96
4,1563794116067,-96,1008,-112
6,1563794116076,-16,-416,-896
6,1563794116077,-16,-416,-912
2,1563794116103,-32,1040,112
2,1563794116105,-16,1024,112
2,1563794116107,0,1024,96
4,1563794116116,-96,1008,-112
4,1563794116119,-80,1008,-112
6,1563794116121,0,-400,-896
6,1563794116124,-16,-416,-912
2,1563794116148,0,1040,80
2,1563794116149,0,1040,80
4,1563794116157,-96,1008,-112
4,1563794116159,-80,1008,-128
6,1563794116167,-16,-416,-896
6,1563794116168,0,-416,-896
6,1563794116169,0,-416,-896
2,1563794116194,0,1040,96
2,1563794116195,0,1040,80
4,1563794116206,-80,1008,-128
4,1563794116207,-96,1008,-112
6,1563794116216,0,-416,-896
6,1563794116217,-16,-416,-896
2,1563794116242,0,1024,80
2,1563794116243,0,1040,96
2,1563794116244,0,1024,96
4,1563794116254,-96,1008,-128
4,1563794116258,-80,1008,-112
4,1563794116261,-96,1008,-112
6,1563794116273,0,-416,-896
6,1563794116275,0,-416,-896
2,1563794116286,0,1024,96
2,1563794116290,0,1024,112
4,1563794116299,-80,1008,-112
4,1563794116302,-80,1008,-112
6,1563794116304,0,-432,-896
6,1563794116306,0,-416,-912
2,1563794116328,0,1024,96
2,1563794116329,0,1024,96
4,1563794116335,-80,1008,-112
4,1563794116336,-96,1008,-112
6,1563794116344,0,-416,-912
6,1563794116346,-16,-416,-912
6,1563794116346,0,-416,-912
2,1563794116374,-16,1040,96
2,1563794116375,0,1040,96
4,1563794116381,-96,1008,-112
4,1563794116383,-80,1008,-112
6,1563794116387,0,-416,-896
6,1563794116396,0,-416,-896
2,1563794116418,0,1024,96
2,1563794116419,0,1024,96
2,1563794116421,0,1024,96
4,1563794116431,-80,1008,-112
4,1563794116433,-96,1008,-112
4,1563794116434,-80,1008,-112
6,1563794116437,0,-416,-896
6,1563794116439,-16,-416,-896
6,1563794116441,-16,-416,-896
2,1563794116463,-16,1024,96
2,1563794116472,-16,1040,80
4,1563794116474,-96,1008,-112
4,1563794116477,-80,1008,-112
6,1563794116486,0,-416,-896
6,1563794116488,0,-416,-896
2,1563794116509,-16,1024,96
2,1563794116511,0,1024,96
4,1563794116521,-96,1008,-112
4,1563794116524,-80,1008,-112
6,1563794116531,0,-416,-896
6,1563794116532,0,-416,-896
2,1563794116553,-16,1024,96
2,1563794116554,-32,1024,112
4,1563794116561,-96,1008,-112
4,1563794116562,-96,1008,-112
6,1563794116568,-16,-416,-896
6,1563794116569,0,-416,-896
2,1563794116597,-16,1040,80
2,1563794116599,0,1040,96
2,1563794116600,-16,1024,80
4,1563794116607,-80,1008,-112
4,1563794116608,-80,1008,-112
4,1563794116611,-96,1008,-112
6,1563794116618,0,-416,-896
6,1563794116620,0,-416,-896
6,1563794116621,-16,-416,-896
2,1563794116643,-16,1024,96
2,1563794116644,-16,1040,80
4,1563794116649,-96,992,-112
4,1563794116651,-96,1008,-112
6,1563794116661,-16,-416,-896
6,1563794116663,0,-416,-896
2,1563794116690,0,1024,96
2,1563794116692,0,1024,96
4,1563794116697,-80,1008,-112
4,1563794116699,-96,1008,-112
6,1563794116703,0,-416,-912
6,1563794116705,0,-416,-896
2,1563794116735,-16,1024,96
2,1563794116736,-16,1024,96
4,1563794116747,-96,1008,-112
4,1563794116748,-96,1008,-96
6,1563794116749,0,-416,-896
6,1563794116751,0,-416,-896
2,1563794116779,0,1040,96
2,1563794116780,0,1024,96
2,1563794116782,16,1024,80
4,1563794116789,-80,1024,-96
4,1563794116791,-80,1008,-112
4,1563794116793,-96,1008,-112
6,1563794116802,0,-416,-896
6,1563794116804,0,-416,-896
6,1563794116805,0,-416,-896
2,1563794116825,0,1024,96
2,1563794116827,0,1024,96
4,1563794116834,-80,1008,-96
4,1563794116836,-96,1008,-96
6,1563794116846,0,-416,-896
6,1563794116847,0,-416,-896
2,1563794116870,-16,1040,96
2,1563794116872,0,1040,96
4,1563794116883,-96,1024,-96
4,1563794116885,-80,1008,-96
6,1563794116887,0,-416,-896
6,1563794116890,-16,-416,-912
2,1563794116914,0,1024,96
2,1563794116916,0,1024,96
2,1563794116917,-16,1024,112
4,1563794116925,-96,1008,-96
4,1563794116926,-80,1008,-96
4,1563794116928,-96,1008,-96
6,1563794116935,0,-416,-912
6,1563794116936,0,-416,-896
2,1563794116959,-32,1024,96
2,1563794116963,-16,1024,112
4,1563794116971,-96,1008,-96
4,1563794116973,-96,1008,-80
6,1563794116983,-16,-416,-896
6,1563794116986,0,-416,-896
6,1563794116988,0,-416,-896
2,1563794117003,-32,1024,112
2,1563794117004,-16,1024,112
4,1563794117012,-96,1024,-80
4,1563794117014,-96,1008,-80
6,1563794117018,-16,-416,-896
6,1563794117019,0,-416,-896
2,1563794117048,0,1024,96
2,1563794117049,0,1024,96
4,1563794117057,-96,1008,-80
4,1563794117060,-96,1008,-96
6,1563794117070,0,-416,-912
6,1563794117071,0,-416,-896
2,1563794117094,0,1024,96
2,1563794117095,0,1024,96
2,1563794117096,0,1024,96
4,1563794117103,-96,1008,-96
4,1563794117107,-96,1008,-80
4,1563794117109,-80,1008,-96
6,1563794117117,-16,-416,-896
6,1563794117118,0,-416,-896
2,1563794117140,0,1024,96
2,1563794117141,0,1024,96
4,1563794117147,-96,1008,-80
4,1563794117147,-80,1008,-80
6,1563794117153,0,-416,-896
6,1563794117154,0,-416,-896
6,1563794117155,0,-416,-896
2,1563794117184,0,1024,96
2,1563794117185,0,1024,112
4,1563794117198,-96,1008,-80
4,1563794117201,-96,1008,-80
6,1563794117212,0,-416,-896
6,1563794117214,-16,-416,-896
2,1563794117229,0,1024,96
2,1563794117232,0,1024,96
4,1563794117241,-96,1008,-80
4,1563794117242,-80,1008,-80
6,1563794117245,-16,-416,-896
6,1563794117247,0,-416,-896
2,1563794117274,0,1040,96
2,1563794117275,16,1040,96
2,1563794117276,0,1040,96
4,1563794117285,-80,1024,-64
4,1563794117288,-80,1008,-80
4,1563794117290,-80,1008,-80
6,1563794117299,0,-416,-896
6,1563794117301,0,-416,-912
2,1563794117318,16,1024,96
2,1563794117320,16,1024,80
4,1563794117327,-80,1008,-80
4,1563794117329,-80,1008,-80
6,1563794117332,0,-416,-896
6,1563794117334,0,-416,-896
6,1563794117335,0,-416,-896
2,1563794117364,16,1024,96
2,1563794117365,16,1040,80
4,1563794117372,-80,1008,-80
4,1563794117379,-80,1008,-80
6,1563794117388,0,-416,-896
6,1563794117390,0,-416,-896
2,1563794117409,32,1040,96
2,1563794117412,16,1024,80
4,1563794117419,-80,1008,-80
4,1563794117423,-80,1008,-80
6,1563794117432,0,-416,-896
6,1563794117433,0,-416,-896
6,1563794117435,-16,-416,-896
2,1563794117453,16,1024,80
2,1563794117456,16,1024,96
2,1563794117464,16,1040,80
4,1563794117465,-80,1008,-80
4,1563794117466,-80,1008,-80
4,1563794117467,-80,1008,-80
6,1563794117469,0,-416,-896
6,1563794117472,0,-416,-896
2,1563794117499,16,1024,80
2,1563794117500,16,1024,80
4,1563794117508,-80,1024,-64
4,1563794117510,-80,1024,-80
6,1563794117519,0,-416,-896
6,1563794117520,0,-416,-912
2,1563794117543,16,1040,96
2,1563794117545,16,1024,96
4,1563794117554,-80,1008,-80
4,1563794117556,-80,1008,-80
6,1563794117566,0,-416,-896
6,1563794117567,-16,-416,-896
2,1563794117592,16,1024,80
2,1563794117594,16,1024,80
2,1563794117596,16,1024,80
4,1563794117604,-80,1008,-64
4,1563794117606,-80,1008,-80
4,1563794117608,-80,1008,-80
6,1563794117610,0,-416,-896
6,1563794117620,0,-416,-896
6,1563794117621,0,-416,-896
2,1563794117635,16,1024,80
2,1563794117639,32,1024,80
6,1563794117648,0,-416,-896
6,1563794117650,0,-416,-896
2,1563794117679,16,1024,80
2,1563794117680,0,1024,80
4,1563794117685,-80,1008,-80
4,1563794117689,-80,1008,-64
4,1563794117692,-80,1008,-64
4,1563794117694,-80,1008,-64
6,1563794117704,0,-416,-896
6,1563794117705,0,-416,-896
2,1563794117724,0,1040,96
2,1563794117726,0,1024,112
4,1563794117732,-80,1008,-64
4,1563794117733,-80,1008,-64
6,1563794117742,0,-416,-880
6,1563794117744,0,-416,-896
2,1563794117768,0,1040,112
2,1563794117769,0,1024,112
2,1563794117771,0,1024,112
4,1563794117782,-80,1008,-64
4,1563794117784,-80,1008,-64
4,1563794117785,-80,1008,-64
6,1563794117786,0,-416,-896
6,1563794117789,0,-416,-896
6,1563794117791,0,-416,-896
2,1563794117813,0,1040,96
2,1563794117815,0,1024,112
4,1563794117822,-80,1008,-64
4,1563794117824,-80,1008,-80
6,1563794117831,0,-416,-896
6,1563794117833,0,-416,-896
2,1563794117858,0,1024,96
2,1563794117859,16,1024,96
4,1563794117866,-80,1008,-64
4,1563794117867,-64,1008,-80
6,1563794117878,0,-416,-896
6,1563794117880,0,-416,-896
2,1563794117904,32,1024,80
2,1563794117913,16,1024,80
4,1563794117916,-64,1008,-80
4,1563794117919,-80,1008,-80
6,1563794117923,-16,-432,-896
6,1563794117925,-16,-416,-896
2,1563794117949,32,1024,64
2,1563794117951,32,1024,64
2,1563794117952,32,1024,64
4,1563794117961,-64,1008,-96
4,1563794117964,-64,1024,-96
4,1563794117967,-64,1024,-96
6,1563794117975,0,-416,-896
6,1563794117977,0,-416,-896
6,1563794117979,0,-432,-896
2,1563794117993,32,1024,64
2,1563794117996,32,1024,64
4,1563794118003,-64,1008,-96
4,1563794118004,-64,1008,-80
6,1563794118012,0,-432,-896
6,1563794118014,0,-416,-896
2,1563794118040,16,1024,80
2,1563794118041,16,1024,96
4,1563794118045,-80,1008,-80
4,1563794118047,-64,1024,-80
6,1563794118053,0,-416,-896
6,1563794118064,0,-416,-896
2,1563794118083,16,1040,96
2,1563794118084,16,1024,96
4,1563794118092,-64,1024,-80
4,1563794118094,-64,1008,-80
6,1563794118099,0,-432,-896
6,1563794118100,0,-416,-896
2,1563794118129,16,1024,80
2,1563794118130,0,1024,80
2,1563794118131,16,1024,80
4,1563794118137,-80,1008,-80
4,1563794118138,-80,1008,-80
4,1563794118143,-64,1024,-64
6,1563794118153,0,-416,-896
6,1563794118154,0,-416,-896
6,1563794118157,0,-416,-912
2,1563794118173,32,1040,80
2,1563794118178,32,1024,80
4,1563794118180,-64,1008,-80
4,1563794118181,-64,1008,-80
6,1563794118193,0,-432,-896
6,1563794118194,0,-416,-896
2,1563794118219,16,1024,80
2,1563794118222,16,1040,80
4,1563794118231,-80,1008,-80
4,1563794118233,-80,1008,-80
6,1563794118236,0,-416,-896
6,1563794118239,0,-432,-896
2,1563794118262,16,1040,80
2,1563794118264,16,1024,80
2,1563794118265,16,1040,80
4,1563794118270,-80,1008,-80
4,1563794118276,-64,1024,-80
6,1563794118277,0,-416,-896
6,1563794118279,0,-416,-912
2,1563794118307,16,1024,96
2,1563794118308,16,1024,80
4,1563794118319,-80,1008,-80
4,1563794118322,-80,1008,-64
4,1563794118326,-80,1008,-80
6,1563794118334,0,-416,-896
6,1563794118336,0,-416,-896
6,1563794118339,0,-416,-896
2,1563794118352,16,1024,80
2,1563794118354,16,1024,96
4,1563794118361,-80,1008,-80
4,1563794118362,-80,1008,-80
6,1563794118367,0,-416,-896
6,1563794118369,0,-432,-912
2,1563794118398,16,1040,96
2,1563794118399,0,1040,96
4,1563794118409,-80,1008,-80
4,1563794118421,-96,1008,-64
6,1563794118424,0,-416,-896
6,1563794118426,0,-416,-896
2,1563794118443,0,1024,80
2,1563794118446,0,1040,96
2,1563794118448,16,1040,96
4,1563794118456,-80,1008,-80
4,1563794118458,-80,1024,-80
4,1563794118460,-80,1008,-64
6,1563794118470,0,-416,-896
6,1563794118471,0,-416,-896
2,1563794118490,0,1024,80
2,1563794118492,16,1040,80
4,1563794118503,-80,1008,-64
4,1563794118505,-96,1008,-64
6,1563794118507,0,-416,-896
6,1563794118509,0,-416,-896
6,1563794118512,0,-416,-896
2,1563794118534,16,1024,80
2,1563794118536,0,1024,96
4,1563794118543,-80,1008,-64
4,1563794118545,-80,1008,-64
6,1563794118555,0,-416,-896
6,1563794118556,0,-416,-896
2,1563794118578,0,1024,96
2,1563794118580,0,1024,96
4,1563794118587,-80,1008,-64
4,1563794118589,-96,1008,-64
6,1563794118598,-16,-416,-912
6,1563794118600,0,-416,-896
6,1563794118602,0,-416,-896
2,1563794118623,0,1024,96
2,1563794118625,0,1024,96
2,1563794118626,0,1024,96
4,1563794118633,-96,1008,-64
4,1563794118634,-96,1008,-80
4,1563794118636,-96,1008,-64
6,1563794118644,0,-416,-896
6,1563794118645,-16,-416,-912
2,1563794118668,0,1040,96
2,1563794118669,0,1024,96
4,1563794118676,-96,1024,-64
4,1563794118677,-96,1008,-64
6,1563794118683,-16,-416,-896
6,1563794118684,0,-416,-896
2,1563794118714,0,1024,96
2,1563794118716,0,1024,96
4,1563794118722,-96,1008,-64
4,1563794118725,-96,1008,-80
6,1563794118734,0,-416,-896
6,1563794118736,0,-416,-896
2,1563794118759,0,1024,96
2,1563794118761,0,1024,96
4,1563794118768,-96,1008,-64
6,1563794118778,0,-416,-896
6,1563794118780,0,-416,-912
6,1563794118782,0,-416,-896
2,1563794118803,0,1024,96
2,1563794118806,-16,1024,96
2,1563794118808,-16,1024,96
4,1563794118817,-80,1008,-64
4,1563794118819,-96,1008,-64
4,1563794118821,-112,1008,-64
4,1563794118824,-96,1008,-64
6,1563794118826,-16,-416,-896
6,1563794118829,-16,-400,-880
2,1563794118847,-16,1040,96
2,1563794118850,-16,1024,96
4,1563794118858,-96,1008,-64
4,1563794118860,-96,1008,-64
6,1563794118868,0,-416,-896
6,1563794118869,0,-416,-896
2,1563794118892,-16,1024,96
4,1563794118900,-96,1008,-64
6,1563794118910,-16,-416,-896
2,1563794118940,-16,1024,96
4,1563794118947,-96,1008,-64
6,1563794118952,0,-416,-896
2,1563794118984,-16,1024,96
2,1563794118986,-16,1040,96
2,1563794118989,-16,1024,96
2,1563794118991,-16,1024,96
2,1563794118998,-32,1024,96
4,1563794119000,-96,1008,-64
4,1563794119002,-112,1008,-64
4,1563794119004,-112,1008,-48
4,1563794119007,-112,1008,-64
4,1563794119009,-112,1008,-64
6,1563794119011,0,-416,-896
6,1563794119013,0,-416,-896
6,1563794119015,-16,-416,-896
6,1563794119016,-16,-416,-896
6,1563794119017,0,-416,-896
2,1563794119028,-16,1024,96
2,1563794119030,-16,1024,112
4,1563794119038,-112,1008,-64
4,1563794119040,-112,1008,-48
6,1563794119047,-16,-416,-896
6,1563794119048,-16,-416,-896
2,1563794119075,-16,1024,96
2,1563794119077,-16,1024,96
4,1563794119083,-112,1008,-64
4,1563794119084,-112,1008,-64
6,1563794119093,0,-416,-896
6,1563794119094,0,-416,-896
2,1563794119118,-16,1024,96
2,1563794119120,-16,1024,96
2,1563794119122,-16,1024,112
4,1563794119131,-112,1024,-64
4,1563794119133,-112,1008,-48
4,1563794119135,-112,1008,-48
6,1563794119138,-16,-416,-896
6,1563794119141,-16,-416,-912
6,1563794119144,-16,-416,-896
2,1563794119164,-16,1024,96
2,1563794119165,-16,1024,96
4,1563794119173,-112,1008,-48
4,1563794119175,-112,1008,-48
6,1563794119181,-16,-416,-912
6,1563794119182,-16,-416,-896
2,1563794119208,-32,1024,96
2,1563794119209,-32,1024,96
4,1563794119215,-112,1008,-48
4,1563794119216,-112,1008,-48
6,1563794119226,0,-416,-896
6,1563794119227,0,-416,-896
2,1563794119257,-32,1024,112
2,1563794119259,-32,1024,112
4,1563794119267,-112,1008,-48
4,1563794119268,-128,1008,-48
6,1563794119270,-16,-416,-896
6,1563794119273,-16,-416,-912
2,1563794119299,-32,1024,96
2,1563794119300,-48,1024,112
2,1563794119301,-48,1024,96
4,1563794119309,-128,1008,-48
4,1563794119311,-128,1008,-48
4,1563794119313,-128,1008,-48
6,1563794119322,-16,-416,-896
6,1563794119323,-16,-416,-912
6,1563794119326,-16,-416,-896
2,1563794119343,-48,1024,96
2,1563794119345,-48,1040,96
4,1563794119353,-128,1008,-48
4,1563794119355,-128,1008,-48
6,1563794119364,-16,-416,-912
6,1563794119366,-16,-416,-896
2,1563794119389,-32,1024,96
2,1563794119390,-32,1024,96
4,1563794119396,-128,1008,-48
4,1563794119398,-128,1008,-48
6,1563794119403,-16,-416,-896
6,1563794119405,-16,-416,-896
2,1563794119434,-32,1024,96
2,1563794119437,-32,1040,96
4,1563794119449,-112,1008,-48
4,1563794119452,-112,1008,-48
6,1563794119455,-16,-416,-896
6,1563794119457,-16,-416,-896
2,1563794119479,-32,1040,112
2,1563794119482,-32,1024,96
2,1563794119485,-32,1040,112
4,1563794119494,-128,1008,-48
4,1563794119496,-128,1008,-48
4,1563794119498,-128,1008,-64
6,1563794119500,-16,-416,-896
6,1563794119502,-16,-416,-896
6,1563794119506,-16,-416,-896
2,1563794119526,-48,1072,144
2,1563794119528,-16,1056,128
4,1563794119536,-128,1024,-48
4,1563794119539,-112,1024,-48
6,1563794119549,-16,-416,-896
6,1563794119551,-16,-416,-912
2,1563794119569,-48,1008,128
2,1563794119572,-64,1024,128
4,1563794119581,-144,992,-64
4,1563794119582,-144,1008,-48
6,1563794119583,-16,-416,-896
6,1563794119585,-16,-416,-912
6,1563794119588,-16,-416,-896
2,1563794119613,-64,1008,128
2,1563794119613,-64,992,112
4,1563794119624,-112,1008,-48
4,1563794119626,-128,1008,-64
6,1563794119634,-16,-416,-896
6,1563794119635,-16,-416,-896
2,1563794119658,-32,1008,128
2,1563794119660,-16,1008,112
2,1563794119662,-16,1024,112
4,1563794119669,-112,1008,-80
4,1563794119671,-112,1024,-80
4,1563794119674,-96,1024,-80
6,1563794119684,-16,-416,-896
6,1563794119685,0,-416,-896
2,1563794119706,-32,1008,128
2,1563794119709,-48,1024,144
4,1563794119712,-112,1008,-80
4,1563794119721,-112,1008,-64
6,1563794119723,-16,-416,-896
6,1563794119725,0,-416,-912
2,1563794119749,-32,1024,128
2,1563794119750,-48,1024,144
4,1563794119759,-112,1008,-64
4,1563794119761,-128,1008,-64
6,1563794119770,-16,-416,-896
6,1563794119771,-16,-416,-896
6,1563794119772,-16,-400,-912
2,1563794119794,-64,1024,160
2,1563794119795,-48,1024,144
2,1563794119796,-48,1024,144
4,1563794119800,-128,1008,-64
4,1563794119802,-112,1008,-64
6,1563794119811,-16,-416,-896
6,1563794119812,-16,-416,-896
2,1563794119840,-64,1024,144
2,1563794119841,-48,1024,144
4,1563794119846,-128,1008,-64
4,1563794119847,-128,1008,-64
4,1563794119849,-112,1008,-64
6,1563794119854,-16,-416,-896
6,1563794119861,-16,-416,-912
2,1563794119883,-64,1024,144
2,1563794119884,-64,1024,144
4,1563794119894,-128,1008,-64
4,1563794119896,-112,1008,-64
6,1563794119898,-16,-416,-896
6,1563794119899,-16,-416,-896
2,1563794119928,-64,1024,144
2,1563794119929,-48,1024,144
4,1563794119935,-128,1008,-64
4,1563794119938,-112,1008,-64
6,1563794119950,-16,-416,-896
6,1563794119951,-16,-416,-896
6,1563794119953,-16,-416,-896
2,1563794119974,-48,1024,144
2,1563794119975,-48,1024,128
2,1563794119977,-48,1024,144
4,1563794119985,-128,1008,-64
4,1563794119987,-112,1008,-64
4,1563794119990,-128,1008,-64
6,1563794120000,-16,-416,-896
6,1563794120001,-16,-416,-896
2,1563794120018,-48,1024,144
2,1563794120019,-48,1024,144
4,1563794120026,-112,1008,-64
4,1563794120028,-112,1008,-64
6,1563794120034,-16,-416,-912
6,1563794120036,-16,-416,-912
2,1563794120063,-32,1024,144
2,1563794120064,-48,1024,144
4,1563794120074,-128,1008,-64
4,1563794120077,-128,1008,-64
6,1563794120088,-16,-416,-896
6,1563794120091,-16,-400,-896
2,1563794120109,-48,1024,144
2,1563794120110,-48,1024,144
4,1563794120117,-112,1008,-64
4,1563794120119,-112,1008,-64
6,1563794120129,-16,-416,-896
6,1563794120130,-16,-416,-896
6,1563794120132,-16,-416,-912
2,1563794120157,-64,1024,144
2,1563794120159,-48,1024,144
2,1563794120160,-48,1008,144
4,1563794120167,-112,1008,-64
4,1563794120170,-128,1008,-64
4,1563794120173,-128,1008,-64
6,1563794120176,0,-416,-912
6,1563794120178,-16,-400,-896
2,1563794120200,-48,1024,144
2,1563794120202,-48,1024,144
4,1563794120208,-128,1008,-64
4,1563794120210,-128,1008,-64
6,1563794120223,-16,-416,-912
6,1563794120226,-16,-400,-912
2,1563794120243,-48,1024,144
2,1563794120245,-32,1024,144
4,1563794120254,-112,1008,-64
4,1563794120256,-112,1024,-80
6,1563794120264,0,-416,-896
6,1563794120266,0,-416,-896
2,1563794120290,-32,1024,128
2,1563794120292,-32,1024,144
4,1563794120300,-128,1008,-64
4,1563794120302,-112,1008,-64
6,1563794120305,-16,-416,-880
6,1563794120315,-16,-416,-896
6,1563794120316,-16,-416,-896
2,1563794120333,-48,1024,144
2,1563794120335,-32,1024,128
2,1563794120337,-48,1024,128
4,1563794120345,-112,1008,-80
4,1563794120347,-112,1008,-64
4,1563794120349,-112,1008,-64
6,1563794120351,-16,-416,-896
6,1563794120354,-16,-416,-896
2,1563794120378,-48,1024,144
2,1563794120378,-48,1024,144
4,1563794120385,-128,1008,-64
4,1563794120386,-112,1008,-64
6,1563794120395,-16,-416,-896
6,1563794120396,0,-416,-896
2,1563794120423,-48,1024,144
2,1563794120429,-32,1024,128
6,1563794120443,-16,-416,-896
6,1563794120446,-16,-416,-896
2,1563794120470,-32,1024,144
2,1563794120482,-32,1024,128
2,1563794120483,-48,1024,160
4,1563794120485,-112,1008,-64
4,1563794120487,-112,1008,-80
4,1563794120489,-112,1008,-80
4,1563794120492,-112,1008,-64
6,1563794120494,-16,-416,-912
6,1563794120497,-16,-416,-896
6,1563794120498,-16,-416,-912
2,1563794120514,-48,1040,128
2,1563794120515,-32,1024,128
4,1563794120524,-128,1008,-64
4,1563794120527,-112,1008,-80
4,1563794120530,-112,1008,-64
6,1563794120538,0,-416,-912
6,1563794120539,-16,-416,-896
2,1563794120558,-32,1024,128
2,1563794120560,-32,1024,112
4,1563794120566,-112,1008,-80
4,1563794120566,-96,1008,-64
6,1563794120574,0,-416,-912
6,1563794120575,-16,-416,-896
2,1563794120606,-32,1024,128
2,1563794120607,-32,1024,128
4,1563794120619,-112,1008,-64
4,1563794120620,-112,1008,-64
6,1563794120624,0,-416,-896
6,1563794120627,-16,-416,-896
2,1563794120650,-32,1024,128
2,1563794120652,-32,1024,112
2,1563794120655,-32,1024,112
4,1563794120664,-96,1024,-64
4,1563794120666,-112,1008,-80
4,1563794120667,-112,1008,-80
6,1563794120670,-16,-416,-896
6,1563794120672,-16,-416,-896
6,1563794120675,-16,-416,-912
2,1563794120694,-32,1024,112
2,1563794120696,-32,1024,112
4,1563794120702,-96,1008,-80
4,1563794120704,-112,1008,-80
6,1563794120710,-16,-416,-912
6,1563794120712,-16,-416,-896
2,1563794120740,-32,1040,112
2,1563794120741,-16,1040,112
4,1563794120746,-112,1008,-64
4,1563794120747,-112,1008,-64
6,1563794120760,-16,-400,-912
6,1563794120761,0,-416,-896
6,1563794120762,-16,-416,-912
2,1563794120783,-16,1024,112
2,1563794120785,-32,1040,128
4,1563794120796,-112,1008,-80
4,1563794120798,-112,1008,-80
6,1563794120800,-16,-416,-896
6,1563794120802,0,-416,-912
2,1563794120829,-32,1024,128
2,1563794120830,-32,1024,128
2,1563794120831,-16,1040,96
4,1563794120845,-112,1008,-64
4,1563794120846,-112,1008,-64
4,1563794120848,-112,1024,-64
6,1563794120849,-16,-416,-912
6,1563794120850,-16,-416,-896
2,1563794120872,-16,1024,96
2,1563794120874,-16,1040,80
4,1563794120883,-112,1008,-80
4,1563794120885,-112,1008,-80
6,1563794120894,-16,-416,-896
6,1563794120895,-16,-416,-896
2,1563794120918,-16,1024,96
2,1563794120919,-16,1024,96
4,1563794120926,-112,1008,-80
4,1563794120927,-112,1008,-80
6,1563794120934,-16,-416,-896
6,1563794120938,0,-416,-912
6,1563794120940,0,-416,-896
2,1563794120964,-16,1040,96
2,1563794120966,-16,1024,96
4,1563794120976,-112,1008,-80
4,1563794120978,-96,1008,-80
6,1563794120987,0,-416,-896
6,1563794120988,0,-400,-896
2,1563794121008,-16,1024,96
2,1563794121010,-16,1024,96
2,1563794121018,-16,1040,80
4,1563794121020,-96,1008,-80
4,1563794121022,-96,1008,-80
4,1563794121024,-96,1008,-80
6,1563794121034,-16,-416,-896
6,1563794121035,0,-416,-896
2,1563794121056,-16,1040,96
2,1563794121057,-16,1040,80
4,1563794121062,-96,1008,-80
4,1563794121062,-96,1008,-96
6,1563794121068,0,-416,-912
6,1563794121069,-16,-416,-896
2,1563794121099,0,1040,80
2,1563794121101,0,1040,80
4,1563794121108,-96,1008,-96
4,1563794121111,-96,1008,-96
6,1563794121119,-16,-416,-896
6,1563794121122,0,-416,-896
6,1563794121124,0,-432,-896
2,1563794121142,0,1024,64
2,1563794121143,16,1024,64
2,1563794121145,0,1024,64
4,1563794121150,-96,1008,-96
4,1563794121151,-96,1008,-96
6,1563794121161,0,-416,-896
6,1563794121162,0,-416,-896
2,1563794121189,16,1040,80
4,1563794121196,-80,1008,-96
6,1563794121203,0,-416,-912
2,1563794121233,16,1040,80
4,1563794121241,-80,1008,-96
6,1563794121248,0,-432,-896
2,1563794121278,0,1040,80
2,1563794121280,0,1024,64
2,1563794121281,0,1040,80
2,1563794121283,0,1040,80
4,1563794121292,-80,1008,-96
4,1563794121294,-80,1008,-96
4,1563794121296,-96,1008,-96
4,1563794121297,-80,1008,-96
4,1563794121299,-80,1008,-112
6,1563794121307,0,-416,-896
6,1563794121309,0,-432,-896
6,1563794121311,0,-416,-896
6,1563794121313,0,-432,-896
6,1563794121314,0,-432,-896
2,1563794121325,0,1024,80
2,1563794121326,0,1024,80
2,1563794121328,0,1024,80
4,1563794121333,-80,1008,-112
4,1563794121335,-80,1008,-96
6,1563794121342,-16,-432,-896
6,1563794121343,-16,-432,-896
2,1563794121368,0,1024,80
2,1563794121369,0,1040,80
4,1563794121378,-80,1008,-112
4,1563794121379,-80,1008,-96
4,1563794121380,-80,1008,-112
6,1563794121383,0,-432,-896
6,1563794121384,0,-432,-912
2,1563794121415,0,1040,80
2,1563794121418,0,1024,64
4,1563794121429,-80,1008,-112
4,1563794121430,-80,1008,-112
6,1563794121431,0,-432,-896
6,1563794121432,0,-432,-896
2,1563794121458,0,1024,80
2,1563794121459,0,1024,80
4,1563794121465,-64,1008,-112
4,1563794121467,-64,992,-112
6,1563794121480,0,-432,-896
6,1563794121483,0,-432,-896
6,1563794121487,0,-432,-896
2,1563794121509,-16,1024,96
2,1563794121511,0,1040,96
2,1563794121513,-16,1040,112
4,1563794121524,-64,1008,-112
4,1563794121526,-64,1008,-112
4,1563794121527,-64,1008,-112
6,1563794121529,0,-432,-896
6,1563794121530,0,-416,-896
2,1563794121548,-16,1024,96
2,1563794121549,-16,1040,80
4,1563794121556,-64,1008,-112
4,1563794121558,-48,1008,-128
6,1563794121565,0,-448,-896
6,1563794121566,0,-432,-880
2,1563794121593,16,1040,80
2,1563794121594,16,1024,80
4,1563794121600,-48,1008,-128
4,1563794121601,-48,1008,-128
6,1563794121610,0,-432,-896
6,1563794121611,0,-432,-912
2,1563794121640,16,1024,80
2,1563794121643,32,1040,64
4,1563794121651,-32,1008,-144
4,1563794121654,-32,1008,-144
6,1563794121663,0,-448,-880
6,1563794121665,0,-448,-896
6,1563794121667,0,-448,-896
2,1563794121683,32,1024,64
2,1563794121686,32,1024,48
2,1563794121688,48,1024,64
4,1563794121698,-32,1008,-144
4,1563794121699,-32,1008,-160
4,1563794121700,-16,1008,-160
6,1563794121702,0,-448,-880
6,1563794121705,0,-448,-880
2,1563794121728,48,1024,64
2,1563794121729,48,1024,64
4,1563794121735,-16,1008,-160
4,1563794121738,-16,1008,-160
6,1563794121747,0,-448,-880
6,1563794121750,0,-448,-896
6,1563794121751,16,-448,-880
2,1563794121776,48,1024,64
2,1563794121784,64,1040,64
4,1563794121786,-16,1008,-160
4,1563794121788,-16,1008,-144
6,1563794121797,16,-448,-880
6,1563794121799,0,-448,-880
2,1563794121818,48,1040,64
2,1563794121819,32,1040,64
2,1563794121820,32,1040,80
4,1563794121825,-16,1008,-144
4,1563794121826,-32,1008,-160
6,1563794121834,16,-448,-896
6,1563794121835,16,-448,-880
2,1563794121863,32,1040,64
2,1563794121864,32,1040,80
4,1563794121870,-16,1008,-144
4,1563794121878,-16,1008,-144
4,1563794121880,-32,992,-144
6,1563794121882,0,-448,-880
6,1563794121883,0,-448,-880
2,1563794121910,32,1024,80
2,1563794121913,16,1040,80
4,1563794121926,-32,1008,-144
4,1563794121928,-32,1008,-144
6,1563794121931,0,-448,-880
6,1563794121933,0,-448,-880
6,1563794121934,0,-448,-896
2,1563794121957,32,1040,96
2,1563794121957,32,1024,96
4,1563794121965,-32,1008,-144
4,1563794121966,-32,992,-144
6,1563794121968,0,-448,-880
6,1563794121968,0,-448,-880
2,1563794121999,16,1024,80
2,1563794122000,16,1040,96
2,1563794122002,32,1040,80
6,1563794122015,0,-448,-896
6,1563794122016,0,-448,-880
2,1563794122046,48,1040,80
2,1563794122052,48,1040,64
4,1563794122063,-32,1008,-144
4,1563794122066,-32,1008,-144
4,1563794122068,-16,1008,-144
4,1563794122070,-32,1008,-144
4,1563794122072,-16,1008,-144
6,1563794122075,0,-448,-880
6,1563794122077,16,-448,-880
2,1563794122087,48,1024,64
2,1563794122096,48,1024,80
4,1563794122098,-16,1008,-144
4,1563794122100,-32,992,-144
6,1563794122103,0,-448,-880
6,1563794122112,0,-448,-880
6,1563794122113,0,-448,-896
2,1563794122132,32,1040,64
2,1563794122133,32,1040,80
4,1563794122142,-16,1008,-144
4,1563794122143,-16,1008,-144
6,1563794122148,0,-448,-880
6,1563794122149,0,-448,-880
2,1563794122179,48,1040,80
2,1563794122180,32,1024,80
2,1563794122181,32,1024,64
4,1563794122187,-32,1008,-144
4,1563794122190,-32,1008,-144
4,1563794122199,-32,1008,-144
6,1563794122200,0,-448,-880
6,1563794122203,0,-448,-896
2,1563794122223,16,1024,80
2,1563794122226,16,1024,80
4,1563794122234,-32,1008,-144
4,1563794122237,-32,1008,-144
6,1563794122245,16,-448,-880
6,1563794122247,0,-448,-880
4,1563794122275,-32,1008,-144
4,1563794122277,-32,1008,-144
6,1563794122284,0,-448,-880
6,1563794122286,0,-448,-880
6,1563794122287,0,-448,-880
2,1563794122314,32,1024,96
2,1563794122316,32,1040,80
2,1563794122317,32,1024,80
2,1563794122319,32,1024,80
4,1563794122328,-32,1008,-144
4,1563794122329,-32,1008,-144
6,1563794122331,0,-448,-880
6,1563794122340,0,-448,-880
2,1563794122358,48,1024,64
2,1563794122366,64,1024,48
2,1563794122368,80,1024,32
4,1563794122371,-16,1008,-144
4,1563794122373,-16,1008,-144
4,1563794122375,-16,1008,-160
6,1563794122383,0,-448,-880
6,1563794122385,16,-448,-880
2,1563794122407,112,1024,16
2,1563794122408,112,1040,16
4,1563794122420,-16,1024,-160
4,1563794122424,-16,1024,-160
6,1563794122427,0,-448,-880
6,1563794122439,16,-448,-896
2,1563794122451,96,1040,32
2,1563794122454,80,1040,48
4,1563794122464,-32,1024,-128
4,1563794122465,-32,1024,-144
6,1563794122466,16,-448,-896
6,1563794122467,0,-448,-896
6,1563794122468,0,-432,-896
2,1563794122493,48,1040,48
2,1563794122495,16,1024,80
2,1563794122496,-16,1024,112
4,1563794122502,-64,1024,-128
4,1563794122503,-64,1008,-96
6,1563794122511,0,-432,-896
6,1563794122513,0,-432,-896
2,1563794122540,-48,1040,144
2,1563794122541,-80,1040,160
4,1563794122548,-80,992,-80
4,1563794122550,-96,1008,-64
4,1563794122552,-112,1008,-48
6,1563794122554,0,-416,-896
6,1563794122557,0,-416,-912
2,1563794122584,-80,1056,160
2,1563794122587,-48,1040,128
4,1563794122595,-112,1008,-64
4,1563794122597,-96,1008,-80
6,1563794122608,-16,-416,-896
6,1563794122609,-16,-432,-896
2,1563794122628,-16,1040,112
2,1563794122630,16,1024,80
4,1563794122636,-80,1008,-80
4,1563794122637,-64,1008,-96
6,1563794122647,0,-432,-896
6,1563794122649,0,-432,-896
6,1563794122650,0,-432,-896
2,1563794122674,32,1024,80
2,1563794122676,48,1024,48
2,1563794122678,64,1024,48
4,1563794122687,-64,1008,-96
4,1563794122690,-64,1008,-96
6,1563794122699,0,-432,-896
6,1563794122700,0,-432,-880
2,1563794122718,48,1040,48
2,1563794122719,32,1040,48
4,1563794122728,-64,1008,-112
4,1563794122730,-64,1024,-96
4,1563794122731,-64,1008,-96
6,1563794122733,0,-432,-896
6,1563794122736,0,-432,-896
2,1563794122762,32,1024,64
2,1563794122763,32,1024,80
4,1563794122772,-64,1008,-96
4,1563794122775,-80,1024,-96
6,1563794122786,0,-432,-896
6,1563794122787,0,-432,-896
2,1563794122808,16,1040,80
2,1563794122809,16,1024,80
4,1563794122817,-80,1008,-80
4,1563794122822,-80,1008,-96
6,1563794122831,0,-432,-896
6,1563794122832,0,-432,-896
6,1563794122833,0,-432,-896
2,1563794122855,0,1024,80
2,1563794122856,16,1040,80
2,1563794122857,16,1024,80
4,1563794122861,-80,1008,-80
4,1563794122862,-80,1008,-80
6,1563794122867,0,-432,-896
6,1563794122868,0,-432,-896
2,1563794122898,16,1024,80
2,1563794122900,16,1024,80
4,1563794122907,-80,1008,-96
4,1563794122910,-80,1008,-80
4,1563794122913,-80,1008,-96
6,1563794122924,0,-432,-880
6,1563794122927,0,-432,-896
6,1563794122929,0,-432,-896
2,1563794122944,32,1024,80
2,1563794122947,32,1040,80
4,1563794122955,-64,1024,-80
4,1563794122958,-80,1024,-96
6,1563794122960,0,-432,-896
6,1563794122969,0,-432,-896
2,1563794122988,32,1040,64
2,1563794122993,32,1024,64
4,1563794122995,-80,1024,-96
4,1563794122997,-80,1024,-96
6,1563794123008,0,-432,-896
6,1563794123009,0,-432,-896
2,1563794123032,32,1024,64
2,1563794123035,32,1024,64
2,1563794123036,32,1024,80
4,1563794123044,-80,1008,-80
4,1563794123047,-80,1008,-80
4,1563794123049,-80,1024,-96
6,1563794123051,0,-432,-896
6,1563794123053,0,-432,-896
2,1563794123077,32,1040,80
2,1563794123078,32,1024,96
4,1563794123086,-80,1008,-80
4,1563794123095,-80,1008,-80
6,1563794123097,0,-432,-896
6,1563794123098,0,-416,-896
6,1563794123099,0,-432,-896
2,1563794123123,16,1024,80
2,1563794123127,16,1024,80
4,1563794123136,-80,1008,-80
4,1563794123140,-80,1008,-80
6,1563794123148,0,-432,-896
6,1563794123150,0,-416,-896
2,1563794123167,16,1040,80
2,1563794123171,16,1040,80
2,1563794123173,16,1024,80
4,1563794123180,-80,1008,-80
4,1563794123182,-80,1024,-80
6,1563794123184,0,-416,-896
6,1563794123188,0,-432,-896
2,1563794123212,16,1024,80
2,1563794123214,16,1024,80
4,1563794123223,-80,1008,-80
4,1563794123225,-80,1008,-80
4,1563794123226,-80,1008,-80
6,1563794123232,0,-416,-896
6,1563794123234,0,-432,-896
2,1563794123258,16,1040,80
2,1563794123265,16,1024,80
4,1563794123266,-80,1008,-80
4,1563794123267,-80,1024,-80
6,1563794123276,0,-432,-896
6,1563794123277,0,-432,-896
6,1563794123279,0,-432,-896
2,1563794123306,16,1024,80
2,1563794123307,16,1024,80
4,1563794123314,-80,1008,-80
4,1563794123319,-80,1008,-80
6,1563794123323,0,-432,-896
6,1563794123326,0,-432,-896
2,1563794123350,16,1024,80
2,1563794123352,16,1024,80
2,1563794123355,16,1024,80
4,1563794123364,-80,1008,-80
4,1563794123365,-80,1008,-80
6,1563794123366,0,-416,-896
6,1563794123367,0,-416,-896
2,1563794123394,16,1024,80
2,1563794123396,16,1040,80
4,1563794123405,-80,1008,-96
4,1563794123407,-80,1024,-80
4,1563794123408,-80,1008,-80
6,1563794123415,0,-432,-896
6,1563794123417,0,-432,-896
2,1563794123439,16,1040,80
2,1563794123440,32,1040,80
4,1563794123448,-64,1008,-80
4,1563794123449,-80,1008,-96
6,1563794123458,0,-416,-896
6,1563794123459,0,-432,-896
6,1563794123460,0,-432,-896
2,1563794123482,16,1024,80
2,1563794123483,16,1024,80
4,1563794123493,-80,1008,-80
4,1563794123495,-80,1008,-80
6,1563794123497,0,-432,-896
6,1563794123499,0,-432,-896
2,1563794123529,16,1040,80
2,1563794123530,16,1040,80
2,1563794123532,16,1040,80
4,1563794123536,-80,1008,-80
4,1563794123537,-80,1024,-80
6,1563794123543,0,-432,-896
6,1563794123550,0,-432,-880
2,1563794123576,16,1040,80
2,1563794123578,16,1024,80
4,1563794123588,-80,1008,-80
4,1563794123590,-80,1008,-96
4,1563794123592,-80,1008,-80
6,1563794123595,0,-432,-896
6,1563794123597,-16,-432,-896
2,1563794123621,16,1040,96
2,1563794123622,32,1024,80
4,1563794123628,-64,1008,-96
4,1563794123629,-64,1008,-80
6,1563794123635,0,-432,-896
6,1563794123637,0,-432,-896
6,1563794123640,0,-432,-896
2,1563794123664,32,1024,64
2,1563794123664,48,1040,64
4,1563794123672,-64,1008,-96
4,1563794123673,-64,1008,-96
6,1563794123686,0,-432,-896
6,1563794123688,0,-432,-896
2,1563794123708,48,1040,64
2,1563794123711,48,1024,80
2,1563794123713,48,1040,80
4,1563794123725,-64,1008,-96
