5,1562491744657,-640,288,-736
3,1562491744661,976,32,368
3,1562491744665,960,32,368
1,1562491744674,-672,-416,-608
1,1562491744678,-672,-400,-624
5,1562491744682,-640,288,-752
5,1562491744693,-656,288,-752
5,1562491744698,-656,288,-736
3,1562491744703,976,32,368
3,1562491744707,976,32,368
1,1562491744714,-672,-400,-608
1,1562491744719,-672,-416,-624
5,1562491744726,-656,288,-736
5,1562491744730,-640,288,-752
3,1562491744736,976,32,368
3,1562491744740,976,32,368
1,1562491744752,-672,-416,-608
1,1562491744757,-672,-400,-624
5,1562491744761,-656,288,-736
5,1562491744765,-640,288,-736
3,1562491744776,960,32,368
3,1562491744780,976,32,368
1,1562491744792,-672,-416,-624
1,1562491744796,-672,-416,-624
1,1562491744802,-672,-400,-624
5,1562491744807,-640,288,-736
5,1562491744811,-640,288,-736
3,1562491744816,976,32,352
3,1562491744820,976,32,368
1,1562491744832,-672,-400,-608
1,1562491744836,-672,-416,-624
5,1562491744841,-640,288,-736
5,1562491744845,-640,288,-736
3,1562491744863,976,32,368
3,1562491744867,976,32,368
1,1562491744874,-672,-416,-608
5,1562491744883,-640,288,-736
5,1562491744887,-640,288,-736
3,1562491744895,976,32,368
3,1562491744902,976,32,368
1,1562491744914,-672,-416,-608
1,1562491744918,-672,-416,-608
1,1562491744922,-672,-416,-624
5,1562491744926,-640,288,-736
5,1562491744931,-656,288,-736
3,1562491744938,976,32,368
3,1562491744943,976,32,368
1,1562491744952,-672,-416,-608
1,1562491744957,-672,-416,-624
5,1562491744968,-656,288,-752
5,1562491744973,-656,288,-736
3,1562491744982,960,32,368
3,1562491744986,960,32,368
1,1562491744993,-672,-400,-624
5,1562491745001,-640,288,-736
5,1562491745007,-640,288,-736
3,1562491745018,976,32,368
3,1562491745023,976,32,368
3,1562491745027,976,32,352
1,1562491745034,-672,-400,-624
1,1562491745039,-672,-400,-608
1,1562491745043,-672,-416,-624
5,1562491745047,-656,288,-736
5,1562491745052,-656,288,-736
3,1562491745058,976,32,368
3,1562491745062,976,32,368
1,1562491745076,-672,-416,-608
1,1562491745080,-672,-400,-624
5,1562491745085,-640,288,-752
5,1562491745089,-640,288,-752
3,1562491745094,976,32,368
1,1562491745113,-672,-400,-624
1,1562491745118,-672,-416,-640
5,1562491745122,-656,288,-736
5,1562491745126,-640,288,-736
3,1562491745134,976,32,368
3,1562491745138,976,32,368
3,1562491745142,976,32,368
1,1562491745151,-672,-400,-624
1,1562491745155,-672,-400,-624
5,1562491745164,-640,288,-736
5,1562491745168,-640,288,-736
3,1562491745176,976,32,368
3,1562491745180,976,32,368
1,1562491745193,-672,-416,-608
1,1562491745198,-672,-400,-608
5,1562491745202,-640,288,-752
5,1562491745206,-640,288,-736
3,1562491745214,960,32,368
3,1562491745218,960,32,368
1,1562491745232,-672,-400,-624
1,1562491745236,-672,-400,-624
5,1562491745248,-640,288,-736
5,1562491745253,-656,288,-736
3,1562491745258,976,32,368
3,1562491745263,976,32,368
1,1562491745273,-672,-416,-608
1,1562491745277,-672,-400,-624
5,1562491745282,-640,288,-736
5,1562491745286,-640,288,-752
3,1562491745294,960,32,368
3,1562491745302,976,32,368
1,1562491745313,-672,-416,-624
1,1562491745319,-672,-416,-624
5,1562491745333,-640,288,-736
5,1562491745337,-656,288,-752
5,1562491745341,-640,288,-736
3,1562491745345,976,32,368
3,1562491745349,976,32,368
1,1562491745356,-672,-416,-624
1,1562491745360,-672,-416,-608
5,1562491745365,-640,288,-736
5,1562491745369,-640,288,-736
3,1562491745375,976,32,368
3,1562491745379,976,32,368
1,1562491745392,-672,-416,-608
1,1562491745396,-672,-416,-624
5,1562491745400,-656,288,-736
5,1562491745404,-640,288,-736
3,1562491745415,976,32,368
3,1562491745419,976,32,368
1,1562491745435,-688,-416,-608
1,1562491745443,-672,-416,-608
5,1562491745447,-640,288,-736
5,1562491745451,-640,288,-736
3,1562491745455,976,32,368
3,1562491745459,976,32,368
1,1562491745473,-672,-416,-624
1,1562491745477,-672,-416,-624
5,1562491745481,-640,288,-736
5,1562491745485,-640,288,-736
3,1562491745493,976,32,368
3,1562491745501,976,32,368
1,1562491745512,-672,-400,-624
1,1562491745516,-672,-400,-624
5,1562491745520,-640,288,-736
5,1562491745524,-640,288,-752
3,1562491745535,976,32,368
3,1562491745540,976,32,368
1,1562491745553,-672,-400,-624
1,1562491745558,-672,-400,-624
5,1562491745562,-640,288,-752
5,1562491745566,-656,288,-736
3,1562491745573,976,32,368
3,1562491745577,976,32,368
1,1562491745591,-672,-400,-624
1,1562491745599,-672,-400,-624
5,1562491745628,-640,288,-752
5,1562491745632,-656,288,-736
3,1562491745637,976,32,352
3,1562491745641,976,32,352
1,1562491745645,-672,-400,-624
1,1562491745649,-672,-400,-624
1,1562491745653,-672,-416,-608
5,1562491745657,-656,288,-736
5,1562491745661,-640,288,-736
3,1562491745665,976,32,368
3,1562491745670,976,32,368
1,1562491745678,-672,-400,-608
1,1562491745682,-672,-416,-608
5,1562491745687,-656,288,-736
5,1562491745691,-640,304,-736
3,1562491745696,960,32,352
3,1562491745701,976,32,368
1,1562491745713,-672,-416,-608
5,1562491745722,-656,288,-736
5,1562491745726,-656,288,-736
3,1562491745734,976,32,352
3,1562491745738,976,32,368
3,1562491745743,976,32,368
1,1562491745755,-672,-416,-624
1,1562491745760,-672,-416,-608
1,1562491745764,-672,-416,-608
5,1562491745768,-640,288,-736
5,1562491745772,-640,288,-736
3,1562491745777,960,32,368
3,1562491745782,960,32,368
1,1562491745793,-672,-416,-624
1,1562491745797,-672,-416,-624
5,1562491745803,-640,288,-736
5,1562491745807,-640,288,-736
3,1562491745814,976,32,368
1,1562491745831,-672,-416,-624
5,1562491745841,-656,288,-736
5,1562491745845,-640,288,-736
3,1562491745855,960,32,368
3,1562491745860,976,32,368
3,1562491745864,976,32,368
1,1562491745873,-672,-400,-624
1,1562491745877,-672,-400,-608
1,1562491745881,-672,-416,-624
5,1562491745885,-640,288,-736
5,1562491745889,-640,288,-736
3,1562491745894,960,32,368
3,1562491745899,976,32,368
5,1562491745923,-640,288,-736
5,1562491745927,-640,288,-752
3,1562491745936,976,32,368
3,1562491745941,976,32,368
1,1562491745955,-672,-416,-624
1,1562491745959,-672,-400,-624
1,1562491745964,-672,-400,-624
1,1562491745968,-672,-400,-624
5,1562491745972,-640,304,-736
5,1562491745976,-640,288,-736
3,1562491745980,976,32,368
3,1562491745984,976,32,368
1,1562491745992,-672,-400,-624
1,1562491745996,-672,-400,-624
5,1562491746000,-640,288,-736
5,1562491746009,-640,288,-736
5,1562491746013,-656,288,-736
3,1562491746017,976,32,368
3,1562491746021,976,32,368
1,1562491746033,-672,-416,-624
1,1562491746037,-672,-416,-608
5,1562491746041,-640,288,-736
5,1562491746045,-640,288,-736
3,1562491746055,976,32,368
3,1562491746059,976,32,368
1,1562491746073,-672,-400,-624
1,1562491746079,-672,-416,-608
5,1562491746106,-640,288,-736
5,1562491746112,-640,288,-736
3,1562491746117,976,32,352
3,1562491746125,976,32,368
1,1562491746130,-672,-400,-608
1,1562491746134,-672,-416,-608
5,1562491746138,-640,288,-736
5,1562491746143,-656,288,-736
3,1562491746147,976,32,368
3,1562491746151,976,32,368
1,1562491746155,-672,-416,-624
1,1562491746159,-672,-400,-624
5,1562491746164,-640,288,-736
5,1562491746168,-640,288,-736
3,1562491746175,976,32,352
3,1562491746179,976,32,368
1,1562491746195,-672,-416,-624
1,1562491746199,-672,-416,-608
5,1562491746204,-640,288,-752
3,1562491746215,976,32,368
3,1562491746219,976,32,368
1,1562491746233,-672,-416,-608
1,1562491746237,-672,-416,-608
5,1562491746244,-656,288,-736
5,1562491746248,-640,288,-752
5,1562491746252,-640,288,-752
3,1562491746256,960,32,352
3,1562491746260,976,32,368
1,1562491746276,-672,-416,-608
1,1562491746281,-672,-400,-624
5,1562491746285,-640,288,-752
5,1562491746289,-640,288,-736
3,1562491746305,976,32,368
3,1562491746309,976,32,368
5,1562491746323,-640,288,-736
5,1562491746328,-640,288,-736
3,1562491746336,976,32,368
3,1562491746340,976,32,368
1,1562491746357,-672,-416,-624
1,1562491746365,-672,-400,-624
1,1562491746373,-672,-400,-608
1,1562491746378,-672,-400,-624
5,1562491746382,-640,288,-752
5,1562491746386,-640,288,-736
3,1562491746391,976,32,368
3,1562491746396,976,32,368
1,1562491746402,-672,-416,-608
1,1562491746407,-672,-400,-608
5,1562491746412,-640,288,-736
5,1562491746416,-640,288,-736
3,1562491746420,976,32,368
3,1562491746424,960,32,368
1,1562491746432,-672,-400,-608
1,1562491746436,-672,-400,-624
5,1562491746446,-640,288,-752
5,1562491746450,-656,288,-736
3,1562491746455,976,32,368
3,1562491746460,976,32,368
3,1562491746464,976,32,368
1,1562491746474,-672,-400,-608
1,1562491746478,-672,-400,-624
1,1562491746482,-672,-400,-624
5,1562491746486,-640,288,-736
5,1562491746491,-640,288,-752
3,1562491746495,976,32,368
3,1562491746499,976,32,368
1,1562491746515,-672,-400,-624
1,1562491746519,-672,-400,-624
5,1562491746536,-640,288,-736
5,1562491746540,-640,288,-752
3,1562491746545,976,32,368
1,1562491746552,-672,-416,-624
5,1562491746563,-640,288,-736
5,1562491746567,-640,288,-736
3,1562491746575,976,32,368
3,1562491746579,976,32,368
3,1562491746583,976,32,368
1,1562491746593,-672,-416,-608
1,1562491746597,-672,-416,-608
1,1562491746601,-672,-416,-608
5,1562491746605,-656,288,-736
5,1562491746608,-640,288,-736
3,1562491746617,960,32,368
3,1562491746622,976,32,368
1,1562491746632,-672,-416,-608
1,1562491746636,-672,-416,-608
5,1562491746643,-640,288,-736
5,1562491746648,-656,288,-736
5,1562491746652,-640,288,-736
3,1562491746656,960,32,368
3,1562491746661,960,32,368
1,1562491746672,-672,-416,-608
1,1562491746676,-672,-416,-624
5,1562491746682,-640,288,-736
5,1562491746686,-640,288,-736
3,1562491746694,976,32,368
3,1562491746702,976,32,368
1,1562491746719,-672,-416,-624
1,1562491746727,-672,-416,-624
5,1562491746737,-656,288,-736
5,1562491746742,-656,288,-736
3,1562491746746,976,32,368
3,1562491746750,976,32,368
1,1562491746758,-672,-416,-624
1,1562491746762,-672,-400,-624
5,1562491746769,-640,288,-736
5,1562491746773,-640,288,-736
3,1562491746784,976,32,368
3,1562491746789,960,32,368
1,1562491746794,-672,-400,-624
1,1562491746801,-688,-400,-624
5,1562491746806,-656,288,-736
5,1562491746811,-640,288,-736
3,1562491746816,976,32,368
3,1562491746823,976,32,368
1,1562491746837,-672,-400,-624
1,1562491746841,-672,-400,-608
5,1562491746849,-656,288,-736
5,1562491746854,-656,288,-720
3,1562491746859,976,32,368
3,1562491746863,976,32,368
1,1562491746874,-672,-400,-624
1,1562491746878,-672,-400,-608
5,1562491746884,-640,288,-736
5,1562491746889,-640,288,-736
3,1562491746895,960,32,368
3,1562491746899,976,32,368
1,1562491746914,-672,-400,-608
1,1562491746922,-672,-416,-624
5,1562491746929,-656,288,-736
5,1562491746937,-640,288,-736
1,1562491746953,-672,-400,-624
1,1562491746958,-688,-416,-608
5,1562491746965,-656,288,-736
5,1562491746970,-640,288,-736
3,1562491746992,960,32,368
3,1562491746999,976,32,368
3,1562491747008,960,32,368
3,1562491747019,976,32,368
3,1562491747023,960,32,368
5,1562491747027,-656,288,-736
3,1562491747031,976,32,368
1,1562491747038,-672,-400,-608
5,1562491747042,-640,288,-736
1,1562491747046,-672,-416,-608
1,1562491747058,-672,-416,-624
5,1562491747062,-640,288,-736
1,1562491747067,-672,-416,-624
5,1562491747072,-640,288,-736
3,1562491747076,976,16,352
3,1562491747081,976,32,368
1,1562491747085,-672,-416,-624
1,1562491747089,-672,-416,-608
5,1562491747093,-640,288,-736
5,1562491747097,-640,288,-736
3,1562491747102,976,32,368
3,1562491747106,976,32,368
1,1562491747115,-672,-400,-608
1,1562491747119,-672,-400,-608
5,1562491747124,-656,288,-736
5,1562491747128,-656,288,-736
3,1562491747136,976,32,368
3,1562491747140,976,32,368
1,1562491747157,-672,-416,-624
1,1562491747162,-672,-400,-624
5,1562491747166,-640,288,-736
5,1562491747171,-640,288,-736
3,1562491747177,976,32,368
3,1562491747182,976,32,368
3,1562491747186,976,32,368
1,1562491747194,-672,-400,-624
1,1562491747199,-688,-400,-624
5,1562491747207,-656,288,-736
5,1562491747211,-656,288,-752
3,1562491747216,976,32,368
3,1562491747221,960,32,368
1,1562491747233,-672,-400,-624
1,1562491747237,-672,-416,-624
5,1562491747242,-640,288,-736
5,1562491747246,-656,288,-752
3,1562491747256,976,32,368
1,1562491747274,-672,-400,-624
1,1562491747278,-672,-400,-624
5,1562491747283,-640,288,-736
5,1562491747288,-640,288,-736
5,1562491747292,-640,288,-736
3,1562491747301,960,48,368
3,1562491747305,976,32,368
3,1562491747309,960,32,352
1,1562491747316,-672,-400,-624
1,1562491747320,-672,-400,-608
1,1562491747325,-672,-400,-624
5,1562491747329,-640,288,-736
5,1562491747334,-640,288,-736
3,1562491747338,976,32,368
3,1562491747342,976,32,368
1,1562491747352,-672,-416,-608
1,1562491747358,-672,-416,-624
5,1562491747364,-640,288,-736
5,1562491747368,-640,288,-736
3,1562491747374,976,32,368
3,1562491747379,976,32,368
1,1562491747392,-672,-400,-624
5,1562491747400,-640,288,-736
5,1562491747405,-640,288,-736
3,1562491747427,976,32,368
3,1562491747433,976,32,368
1,1562491747442,-672,-400,-624
1,1562491747446,-672,-400,-608
1,1562491747450,-672,-416,-608
5,1562491747454,-640,288,-736
5,1562491747459,-640,288,-736
3,1562491747463,976,32,368
3,1562491747467,976,32,368
1,1562491747472,-672,-416,-624
1,1562491747477,-672,-400,-624
5,1562491747482,-640,288,-736
5,1562491747486,-640,288,-736
3,1562491747494,976,32,368
3,1562491747498,976,32,368
1,1562491747512,-672,-400,-608
1,1562491747515,-672,-400,-608
5,1562491747521,-640,288,-736
5,1562491747525,-640,288,-736
3,1562491747535,976,32,368
3,1562491747539,960,32,352
1,1562491747553,-672,-416,-608
1,1562491747557,-672,-416,-608
5,1562491747562,-640,288,-736
5,1562491747566,-640,288,-736
3,1562491747576,976,32,368
3,1562491747580,976,32,368
1,1562491747593,-672,-416,-608
1,1562491747597,-672,-400,-608
5,1562491747602,-640,288,-736
5,1562491747605,-640,288,-736
3,1562491747615,976,32,368
3,1562491747619,960,32,368
1,1562491747633,-672,-400,-624
1,1562491747637,-672,-416,-608
5,1562491747642,-656,288,-736
5,1562491747646,-656,288,-736
3,1562491747656,976,32,368
3,1562491747660,976,32,368
1,1562491747672,-672,-400,-624
1,1562491747676,-672,-400,-624
5,1562491747682,-640,288,-752
5,1562491747686,-640,304,-752
3,1562491747704,976,32,368
3,1562491747708,976,32,368
1,1562491747717,-672,-400,-624
1,1562491747721,-672,-400,-624
5,1562491747728,-640,288,-736
5,1562491747734,-640,288,-736
3,1562491747751,976,32,368
3,1562491747755,976,32,368
1,1562491747761,-672,-400,-624
1,1562491747768,-672,-416,-624
5,1562491747775,-656,288,-752
5,1562491747780,-640,288,-736
3,1562491747794,976,32,368
1,1562491747806,-672,-416,-624
3,1562491747812,976,32,368
1,1562491747816,-672,-416,-608
5,1562491747821,-640,288,-752
5,1562491747826,-640,288,-736
3,1562491747830,976,32,368
3,1562491747835,976,32,368
1,1562491747840,-672,-416,-608
1,1562491747844,-672,-416,-624
5,1562491747849,-640,288,-736
5,1562491747854,-640,288,-736
3,1562491747858,976,32,368
3,1562491747862,976,32,368
1,1562491747873,-672,-400,-624
1,1562491747878,-672,-416,-624
5,1562491747886,-640,288,-736
5,1562491747891,-640,288,-736
3,1562491747896,976,32,352
3,1562491747901,976,32,368
3,1562491747905,976,32,368
1,1562491747912,-672,-400,-624
1,1562491747918,-672,-400,-624
5,1562491747924,-640,288,-736
5,1562491747929,-656,288,-736
5,1562491747933,-640,288,-752
3,1562491747938,976,32,368
3,1562491747942,976,32,368
1,1562491747952,-672,-416,-608
1,1562491747957,-672,-416,-608
5,1562491747963,-640,288,-736
5,1562491747967,-640,288,-736
3,1562491747975,976,32,368
1,1562491747995,-672,-400,-624
1,1562491748004,-672,-416,-624
5,1562491748008,-656,288,-736
5,1562491748013,-640,288,-736
3,1562491748019,976,32,368
3,1562491748024,976,32,368
3,1562491748028,976,32,368
1,1562491748033,-672,-416,-608
1,1562491748038,-672,-416,-624
5,1562491748042,-640,288,-752
5,1562491748047,-640,288,-736
3,1562491748058,976,32,368
3,1562491748063,976,32,368
1,1562491748073,-672,-400,-608
1,1562491748077,-672,-400,-624
5,1562491748084,-640,288,-736
5,1562491748088,-640,288,-736
3,1562491748096,976,48,368
3,1562491748101,976,32,368
1,1562491748112,-672,-400,-624
1,1562491748117,-672,-416,-624
5,1562491748124,-640,288,-736
5,1562491748129,-640,288,-736
3,1562491748137,976,32,368
3,1562491748141,976,32,368
5,1562491748161,-640,288,-736
5,1562491748166,-640,288,-736
3,1562491748175,976,32,368
3,1562491748180,976,32,368
1,1562491748193,-672,-416,-624
1,1562491748198,-672,-400,-608
1,1562491748203,-672,-416,-624
1,1562491748208,-672,-400,-624
1,1562491748213,-672,-400,-608
5,1562491748220,-656,288,-736
5,1562491748225,-640,288,-736
3,1562491748230,976,32,368
3,1562491748234,976,32,352
1,1562491748240,-672,-400,-624
5,1562491748245,-656,288,-736
5,1562491748249,-656,288,-736
3,1562491748255,976,32,368
3,1562491748260,976,32,368
1,1562491748273,-672,-400,-608
1,1562491748277,-672,-416,-624
1,1562491748282,-672,-400,-608
5,1562491748286,-656,288,-736
5,1562491748291,-640,288,-752
3,1562491748296,976,32,368
3,1562491748299,976,32,368
1,1562491748312,-672,-400,-624
1,1562491748317,-672,-416,-608
5,1562491748322,-640,288,-736
5,1562491748327,-656,288,-736
3,1562491748334,976,32,368
3,1562491748340,976,32,368
1,1562491748352,-672,-400,-624
1,1562491748357,-672,-416,-608
5,1562491748366,-640,288,-736
5,1562491748370,-640,288,-736
3,1562491748376,976,32,368
3,1562491748380,976,32,368
1,1562491748394,-672,-416,-608
1,1562491748398,-672,-400,-624
5,1562491748403,-640,288,-736
5,1562491748408,-656,288,-736
3,1562491748415,976,32,368
3,1562491748420,976,32,368
1,1562491748433,-672,-416,-624
1,1562491748440,-672,-400,-624
5,1562491748445,-640,288,-752
5,1562491748449,-640,288,-736
3,1562491748455,976,32,368
3,1562491748460,976,32,368
1,1562491748474,-672,-416,-624
1,1562491748479,-672,-416,-624
5,1562491748484,-656,288,-736
5,1562491748489,-656,288,-736
3,1562491748494,976,32,368
3,1562491748501,976,32,368
1,1562491748512,-672,-416,-624
1,1562491748517,-672,-416,-608
5,1562491748522,-640,288,-736
5,1562491748527,-656,288,-736
3,1562491748535,976,32,368
3,1562491748540,976,32,368
1,1562491748552,-688,-416,-624
1,1562491748556,-672,-400,-608
5,1562491748570,-656,288,-736
5,1562491748576,-640,288,-736
5,1562491748581,-640,288,-736
3,1562491748586,976,32,368
3,1562491748591,960,32,368
1,1562491748596,-672,-400,-624
1,1562491748601,-672,-400,-624
5,1562491748606,-640,288,-752
5,1562491748611,-656,288,-736
3,1562491748616,976,32,368
3,1562491748621,976,32,368
3,1562491748625,960,32,368
1,1562491748632,-672,-400,-624
1,1562491748637,-672,-400,-624
5,1562491748641,-640,288,-736
5,1562491748646,-640,288,-736
3,1562491748654,976,32,368
3,1562491748659,976,32,368
1,1562491748672,-672,-400,-608
1,1562491748677,-672,-416,-624
5,1562491748685,-640,288,-736
5,1562491748689,-640,288,-736
1,1562491748712,-672,-416,-608
1,1562491748717,-672,-416,-624
5,1562491748722,-640,288,-736
5,1562491748727,-640,288,-736
3,1562491748735,976,32,368
3,1562491748740,976,32,368
3,1562491748745,976,32,368
3,1562491748749,976,32,368
1,1562491748758,-672,-416,-608
1,1562491748764,-672,-416,-624
5,1562491748768,-656,288,-736
5,1562491748773,-640,288,-736
3,1562491748778,976,32,368
3,1562491748783,976,32,368
1,1562491748794,-672,-416,-624
1,1562491748799,-672,-416,-608
5,1562491748804,-640,288,-736
5,1562491748808,-640,288,-736
3,1562491748817,960,32,368
3,1562491748822,976,32,368
1,1562491748832,-672,-400,-624
1,1562491748837,-672,-400,-624
5,1562491748842,-640,288,-736
5,1562491748846,-656,288,-752
3,1562491748855,976,32,368
3,1562491748860,976,32,368
1,1562491748873,-672,-400,-624
1,1562491748879,-672,-400,-608
5,1562491748886,-640,288,-736
5,1562491748891,-640,288,-736
3,1562491748897,960,32,368
3,1562491748902,976,32,368
1,1562491748913,-672,-400,-624
1,1562491748920,-672,-416,-624
5,1562491748925,-640,288,-736
5,1562491748931,-640,288,-752
3,1562491748939,976,32,368
3,1562491748945,976,32,368
1,1562491748952,-672,-416,-624
1,1562491748957,-672,-400,-624
5,1562491748963,-640,288,-736
5,1562491748969,-656,288,-736
3,1562491748979,960,32,368
3,1562491748984,976,32,368
1,1562491748992,-672,-416,-608
1,1562491748997,-672,-416,-608
1,1562491749003,-672,-416,-608
5,1562491749008,-640,288,-736
5,1562491749015,-640,288,-752
3,1562491749025,960,32,368
3,1562491749030,976,32,368
1,1562491749036,-672,-400,-608
1,1562491749042,-672,-400,-608
5,1562491749048,-640,288,-736
5,1562491749053,-640,288,-736
3,1562491749059,976,32,368
3,1562491749065,976,32,368
1,1562491749085,-672,-400,-608
5,1562491749091,-656,288,-736
5,1562491749097,-640,288,-736
3,1562491749103,976,32,368
3,1562491749111,976,32,368
1,1562491749121,-672,-400,-624
1,1562491749127,-672,-416,-624
1,1562491749132,-672,-400,-624
5,1562491749138,-656,288,-736
5,1562491749143,-640,288,-736
3,1562491749149,976,32,368
3,1562491749154,976,32,368
1,1562491749161,-672,-400,-608
1,1562491749167,-672,-400,-624
5,1562491749174,-640,288,-736
5,1562491749178,-640,288,-736
3,1562491749184,976,32,368
3,1562491749190,960,32,368
1,1562491749197,-672,-416,-624
1,1562491749201,-672,-400,-624
5,1562491749210,-640,288,-752
5,1562491749219,-640,288,-736
3,1562491749226,976,32,368
3,1562491749233,976,32,368
1,1562491749239,-672,-416,-624
1,1562491749245,-672,-400,-608
5,1562491749250,-640,288,-752
5,1562491749255,-656,288,-736
5,1562491749262,-640,288,-752
1,1562491749275,-672,-400,-592
1,1562491749280,-672,-416,-624
5,1562491749289,-656,288,-736
5,1562491749294,-640,288,-736
3,1562491749300,976,32,368
3,1562491749305,976,32,368
3,1562491749311,976,32,368
3,1562491749319,976,32,368
1,1562491749325,-672,-416,-624
1,1562491749330,-672,-400,-624
5,1562491749336,-656,288,-736
5,1562491749341,-640,288,-752
3,1562491749346,976,32,368
3,1562491749352,976,32,368
3,1562491749359,960,32,368
1,1562491749366,-672,-400,-608
1,1562491749372,-672,-400,-624
5,1562491749377,-656,288,-736
5,1562491749382,-640,288,-752
3,1562491749387,976,32,368
3,1562491749393,976,32,368
1,1562491749405,-672,-416,-608
1,1562491749410,-672,-416,-624
5,1562491749417,-656,288,-736
5,1562491749422,-656,288,-736
3,1562491749427,976,32,368
1,1562491749434,-672,-416,-624
1,1562491749439,-672,-416,-624
5,1562491749445,-640,288,-736
5,1562491749451,-640,288,-736
3,1562491749456,976,32,368
3,1562491749462,976,32,368
3,1562491749467,976,32,368
1,1562491749473,-672,-416,-624
1,1562491749478,-672,-416,-608
5,1562491749484,-640,288,-736
5,1562491749490,-640,288,-736
3,1562491749498,976,32,368
3,1562491749504,976,32,368
1,1562491749513,-672,-416,-624
1,1562491749518,-672,-400,-608
5,1562491749525,-656,272,-736
5,1562491749531,-640,288,-736
3,1562491749537,976,32,368
3,1562491749543,976,32,368
1,1562491749552,-672,-416,-624
1,1562491749559,-672,-416,-624
5,1562491749565,-640,288,-736
5,1562491749570,-640,288,-752
3,1562491749578,976,32,368
3,1562491749584,976,32,368
1,1562491749593,-672,-416,-624
1,1562491749598,-672,-400,-624
5,1562491749606,-640,288,-736
5,1562491749612,-640,288,-736
3,1562491749618,960,32,368
3,1562491749623,976,32,368
1,1562491749632,-672,-400,-624
1,1562491749637,-672,-416,-624
5,1562491749643,-656,288,-752
5,1562491749649,-640,288,-736
3,1562491749658,976,32,368
3,1562491749663,976,32,368
1,1562491749673,-672,-400,-624
1,1562491749679,-672,-416,-624
5,1562491749684,-640,288,-736
5,1562491749690,-640,288,-736
3,1562491749697,976,32,368
3,1562491749703,976,32,368
1,1562491749712,-672,-416,-624
1,1562491749717,-672,-416,-624
5,1562491749724,-640,288,-736
5,1562491749730,-640,288,-736
3,1562491749735,976,32,368
3,1562491749740,976,32,368
1,1562491749753,-672,-416,-608
1,1562491749758,-672,-400,-624
5,1562491749764,-656,288,-736
5,1562491749771,-656,288,-736
3,1562491749777,976,32,368
3,1562491749782,960,32,368
1,1562491749793,-672,-400,-608
1,1562491749799,-672,-416,-624
5,1562491749804,-640,288,-736
5,1562491749810,-640,288,-736
3,1562491749817,976,32,368
3,1562491749822,976,32,368
1,1562491749834,-672,-400,-624
1,1562491749841,-672,-416,-608
1,1562491749847,-672,-416,-624
5,1562491749852,-640,288,-752
5,1562491749858,-640,288,-752
3,1562491749864,976,32,368
3,1562491749877,976,32,368
1,1562491749883,-672,-416,-624
1,1562491749887,-672,-416,-608
5,1562491749893,-656,288,-736
5,1562491749898,-640,288,-752
5,1562491749903,-640,288,-736
3,1562491749910,976,32,368
3,1562491749915,976,32,368
1,1562491749925,-672,-400,-624
5,1562491749930,-640,288,-736
5,1562491749967,-656,288,-736
3,1562491749972,976,32,368
3,1562491749977,960,32,368
1,1562491749982,-672,-416,-608
1,1562491749987,-672,-416,-624
1,1562491749992,-672,-400,-608
5,1562491749997,-640,288,-736
5,1562491750002,-640,288,-736
3,1562491750006,976,32,368
3,1562491750011,976,32,368
1,1562491750019,-672,-400,-624
1,1562491750025,-672,-416,-608
5,1562491750029,-656,288,-736
5,1562491750037,-640,288,-736
1,1562491750043,-672,-400,-624
1,1562491750047,-672,-416,-608
5,1562491750052,-656,288,-736
5,1562491750058,-656,288,-752
3,1562491750063,976,32,368
3,1562491750068,976,32,368
3,1562491750073,976,32,368
3,1562491750077,976,32,368
3,1562491750082,976,32,368
1,1562491750087,-672,-416,-624
1,1562491750092,-672,-416,-608
5,1562491750097,-640,288,-736
5,1562491750101,-656,288,-736
3,1562491750110,976,32,368
3,1562491750114,976,32,368
1,1562491750119,-672,-416,-624
1,1562491750124,-672,-400,-624
5,1562491750129,-640,288,-752
5,1562491750134,-640,288,-736
3,1562491750139,976,32,368
1,1562491750156,-672,-400,-624
1,1562491750160,-672,-400,-608
5,1562491750166,-640,288,-736
5,1562491750170,-640,272,-736
3,1562491750175,960,32,368
3,1562491750180,976,32,368
3,1562491750184,976,32,368
1,1562491750192,-672,-416,-624
1,1562491750197,-672,-416,-624
5,1562491750206,-640,288,-736
5,1562491750211,-656,288,-736
1,1562491750233,-672,-400,-608
1,1562491750238,-672,-400,-624
5,1562491750246,-640,288,-736
5,1562491750251,-640,288,-736
3,1562491750256,960,32,368
3,1562491750261,976,32,368
3,1562491750266,976,32,368
3,1562491750271,960,32,368
1,1562491750275,-672,-416,-608
1,1562491750280,-672,-416,-624
5,1562491750288,-640,288,-736
5,1562491750293,-640,288,-736
3,1562491750298,976,32,368
3,1562491750303,960,32,368
1,1562491750315,-672,-416,-624
1,1562491750320,-672,-416,-608
5,1562491750325,-640,288,-736
5,1562491750330,-656,288,-736
3,1562491750335,976,32,368
3,1562491750341,960,32,368
1,1562491750353,-672,-416,-624
1,1562491750357,-672,-416,-624
5,1562491750362,-640,288,-736
5,1562491750366,-640,288,-736
3,1562491750376,976,32,368
3,1562491750382,960,32,368
1,1562491750393,-672,-416,-624
1,1562491750398,-672,-400,-624
5,1562491750404,-640,288,-736
5,1562491750409,-640,288,-736
3,1562491750416,976,32,368
3,1562491750421,960,32,368
1,1562491750433,-672,-400,-624
1,1562491750438,-672,-400,-608
5,1562491750443,-640,288,-736
5,1562491750448,-640,288,-736
3,1562491750457,960,32,368
3,1562491750462,976,32,368
1,1562491750474,-672,-400,-624
1,1562491750480,-672,-400,-624
5,1562491750486,-656,288,-736
5,1562491750492,-640,288,-736
3,1562491750497,960,32,368
3,1562491750502,976,32,368
1,1562491750513,-672,-416,-624
1,1562491750518,-672,-416,-624
5,1562491750523,-656,288,-752
5,1562491750527,-640,288,-736
5,1562491750531,-640,288,-736
3,1562491750539,976,32,368
3,1562491750544,976,32,368
1,1562491750554,-672,-416,-608
1,1562491750560,-672,-400,-608
5,1562491750566,-640,288,-752
5,1562491750570,-640,288,-736
3,1562491750577,976,32,368
3,1562491750583,976,32,368
1,1562491750593,-672,-416,-624
1,1562491750598,-672,-400,-624
5,1562491750603,-640,288,-736
5,1562491750608,-656,288,-736
3,1562491750614,976,32,368
3,1562491750618,976,32,368
1,1562491750633,-672,-400,-608
1,1562491750638,-672,-400,-608
5,1562491750645,-640,288,-736
5,1562491750650,-640,288,-736
3,1562491750657,976,32,368
3,1562491750662,976,32,368
1,1562491750675,-672,-416,-608
1,1562491750684,-672,-416,-624
1,1562491750692,-672,-400,-608
5,1562491750700,-640,288,-736
5,1562491750705,-640,288,-736
3,1562491750710,976,32,368
3,1562491750721,976,32,368
1,1562491750727,-672,-400,-624
1,1562491750732,-672,-400,-624
5,1562491750737,-640,288,-736
5,1562491750742,-640,288,-736
3,1562491750746,976,32,368
3,1562491750752,976,32,368
1,1562491750757,-672,-400,-624
1,1562491750763,-672,-416,-624
5,1562491750768,-656,288,-752
5,1562491750773,-656,288,-736
3,1562491750778,976,32,368
3,1562491750783,976,32,368
3,1562491750788,976,32,368
1,1562491750794,-672,-416,-624
1,1562491750798,-672,-416,-624
5,1562491750837,-640,288,-736
3,1562491750844,976,32,368
5,1562491750849,-640,288,-752
3,1562491750854,976,32,368
1,1562491750858,-672,-400,-624
1,1562491750863,-672,-416,-624
5,1562491750867,-640,272,-736
5,1562491750874,-656,288,-736
3,1562491750879,976,32,368
1,1562491750883,-672,-416,-624
1,1562491750888,-672,-400,-608
5,1562491750893,-656,288,-736
5,1562491750899,-640,288,-736
3,1562491750907,960,32,368
3,1562491750914,960,32,368
3,1562491750919,976,32,368
1,1562491750924,-672,-400,-624
1,1562491750928,-672,-400,-624
5,1562491750934,-640,288,-736
5,1562491750938,-640,288,-736
1,1562491750952,-672,-400,-608
1,1562491750957,-672,-400,-624
5,1562491750962,-640,288,-736
5,1562491750967,-656,288,-736
3,1562491750981,976,32,368
3,1562491750986,976,32,368
3,1562491750991,976,32,368
3,1562491750996,976,32,368
1,1562491751001,-672,-416,-624
1,1562491751007,-672,-416,-608
5,1562491751012,-640,288,-736
5,1562491751017,-656,288,-736
3,1562491751022,960,32,368
3,1562491751027,976,32,368
1,1562491751033,-672,-416,-608
1,1562491751037,-672,-416,-624
5,1562491751043,-640,288,-752
5,1562491751048,-640,288,-752
3,1562491751060,976,32,368
3,1562491751065,976,32,368
1,1562491751072,-672,-416,-624
1,1562491751077,-672,-416,-624
5,1562491751082,-640,288,-736
5,1562491751087,-640,288,-736
3,1562491751097,976,32,368
3,1562491751105,960,32,368
1,1562491751113,-672,-416,-624
1,1562491751118,-672,-416,-624
5,1562491751123,-656,288,-736
5,1562491751127,-640,288,-736
3,1562491751134,976,32,368
3,1562491751141,976,32,368
1,1562491751155,-672,-416,-624
1,1562491751160,-672,-416,-624
5,1562491751166,-640,288,-736
5,1562491751171,-640,288,-752
3,1562491751176,976,32,368
3,1562491751180,976,32,368
1,1562491751193,-672,-400,-624
1,1562491751198,-688,-400,-624
5,1562491751204,-640,288,-736
5,1562491751209,-656,288,-752
5,1562491751215,-640,288,-752
3,1562491751221,976,32,368
3,1562491751226,976,32,368
1,1562491751235,-672,-400,-624
1,1562491751240,-672,-400,-624
5,1562491751246,-640,288,-752
5,1562491751251,-640,288,-752
3,1562491751260,976,32,368
3,1562491751265,960,32,352
1,1562491751273,-688,-400,-608
1,1562491751279,-672,-400,-608
5,1562491751284,-640,288,-736
5,1562491751288,-656,288,-736
3,1562491751302,976,32,368
3,1562491751307,976,32,368
1,1562491751315,-672,-416,-624
1,1562491751321,-672,-416,-624
5,1562491751326,-640,288,-736
5,1562491751331,-640,288,-752
3,1562491751340,976,32,368
3,1562491751345,976,32,368
1,1562491751354,-672,-416,-624
1,1562491751359,-672,-416,-608
5,1562491751365,-640,288,-736
5,1562491751369,-640,288,-736
3,1562491751375,976,48,368
3,1562491751380,976,32,368
1,1562491751392,-672,-416,-608
1,1562491751396,-672,-416,-608
5,1562491751405,-640,288,-736
5,1562491751410,-640,288,-752
3,1562491751417,976,32,368
3,1562491751422,976,32,368
1,1562491751433,-672,-416,-608
1,1562491751438,-672,-416,-624
1,1562491751443,-672,-400,-608
5,1562491751448,-656,288,-736
5,1562491751453,-640,288,-736
3,1562491751457,976,32,368
3,1562491751462,976,32,368
1,1562491751472,-672,-400,-608
5,1562491751485,-656,288,-736
5,1562491751490,-656,288,-752
3,1562491751496,976,32,368
3,1562491751501,976,32,368
3,1562491751506,976,32,368
1,1562491751512,-672,-416,-624
1,1562491751517,-672,-416,-608
1,1562491751522,-672,-400,-624
5,1562491751527,-640,288,-736
5,1562491751533,-640,288,-736
3,1562491751539,976,32,368
3,1562491751543,976,32,368
1,1562491751553,-672,-416,-608
1,1562491751558,-672,-416,-608
5,1562491751563,-640,288,-736
5,1562491751568,-640,288,-736
3,1562491751577,976,32,368
1,1562491751595,-672,-416,-624
5,1562491751602,-640,288,-736
5,1562491751607,-640,288,-736
3,1562491751617,960,32,368
3,1562491751622,960,32,368
3,1562491751626,976,32,368
1,1562491751636,-672,-400,-608
1,1562491751641,-672,-416,-624
1,1562491751646,-672,-400,-624
5,1562491751651,-656,288,-736
5,1562491751656,-640,288,-736
3,1562491751660,976,32,368
3,1562491751665,976,32,368
1,1562491751674,-672,-416,-624
1,1562491751680,-672,-416,-608
5,1562491751686,-656,288,-736
5,1562491751691,-656,288,-736
3,1562491751696,976,32,368
3,1562491751701,976,32,368
1,1562491751713,-672,-416,-624
1,1562491751718,-672,-400,-608
5,1562491751724,-640,288,-736
5,1562491751728,-640,288,-736
3,1562491751734,976,32,368
3,1562491751739,960,32,368
1,1562491751755,-672,-416,-624
1,1562491751760,-672,-400,-624
5,1562491751765,-656,288,-752
5,1562491751770,-640,288,-736
3,1562491751776,976,32,368
3,1562491751781,976,32,368
1,1562491751793,-672,-416,-624
1,1562491751797,-672,-400,-608
5,1562491751811,-656,288,-736
5,1562491751818,-640,288,-736
1,1562491751832,-672,-416,-608
1,1562491751839,-672,-400,-608
5,1562491751851,-656,288,-736
5,1562491751856,-640,288,-736
5,1562491751861,-640,288,-736
3,1562491751866,976,32,368
3,1562491751871,976,32,368
3,1562491751876,976,32,368
3,1562491751881,976,32,368
1,1562491751886,-672,-400,-624
1,1562491751890,-672,-416,-608
5,1562491751895,-640,288,-736
5,1562491751900,-640,288,-736
3,1562491751905,976,32,368
3,1562491751911,976,32,368
1,1562491751916,-672,-400,-608
1,1562491751921,-672,-416,-608
5,1562491751926,-656,288,-736
5,1562491751931,-656,288,-736
3,1562491751937,976,32,368
3,1562491751945,976,48,368
1,1562491751953,-672,-416,-624
1,1562491751958,-672,-416,-624
5,1562491751964,-640,288,-736
5,1562491751969,-640,288,-736
3,1562491751976,976,32,368
3,1562491751981,960,32,368
1,1562491751997,-672,-416,-624
1,1562491752001,-656,-400,-624
5,1562491752014,-640,288,-736
5,1562491752019,-640,288,-736
3,1562491752024,976,48,368
3,1562491752028,976,32,352
1,1562491752034,-672,-400,-624
1,1562491752039,-672,-400,-624
5,1562491752048,-656,288,-736
5,1562491752053,-640,288,-736
3,1562491752058,976,32,368
3,1562491752063,976,32,368
1,1562491752072,-672,-400,-624
1,1562491752078,-688,-400,-608
5,1562491752084,-640,288,-736
5,1562491752089,-640,288,-736
3,1562491752095,960,32,368
3,1562491752099,976,32,368
1,1562491752114,-688,-400,-608
1,1562491752119,-688,-400,-608
5,1562491752124,-656,288,-736
5,1562491752129,-656,288,-736
3,1562491752138,976,32,368
3,1562491752143,976,32,368
1,1562491752152,-688,-400,-608
1,1562491752158,-672,-416,-608
5,1562491752166,-640,288,-736
5,1562491752171,-656,288,-752
3,1562491752177,976,32,368
3,1562491752182,976,32,368
1,1562491752193,-672,-416,-608
1,1562491752197,-672,-416,-608
5,1562491752203,-656,288,-736
5,1562491752208,-640,288,-736
3,1562491752214,976,32,368
3,1562491752219,976,32,368
3,1562491752223,976,32,368
1,1562491752236,-672,-416,-624
1,1562491752241,-672,-416,-624
5,1562491752246,-656,288,-736
5,1562491752251,-656,304,-752
3,1562491752256,976,32,368
3,1562491752261,976,32,368
1,1562491752276,-672,-416,-624
1,1562491752281,-672,-400,-608
1,1562491752286,-672,-400,-608
5,1562491752290,-656,288,-736
5,1562491752295,-656,288,-752
3,1562491752300,976,32,368
1,1562491752313,-672,-400,-624
5,1562491752325,-656,288,-736
5,1562491752335,-640,288,-736
3,1562491752341,976,32,368
3,1562491752346,976,32,368
3,1562491752351,976,32,368
1,1562491752358,-672,-400,-624
1,1562491752363,-672,-400,-608
1,1562491752368,-672,-400,-624
5,1562491752373,-640,288,-736
5,1562491752379,-640,288,-736
3,1562491752383,976,32,368
3,1562491752387,976,32,368
1,1562491752396,-672,-400,-624
1,1562491752401,-672,-416,-608
5,1562491752406,-640,288,-736
5,1562491752412,-640,288,-736
3,1562491752417,976,32,368
3,1562491752422,976,32,368
1,1562491752433,-672,-400,-624
5,1562491752444,-640,288,-736
5,1562491752449,-640,288,-736
3,1562491752456,960,32,368
3,1562491752461,976,32,368
1,1562491752473,-688,-400,-608
1,1562491752479,-672,-400,-608
1,1562491752484,-672,-416,-608
5,1562491752489,-656,288,-736
5,1562491752494,-656,288,-736
5,1562491752499,-640,288,-736
3,1562491752504,976,32,368
3,1562491752509,976,32,368
1,1562491752516,-672,-416,-608
1,1562491752521,-672,-416,-608
5,1562491752527,-640,288,-736
5,1562491752534,-656,288,-736
3,1562491752539,976,32,368
3,1562491752544,960,32,368
1,1562491752552,-672,-416,-608
1,1562491752556,-672,-416,-608
5,1562491752566,-640,288,-736
5,1562491752573,-640,288,-736
3,1562491752577,976,32,368
3,1562491752583,960,32,368
1,1562491752592,-672,-416,-624
1,1562491752597,-672,-416,-608
5,1562491752602,-640,288,-736
5,1562491752607,-656,288,-736
3,1562491752614,976,32,368
3,1562491752619,960,32,368
1,1562491752634,-672,-416,-608
1,1562491752639,-672,-416,-608
5,1562491752644,-640,288,-736
5,1562491752648,-656,288,-752
3,1562491752657,976,32,368
3,1562491752662,976,32,368
1,1562491752673,-672,-416,-608
1,1562491752678,-672,-400,-608
5,1562491752685,-640,288,-736
5,1562491752690,-640,288,-736
3,1562491752696,976,32,368
3,1562491752701,976,32,368
1,1562491752715,-672,-400,-624
1,1562491752721,-672,-400,-624
5,1562491752727,-640,288,-736
5,1562491752732,-656,288,-736
3,1562491752740,960,32,368
3,1562491752745,976,32,368
1,1562491752752,-672,-400,-624
1,1562491752757,-672,-400,-624
5,1562491752763,-656,288,-736
5,1562491752768,-656,288,-736
3,1562491752774,976,32,368
3,1562491752779,976,32,368
1,1562491752792,-672,-400,-624
1,1562491752798,-672,-400,-608
5,1562491752803,-640,288,-736
5,1562491752808,-640,288,-736
3,1562491752814,976,32,368
3,1562491752823,976,32,368
1,1562491752833,-672,-400,-624
1,1562491752838,-672,-416,-624
5,1562491752843,-656,288,-736
5,1562491752848,-656,288,-736
3,1562491752854,976,32,352
3,1562491752859,976,32,368
1,1562491752871,-672,-400,-608
1,1562491752876,-672,-400,-624
5,1562491752883,-640,288,-736
5,1562491752888,-640,288,-736
3,1562491752894,976,32,368
3,1562491752899,976,32,368
1,1562491752914,-672,-416,-624
1,1562491752919,-672,-416,-624
5,1562491752926,-640,288,-736
5,1562491752931,-656,288,-736
1,1562491752953,-672,-416,-624
1,1562491752959,-688,-416,-608
5,1562491752964,-640,288,-736
5,1562491752969,-656,288,-736
1,1562491752995,-672,-416,-608
1,1562491753000,-672,-400,-608
5,1562491753006,-640,288,-736
5,1562491753011,-640,288,-736
3,1562491753017,976,32,352
3,1562491753023,976,32,368
3,1562491753028,976,32,368
3,1562491753033,976,32,368
3,1562491753039,976,32,368
3,1562491753044,976,32,368
1,1562491753049,-672,-416,-608
1,1562491753053,-672,-400,-608
5,1562491753058,-656,288,-752
5,1562491753063,-640,288,-752
1,1562491753076,-672,-400,-624
1,1562491753081,-672,-400,-624
5,1562491753087,-656,288,-736
5,1562491753091,-656,288,-752
3,1562491753098,976,32,368
3,1562491753104,976,32,368
3,1562491753108,976,32,368
3,1562491753113,976,32,368
1,1562491753118,-672,-416,-624
1,1562491753123,-672,-416,-624
1,1562491753128,-672,-416,-608
5,1562491753132,-640,288,-736
5,1562491753137,-640,288,-736
5,1562491753142,-640,288,-736
3,1562491753147,976,32,368
3,1562491753152,976,32,368
1,1562491753157,-672,-416,-608
5,1562491753166,-640,288,-736
5,1562491753171,-640,288,-736
3,1562491753177,976,32,368
3,1562491753182,976,32,368
1,1562491753193,-688,-416,-608
1,1562491753199,-672,-416,-608
1,1562491753204,-672,-400,-608
5,1562491753209,-640,288,-736
5,1562491753215,-640,288,-736
3,1562491753219,976,32,368
3,1562491753224,976,32,368
1,1562491753232,-672,-400,-624
1,1562491753236,-672,-400,-608
5,1562491753245,-640,288,-736
5,1562491753250,-640,288,-736
3,1562491753259,976,32,368
3,1562491753264,976,32,368
1,1562491753272,-688,-416,-608
5,1562491753281,-656,288,-736
5,1562491753286,-640,288,-736
3,1562491753294,976,32,368
3,1562491753299,960,32,368
1,1562491753314,-672,-400,-608
1,1562491753318,-672,-416,-608
1,1562491753323,-672,-416,-608
5,1562491753328,-640,288,-736
5,1562491753333,-640,288,-736
3,1562491753341,976,32,368
3,1562491753346,976,32,368
1,1562491753354,-672,-416,-608
1,1562491753359,-672,-416,-608
5,1562491753364,-640,288,-736
5,1562491753368,-640,288,-736
3,1562491753375,976,32,368
3,1562491753380,960,32,368
1,1562491753392,-672,-416,-608
1,1562491753398,-672,-416,-608
5,1562491753434,-656,288,-736
5,1562491753442,-640,288,-736
3,1562491753447,976,32,368
3,1562491753452,976,32,368
1,1562491753458,-672,-400,-624
1,1562491753463,-672,-400,-624
5,1562491753467,-640,288,-736
5,1562491753475,-640,288,-736
3,1562491753480,976,32,368
3,1562491753485,960,32,352
1,1562491753490,-672,-400,-608
1,1562491753495,-672,-416,-608
5,1562491753499,-640,288,-736
5,1562491753504,-656,288,-736
3,1562491753510,960,32,368
3,1562491753515,976,32,368
1,1562491753523,-672,-416,-624
1,1562491753529,-672,-416,-608
5,1562491753535,-640,288,-736
5,1562491753540,-656,288,-736
3,1562491753545,976,32,368
3,1562491753553,976,32,368
1,1562491753559,-672,-416,-624
1,1562491753566,-672,-416,-608
5,1562491753572,-656,288,-736
5,1562491753578,-640,288,-736
3,1562491753583,976,32,368
3,1562491753587,960,32,368
1,1562491753595,-672,-416,-624
1,1562491753601,-672,-416,-608
5,1562491753606,-640,288,-736
3,1562491753616,976,32,368
3,1562491753621,960,32,368
1,1562491753632,-688,-416,-624
5,1562491753643,-640,288,-736
5,1562491753648,-656,288,-736
5,1562491753654,-656,288,-736
3,1562491753659,976,32,368
3,1562491753663,976,32,368
3,1562491753668,976,32,368
1,1562491753676,-672,-400,-608
1,1562491753681,-672,-416,-608
1,1562491753686,-672,-416,-624
5,1562491753690,-640,288,-736
5,1562491753695,-656,288,-736
3,1562491753703,976,32,368
3,1562491753708,976,32,368
1,1562491753715,-672,-400,-608
1,1562491753720,-672,-416,-608
5,1562491753726,-640,288,-736
5,1562491753731,-640,288,-736
3,1562491753736,976,32,368
1,1562491753752,-672,-416,-608
1,1562491753757,-688,-416,-608
5,1562491753766,-640,288,-736
5,1562491753772,-640,288,-752
3,1562491753809,976,32,368
1,1562491753815,-672,-400,-608
3,1562491753822,976,32,384
1,1562491753827,-672,-400,-608
5,1562491753832,-656,288,-736
5,1562491753837,-640,288,-752
3,1562491753843,976,32,368
5,1562491753850,-640,288,-752
3,1562491753855,976,32,368
3,1562491753860,976,32,368
1,1562491753865,-672,-400,-608
1,1562491753870,-672,-400,-608
5,1562491753875,-656,288,-736
5,1562491753881,-656,288,-736
3,1562491753886,976,32,368
3,1562491753891,976,32,368
1,1562491753899,-672,-400,-608
1,1562491753904,-672,-416,-624
5,1562491753909,-640,288,-736
5,1562491753914,-640,288,-736
3,1562491753919,960,32,368
3,1562491753924,976,32,368
1,1562491753929,-672,-416,-608
1,1562491753934,-672,-416,-608
5,1562491753939,-640,288,-736
5,1562491753944,-656,288,-736
3,1562491753948,976,32,368
3,1562491753954,960,32,384
1,1562491753959,-672,-416,-608
1,1562491753964,-672,-416,-624
1,1562491753969,-672,-416,-608
5,1562491753974,-640,288,-736
5,1562491753978,-656,288,-736
3,1562491753983,976,32,368
3,1562491753988,976,32,368
1,1562491753996,-672,-416,-608
5,1562491754003,-656,288,-736
5,1562491754008,-640,288,-736
3,1562491754017,976,32,368
3,1562491754022,976,32,368
1,1562491754034,-672,-416,-608
1,1562491754039,-672,-400,-608
1,1562491754044,-672,-416,-624
5,1562491754049,-640,288,-736
5,1562491754054,-640,288,-736
3,1562491754058,976,32,368
3,1562491754063,960,32,368
1,1562491754073,-672,-400,-608
1,1562491754077,-672,-400,-608
5,1562491754082,-640,288,-736
5,1562491754087,-640,288,-736
3,1562491754098,976,32,368
3,1562491754103,976,32,368
1,1562491754112,-672,-416,-608
5,1562491754120,-640,288,-752
5,1562491754126,-640,288,-736
3,1562491754136,976,32,368
3,1562491754140,960,32,368
1,1562491754153,-672,-400,-624
1,1562491754158,-672,-400,-608
1,1562491754163,-672,-416,-608
5,1562491754168,-656,304,-736
5,1562491754173,-656,288,-736
3,1562491754181,976,32,368
3,1562491754187,976,32,368
1,1562491754194,-672,-416,-624
1,1562491754199,-672,-400,-624
5,1562491754205,-640,288,-736
5,1562491754211,-640,288,-736
3,1562491754216,976,32,368
3,1562491754221,976,32,368
1,1562491754235,-672,-400,-608
1,1562491754240,-688,-416,-624
5,1562491754245,-640,288,-736
5,1562491754250,-640,288,-752
3,1562491754258,960,32,352
3,1562491754264,976,32,368
1,1562491754274,-672,-400,-608
1,1562491754279,-672,-400,-608
5,1562491754286,-656,288,-736
5,1562491754291,-640,288,-752
3,1562491754298,960,32,368
3,1562491754303,976,32,368
1,1562491754312,-672,-416,-624
1,1562491754317,-688,-400,-608
5,1562491754323,-640,288,-752
5,1562491754328,-640,288,-736
1,1562491754352,-672,-416,-608
1,1562491754357,-672,-400,-624
5,1562491754363,-656,288,-736
5,1562491754368,-640,288,-752
3,1562491754375,960,32,368
3,1562491754381,976,32,368
3,1562491754386,976,32,368
3,1562491754391,976,32,368
3,1562491754396,976,32,368
1,1562491754402,-672,-416,-608
1,1562491754407,-672,-416,-608
5,1562491754412,-656,288,-736
5,1562491754417,-656,288,-736
3,1562491754421,976,32,368
3,1562491754426,976,32,368
1,1562491754436,-672,-416,-624
1,1562491754441,-672,-400,-624
5,1562491754446,-640,288,-736
5,1562491754451,-640,288,-736
3,1562491754456,976,32,368
1,1562491754472,-688,-416,-624
1,1562491754478,-672,-416,-608
5,1562491754483,-656,288,-736
5,1562491754488,-640,288,-736
5,1562491754493,-640,288,-736
3,1562491754499,960,32,368
3,1562491754504,976,32,368
3,1562491754515,976,32,368
1,1562491754524,-672,-416,-608
1,1562491754529,-672,-416,-608
5,1562491754534,-656,288,-736
5,1562491754540,-640,288,-736
3,1562491754545,976,32,368
3,1562491754549,976,32,368
1,1562491754555,-672,-400,-624
1,1562491754559,-672,-416,-608
5,1562491754565,-640,288,-736
5,1562491754569,-640,288,-736
3,1562491754575,976,32,368
3,1562491754579,976,32,368
1,1562491754593,-672,-416,-608
1,1562491754598,-672,-400,-608
5,1562491754607,-640,288,-736
5,1562491754612,-640,288,-736
3,1562491754617,976,32,368
3,1562491754622,960,32,368
1,1562491754633,-672,-416,-624
1,1562491754638,-672,-416,-608
5,1562491754643,-656,288,-736
5,1562491754648,-640,288,-736
3,1562491754655,960,32,368
3,1562491754660,976,32,368
1,1562491754672,-672,-400,-624
1,1562491754677,-672,-400,-608
5,1562491754686,-640,288,-736
5,1562491754692,-640,288,-736
3,1562491754699,976,32,368
3,1562491754704,976,32,368
1,1562491754712,-672,-416,-624
1,1562491754717,-672,-416,-608
5,1562491754724,-640,288,-752
5,1562491754729,-640,288,-736
3,1562491754736,976,32,368
3,1562491754741,976,48,368
1,1562491754754,-672,-400,-624
1,1562491754758,-672,-416,-608
5,1562491754767,-640,288,-736
5,1562491754772,-640,288,-736
3,1562491754777,976,32,368
3,1562491754782,976,32,368
1,1562491754793,-672,-416,-608
1,1562491754798,-672,-416,-608
1,1562491754804,-672,-416,-608
5,1562491754809,-640,288,-736
5,1562491754815,-640,288,-736
3,1562491754819,976,32,368
3,1562491754824,960,32,368
1,1562491754832,-672,-416,-608
5,1562491754840,-656,288,-736
5,1562491754845,-640,288,-752
3,1562491754855,976,32,368
1,1562491754872,-672,-416,-608
1,1562491754877,-672,-416,-608
1,1562491754882,-672,-416,-608
5,1562491754887,-640,288,-736
5,1562491754892,-640,288,-736
3,1562491754899,976,32,368
3,1562491754903,976,32,368
3,1562491754908,992,32,352
1,1562491754913,-672,-400,-608
1,1562491754918,-688,-400,-624
5,1562491754923,-656,288,-736
5,1562491754928,-640,288,-736
3,1562491754937,976,32,368
3,1562491754943,960,32,368
1,1562491754952,-672,-400,-624
5,1562491754962,-640,288,-736
5,1562491754968,-640,288,-736
3,1562491754975,976,32,368
3,1562491754979,976,32,368
1,1562491754992,-672,-400,-624
1,1562491754998,-688,-416,-608
1,1562491755003,-672,-416,-624
5,1562491755007,-640,288,-752
5,1562491755012,-656,288,-736
3,1562491755020,976,32,368
3,1562491755025,976,32,368
3,1562491755030,960,32,368
1,1562491755035,-672,-416,-608
1,1562491755041,-672,-416,-624
5,1562491755046,-640,288,-736
5,1562491755051,-640,288,-736
3,1562491755057,976,32,368
1,1562491755072,-672,-416,-608
1,1562491755077,-672,-416,-624
5,1562491755082,-640,288,-736
5,1562491755089,-656,288,-736
5,1562491755099,-640,288,-736
3,1562491755107,960,32,368
3,1562491755114,976,32,368
3,1562491755118,976,32,368
1,1562491755124,-672,-416,-608
1,1562491755128,-672,-416,-608
5,1562491755134,-640,288,-736
5,1562491755140,-640,288,-736
3,1562491755144,976,32,368
3,1562491755149,976,32,368
1,1562491755155,-672,-416,-608
1,1562491755160,-672,-416,-624
5,1562491755166,-640,288,-736
5,1562491755170,-640,288,-752
3,1562491755186,976,32,368
3,1562491755191,976,32,368
1,1562491755196,-672,-416,-624
1,1562491755204,-672,-416,-608
5,1562491755209,-640,288,-736
5,1562491755215,-640,288,-736
3,1562491755220,976,32,368
3,1562491755225,960,32,368
1,1562491755232,-672,-416,-608
1,1562491755237,-672,-416,-608
5,1562491755242,-656,288,-736
5,1562491755247,-656,288,-736
3,1562491755263,976,32,368
3,1562491755268,976,32,368
1,1562491755274,-672,-416,-624
1,1562491755278,-672,-416,-608
5,1562491755283,-640,288,-752
5,1562491755292,-640,288,-736
3,1562491755298,976,32,368
3,1562491755303,976,32,368
1,1562491755313,-672,-416,-624
1,1562491755320,-672,-400,-624
5,1562491755325,-640,288,-752
5,1562491755330,-640,288,-736
3,1562491755337,960,32,368
3,1562491755342,976,32,368
1,1562491755353,-672,-416,-608
1,1562491755358,-672,-400,-624
5,1562491755364,-656,288,-736
5,1562491755368,-640,288,-736
3,1562491755377,960,32,368
3,1562491755382,976,32,368
1,1562491755392,-672,-400,-608
1,1562491755397,-672,-416,-624
5,1562491755404,-640,288,-736
5,1562491755409,-640,288,-736
3,1562491755415,976,32,368
3,1562491755420,976,32,368
1,1562491755432,-672,-416,-608
1,1562491755437,-672,-416,-608
5,1562491755443,-640,288,-736
5,1562491755447,-656,288,-736
3,1562491755456,976,32,368
3,1562491755461,976,32,368
1,1562491755474,-672,-416,-608
1,1562491755480,-672,-416,-608
5,1562491755487,-640,288,-736
5,1562491755493,-640,288,-736
3,1562491755498,976,32,368
3,1562491755502,976,32,368
1,1562491755514,-672,-416,-608
1,1562491755519,-672,-400,-608
5,1562491755527,-640,288,-752
5,1562491755532,-640,288,-736
3,1562491755537,976,32,368
3,1562491755543,960,32,368
1,1562491755553,-672,-416,-624
1,1562491755558,-672,-416,-608
5,1562491755565,-656,288,-752
5,1562491755570,-640,288,-736
3,1562491755575,976,32,368
3,1562491755580,976,32,368
1,1562491755592,-672,-416,-608
1,1562491755598,-672,-416,-608
1,1562491755603,-672,-400,-624
5,1562491755611,-640,288,-736
5,1562491755616,-656,288,-752
3,1562491755622,976,32,368
3,1562491755627,976,32,368
1,1562491755633,-672,-416,-624
1,1562491755639,-672,-416,-608
5,1562491755644,-656,288,-736
5,1562491755649,-656,288,-736
3,1562491755656,976,32,368
3,1562491755661,976,32,368
1,1562491755672,-672,-416,-608
1,1562491755677,-688,-416,-624
5,1562491755688,-640,288,-736
5,1562491755694,-656,288,-736
3,1562491755702,960,32,368
3,1562491755707,976,32,368
1,1562491755713,-672,-416,-608
1,1562491755719,-672,-400,-624
5,1562491755724,-656,288,-736
5,1562491755729,-656,288,-736
5,1562491755734,-640,288,-736
3,1562491755739,960,32,368
3,1562491755744,976,32,368
3,1562491755749,976,32,368
1,1562491755755,-672,-416,-624
1,1562491755759,-672,-416,-608
5,1562491755764,-656,288,-736
5,1562491755769,-640,288,-736
3,1562491755776,960,32,368
1,1562491755794,-672,-400,-624
5,1562491755801,-640,288,-736
5,1562491755806,-640,288,-736
3,1562491755815,960,32,368
3,1562491755820,976,32,368
3,1562491755825,960,32,368
1,1562491755834,-672,-416,-624
1,1562491755840,-672,-400,-608
1,1562491755844,-688,-416,-608
5,1562491755849,-640,288,-736
5,1562491755854,-656,288,-736
3,1562491755858,960,32,368
3,1562491755863,976,32,368
1,1562491755884,-672,-416,-608
1,1562491755890,-672,-416,-624
5,1562491755896,-640,288,-736
5,1562491755901,-656,288,-736
3,1562491755906,976,32,368
3,1562491755912,960,32,368
1,1562491755917,-672,-416,-608
1,1562491755922,-688,-400,-608
5,1562491755927,-656,288,-736
5,1562491755932,-640,288,-736
3,1562491755937,976,32,368
3,1562491755941,976,32,368
1,1562491755952,-672,-416,-624
1,1562491755957,-672,-400,-624
5,1562491755965,-640,288,-736
5,1562491755970,-656,288,-752
3,1562491755977,976,32,368
3,1562491755982,976,32,368
1,1562491755994,-672,-400,-608
1,1562491756000,-672,-400,-608
5,1562491756005,-640,288,-736
5,1562491756010,-656,288,-736
3,1562491756016,960,32,368
3,1562491756021,976,32,368
1,1562491756032,-672,-416,-608
1,1562491756036,-672,-416,-624
5,1562491756041,-640,288,-736
5,1562491756046,-640,288,-736
3,1562491756056,976,32,368
3,1562491756063,976,32,368
1,1562491756072,-672,-416,-608
1,1562491756077,-672,-416,-608
5,1562491756082,-640,288,-736
5,1562491756087,-656,288,-736
3,1562491756098,976,32,368
3,1562491756102,960,32,368
1,1562491756113,-672,-416,-608
1,1562491756118,-672,-416,-608
5,1562491756123,-640,288,-736
5,1562491756127,-640,288,-736
3,1562491756136,976,32,368
3,1562491756141,976,32,368
1,1562491756153,-672,-416,-624
1,1562491756159,-672,-416,-608
5,1562491756164,-640,288,-736
5,1562491756169,-640,288,-736
3,1562491756177,976,32,368
3,1562491756182,960,32,368
1,1562491756192,-672,-400,-624
1,1562491756197,-672,-400,-608
5,1562491756202,-640,288,-736
5,1562491756207,-656,288,-736
3,1562491756219,976,32,368
3,1562491756224,960,32,368
1,1562491756232,-672,-400,-624
1,1562491756238,-672,-416,-608
5,1562491756245,-640,288,-736
5,1562491756251,-640,288,-736
3,1562491756258,976,32,368
3,1562491756264,976,32,368
1,1562491756273,-672,-416,-624
1,1562491756278,-672,-416,-624
5,1562491756285,-640,288,-736
5,1562491756290,-640,288,-736
3,1562491756295,976,32,368
3,1562491756299,976,32,368
1,1562491756313,-672,-400,-608
1,1562491756318,-672,-416,-608
5,1562491756323,-656,288,-736
5,1562491756328,-656,288,-736
3,1562491756336,976,32,368
3,1562491756342,976,32,368
1,1562491756399,-672,-416,-608
1,1562491756405,-672,-416,-608
5,1562491756417,-640,288,-752
5,1562491756424,-656,288,-736
3,1562491756428,976,32,368
3,1562491756433,976,32,368
1,1562491756438,-672,-416,-624
1,1562491756444,-672,-416,-624
5,1562491756449,-656,288,-736
5,1562491756454,-656,288,-736
5,1562491756460,-640,288,-736
3,1562491756465,976,32,368
3,1562491756469,976,32,368
1,1562491756474,-672,-400,-608
1,1562491756479,-672,-416,-624
1,1562491756485,-672,-416,-608
5,1562491756490,-640,288,-736
5,1562491756495,-656,288,-736
3,1562491756499,976,32,368
3,1562491756504,976,32,368
3,1562491756509,976,32,368
1,1562491756514,-672,-416,-608
1,1562491756518,-672,-416,-624
5,1562491756523,-640,288,-736
5,1562491756528,-640,288,-736
3,1562491756536,976,32,352
1,1562491756541,-672,-416,-624
5,1562491756546,-656,288,-736
5,1562491756550,-640,288,-736
3,1562491756555,976,32,368
3,1562491756560,976,32,368
3,1562491756565,976,32,368
1,1562491756570,-672,-400,-608
1,1562491756575,-672,-416,-624
1,1562491756580,-672,-416,-624
5,1562491756585,-656,288,-752
5,1562491756589,-640,288,-736
3,1562491756594,976,32,368
3,1562491756601,976,32,368
1,1562491756606,-672,-416,-624
1,1562491756610,-688,-416,-608
5,1562491756615,-656,288,-736
5,1562491756619,-640,288,-736
3,1562491756624,976,32,368
3,1562491756629,976,32,368
1,1562491756637,-672,-416,-608
5,1562491756644,-656,288,-736
5,1562491756649,-640,288,-736
3,1562491756655,976,32,368
3,1562491756660,960,32,368
1,1562491756673,-672,-416,-624
1,1562491756678,-672,-416,-624
1,1562491756683,-672,-416,-608
5,1562491756688,-656,288,-736
5,1562491756693,-640,288,-736
3,1562491756698,976,32,368
3,1562491756703,976,32,368
1,1562491756714,-672,-416,-608
1,1562491756719,-672,-416,-608
5,1562491756727,-640,288,-736
5,1562491756733,-640,288,-736
3,1562491756738,976,32,368
3,1562491756743,976,32,368
1,1562491756753,-672,-416,-624
1,1562491756758,-672,-416,-624
5,1562491756764,-640,288,-736
5,1562491756769,-640,288,-736
3,1562491756775,976,32,368
3,1562491756786,976,32,368
1,1562491756796,-672,-400,-624
1,1562491756800,-672,-400,-608
5,1562491756817,-640,288,-736
5,1562491756822,-640,288,-736
3,1562491756827,976,32,368
3,1562491756832,976,32,368
1,1562491756838,-672,-400,-624
1,1562491756844,-672,-400,-624
5,1562491756849,-640,288,-736
5,1562491756854,-640,288,-736
3,1562491756859,976,32,352
3,1562491756864,960,32,368
1,1562491756874,-672,-400,-624
1,1562491756879,-672,-416,-608
5,1562491756884,-640,288,-752
5,1562491756888,-640,288,-736
3,1562491756897,976,32,368
3,1562491756902,976,32,368
1,1562491756913,-672,-416,-608
1,1562491756918,-672,-416,-608
5,1562491756923,-656,288,-736
5,1562491756929,-640,288,-736
3,1562491756934,960,32,368
3,1562491756940,976,32,368
1,1562491756953,-672,-416,-608
1,1562491756958,-672,-416,-624
5,1562491756963,-640,288,-736
5,1562491756968,-640,288,-736
3,1562491756978,976,32,368
3,1562491756983,976,32,368
1,1562491756994,-672,-400,-624
1,1562491757000,-672,-416,-624
5,1562491757005,-640,288,-736
5,1562491757010,-656,288,-736
3,1562491757015,976,32,368
3,1562491757020,976,32,368
1,1562491757032,-672,-416,-608
1,1562491757038,-672,-416,-624
5,1562491757048,-640,288,-736
5,1562491757053,-640,288,-736
5,1562491757058,-640,304,-752
3,1562491757063,976,32,368
3,1562491757068,976,32,368
1,1562491757073,-672,-416,-608
1,1562491757078,-672,-400,-608
5,1562491757084,-640,288,-736
5,1562491757089,-640,288,-736
3,1562491757097,976,32,368
3,1562491757102,976,32,368
1,1562491757115,-672,-416,-624
1,1562491757119,-672,-416,-608
5,1562491757124,-656,288,-736
5,1562491757129,-656,288,-736
3,1562491757137,976,32,368
3,1562491757143,976,32,368
1,1562491757156,-672,-416,-624
1,1562491757162,-672,-400,-624
5,1562491757167,-640,288,-736
5,1562491757172,-656,288,-736
3,1562491757178,976,32,384
3,1562491757183,976,32,368
3,1562491757187,976,32,368
1,1562491757193,-672,-416,-608
1,1562491757197,-672,-416,-608
5,1562491757202,-640,288,-736
5,1562491757208,-656,288,-736
3,1562491757216,976,32,368
1,1562491757232,-672,-416,-608
1,1562491757242,-672,-400,-624
5,1562491757247,-640,288,-736
5,1562491757252,-640,288,-736
3,1562491757257,976,32,368
3,1562491757262,976,32,368
3,1562491757267,976,32,368
1,1562491757274,-672,-416,-608
1,1562491757278,-672,-416,-608
1,1562491757283,-672,-416,-608
5,1562491757299,-640,288,-752
5,1562491757305,-640,288,-736
3,1562491757310,976,32,368
3,1562491757316,976,32,352
1,1562491757321,-688,-416,-608
1,1562491757326,-688,-400,-608
5,1562491757332,-656,288,-736
5,1562491757337,-640,288,-736
3,1562491757341,960,32,368
3,1562491757346,976,32,368
1,1562491757353,-672,-400,-608
5,1562491757363,-640,288,-736
5,1562491757376,-656,288,-736
3,1562491757381,976,32,368
3,1562491757386,976,48,368
1,1562491757392,-672,-416,-608
1,1562491757396,-672,-416,-608
1,1562491757401,-672,-416,-608
5,1562491757409,-656,288,-720
5,1562491757415,-656,288,-736
3,1562491757420,976,32,368
3,1562491757425,976,32,368
1,1562491757433,-672,-416,-608
1,1562491757438,-672,-400,-608
5,1562491757444,-640,288,-736
5,1562491757449,-640,288,-736
3,1562491757455,976,32,368
3,1562491757460,976,32,368
1,1562491757473,-672,-416,-608
1,1562491757478,-672,-416,-624
5,1562491757487,-656,288,-736
5,1562491757492,-640,288,-736
3,1562491757497,960,32,352
1,1562491757511,-672,-416,-624
1,1562491757517,-672,-416,-624
5,1562491757522,-640,288,-736
5,1562491757527,-640,288,-736
3,1562491757536,976,32,368
3,1562491757543,976,32,368
3,1562491757548,976,32,368
1,1562491757554,-672,-416,-608
1,1562491757558,-672,-400,-608
5,1562491757563,-640,288,-720
5,1562491757568,-640,288,-736
3,1562491757577,976,32,368
3,1562491757582,976,32,368
1,1562491757594,-672,-416,-624
1,1562491757598,-672,-416,-624
5,1562491757604,-656,288,-736
5,1562491757609,-640,288,-736
3,1562491757615,976,32,368
3,1562491757620,976,32,368
1,1562491757631,-672,-416,-624
1,1562491757637,-672,-400,-624
5,1562491757642,-640,288,-736
5,1562491757646,-656,288,-736
3,1562491757656,960,32,368
3,1562491757661,960,32,368
1,1562491757671,-672,-416,-624
1,1562491757677,-672,-400,-624
5,1562491757684,-656,288,-736
5,1562491757690,-640,288,-736
5,1562491757696,-640,288,-736
3,1562491757700,976,32,368
3,1562491757705,976,32,368
1,1562491757713,-672,-400,-608
1,1562491757718,-672,-416,-624
5,1562491757724,-656,288,-752
3,1562491757734,976,32,368
3,1562491757738,976,32,368
1,1562491757753,-672,-416,-624
1,1562491757757,-672,-416,-624
5,1562491757764,-640,288,-736
5,1562491757769,-640,288,-736
5,1562491757774,-656,288,-736
3,1562491757779,976,32,368
3,1562491757784,976,32,368
1,1562491757791,-672,-416,-624
1,1562491757796,-672,-416,-608
5,1562491757802,-656,288,-752
5,1562491757806,-640,288,-736
3,1562491757814,976,48,368
1,1562491757833,-672,-416,-624
1,1562491757839,-672,-400,-608
5,1562491757845,-640,288,-736
3,1562491757854,976,32,368
3,1562491757859,976,32,368
3,1562491757864,976,32,368
1,1562491757874,-672,-400,-608
1,1562491757878,-672,-400,-608
5,1562491757883,-640,288,-736
5,1562491757888,-656,288,-736
5,1562491757893,-640,288,-736
3,1562491757898,976,32,352
3,1562491757902,976,32,368
3,1562491757907,976,32,368
1,1562491757916,-672,-400,-624
1,1562491757922,-672,-416,-608
5,1562491757927,-640,288,-736
5,1562491757932,-640,288,-736
3,1562491757937,976,32,368
1,1562491757953,-672,-400,-608
1,1562491757958,-672,-416,-608
5,1562491757963,-656,288,-736
5,1562491757968,-640,288,-736
3,1562491757977,976,32,368
3,1562491757982,976,32,368
3,1562491757986,960,32,368
1,1562491757995,-672,-416,-608
1,1562491758001,-672,-400,-624
5,1562491758006,-640,288,-736
5,1562491758011,-640,288,-736
3,1562491758017,976,32,368
3,1562491758024,960,32,368
1,1562491758032,-672,-416,-608
1,1562491758037,-672,-400,-608
5,1562491758042,-640,288,-736
5,1562491758047,-640,288,-736
3,1562491758055,976,32,368
3,1562491758060,976,32,368
1,1562491758071,-688,-400,-608
1,1562491758076,-672,-416,-624
5,1562491758086,-640,288,-736
5,1562491758091,-640,288,-736
3,1562491758098,976,32,368
3,1562491758102,976,32,352
1,1562491758112,-672,-400,-608
1,1562491758117,-688,-400,-608
1,1562491758122,-688,-416,-608
5,1562491758127,-656,288,-736
5,1562491758135,-656,288,-736
3,1562491758140,976,32,368
3,1562491758145,976,32,368
1,1562491758151,-672,-400,-624
1,1562491758156,-672,-416,-624
5,1562491758165,-640,288,-736
5,1562491758170,-640,288,-736
3,1562491758177,976,32,368
3,1562491758183,976,32,368
1,1562491758191,-672,-416,-608
5,1562491758202,-656,288,-736
5,1562491758207,-640,288,-752
3,1562491758216,976,32,368
3,1562491758222,976,32,368
1,1562491758232,-672,-416,-608
1,1562491758237,-672,-416,-608
1,1562491758242,-672,-416,-624
5,1562491758246,-640,288,-736
5,1562491758251,-640,288,-736
3,1562491758260,976,32,368
3,1562491758265,976,32,368
1,1562491758273,-672,-416,-624
1,1562491758278,-672,-416,-624
5,1562491758284,-640,288,-736
5,1562491758290,-656,288,-736
3,1562491758296,976,32,368
3,1562491758302,976,32,368
1,1562491758313,-672,-416,-608
1,1562491758318,-672,-416,-608
5,1562491758323,-656,288,-736
5,1562491758328,-640,288,-736
3,1562491758334,976,32,368
3,1562491758338,976,32,368
1,1562491758352,-672,-416,-608
1,1562491758357,-672,-416,-608
5,1562491758363,-656,288,-736
5,1562491758368,-656,288,-736
5,1562491758373,-640,288,-752
3,1562491758378,976,32,368
3,1562491758383,976,32,368
1,1562491758391,-672,-416,-608
1,1562491758398,-672,-416,-624
5,1562491758407,-640,288,-736
5,1562491758412,-640,288,-736
3,1562491758417,976,32,368
3,1562491758422,976,32,368
1,1562491758433,-672,-416,-608
1,1562491758438,-672,-400,-624
5,1562491758443,-640,288,-736
3,1562491758453,976,32,368
3,1562491758458,976,32,368
1,1562491758473,-672,-416,-608
1,1562491758477,-672,-416,-608
5,1562491758482,-640,288,-736
5,1562491758487,-640,288,-752
5,1562491758492,-640,288,-736
3,1562491758498,976,32,368
3,1562491758502,976,48,368
1,1562491758513,-672,-416,-624
1,1562491758518,-672,-416,-624
5,1562491758524,-640,288,-736
5,1562491758529,-640,288,-736
3,1562491758534,976,48,368
3,1562491758539,976,32,352
1,1562491758552,-672,-400,-624
1,1562491758558,-672,-400,-624
5,1562491758563,-656,288,-736
5,1562491758567,-656,288,-736
1,1562491758591,-672,-400,-608
1,1562491758595,-672,-416,-608
5,1562491758604,-640,288,-736
5,1562491758609,-640,288,-736
3,1562491758618,976,32,368
3,1562491758623,960,32,368
3,1562491758628,976,32,368
3,1562491758634,976,32,368
3,1562491758639,976,32,368
1,1562491758644,-672,-416,-608
1,1562491758649,-672,-400,-624
5,1562491758654,-656,272,-736
5,1562491758659,-640,288,-736
3,1562491758664,976,32,368
1,1562491758672,-672,-416,-608
1,1562491758677,-672,-416,-624
5,1562491758682,-640,288,-736
5,1562491758687,-640,288,-736
3,1562491758694,976,32,368
3,1562491758699,976,32,368
3,1562491758707,976,32,368
1,1562491758716,-672,-400,-624
1,1562491758721,-672,-416,-608
5,1562491758726,-640,288,-736
5,1562491758732,-640,288,-736
3,1562491758736,976,32,368
3,1562491758741,976,32,368
1,1562491758752,-672,-416,-624
1,1562491758757,-672,-400,-608
5,1562491758762,-640,288,-736
5,1562491758767,-640,288,-736
3,1562491758774,976,32,368
3,1562491758781,976,32,368
1,1562491758791,-672,-416,-624
1,1562491758796,-672,-400,-624
5,1562491758802,-656,288,-736
5,1562491758806,-656,288,-736
3,1562491758816,976,32,368
3,1562491758821,976,32,368
1,1562491758831,-672,-400,-608
1,1562491758836,-672,-416,-624
5,1562491758841,-640,288,-736
5,1562491758846,-640,288,-736
3,1562491758855,976,32,368
3,1562491758860,976,32,368
1,1562491758873,-672,-400,-608
1,1562491758878,-672,-416,-624
5,1562491758884,-656,288,-736
5,1562491758889,-640,288,-752
3,1562491758895,976,32,368
3,1562491758901,976,32,368
1,1562491758914,-672,-416,-624
1,1562491758919,-672,-416,-608
5,1562491758924,-640,288,-736
5,1562491758929,-656,288,-736
3,1562491758934,976,32,368
3,1562491758939,976,32,368
1,1562491758951,-672,-400,-608
1,1562491758960,-672,-416,-624
1,1562491758965,-672,-416,-608
5,1562491758970,-640,288,-736
5,1562491758978,-640,288,-736
3,1562491758984,976,32,368
3,1562491758989,976,32,368
1,1562491758994,-672,-416,-608
1,1562491759001,-672,-416,-624
5,1562491759006,-656,288,-736
5,1562491759011,-640,288,-736
5,1562491759015,-640,288,-736
3,1562491759020,976,32,368
3,1562491759025,976,32,368
1,1562491759031,-672,-400,-608
5,1562491759041,-640,288,-736
3,1562491759055,976,32,368
3,1562491759060,976,32,368
1,1562491759075,-672,-416,-624
1,1562491759081,-672,-416,-608
1,1562491759086,-672,-400,-608
5,1562491759090,-640,288,-736
5,1562491759095,-640,288,-736
5,1562491759100,-640,288,-736
3,1562491759104,976,32,368
3,1562491759110,976,32,368
1,1562491759115,-672,-416,-608
1,1562491759119,-672,-400,-608
5,1562491759136,-656,288,-736
5,1562491759142,-656,288,-736
3,1562491759146,976,32,368
3,1562491759151,976,32,368
1,1562491759156,-672,-416,-608
1,1562491759161,-672,-416,-608
5,1562491759167,-640,288,-736
3,1562491759176,976,32,368
3,1562491759180,976,32,368
1,1562491759192,-672,-400,-608
1,1562491759197,-672,-400,-624
5,1562491759202,-656,288,-736
5,1562491759206,-640,288,-736
5,1562491759211,-640,288,-736
3,1562491759219,960,32,368
3,1562491759224,976,32,368
1,1562491759232,-672,-416,-624
1,1562491759236,-672,-416,-608
5,1562491759244,-640,288,-736
5,1562491759248,-656,288,-736
3,1562491759255,976,32,368
3,1562491759260,976,32,368
1,1562491759271,-672,-400,-624
1,1562491759276,-672,-416,-608
5,1562491759282,-656,288,-736
5,1562491759286,-656,288,-720
3,1562491759296,976,32,368
1,1562491759312,-672,-416,-608
1,1562491759317,-672,-416,-608
5,1562491759322,-640,288,-736
5,1562491759328,-640,288,-736
3,1562491759335,960,32,368
3,1562491759339,976,32,368
3,1562491759344,976,32,368
3,1562491759349,976,32,368
1,1562491759354,-672,-416,-624
1,1562491759359,-672,-416,-624
5,1562491759363,-640,288,-736
5,1562491759368,-640,288,-736
3,1562491759373,960,32,368
1,1562491759392,-672,-416,-608
1,1562491759397,-672,-416,-608
5,1562491759403,-640,288,-736
5,1562491759408,-640,288,-736
3,1562491759414,976,32,368
3,1562491759419,976,32,368
3,1562491759424,976,32,368
1,1562491759433,-672,-400,-624
1,1562491759439,-672,-416,-624
5,1562491759465,-656,288,-736
5,1562491759470,-640,288,-736
3,1562491759475,976,32,368
3,1562491759482,976,32,352
1,1562491759487,-672,-400,-624
1,1562491759492,-672,-400,-624
5,1562491759497,-656,288,-736
5,1562491759502,-640,288,-736
3,1562491759506,976,32,368
3,1562491759511,976,32,368
1,1562491759516,-672,-416,-608
1,1562491759521,-672,-416,-608
5,1562491759526,-640,288,-736
3,1562491759534,976,32,368
3,1562491759539,976,32,368
1,1562491759551,-672,-400,-624
1,1562491759555,-672,-416,-608
5,1562491759560,-656,288,-736
5,1562491759569,-656,272,-736
5,1562491759574,-640,288,-736
3,1562491759579,976,32,368
3,1562491759584,976,32,368
1,1562491759592,-672,-416,-624
1,1562491759598,-672,-416,-608
5,1562491759603,-656,288,-736
5,1562491759608,-640,288,-736
3,1562491759614,976,32,368
3,1562491759619,976,32,368
1,1562491759632,-672,-416,-624
1,1562491759638,-672,-416,-608
5,1562491759642,-656,288,-736
5,1562491759647,-656,288,-736
3,1562491759655,976,32,368
3,1562491759660,976,32,368
1,1562491759672,-672,-416,-608
1,1562491759677,-672,-416,-624
5,1562491759683,-640,288,-736
5,1562491759688,-640,288,-736
5,1562491759693,-656,288,-736
3,1562491759698,976,32,368
3,1562491759703,976,32,368
1,1562491759711,-672,-416,-608
1,1562491759716,-672,-416,-608
5,1562491759724,-656,288,-736
5,1562491759729,-656,288,-736
3,1562491759734,976,32,368
3,1562491759738,976,32,368
1,1562491759753,-672,-400,-608
1,1562491759758,-672,-416,-624
5,1562491759764,-640,288,-752
3,1562491759776,976,32,368
3,1562491759781,960,32,368
1,1562491759792,-672,-400,-624
1,1562491759797,-672,-400,-608
1,1562491759802,-672,-400,-624
5,1562491759808,-656,288,-736
5,1562491759813,-640,288,-736
5,1562491759818,-640,288,-736
3,1562491759823,976,32,368
3,1562491759827,976,32,368
1,1562491759831,-672,-400,-624
1,1562491759840,-672,-400,-624
5,1562491759845,-656,288,-736
5,1562491759851,-656,288,-736
3,1562491759856,960,32,368
3,1562491759861,960,32,368
1,1562491759872,-672,-416,-624
5,1562491759881,-656,272,-736
5,1562491759885,-640,288,-736
3,1562491759894,976,32,368
3,1562491759900,960,32,368
1,1562491759911,-672,-400,-624
1,1562491759916,-672,-416,-624
1,1562491759921,-672,-416,-624
5,1562491759928,-656,288,-736
5,1562491759934,-656,288,-736
3,1562491759940,976,32,368
3,1562491759945,976,32,368
1,1562491759958,-672,-400,-624
1,1562491759963,-672,-416,-624
5,1562491759970,-656,288,-752
5,1562491759976,-656,288,-752
3,1562491759984,960,32,368
3,1562491759989,976,32,368
1,1562491759995,-672,-416,-624
1,1562491760000,-672,-416,-608
5,1562491760004,-640,288,-736
5,1562491760009,-656,288,-736
3,1562491760015,976,32,368
3,1562491760020,976,32,368
3,1562491760024,976,32,368
1,1562491760032,-672,-416,-624
1,1562491760037,-672,-416,-608
5,1562491760046,-656,288,-736
5,1562491760051,-640,288,-736
3,1562491760056,976,32,368
3,1562491760062,976,32,368
1,1562491760072,-672,-400,-624
1,1562491760077,-672,-400,-624
5,1562491760082,-640,288,-752
5,1562491760087,-640,288,-736
3,1562491760094,976,32,368
1,1562491760112,-672,-400,-624
1,1562491760116,-672,-400,-624
5,1562491760137,-640,288,-736
3,1562491760142,976,32,368
5,1562491760147,-640,288,-752
3,1562491760152,976,32,368
3,1562491760157,976,32,368
1,1562491760162,-672,-400,-624
1,1562491760167,-656,-416,-624
5,1562491760172,-640,288,-752
5,1562491760176,-656,288,-736
3,1562491760182,976,32,368
3,1562491760186,960,32,368
1,1562491760195,-672,-416,-624
1,1562491760200,-672,-400,-624
5,1562491760209,-656,288,-736
5,1562491760214,-640,288,-736
3,1562491760221,976,48,352
3,1562491760226,960,32,352
1,1562491760235,-672,-384,-640
1,1562491760240,-672,-384,-640
5,1562491760245,-656,288,-736
5,1562491760250,-640,288,-736
3,1562491760257,976,32,352
3,1562491760262,976,32,368
1,1562491760275,-672,-384,-624
1,1562491760280,-672,-400,-624
5,1562491760285,-656,288,-736
5,1562491760290,-640,288,-736
5,1562491760296,-640,288,-752
3,1562491760304,976,16,368
3,1562491760309,960,32,368
1,1562491760316,-672,-400,-608
1,1562491760322,-672,-416,-608
5,1562491760327,-640,288,-736
5,1562491760332,-640,288,-736
3,1562491760337,960,32,368
3,1562491760342,976,48,368
1,1562491760353,-672,-416,-608
1,1562491760358,-672,-432,-608
5,1562491760363,-656,288,-736
3,1562491760377,976,48,368
3,1562491760382,960,48,384
1,1562491760393,-672,-448,-608
1,1562491760401,-656,-448,-608
5,1562491760407,-656,288,-752
5,1562491760414,-656,288,-736
5,1562491760419,-656,288,-736
3,1562491760424,960,48,384
3,1562491760428,960,48,384
1,1562491760434,-672,-464,-608
1,1562491760438,-656,-448,-608
5,1562491760443,-656,288,-736
5,1562491760448,-656,288,-736
3,1562491760454,976,64,384
3,1562491760459,976,48,384
1,1562491760474,-672,-448,-608
1,1562491760479,-672,-432,-608
5,1562491760485,-656,288,-736
5,1562491760489,-640,288,-736
3,1562491760495,976,48,384
3,1562491760500,960,48,384
1,1562491760512,-672,-416,-608
1,1562491760517,-672,-416,-608
5,1562491760523,-656,288,-736
5,1562491760528,-640,288,-736
3,1562491760535,976,32,384
3,1562491760540,960,48,384
1,1562491760552,-672,-416,-624
1,1562491760557,-688,-400,-624
5,1562491760563,-640,288,-736
5,1562491760568,-640,288,-736
3,1562491760575,960,32,384
3,1562491760580,976,48,384
1,1562491760593,-688,-400,-608
1,1562491760598,-704,-400,-608
5,1562491760604,-640,288,-752
5,1562491760608,-640,288,-752
3,1562491760621,976,48,400
3,1562491760625,992,48,416
1,1562491760636,-704,-400,-640
1,1562491760643,-704,-400,-640
1,1562491760649,-688,-384,-624
5,1562491760654,-640,288,-752
5,1562491760659,-640,256,-768
3,1562491760664,992,48,368
3,1562491760669,976,48,368
1,1562491760674,-688,-400,-624
1,1562491760679,-688,-432,-624
5,1562491760685,-640,304,-784
5,1562491760690,-576,368,-880
3,1562491760697,992,0,416
3,1562491760702,976,0,432
1,1562491760712,-688,-416,-640
1,1562491760719,-688,-400,-656
5,1562491760729,-576,288,-816
5,1562491760735,-640,272,-784
3,1562491760747,976,80,432
3,1562491760753,976,64,432
3,1562491760759,960,128,272
1,1562491760764,-672,-416,-624
1,1562491760769,-672,-448,-624
5,1562491760774,-624,208,-816
5,1562491760780,-784,240,-896
3,1562491760785,1056,112,208
3,1562491760790,1056,128,144
1,1562491760796,-688,-480,-640
1,1562491760800,-672,-480,-640
5,1562491760806,-656,128,-800
5,1562491760811,-656,112,-752
3,1562491760816,1024,128,160
1,1562491760834,-640,-464,-624
1,1562491760840,-624,-464,-624
5,1562491760846,-688,128,-752
5,1562491760851,-624,176,-768
3,1562491760861,1008,112,208
3,1562491760866,992,64,240
3,1562491760874,976,32,256
1,1562491760880,-624,-448,-624
1,1562491760885,-608,-432,-608
5,1562491760890,-576,208,-752
5,1562491760896,-544,240,-736
3,1562491760902,960,16,256
3,1562491760907,944,16,272
1,1562491760913,-624,-400,-608
1,1562491760918,-608,-384,-608
5,1562491760927,-544,240,-688
5,1562491760933,-512,256,-640
3,1562491760940,912,0,288
3,1562491760945,928,-64,304
1,1562491760953,-592,-384,-592
1,1562491760958,-576,-368,-608
5,1562491760964,-544,320,-704
5,1562491760969,-640,352,-720
3,1562491760976,912,-32,336
3,1562491760981,896,-32,320
1,1562491760994,-576,-384,-592
1,1562491760999,-576,-384,-592
5,1562491761008,-624,320,-656
5,1562491761014,-576,320,-608
5,1562491761019,-560,288,-560
3,1562491761025,880,-32,320
3,1562491761031,864,-32,272
1,1562491761036,-560,-368,-576
1,1562491761042,-592,-384,-624
5,1562491761048,-352,288,-480
5,1562491761053,-1520,544,-1104
3,1562491761058,944,16,160
3,1562491761063,1392,-16,992
1,1562491761073,-752,-512,-928
1,1562491761078,-816,-416,-800
5,1562491761084,-720,352,-784
3,1562491761096,1120,0,208
1,1562491761113,-640,-416,-560
1,1562491761123,-640,-416,-624
5,1562491761129,-480,288,-816
5,1562491761135,-688,256,-720
5,1562491761140,-608,288,-720
3,1562491761146,976,96,160
3,1562491761151,992,80,304
3,1562491761157,1024,64,272
1,1562491761164,-640,-432,-656
1,1562491761169,-640,-448,-640
5,1562491761174,-640,288,-752
5,1562491761179,-624,304,-768
3,1562491761184,1008,80,240
3,1562491761189,1024,64,224
1,1562491761197,-640,-432,-640
1,1562491761204,-656,-448,-656
5,1562491761209,-608,304,-752
5,1562491761215,-592,320,-832
3,1562491761221,1056,64,224
3,1562491761226,1088,96,224
1,1562491761232,-688,-448,-688
1,1562491761238,-688,-448,-704
5,1562491761245,-640,272,-752
5,1562491761250,-624,320,-784
3,1562491761259,1056,112,224
3,1562491761264,1024,64,224
1,1562491761273,-640,-416,-672
1,1562491761278,-608,-368,-640
5,1562491761284,-624,336,-736
5,1562491761289,-640,352,-720
3,1562491761298,976,32,208
3,1562491761304,928,16,224
1,1562491761313,-576,-368,-624
1,1562491761318,-576,-352,-624
5,1562491761324,-640,384,-704
5,1562491761329,-624,368,-704
3,1562491761338,944,16,224
3,1562491761349,976,32,208
1,1562491761354,-576,-384,-624
1,1562491761359,-608,-416,-640
5,1562491761365,-624,352,-720
5,1562491761370,-624,352,-720
3,1562491761381,992,48,208
3,1562491761386,1008,48,224
1,1562491761394,-624,-416,-656
1,1562491761399,-624,-416,-672
5,1562491761404,-624,352,-736
5,1562491761409,-640,336,-736
3,1562491761416,1024,48,240
3,1562491761421,1008,64,224
1,1562491761432,-624,-416,-656
1,1562491761437,-624,-416,-656
5,1562491761442,-640,336,-736
5,1562491761447,-608,352,-752
3,1562491761455,1024,64,192
3,1562491761463,1024,32,192
3,1562491761468,1008,32,208
1,1562491761475,-624,-432,-656
1,1562491761480,-624,-432,-640
1,1562491761485,-608,-416,-640
5,1562491761490,-624,352,-736
5,1562491761495,-624,352,-736
3,1562491761500,992,16,208
3,1562491761505,992,16,224
1,1562491761514,-608,-400,-624
1,1562491761520,-608,-400,-640
5,1562491761524,-640,352,-720
5,1562491761529,-640,368,-720
3,1562491761535,992,32,240
1,1562491761552,-608,-400,-640
5,1562491761561,-640,352,-720
5,1562491761567,-624,336,-720
3,1562491761575,976,32,240
3,1562491761581,992,48,256
3,1562491761586,992,64,288
1,1562491761595,-608,-416,-656
1,1562491761600,-624,-416,-672
1,1562491761606,-640,-416,-672
5,1562491761612,-640,320,-736
5,1562491761617,-656,288,-736
5,1562491761621,-640,288,-736
3,1562491761626,1008,96,336
3,1562491761631,1008,80,336
1,1562491761640,-656,-416,-672
1,1562491761646,-640,-432,-672
5,1562491761651,-624,288,-752
5,1562491761657,-560,304,-816
3,1562491761662,1040,80,224
3,1562491761667,1072,48,144
1,1562491761674,-672,-480,-672
1,1562491761680,-672,-464,-656
5,1562491761685,-608,304,-768
1,1562491761712,-656,-416,-640
1,1562491761717,-624,-400,-656
5,1562491761727,-640,272,-752
5,1562491761732,-624,288,-752
5,1562491761737,-624,304,-768
3,1562491761742,1040,112,224
3,1562491761748,1008,96,240
3,1562491761753,1008,64,208
3,1562491761758,1008,64,208
1,1562491761764,-624,-384,-640
1,1562491761769,-656,-400,-656
5,1562491761774,-624,288,-752
5,1562491761779,-624,304,-752
3,1562491761784,1008,80,208
3,1562491761789,1008,80,208
1,1562491761796,-656,-384,-672
1,1562491761800,-656,-368,-672
5,1562491761805,-624,288,-752
5,1562491761809,-624,288,-768
3,1562491761818,1008,64,208
3,1562491761823,1008,80,208
1,1562491761832,-656,-368,-672
1,1562491761840,-640,-384,-672
5,1562491761847,-624,288,-752
5,1562491761852,-624,272,-752
3,1562491761858,1008,80,208
3,1562491761863,1008,112,208
1,1562491761873,-656,-400,-672
1,1562491761879,-672,-416,-688
5,1562491761885,-624,256,-752
5,1562491761890,-624,272,-752
3,1562491761899,1040,128,208
3,1562491761904,1040,96,240
1,1562491761915,-672,-416,-672
1,1562491761920,-672,-416,-672
5,1562491761926,-640,272,-752
5,1562491761932,-624,256,-752
3,1562491761937,1024,112,240
3,1562491761942,1088,128,208
1,1562491761952,-688,-432,-688
1,1562491761958,-704,-448,-720
5,1562491761964,-560,288,-832
5,1562491761968,-624,304,-816
3,1562491761974,1152,96,144
3,1562491761979,1136,64,176
1,1562491761993,-704,-448,-704
1,1562491761998,-656,-400,-688
5,1562491762006,-624,336,-784
5,1562491762011,-624,352,-736
3,1562491762017,1072,32,176
3,1562491762022,1008,48,208
1,1562491762035,-624,-384,-672
1,1562491762040,-592,-384,-656
5,1562491762045,-640,368,-720
5,1562491762049,-640,400,-688
3,1562491762056,976,32,224
3,1562491762061,912,0,224
1,1562491762073,-560,-352,-640
1,1562491762080,-544,-352,-624
5,1562491762086,-640,416,-672
5,1562491762091,-640,416,-656
3,1562491762098,896,0,208
3,1562491762103,912,0,208
1,1562491762116,-544,-368,-608
1,1562491762123,-576,-384,-624
5,1562491762128,-640,416,-656
5,1562491762133,-640,400,-688
3,1562491762138,944,16,208
3,1562491762143,992,48,208
1,1562491762155,-592,-400,-656
1,1562491762160,-608,-400,-656
5,1562491762165,-640,400,-704
5,1562491762170,-640,400,-704
3,1562491762175,1008,32,208
3,1562491762180,976,32,208
3,1562491762186,944,0,208
1,1562491762195,-592,-400,-656
1,1562491762200,-576,-384,-640
5,1562491762205,-640,416,-688
5,1562491762210,-640,416,-672
3,1562491762215,928,0,224
3,1562491762221,912,-16,208
1,1562491762232,-560,-384,-624
1,1562491762240,-544,-384,-592
5,1562491762246,-640,416,-672
5,1562491762252,-656,416,-672
5,1562491762257,-656,384,-688
3,1562491762262,912,0,208
1,1562491762272,-560,-384,-592
1,1562491762278,-592,-416,-624
5,1562491762284,-640,320,-720
3,1562491762295,960,64,192
3,1562491762301,1120,128,224
3,1562491762306,1216,256,208
1,1562491762313,-672,-464,-704
1,1562491762319,-768,-528,-800
1,1562491762325,-816,-528,-816
5,1562491762335,-640,224,-768
5,1562491762341,-592,176,-848
5,1562491762346,-528,272,-864
3,1562491762356,1280,192,160
3,1562491762364,1168,96,96
1,1562491762369,-752,-464,-736
1,1562491762375,-688,-416,-704
5,1562491762381,-592,288,-800
5,1562491762386,-640,304,-752
3,1562491762391,1088,112,176
3,1562491762396,1024,64,224
1,1562491762401,-624,-368,-672
5,1562491762406,-656,352,-704
3,1562491762420,912,16,240
3,1562491762425,848,-48,192
1,1562491762433,-560,-320,-624
1,1562491762438,-528,-320,-592
1,1562491762443,-528,-320,-592
5,1562491762451,-640,400,-672
5,1562491762457,-640,416,-656
5,1562491762462,-640,400,-672
3,1562491762467,864,-48,192
3,1562491762473,912,16,208
1,1562491762478,-576,-352,-624
1,1562491762483,-608,-384,-672
5,1562491762488,-656,368,-704
5,1562491762493,-640,336,-736
3,1562491762499,976,48,224
3,1562491762503,1040,48,208
1,1562491762512,-640,-384,-672
1,1562491762517,-624,-400,-656
5,1562491762528,-640,352,-752
5,1562491762533,-640,352,-736
3,1562491762538,1024,0,208
3,1562491762543,976,48,224
1,1562491762553,-608,-400,-624
1,1562491762559,-704,-480,-752
5,1562491762566,-672,240,-688
5,1562491762572,-512,160,-864
3,1562491762577,1136,304,160
3,1562491762582,1296,224,112
1,1562491762593,-832,-576,-848
1,1562491762598,-752,-480,-736
5,1562491762603,-576,240,-848
5,1562491762608,-592,304,-832
3,1562491762617,1152,96,160
3,1562491762623,1104,48,176
1,1562491762633,-672,-416,-688
1,1562491762639,-624,-352,-656
5,1562491762644,-640,320,-752
5,1562491762649,-640,352,-704
3,1562491762656,992,48,208
3,1562491762661,912,0,224
1,1562491762675,-560,-320,-624
1,1562491762680,-528,-320,-576
5,1562491762687,-656,400,-672
5,1562491762692,-640,416,-656
3,1562491762700,864,-32,208
3,1562491762706,880,-16,208
1,1562491762713,-544,-352,-576
1,1562491762721,-560,-368,-608
5,1562491762726,-640,400,-672
5,1562491762731,-640,400,-704
3,1562491762738,912,0,208
3,1562491762743,944,0,208
1,1562491762752,-592,-384,-624
1,1562491762758,-592,-384,-624
5,1562491762764,-640,400,-704
5,1562491762769,-640,368,-720
3,1562491762778,960,16,208
3,1562491762783,1024,32,208
1,1562491762795,-608,-416,-640
1,1562491762801,-688,-496,-736
5,1562491762806,-640,304,-704
5,1562491762812,-608,192,-816
3,1562491762817,1120,224,176
3,1562491762822,1248,224,208
1,1562491762832,-784,-544,-800
5,1562491762842,-608,256,-832
5,1562491762847,-592,320,-800
3,1562491762855,1168,112,160
3,1562491762860,1056,48,160
1,1562491762873,-752,-496,-736
1,1562491762880,-656,-432,-672
1,1562491762886,-592,-368,-624
5,1562491762892,-608,368,-736
5,1562491762898,-640,384,-704
3,1562491762904,976,16,208
3,1562491762908,896,0,224
3,1562491762914,864,0,224
1,1562491762919,-544,-336,-608
1,1562491762924,-528,-320,-592
5,1562491762929,-656,384,-656
5,1562491762935,-640,400,-656
5,1562491762940,-624,400,-672
3,1562491762945,896,-16,224
3,1562491762950,912,-16,192
1,1562491762955,-560,-336,-592
1,1562491762960,-576,-368,-608
5,1562491762968,-640,400,-704
5,1562491762974,-624,384,-736
3,1562491762980,992,0,208
1,1562491762993,-608,-384,-640
1,1562491762999,-608,-400,-640
5,1562491763011,-640,352,-736
5,1562491763015,-672,288,-736
3,1562491763020,992,0,208
3,1562491763025,1008,64,208
3,1562491763030,1088,192,192
1,1562491763035,-624,-416,-656
1,1562491763041,-688,-464,-736
5,1562491763046,-544,208,-832
5,1562491763051,-592,256,-832
3,1562491763060,1264,192,80
3,1562491763066,1056,128,256
1,1562491763075,-768,-560,-800
1,1562491763080,-704,-432,-704
1,1562491763085,-608,-352,-640
5,1562491763090,-640,288,-736
5,1562491763097,-624,336,-736
3,1562491763102,960,32,208
3,1562491763107,976,32,192
1,1562491763112,-592,-352,-640
5,1562491763122,-624,320,-736
5,1562491763128,-608,320,-752
3,1562491763137,1008,48,192
3,1562491763142,1024,80,192
1,1562491763153,-608,-384,-656
1,1562491763158,-656,-416,-656
1,1562491763164,-672,-400,-672
5,1562491763169,-624,288,-752
5,1562491763174,-624,304,-752
3,1562491763180,1040,96,192
3,1562491763185,1024,64,208
1,1562491763193,-656,-384,-672
1,1562491763200,-640,-400,-672
5,1562491763205,-624,320,-752
5,1562491763210,-624,304,-752
3,1562491763218,1024,64,192
3,1562491763224,1008,64,192
1,1562491763232,-624,-400,-656
5,1562491763241,-624,320,-752
5,1562491763246,-624,320,-752
3,1562491763258,1008,48,192
3,1562491763263,1008,64,192
1,1562491763275,-624,-400,-656
1,1562491763280,-624,-400,-656
1,1562491763285,-640,-400,-656
5,1562491763296,-624,304,-752
5,1562491763301,-624,304,-752
3,1562491763306,1008,64,192
3,1562491763311,1024,64,192
1,1562491763317,-640,-416,-656
1,1562491763322,-640,-400,-656
5,1562491763327,-624,304,-768
5,1562491763333,-624,320,-752
3,1562491763339,1024,64,192
3,1562491763343,1008,64,192
1,1562491763352,-624,-400,-672
1,1562491763358,-624,-384,-656
5,1562491763363,-624,320,-768
5,1562491763368,-608,320,-752
3,1562491763377,1008,64,192
3,1562491763382,1008,48,192
1,1562491763393,-640,-384,-656
1,1562491763400,-640,-400,-656
5,1562491763405,-624,320,-752
5,1562491763411,-624,304,-768
3,1562491763418,1024,64,192
3,1562491763422,1024,64,192
1,1562491763433,-656,-400,-672
1,1562491763438,-640,-400,-672
5,1562491763443,-624,304,-752
5,1562491763448,-624,288,-736
3,1562491763460,1008,80,192
3,1562491763465,1024,80,192
1,1562491763472,-640,-400,-656
1,1562491763478,-640,-400,-656
5,1562491763483,-624,288,-752
5,1562491763488,-624,288,-752
3,1562491763495,1008,80,192
3,1562491763500,1024,80,192
1,1562491763513,-640,-400,-656
1,1562491763517,-640,-400,-672
5,1562491763522,-624,304,-752
5,1562491763527,-624,288,-768
3,1562491763539,1008,80,192
3,1562491763544,1024,80,192
1,1562491763554,-640,-400,-672
1,1562491763559,-640,-400,-656
5,1562491763564,-624,288,-752
5,1562491763569,-624,288,-752
5,1562491763575,-624,288,-752
3,1562491763581,1024,80,192
3,1562491763586,1024,80,192
5,1562491763600,-624,304,-752
3,1562491763613,1024,80,192
3,1562491763625,1008,80,192
3,1562491763629,1008,80,192
1,1562491763642,-640,-400,-656
1,1562491763647,-640,-400,-672
1,1562491763652,-640,-400,-656
1,1562491763657,-640,-400,-656
5,1562491763662,-624,304,-752
3,1562491763667,1008,80,192
5,1562491763673,-624,288,-752
3,1562491763678,1024,80,192
5,1562491763683,-624,288,-752
1,1562491763687,-640,-400,-672
1,1562491763692,-640,-400,-656
5,1562491763697,-624,304,-752
5,1562491763702,-624,288,-752
3,1562491763707,1024,80,192
1,1562491763712,-640,-400,-656
1,1562491763717,-640,-384,-656
5,1562491763726,-624,288,-768
5,1562491763730,-624,288,-752
3,1562491763735,1024,80,192
3,1562491763740,1024,80,192
3,1562491763745,1024,80,192
1,1562491763752,-640,-384,-672
1,1562491763757,-640,-384,-656
5,1562491763763,-624,288,-752
5,1562491763769,-624,304,-752
3,1562491763774,1024,80,192
3,1562491763779,1024,80,192
1,1562491763792,-640,-400,-656
1,1562491763797,-640,-400,-672
5,1562491763803,-624,304,-752
5,1562491763808,-624,288,-752
3,1562491763816,1008,80,192
3,1562491763821,1024,80,192
1,1562491763832,-624,-400,-672
1,1562491763837,-624,-400,-672
5,1562491763842,-624,288,-752
5,1562491763847,-624,288,-752
3,1562491763854,1024,80,192
3,1562491763859,1008,80,192
1,1562491763872,-624,-400,-656
1,1562491763877,-640,-400,-656
5,1562491763882,-624,288,-752
5,1562491763886,-624,288,-752
3,1562491763896,1008,80,176
3,1562491763901,1024,80,192
1,1562491763912,-640,-400,-656
1,1562491763917,-640,-400,-656
1,1562491763922,-640,-384,-656
5,1562491763927,-624,288,-752
5,1562491763932,-624,288,-752
3,1562491763937,1024,80,192
3,1562491763941,1024,64,192
1,1562491763951,-640,-384,-672
5,1562491763961,-624,304,-752
5,1562491763965,-624,288,-752
1,1562491763993,-640,-400,-672
1,1562491763998,-640,-400,-672
1,1562491764004,-640,-384,-656
5,1562491764009,-624,288,-752
5,1562491764014,-624,304,-752
3,1562491764020,1024,80,192
3,1562491764025,1024,80,176
3,1562491764030,1024,80,192
3,1562491764035,1024,64,192
1,1562491764040,-656,-400,-656
1,1562491764045,-640,-400,-656
5,1562491764049,-624,288,-752
5,1562491764055,-624,288,-752
3,1562491764059,1024,80,192
3,1562491764064,1024,80,192
1,1562491764077,-640,-400,-656
5,1562491764083,-624,304,-752
5,1562491764088,-624,288,-752
3,1562491764095,1008,80,192
3,1562491764100,1024,80,192
1,1562491764117,-640,-400,-656
1,1562491764121,-640,-400,-656
1,1562491764127,-640,-400,-672
5,1562491764131,-624,304,-768
5,1562491764136,-624,304,-752
3,1562491764141,1024,80,192
3,1562491764145,1024,80,192
1,1562491764152,-624,-400,-672
1,1562491764157,-624,-384,-672
5,1562491764166,-624,288,-768
5,1562491764170,-624,288,-752
3,1562491764178,1024,96,192
3,1562491764183,1024,64,192
1,1562491764193,-640,-400,-656
1,1562491764199,-656,-400,-656
5,1562491764205,-624,304,-752
5,1562491764210,-624,304,-752
3,1562491764216,1008,80,192
3,1562491764220,1024,80,192
1,1562491764233,-656,-400,-640
1,1562491764239,-656,-400,-656
5,1562491764245,-624,304,-752
5,1562491764250,-624,288,-752
5,1562491764256,-624,288,-768
3,1562491764261,1024,64,192
1,1562491764274,-640,-384,-672
1,1562491764280,-640,-400,-672
5,1562491764285,-624,304,-752
5,1562491764290,-624,288,-752
3,1562491764295,1008,80,192
3,1562491764300,1008,80,192
3,1562491764304,1008,64,192
1,1562491764316,-624,-400,-672
1,1562491764321,-624,-400,-672
5,1562491764326,-624,288,-752
3,1562491764335,1024,80,192
3,1562491764340,1024,96,192
3,1562491764345,1008,64,192
1,1562491764353,-624,-384,-672
1,1562491764358,-640,-384,-656
5,1562491764363,-624,288,-752
5,1562491764368,-624,288,-752
5,1562491764373,-624,304,-752
3,1562491764378,1024,64,192
3,1562491764382,1024,80,192
1,1562491764393,-656,-400,-656
1,1562491764397,-640,-384,-656
5,1562491764406,-624,288,-752
5,1562491764411,-624,288,-752
3,1562491764416,1008,80,192
1,1562491764434,-640,-400,-656
1,1562491764439,-640,-400,-656
5,1562491764446,-624,304,-752
5,1562491764454,-624,288,-752
3,1562491764459,1024,80,192
3,1562491764463,1024,80,192
3,1562491764468,1008,80,192
1,1562491764474,-640,-400,-672
1,1562491764479,-624,-400,-672
5,1562491764487,-624,288,-752
5,1562491764493,-624,288,-752
3,1562491764498,1024,80,192
3,1562491764503,1024,80,192
1,1562491764513,-624,-400,-672
1,1562491764519,-624,-400,-672
5,1562491764524,-624,288,-752
5,1562491764529,-624,288,-768
3,1562491764535,1024,80,176
3,1562491764540,1024,80,192
1,1562491764553,-640,-384,-672
1,1562491764559,-640,-384,-640
5,1562491764566,-624,288,-752
5,1562491764571,-624,304,-768
3,1562491764579,1024,64,192
3,1562491764584,1008,64,192
1,1562491764593,-656,-400,-640
1,1562491764600,-672,-400,-640
5,1562491764605,-624,304,-768
5,1562491764610,-624,288,-752
3,1562491764617,1008,64,192
3,1562491764622,1024,64,192
1,1562491764633,-672,-384,-640
1,1562491764640,-656,-368,-656
5,1562491764646,-624,304,-752
5,1562491764650,-624,304,-752
3,1562491764658,1024,64,192
