1,1562492766757,-464,-896,160
1,1562492766760,-464,-896,160
3,1562492766771,944,-80,432
3,1562492766774,944,-80,432
5,1562492766780,-736,416,-624
5,1562492766787,-736,416,-608
1,1562492766791,-464,-896,160
1,1562492766794,-464,-896,176
3,1562492766811,944,-80,432
3,1562492766814,944,-64,432
5,1562492766820,-720,416,-624
5,1562492766824,-720,416,-624
5,1562492766829,-720,416,-624
1,1562492766833,-464,-912,160
1,1562492766835,-464,-896,160
3,1562492766851,944,-80,432
3,1562492766855,944,-80,432
5,1562492766860,-720,416,-624
5,1562492766863,-720,416,-608
1,1562492766867,-464,-896,160
1,1562492766871,-464,-896,176
3,1562492766892,944,-80,432
3,1562492766895,944,-64,432
5,1562492766901,-720,400,-608
1,1562492766908,-464,-896,160
1,1562492766911,-464,-896,160
1,1562492766914,-464,-896,176
3,1562492766932,928,-64,432
3,1562492766935,928,-80,432
5,1562492766940,-720,416,-624
5,1562492766943,-720,416,-624
5,1562492766945,-736,416,-624
1,1562492766948,-448,-896,160
1,1562492766951,-464,-896,176
3,1562492766971,928,-64,432
3,1562492766974,944,-80,432
5,1562492766980,-736,416,-624
5,1562492766983,-736,416,-624
1,1562492766988,-464,-896,176
1,1562492766991,-464,-896,176
3,1562492767011,928,-80,432
3,1562492767015,928,-64,432
5,1562492767021,-736,416,-624
5,1562492767025,-720,416,-624
1,1562492767029,-464,-896,176
1,1562492767033,-464,-896,176
3,1562492767051,944,-64,432
3,1562492767054,944,-64,432
5,1562492767059,-720,416,-624
5,1562492767062,-720,416,-608
1,1562492767067,-448,-896,176
1,1562492767070,-464,-896,160
3,1562492767092,928,-80,432
3,1562492767095,928,-64,432
3,1562492767098,944,-80,432
5,1562492767102,-736,416,-624
5,1562492767105,-736,400,-624
1,1562492767110,-464,-896,160
1,1562492767113,-448,-896,160
3,1562492767130,944,-80,432
5,1562492767140,-720,416,-624
5,1562492767144,-736,416,-624
1,1562492767150,-464,-896,160
1,1562492767154,-464,-896,160
3,1562492767175,944,-80,432
3,1562492767179,928,-80,432
3,1562492767183,928,-80,432
5,1562492767187,-720,416,-624
5,1562492767191,-720,416,-624
1,1562492767194,-464,-896,176
1,1562492767198,-480,-896,176
3,1562492767212,944,-80,432
3,1562492767216,944,-64,432
5,1562492767221,-736,416,-624
5,1562492767224,-720,416,-624
1,1562492767228,-464,-896,176
1,1562492767231,-464,-896,176
5,1562492767261,-736,416,-624
5,1562492767270,-736,416,-624
1,1562492767273,-448,-896,160
1,1562492767277,-464,-896,160
3,1562492767295,928,-64,432
3,1562492767298,944,-80,432
3,1562492767302,928,-64,432
5,1562492767305,-736,416,-624
5,1562492767310,-720,416,-624
1,1562492767313,-464,-896,160
1,1562492767316,-448,-896,160
3,1562492767331,944,-80,448
3,1562492767334,944,-64,432
3,1562492767336,944,-80,432
5,1562492767342,-720,416,-608
5,1562492767345,-720,416,-624
1,1562492767348,-448,-896,160
1,1562492767351,-464,-896,176
3,1562492767371,944,-64,432
3,1562492767374,944,-80,448
5,1562492767380,-720,416,-624
5,1562492767383,-720,416,-624
1,1562492767386,-464,-896,176
1,1562492767389,-464,-896,160
3,1562492767412,928,-64,432
3,1562492767415,928,-64,432
5,1562492767421,-720,416,-624
5,1562492767425,-720,416,-624
1,1562492767433,-464,-896,176
1,1562492767436,-464,-896,160
3,1562492767450,944,-80,432
3,1562492767453,944,-80,432
5,1562492767461,-736,416,-624
5,1562492767464,-720,416,-624
5,1562492767467,-720,416,-608
1,1562492767471,-480,-896,160
1,1562492767474,-464,-896,160
3,1562492767491,944,-80,432
3,1562492767495,928,-80,432
5,1562492767500,-720,416,-624
1,1562492767507,-464,-896,176
1,1562492767515,-464,-896,160
3,1562492767532,944,-80,432
3,1562492767535,928,-80,432
5,1562492767544,-720,416,-624
5,1562492767547,-720,416,-624
5,1562492767551,-720,416,-624
1,1562492767554,-464,-896,160
1,1562492767556,-464,-896,176
3,1562492767570,944,-64,432
3,1562492767573,928,-80,432
5,1562492767579,-720,416,-624
5,1562492767583,-720,416,-624
1,1562492767588,-464,-896,160
1,1562492767592,-464,-896,176
3,1562492767613,928,-64,432
3,1562492767617,928,-64,432
5,1562492767620,-720,416,-624
5,1562492767624,-720,416,-624
1,1562492767632,-448,-896,176
1,1562492767636,-464,-896,176
3,1562492767653,944,-64,432
3,1562492767656,944,-64,432
5,1562492767661,-736,400,-608
5,1562492767664,-720,416,-624
1,1562492767668,-464,-896,160
1,1562492767671,-464,-896,160
3,1562492767690,928,-64,432
3,1562492767693,928,-64,448
5,1562492767701,-720,416,-624
5,1562492767703,-720,416,-624
1,1562492767709,-448,-880,160
1,1562492767712,-464,-896,160
3,1562492767731,944,-64,432
3,1562492767735,928,-80,432
5,1562492767740,-720,416,-624
5,1562492767743,-720,416,-624
1,1562492767749,-464,-896,160
1,1562492767753,-464,-896,176
1,1562492767756,-464,-896,176
3,1562492767771,944,-80,448
3,1562492767774,928,-64,432
5,1562492767780,-720,416,-608
5,1562492767783,-720,416,-608
1,1562492767790,-448,-896,176
1,1562492767792,-464,-896,160
3,1562492767811,944,-80,432
3,1562492767815,944,-64,432
5,1562492767820,-720,416,-624
5,1562492767823,-736,416,-624
1,1562492767828,-464,-896,160
1,1562492767832,-464,-896,160
3,1562492767851,928,-80,448
3,1562492767854,928,-80,432
5,1562492767860,-720,416,-624
5,1562492767863,-720,416,-624
1,1562492767870,-448,-896,176
1,1562492767873,-464,-896,160
3,1562492767892,928,-80,432
3,1562492767894,928,-64,432
3,1562492767897,944,-80,432
5,1562492767903,-720,416,-624
5,1562492767906,-720,416,-624
3,1562492767932,928,-80,432
3,1562492767935,928,-80,448
5,1562492767942,-720,416,-608
5,1562492767945,-720,416,-624
1,1562492767949,-464,-896,176
1,1562492767951,-464,-896,176
1,1562492767953,-464,-896,176
1,1562492767956,-464,-896,176
3,1562492767971,928,-64,432
5,1562492767982,-720,416,-624
5,1562492767985,-720,416,-624
1,1562492767989,-464,-896,176
1,1562492767992,-464,-912,160
3,1562492768010,928,-80,448
3,1562492768013,944,-64,432
3,1562492768016,944,-80,432
5,1562492768022,-720,416,-624
5,1562492768025,-720,416,-624
1,1562492768028,-464,-896,160
1,1562492768031,-448,-896,176
3,1562492768053,944,-64,448
3,1562492768056,928,-64,432
5,1562492768069,-720,416,-624
5,1562492768073,-736,416,-608
1,1562492768076,-464,-896,176
1,1562492768079,-464,-896,176
3,1562492768092,928,-64,432
3,1562492768095,944,-80,432
5,1562492768100,-720,416,-624
5,1562492768103,-720,416,-624
1,1562492768109,-464,-896,160
1,1562492768112,-448,-896,160
3,1562492768134,944,-64,432
3,1562492768137,928,-64,432
5,1562492768140,-736,416,-608
5,1562492768143,-720,416,-624
5,1562492768146,-736,416,-608
1,1562492768149,-464,-896,176
1,1562492768152,-464,-896,176
3,1562492768173,944,-64,432
3,1562492768176,928,-64,432
5,1562492768221,-720,416,-624
5,1562492768225,-736,416,-624
1,1562492768232,-464,-896,176
1,1562492768235,-448,-896,176
3,1562492768239,928,-64,432
3,1562492768242,928,-80,432
5,1562492768245,-720,416,-624
1,1562492768249,-448,-896,160
1,1562492768252,-464,-896,176
3,1562492768260,928,-64,432
3,1562492768263,944,-64,432
5,1562492768267,-720,416,-624
5,1562492768271,-736,416,-608
5,1562492768274,-720,416,-624
1,1562492768277,-464,-896,160
1,1562492768280,-464,-896,176
3,1562492768291,944,-64,448
3,1562492768295,928,-80,448
5,1562492768302,-736,416,-624
5,1562492768305,-736,416,-608
1,1562492768308,-464,-896,160
1,1562492768310,-464,-896,160
3,1562492768331,928,-64,432
3,1562492768334,928,-64,432
5,1562492768340,-720,416,-624
5,1562492768344,-736,416,-624
1,1562492768349,-464,-912,160
1,1562492768352,-464,-896,176
3,1562492768373,928,-64,448
3,1562492768376,928,-64,432
5,1562492768379,-736,416,-624
5,1562492768382,-720,416,-624
1,1562492768388,-464,-896,176
1,1562492768397,-448,-896,160
3,1562492768413,928,-64,448
3,1562492768415,928,-80,448
5,1562492768419,-720,416,-624
5,1562492768424,-736,400,-624
1,1562492768428,-464,-896,176
1,1562492768431,-464,-896,160
3,1562492768451,928,-64,432
3,1562492768455,928,-64,448
5,1562492768460,-736,416,-624
5,1562492768463,-720,416,-624
1,1562492768468,-464,-896,176
1,1562492768471,-464,-896,176
3,1562492768491,928,-64,448
3,1562492768494,928,-80,432
5,1562492768501,-736,416,-624
5,1562492768504,-736,416,-624
1,1562492768507,-464,-896,176
1,1562492768510,-464,-896,176
3,1562492768531,928,-80,448
3,1562492768535,928,-64,432
5,1562492768542,-736,416,-624
5,1562492768546,-720,416,-608
1,1562492768551,-464,-896,176
1,1562492768555,-464,-896,176
1,1562492768558,-464,-896,160
3,1562492768572,928,-64,448
3,1562492768575,944,-64,448
5,1562492768580,-720,416,-624
5,1562492768584,-736,416,-624
1,1562492768588,-464,-896,176
1,1562492768592,-448,-896,176
3,1562492768611,928,-64,448
3,1562492768615,928,-64,432
3,1562492768628,928,-80,432
5,1562492768631,-736,416,-608
5,1562492768635,-720,416,-624
1,1562492768638,-464,-896,160
1,1562492768641,-464,-896,160
3,1562492768651,928,-64,448
3,1562492768654,928,-64,448
5,1562492768661,-720,416,-624
5,1562492768664,-736,416,-624
1,1562492768667,-448,-896,176
1,1562492768670,-464,-896,176
3,1562492768691,928,-64,448
5,1562492768700,-720,416,-608
5,1562492768704,-736,416,-624
1,1562492768711,-464,-896,176
1,1562492768715,-448,-896,176
3,1562492768732,928,-64,448
3,1562492768735,928,-80,432
3,1562492768740,928,-64,448
5,1562492768748,-736,416,-624
5,1562492768752,-720,416,-608
5,1562492768754,-736,432,-608
1,1562492768758,-448,-896,176
1,1562492768760,-448,-896,176
3,1562492768770,928,-64,448
3,1562492768773,928,-64,448
5,1562492768782,-720,416,-624
5,1562492768785,-736,416,-624
1,1562492768790,-448,-896,176
1,1562492768793,-448,-896,176
3,1562492768811,928,-64,448
3,1562492768814,928,-64,432
5,1562492768819,-736,416,-624
1,1562492768830,-448,-896,176
1,1562492768833,-464,-896,176
3,1562492768852,928,-64,448
3,1562492768855,928,-64,448
5,1562492768862,-736,416,-624
5,1562492768864,-720,416,-608
5,1562492768868,-736,416,-608
1,1562492768872,-464,-896,160
1,1562492768874,-448,-896,176
3,1562492768891,928,-80,448
3,1562492768894,928,-80,448
5,1562492768900,-720,416,-608
5,1562492768903,-720,416,-624
1,1562492768908,-464,-896,176
1,1562492768911,-464,-896,176
3,1562492768931,928,-64,448
3,1562492768935,928,-64,448
5,1562492768940,-720,432,-624
5,1562492768943,-720,416,-608
1,1562492768949,-464,-896,176
1,1562492768952,-464,-896,160
3,1562492768971,928,-64,448
3,1562492768974,928,-64,448
5,1562492768983,-736,416,-608
5,1562492768986,-736,400,-624
1,1562492768990,-448,-896,176
1,1562492768994,-448,-896,160
3,1562492769012,928,-64,448
3,1562492769014,944,-64,448
5,1562492769021,-720,416,-608
5,1562492769024,-736,416,-624
1,1562492769028,-448,-896,160
1,1562492769030,-464,-896,176
3,1562492769051,928,-64,432
3,1562492769054,928,-80,432
5,1562492769060,-720,416,-608
5,1562492769064,-720,416,-624
1,1562492769069,-464,-896,176
1,1562492769072,-448,-896,176
3,1562492769091,928,-64,448
3,1562492769095,928,-64,448
5,1562492769101,-736,416,-624
5,1562492769104,-720,416,-624
1,1562492769109,-448,-912,176
1,1562492769112,-448,-912,176
3,1562492769133,928,-64,448
3,1562492769136,928,-64,448
5,1562492769140,-736,416,-624
5,1562492769143,-736,416,-608
1,1562492769149,-448,-896,176
1,1562492769152,-464,-896,176
3,1562492769171,928,-80,448
3,1562492769174,928,-64,448
5,1562492769179,-720,416,-624
5,1562492769182,-720,416,-608
1,1562492769189,-464,-896,176
1,1562492769192,-464,-896,160
3,1562492769211,928,-64,448
3,1562492769214,928,-64,448
5,1562492769220,-720,416,-624
5,1562492769223,-736,416,-624
1,1562492769229,-464,-896,160
1,1562492769232,-464,-896,160
3,1562492769251,928,-80,448
3,1562492769254,928,-64,448
5,1562492769260,-720,416,-608
5,1562492769263,-736,416,-640
1,1562492769267,-464,-896,160
1,1562492769271,-464,-896,160
3,1562492769293,928,-64,448
3,1562492769296,928,-64,448
5,1562492769301,-736,416,-624
5,1562492769304,-720,416,-624
1,1562492769309,-464,-896,176
1,1562492769312,-464,-896,176
3,1562492769331,928,-80,448
3,1562492769334,928,-64,448
3,1562492769337,928,-64,448
5,1562492769340,-736,416,-624
5,1562492769343,-720,416,-624
1,1562492769347,-464,-896,176
1,1562492769351,-448,-896,176
3,1562492769373,928,-64,448
3,1562492769377,928,-64,448
5,1562492769381,-736,416,-608
5,1562492769385,-736,416,-624
1,1562492769391,-448,-896,176
1,1562492769394,-464,-896,176
1,1562492769397,-448,-896,176
3,1562492769411,928,-64,448
3,1562492769413,928,-64,448
5,1562492769420,-736,416,-624
5,1562492769424,-720,416,-608
1,1562492769427,-464,-896,176
1,1562492769430,-464,-896,176
3,1562492769452,928,-64,448
3,1562492769455,928,-64,448
5,1562492769460,-736,416,-608
5,1562492769463,-720,416,-624
5,1562492769467,-720,416,-608
1,1562492769470,-464,-896,176
1,1562492769475,-464,-896,176
3,1562492769491,928,-64,448
3,1562492769494,928,-64,448
5,1562492769500,-736,416,-624
5,1562492769503,-720,416,-624
1,1562492769508,-464,-896,160
1,1562492769511,-464,-896,160
3,1562492769532,928,-64,448
3,1562492769542,928,-80,448
5,1562492769545,-720,416,-624
1,1562492769549,-464,-896,160
1,1562492769552,-464,-896,176
3,1562492769574,928,-64,448
3,1562492769577,928,-64,448
5,1562492769581,-736,416,-608
5,1562492769584,-736,400,-624
5,1562492769587,-736,416,-624
1,1562492769591,-464,-896,160
1,1562492769594,-448,-896,176
3,1562492769612,928,-64,448
3,1562492769615,928,-64,448
5,1562492769619,-736,416,-624
5,1562492769622,-720,416,-624
1,1562492769629,-448,-896,176
1,1562492769632,-464,-896,176
3,1562492769653,928,-64,448
3,1562492769656,928,-80,448
5,1562492769676,-720,416,-624
5,1562492769680,-720,416,-608
1,1562492769683,-464,-896,176
1,1562492769686,-448,-896,176
3,1562492769692,928,-80,432
3,1562492769695,928,-80,432
5,1562492769701,-720,416,-608
5,1562492769704,-736,416,-608
1,1562492769708,-464,-896,176
1,1562492769711,-464,-896,176
3,1562492769732,928,-64,448
3,1562492769735,928,-64,448
5,1562492769740,-736,416,-608
5,1562492769744,-736,416,-608
1,1562492769750,-448,-896,176
1,1562492769753,-464,-896,176
3,1562492769771,928,-64,448
3,1562492769774,928,-64,448
5,1562492769781,-720,416,-624
5,1562492769784,-720,416,-624
1,1562492769788,-464,-896,176
1,1562492769791,-464,-896,176
3,1562492769811,928,-64,448
3,1562492769814,928,-64,448
5,1562492769819,-720,416,-624
5,1562492769822,-736,416,-624
1,1562492769828,-448,-896,176
1,1562492769832,-464,-896,176
3,1562492769851,928,-64,448
3,1562492769854,928,-64,448
5,1562492769859,-736,416,-608
5,1562492769863,-736,416,-608
1,1562492769867,-448,-896,176
1,1562492769870,-464,-896,176
3,1562492769893,928,-64,448
3,1562492769896,928,-64,448
5,1562492769901,-720,416,-624
5,1562492769903,-736,416,-608
1,1562492769907,-464,-896,176
1,1562492769910,-464,-896,176
3,1562492769932,928,-64,448
3,1562492769935,928,-64,448
5,1562492769941,-720,400,-624
5,1562492769944,-736,416,-624
1,1562492769947,-464,-896,176
1,1562492769951,-464,-896,176
3,1562492769970,928,-64,448
3,1562492769974,928,-64,448
5,1562492769981,-720,416,-608
5,1562492769984,-736,416,-624
1,1562492769988,-448,-896,176
1,1562492769991,-448,-896,176
3,1562492770011,928,-64,448
3,1562492770016,928,-64,448
5,1562492770032,-720,416,-624
5,1562492770036,-736,416,-624
1,1562492770039,-448,-896,176
1,1562492770042,-448,-896,176
3,1562492770052,928,-64,448
3,1562492770055,928,-64,448
3,1562492770058,928,-64,448
5,1562492770062,-720,416,-624
5,1562492770066,-736,416,-624
5,1562492770069,-736,416,-608
1,1562492770072,-464,-896,176
1,1562492770075,-464,-896,176
3,1562492770090,928,-64,448
3,1562492770093,928,-64,448
5,1562492770108,-736,416,-624
5,1562492770111,-720,416,-624
1,1562492770114,-448,-896,160
1,1562492770117,-464,-896,176
3,1562492770131,928,-64,448
5,1562492770139,-736,416,-624
1,1562492770148,-464,-896,176
1,1562492770152,-464,-912,176
3,1562492770171,928,-80,448
3,1562492770175,944,-64,448
3,1562492770177,928,-64,448
5,1562492770181,-736,416,-624
5,1562492770185,-736,416,-624
5,1562492770188,-736,416,-608
1,1562492770195,-448,-896,176
1,1562492770201,-448,-896,176
3,1562492770213,928,-80,448
3,1562492770216,928,-64,448
5,1562492770222,-736,416,-624
5,1562492770225,-736,416,-624
1,1562492770228,-464,-896,160
1,1562492770232,-448,-896,176
1,1562492770234,-448,-896,176
3,1562492770250,928,-80,448
3,1562492770253,928,-64,448
5,1562492770259,-736,416,-624
5,1562492770262,-736,416,-624
1,1562492770271,-448,-896,176
1,1562492770274,-448,-896,160
3,1562492770291,928,-64,432
3,1562492770294,928,-64,448
5,1562492770302,-736,416,-608
5,1562492770306,-720,416,-624
1,1562492770309,-464,-896,176
1,1562492770312,-464,-896,176
3,1562492770330,928,-64,432
3,1562492770335,928,-64,448
5,1562492770341,-736,416,-608
5,1562492770345,-720,416,-624
1,1562492770350,-464,-912,176
1,1562492770353,-448,-896,176
3,1562492770372,928,-64,448
3,1562492770375,928,-64,448
5,1562492770381,-736,416,-608
5,1562492770387,-736,416,-608
1,1562492770391,-448,-896,176
1,1562492770394,-464,-896,176
3,1562492770412,928,-80,448
3,1562492770415,928,-64,448
5,1562492770420,-720,416,-608
5,1562492770424,-720,432,-624
1,1562492770441,-448,-896,176
1,1562492770444,-464,-896,176
3,1562492770451,928,-64,448
3,1562492770454,928,-64,448
5,1562492770462,-736,416,-624
5,1562492770467,-720,416,-624
1,1562492770472,-448,-912,176
1,1562492770475,-464,-896,176
3,1562492770491,928,-64,448
3,1562492770494,928,-64,448
5,1562492770501,-736,416,-608
5,1562492770504,-736,416,-624
1,1562492770508,-464,-896,176
1,1562492770511,-448,-896,176
3,1562492770531,928,-64,448
3,1562492770534,928,-64,448
5,1562492770542,-736,416,-624
5,1562492770546,-720,416,-624
1,1562492770549,-448,-896,176
1,1562492770552,-464,-896,176
3,1562492770571,928,-64,448
3,1562492770574,928,-64,448
5,1562492770579,-720,416,-624
5,1562492770582,-720,416,-608
1,1562492770588,-464,-896,176
1,1562492770592,-448,-896,176
3,1562492770611,928,-64,448
3,1562492770614,928,-64,448
5,1562492770619,-720,416,-624
5,1562492770623,-720,416,-624
1,1562492770628,-448,-896,176
1,1562492770631,-464,-896,176
3,1562492770651,928,-64,448
3,1562492770655,928,-64,432
5,1562492770661,-720,416,-624
5,1562492770664,-736,416,-624
1,1562492770667,-448,-896,176
1,1562492770670,-448,-896,176
3,1562492770691,928,-64,448
3,1562492770700,928,-64,448
5,1562492770706,-720,416,-608
5,1562492770711,-736,416,-608
5,1562492770714,-720,416,-624
1,1562492770717,-464,-896,176
1,1562492770720,-464,-896,176
3,1562492770731,928,-64,448
3,1562492770734,928,-64,448
5,1562492770739,-720,416,-624
1,1562492770747,-464,-896,176
1,1562492770749,-464,-896,160
3,1562492770771,928,-64,448
3,1562492770775,928,-64,448
3,1562492770779,928,-64,448
5,1562492770782,-720,416,-624
5,1562492770785,-736,416,-624
5,1562492770788,-736,416,-624
1,1562492770791,-448,-896,176
1,1562492770794,-464,-896,176
3,1562492770811,928,-64,448
3,1562492770814,928,-64,448
5,1562492770820,-720,416,-608
5,1562492770823,-736,416,-624
3,1562492770851,928,-64,448
5,1562492770860,-736,416,-608
5,1562492770863,-720,416,-624
1,1562492770869,-448,-896,176
1,1562492770874,-448,-912,176
1,1562492770877,-448,-896,176
1,1562492770880,-448,-896,176
3,1562492770894,944,-64,448
3,1562492770897,928,-64,448
3,1562492770902,928,-80,448
5,1562492770905,-736,416,-624
5,1562492770910,-736,416,-608
1,1562492770914,-464,-896,176
1,1562492770917,-464,-896,176
3,1562492770933,928,-80,448
3,1562492770936,928,-64,448
5,1562492770939,-720,416,-624
5,1562492770944,-736,416,-624
1,1562492770948,-448,-896,160
1,1562492770951,-448,-896,160
3,1562492770971,944,-64,448
3,1562492770974,928,-64,448
5,1562492770981,-720,416,-624
5,1562492770984,-736,416,-624
1,1562492770988,-448,-896,176
1,1562492770991,-464,-896,176
3,1562492771011,928,-64,448
3,1562492771014,928,-64,448
5,1562492771020,-736,416,-608
5,1562492771023,-720,416,-608
1,1562492771027,-448,-896,160
1,1562492771032,-464,-896,176
1,1562492771034,-448,-896,176
3,1562492771051,928,-64,448
3,1562492771054,928,-64,448
5,1562492771060,-736,416,-624
5,1562492771063,-720,416,-608
1,1562492771067,-448,-896,176
1,1562492771070,-464,-896,176
3,1562492771091,928,-64,448
3,1562492771094,928,-80,448
5,1562492771101,-720,416,-608
5,1562492771104,-720,416,-608
1,1562492771109,-464,-896,176
1,1562492771112,-464,-896,176
3,1562492771131,928,-64,448
3,1562492771135,928,-80,448
5,1562492771139,-720,416,-608
5,1562492771142,-736,416,-608
1,1562492771147,-448,-896,176
1,1562492771150,-448,-896,176
3,1562492771200,928,-64,448
3,1562492771203,928,-64,448
5,1562492771206,-720,416,-624
5,1562492771208,-736,416,-624
1,1562492771211,-448,-896,176
1,1562492771214,-464,-896,176
3,1562492771220,928,-64,448
3,1562492771223,928,-64,448
5,1562492771226,-720,416,-624
5,1562492771230,-720,416,-608
1,1562492771233,-448,-896,176
1,1562492771236,-464,-896,176
3,1562492771251,928,-64,448
3,1562492771254,928,-64,448
5,1562492771258,-736,416,-624
5,1562492771262,-736,416,-608
1,1562492771269,-464,-896,176
1,1562492771273,-464,-896,176
3,1562492771297,928,-64,448
3,1562492771301,928,-64,448
5,1562492771303,-720,416,-624
5,1562492771307,-736,416,-624
1,1562492771311,-448,-896,176
1,1562492771316,-448,-896,176
3,1562492771331,928,-64,448
3,1562492771334,928,-64,448
5,1562492771339,-736,416,-608
5,1562492771341,-736,416,-608
1,1562492771350,-448,-896,176
1,1562492771353,-448,-896,160
3,1562492771372,928,-64,448
3,1562492771375,928,-64,448
5,1562492771381,-720,416,-608
5,1562492771385,-720,416,-608
5,1562492771388,-720,416,-624
1,1562492771391,-464,-896,176
1,1562492771394,-464,-896,160
3,1562492771411,928,-64,448
3,1562492771415,928,-64,448
5,1562492771421,-720,416,-624
5,1562492771424,-736,416,-608
1,1562492771429,-448,-896,176
1,1562492771432,-448,-896,176
3,1562492771451,928,-64,448
3,1562492771455,928,-80,448
3,1562492771457,928,-64,448
5,1562492771460,-720,416,-608
1,1562492771467,-464,-896,176
1,1562492771470,-464,-896,160
5,1562492771502,-720,416,-624
5,1562492771505,-736,416,-608
5,1562492771508,-736,416,-608
1,1562492771512,-448,-896,176
1,1562492771515,-464,-896,176
3,1562492771534,928,-64,448
3,1562492771538,928,-64,448
3,1562492771542,928,-64,432
3,1562492771544,928,-64,448
5,1562492771548,-736,416,-608
5,1562492771551,-736,416,-608
1,1562492771553,-448,-896,176
1,1562492771555,-448,-896,176
3,1562492771571,928,-64,448
3,1562492771576,928,-64,448
5,1562492771587,-736,416,-608
5,1562492771591,-736,416,-624
1,1562492771594,-448,-896,176
1,1562492771597,-448,-912,176
5,1562492771620,-720,416,-624
5,1562492771623,-720,416,-608
1,1562492771631,-448,-896,176
1,1562492771635,-448,-896,176
3,1562492771655,928,-64,448
3,1562492771658,928,-64,448
3,1562492771662,928,-64,448
3,1562492771664,928,-64,432
5,1562492771667,-720,416,-624
5,1562492771671,-736,416,-624
1,1562492771674,-464,-896,176
1,1562492771676,-448,-912,176
3,1562492771691,928,-64,448
3,1562492771694,928,-80,448
5,1562492771700,-736,416,-624
5,1562492771703,-736,416,-624
1,1562492771708,-464,-896,176
1,1562492771711,-448,-896,176
3,1562492771731,928,-64,448
3,1562492771733,928,-64,448
5,1562492771743,-736,416,-624
5,1562492771746,-736,400,-624
1,1562492771749,-448,-896,176
1,1562492771752,-448,-896,176
3,1562492771772,928,-64,448
3,1562492771775,928,-64,448
5,1562492771780,-720,416,-608
5,1562492771782,-720,416,-624
1,1562492771788,-448,-896,176
1,1562492771792,-464,-896,176
3,1562492771811,928,-64,448
3,1562492771816,928,-64,448
5,1562492771821,-736,416,-608
5,1562492771825,-736,416,-624
1,1562492771834,-464,-896,176
1,1562492771837,-464,-896,176
3,1562492771852,928,-64,448
3,1562492771855,928,-64,448
5,1562492771860,-736,416,-624
5,1562492771863,-736,416,-624
1,1562492771868,-464,-896,176
1,1562492771871,-448,-896,176
1,1562492771874,-448,-912,176
3,1562492771892,928,-64,448
3,1562492771895,928,-64,448
5,1562492771900,-720,416,-624
5,1562492771903,-720,416,-624
1,1562492771908,-448,-896,176
1,1562492771911,-448,-896,160
3,1562492771931,928,-64,448
3,1562492771935,928,-64,448
5,1562492771942,-736,416,-608
5,1562492771946,-720,416,-608
1,1562492771949,-464,-896,176
1,1562492771952,-464,-896,176
3,1562492771973,944,-64,448
3,1562492771976,928,-64,448
5,1562492771981,-736,416,-624
5,1562492771984,-736,416,-624
1,1562492771990,-464,-896,160
1,1562492771992,-464,-896,176
3,1562492772012,928,-64,448
3,1562492772015,928,-64,448
5,1562492772021,-720,416,-624
5,1562492772024,-720,416,-624
5,1562492772027,-736,416,-608
1,1562492772030,-464,-896,176
1,1562492772033,-464,-896,176
3,1562492772051,928,-64,448
3,1562492772056,928,-64,448
5,1562492772064,-736,416,-624
1,1562492772069,-464,-896,176
1,1562492772072,-448,-896,176
3,1562492772092,928,-64,448
3,1562492772095,928,-64,448
5,1562492772101,-720,400,-608
5,1562492772104,-720,416,-624
5,1562492772109,-720,416,-624
1,1562492772112,-464,-896,160
1,1562492772115,-448,-896,176
3,1562492772131,928,-64,448
3,1562492772134,928,-64,448
5,1562492772139,-720,416,-608
1,1562492772148,-448,-896,176
1,1562492772151,-448,-896,176
3,1562492772171,928,-64,448
5,1562492772180,-736,416,-624
5,1562492772183,-736,416,-608
5,1562492772186,-720,416,-624
1,1562492772189,-448,-896,176
1,1562492772192,-464,-912,176
3,1562492772211,928,-64,448
3,1562492772215,928,-64,448
3,1562492772219,928,-64,448
3,1562492772222,928,-64,448
5,1562492772226,-736,416,-624
5,1562492772230,-736,416,-624
1,1562492772242,-464,-912,176
1,1562492772245,-464,-896,176
3,1562492772252,928,-64,448
3,1562492772255,928,-64,448
5,1562492772263,-736,416,-624
5,1562492772266,-720,416,-608
1,1562492772273,-448,-896,160
1,1562492772275,-464,-896,176
3,1562492772290,928,-64,448
5,1562492772300,-736,416,-608
5,1562492772303,-720,416,-624
1,1562492772307,-448,-896,160
1,1562492772311,-464,-896,176
3,1562492772332,928,-64,448
3,1562492772335,928,-64,448
3,1562492772338,928,-64,448
5,1562492772341,-720,416,-624
5,1562492772344,-720,416,-608
1,1562492772351,-464,-896,176
1,1562492772354,-464,-896,176
3,1562492772371,928,-64,448
3,1562492772374,928,-64,448
5,1562492772380,-736,416,-608
5,1562492772383,-736,416,-624
1,1562492772388,-448,-896,176
1,1562492772391,-448,-912,176
3,1562492772412,928,-80,448
3,1562492772415,928,-64,448
5,1562492772419,-736,416,-624
5,1562492772422,-720,416,-624
1,1562492772427,-464,-896,176
1,1562492772430,-448,-896,176
3,1562492772451,928,-64,448
3,1562492772454,928,-64,448
5,1562492772461,-720,416,-624
5,1562492772465,-736,416,-608
1,1562492772472,-448,-896,176
1,1562492772476,-448,-896,176
3,1562492772493,944,-64,448
3,1562492772496,928,-64,448
5,1562492772502,-736,416,-624
5,1562492772505,-720,416,-624
1,1562492772511,-464,-896,176
1,1562492772514,-464,-896,176
3,1562492772531,928,-64,448
3,1562492772534,928,-64,448
5,1562492772539,-720,416,-608
5,1562492772543,-720,416,-608
1,1562492772549,-464,-896,176
1,1562492772552,-448,-896,176
3,1562492772572,928,-64,448
3,1562492772576,928,-64,448
5,1562492772580,-720,416,-624
5,1562492772583,-720,416,-624
1,1562492772587,-464,-896,176
1,1562492772591,-448,-896,176
3,1562492772610,928,-64,448
3,1562492772613,928,-64,448
5,1562492772620,-736,416,-624
5,1562492772623,-736,416,-624
1,1562492772628,-448,-896,176
1,1562492772632,-448,-896,176
3,1562492772651,928,-64,448
3,1562492772654,928,-64,448
5,1562492772660,-736,416,-608
5,1562492772663,-720,416,-608
1,1562492772670,-448,-896,176
1,1562492772673,-448,-896,176
3,1562492772691,928,-64,448
3,1562492772694,944,-64,448
5,1562492772701,-736,416,-624
5,1562492772704,-736,416,-624
5,1562492772707,-736,416,-608
1,1562492772711,-464,-896,176
1,1562492772714,-464,-896,160
1,1562492772716,-464,-896,176
3,1562492772732,928,-64,448
3,1562492772737,928,-64,448
5,1562492772742,-720,416,-608
5,1562492772745,-720,416,-624
1,1562492772748,-464,-896,160
1,1562492772751,-464,-896,176
3,1562492772772,928,-64,448
3,1562492772775,928,-64,448
5,1562492772779,-720,416,-608
1,1562492772788,-448,-912,176
1,1562492772791,-448,-896,176
3,1562492772812,928,-64,448
3,1562492772815,928,-64,448
5,1562492772820,-720,416,-608
5,1562492772824,-736,416,-608
5,1562492772828,-720,416,-624
1,1562492772831,-448,-896,176
1,1562492772833,-448,-896,176
3,1562492772854,928,-64,448
3,1562492772857,928,-64,448
5,1562492772860,-736,416,-624
5,1562492772863,-720,416,-624
1,1562492772867,-448,-896,176
1,1562492772870,-448,-896,176
3,1562492772891,928,-64,448
3,1562492772897,928,-64,448
5,1562492772900,-720,416,-624
5,1562492772904,-720,400,-592
1,1562492772908,-464,-912,160
1,1562492772912,-464,-896,160
3,1562492772932,928,-64,448
3,1562492772935,928,-64,448
3,1562492772941,928,-80,448
5,1562492772944,-720,416,-608
5,1562492772947,-720,416,-624
1,1562492772950,-464,-896,176
1,1562492772953,-464,-896,176
3,1562492772973,928,-64,448
3,1562492772982,928,-64,448
5,1562492772985,-736,416,-624
5,1562492772988,-736,400,-624
1,1562492772994,-464,-896,176
1,1562492772997,-448,-896,176
3,1562492773011,928,-80,448
5,1562492773020,-736,416,-624
5,1562492773023,-736,416,-608
1,1562492773039,-464,-896,176
1,1562492773042,-464,-896,176
3,1562492773052,928,-64,448
3,1562492773055,928,-64,448
3,1562492773058,928,-64,448
5,1562492773062,-720,416,-608
5,1562492773065,-736,416,-624
1,1562492773068,-448,-896,176
1,1562492773071,-464,-896,176
3,1562492773091,928,-80,448
5,1562492773099,-720,416,-624
5,1562492773102,-736,416,-608
1,1562492773109,-464,-896,176
1,1562492773112,-464,-896,176
3,1562492773132,928,-64,448
3,1562492773134,944,-64,432
3,1562492773136,928,-64,448
5,1562492773142,-720,416,-624
5,1562492773145,-720,416,-624
1,1562492773150,-448,-896,176
1,1562492773153,-448,-896,160
3,1562492773171,928,-64,448
3,1562492773174,928,-64,448
5,1562492773181,-736,416,-608
5,1562492773184,-736,416,-624
1,1562492773187,-448,-896,176
1,1562492773190,-464,-896,176
3,1562492773211,928,-64,448
3,1562492773214,928,-64,448
5,1562492773219,-736,416,-608
5,1562492773222,-720,416,-624
1,1562492773228,-464,-896,176
1,1562492773231,-448,-896,160
3,1562492773251,928,-64,448
3,1562492773254,928,-64,432
5,1562492773259,-720,432,-624
5,1562492773263,-720,416,-608
1,1562492773268,-464,-896,176
1,1562492773271,-464,-896,176
3,1562492773293,928,-64,448
3,1562492773296,928,-64,448
5,1562492773300,-736,416,-608
5,1562492773303,-736,416,-624
5,1562492773306,-720,416,-608
1,1562492773309,-448,-896,160
1,1562492773312,-448,-896,160
3,1562492773332,928,-64,448
3,1562492773335,928,-64,448
5,1562492773339,-720,416,-624
5,1562492773342,-720,416,-608
1,1562492773348,-464,-896,176
1,1562492773351,-448,-896,160
3,1562492773371,928,-64,448
3,1562492773374,928,-64,448
5,1562492773380,-720,416,-624
5,1562492773383,-736,416,-624
1,1562492773389,-448,-896,176
1,1562492773392,-448,-896,176
3,1562492773413,928,-64,448
3,1562492773416,928,-64,448
1,1562492773426,-448,-896,176
1,1562492773430,-448,-896,176
3,1562492773450,928,-64,448
3,1562492773453,928,-64,448
5,1562492773460,-720,416,-624
5,1562492773463,-720,416,-608
5,1562492773466,-736,416,-624
5,1562492773470,-736,416,-624
1,1562492773473,-464,-896,176
1,1562492773475,-448,-896,176
3,1562492773491,928,-64,448
3,1562492773494,928,-64,432
5,1562492773500,-720,400,-608
5,1562492773503,-736,416,-608
1,1562492773507,-464,-896,176
1,1562492773511,-464,-896,176
1,1562492773514,-464,-896,176
3,1562492773532,928,-64,448
3,1562492773535,928,-64,448
5,1562492773540,-720,416,-624
5,1562492773543,-720,416,-608
1,1562492773549,-464,-896,176
1,1562492773552,-448,-896,176
3,1562492773572,928,-64,432
3,1562492773575,928,-64,448
5,1562492773580,-736,416,-608
5,1562492773583,-736,416,-624
1,1562492773589,-448,-896,176
1,1562492773591,-448,-896,176
3,1562492773613,928,-80,448
3,1562492773617,928,-64,448
5,1562492773621,-736,416,-624
5,1562492773625,-720,416,-624
1,1562492773630,-448,-896,176
1,1562492773634,-448,-896,176
3,1562492773653,928,-64,448
3,1562492773657,928,-64,448
3,1562492773665,928,-64,448
5,1562492773669,-720,416,-608
5,1562492773673,-736,416,-624
1,1562492773676,-448,-896,176
1,1562492773680,-448,-896,176
3,1562492773691,928,-64,448
3,1562492773695,928,-80,448
5,1562492773701,-736,416,-624
5,1562492773704,-736,416,-608
1,1562492773709,-448,-896,176
1,1562492773712,-448,-896,176
3,1562492773732,928,-64,448
5,1562492773741,-736,416,-608
5,1562492773744,-736,416,-608
1,1562492773748,-464,-896,160
1,1562492773752,-448,-896,176
3,1562492773773,928,-64,448
3,1562492773776,928,-64,448
3,1562492773779,928,-64,448
5,1562492773782,-720,416,-624
5,1562492773788,-736,416,-608
1,1562492773791,-464,-896,160
1,1562492773794,-448,-896,176
3,1562492773811,928,-64,448
3,1562492773815,928,-64,448
5,1562492773820,-720,416,-608
5,1562492773823,-736,432,-608
1,1562492773828,-448,-896,160
1,1562492773831,-448,-896,176
3,1562492773852,928,-64,448
3,1562492773857,928,-64,448
5,1562492773866,-720,416,-608
5,1562492773869,-736,416,-624
1,1562492773873,-448,-896,176
1,1562492773877,-464,-896,176
3,1562492773894,928,-64,448
3,1562492773897,928,-64,448
5,1562492773900,-720,416,-624
5,1562492773904,-720,416,-608
1,1562492773908,-448,-912,176
1,1562492773911,-448,-896,176
3,1562492773930,928,-64,448
3,1562492773934,928,-64,448
5,1562492773940,-720,416,-608
5,1562492773943,-736,416,-624
1,1562492773948,-448,-912,176
1,1562492773951,-448,-912,176
3,1562492773971,928,-64,448
3,1562492773974,928,-64,448
5,1562492773980,-736,416,-608
5,1562492773982,-736,416,-624
1,1562492773989,-448,-896,176
1,1562492773992,-448,-912,176
3,1562492774011,928,-64,448
3,1562492774014,928,-64,448
5,1562492774021,-720,416,-624
5,1562492774025,-720,416,-624
5,1562492774028,-736,416,-608
1,1562492774031,-448,-912,176
1,1562492774034,-448,-896,176
5,1562492774061,-736,416,-608
5,1562492774064,-736,416,-624
1,1562492774071,-448,-896,176
1,1562492774074,-448,-896,176
3,1562492774092,928,-64,448
3,1562492774095,928,-64,448
3,1562492774099,928,-64,448
3,1562492774103,928,-64,448
5,1562492774106,-736,416,-624
5,1562492774109,-736,416,-624
1,1562492774112,-448,-896,176
1,1562492774119,-464,-896,160
3,1562492774131,928,-64,448
3,1562492774135,928,-64,448
5,1562492774141,-720,416,-624
5,1562492774144,-752,432,-624
1,1562492774148,-464,-896,160
1,1562492774152,-464,-896,160
5,1562492774181,-736,416,-624
5,1562492774184,-736,416,-624
1,1562492774188,-464,-896,160
1,1562492774191,-464,-896,176
3,1562492774211,928,-64,448
3,1562492774214,928,-64,448
3,1562492774217,928,-80,448
3,1562492774220,928,-64,448
5,1562492774223,-736,416,-624
5,1562492774228,-720,416,-624
1,1562492774232,-464,-896,160
1,1562492774235,-464,-896,160
3,1562492774253,928,-80,448
3,1562492774255,928,-64,448
5,1562492774259,-720,416,-624
5,1562492774262,-736,416,-624
1,1562492774268,-464,-912,176
1,1562492774271,-464,-896,160
3,1562492774291,928,-64,448
3,1562492774294,928,-64,448
5,1562492774299,-720,416,-624
5,1562492774302,-720,416,-624
1,1562492774307,-464,-896,160
1,1562492774310,-448,-896,176
3,1562492774330,928,-64,448
3,1562492774333,928,-64,448
5,1562492774341,-736,416,-624
5,1562492774344,-720,416,-608
1,1562492774347,-448,-896,160
1,1562492774351,-448,-896,160
1,1562492774353,-448,-896,176
3,1562492774370,928,-64,448
3,1562492774373,928,-64,448
3,1562492774375,928,-64,448
5,1562492774379,-736,416,-608
5,1562492774381,-736,416,-608
1,1562492774387,-448,-896,176
1,1562492774390,-448,-912,176
3,1562492774412,928,-64,448
3,1562492774416,928,-64,448
5,1562492774419,-736,416,-608
5,1562492774423,-720,416,-608
1,1562492774427,-448,-912,176
1,1562492774430,-448,-896,176
3,1562492774450,928,-64,448
5,1562492774470,-720,416,-608
5,1562492774474,-720,416,-608
1,1562492774477,-448,-896,176
1,1562492774480,-448,-896,176
3,1562492774494,928,-64,448
3,1562492774497,928,-64,448
3,1562492774503,928,-64,448
5,1562492774506,-720,416,-592
5,1562492774510,-736,416,-608
1,1562492774514,-448,-896,160
1,1562492774517,-448,-896,176
3,1562492774532,928,-64,448
3,1562492774534,928,-64,448
5,1562492774541,-720,416,-608
5,1562492774543,-720,416,-624
1,1562492774547,-448,-912,160
1,1562492774550,-448,-912,176
3,1562492774572,928,-64,448
3,1562492774576,928,-64,448
5,1562492774581,-720,416,-608
5,1562492774587,-720,416,-624
1,1562492774593,-448,-912,176
1,1562492774597,-464,-896,176
3,1562492774611,928,-64,448
3,1562492774615,928,-64,448
5,1562492774620,-720,416,-608
5,1562492774624,-736,416,-624
5,1562492774628,-736,416,-608
1,1562492774634,-464,-896,176
1,1562492774638,-464,-880,176
3,1562492774651,928,-80,448
5,1562492774660,-736,416,-624
5,1562492774664,-720,416,-624
1,1562492774668,-480,-896,160
1,1562492774671,-480,-880,160
3,1562492774691,928,-64,448
3,1562492774694,928,-64,448
3,1562492774697,928,-64,448
5,1562492774704,-720,416,-624
1,1562492774710,-480,-880,160
1,1562492774713,-464,-896,160
3,1562492774732,928,-64,432
3,1562492774735,928,-64,448
5,1562492774742,-720,416,-624
5,1562492774746,-720,416,-624
5,1562492774750,-736,416,-608
1,1562492774753,-464,-896,176
1,1562492774756,-464,-896,176
3,1562492774771,928,-80,448
3,1562492774774,928,-64,448
5,1562492774781,-720,416,-624
5,1562492774785,-720,416,-624
1,1562492774789,-448,-896,176
1,1562492774792,-448,-896,176
3,1562492774812,944,-64,448
3,1562492774816,928,-64,448
5,1562492774820,-720,416,-608
5,1562492774824,-736,416,-608
1,1562492774829,-448,-912,176
1,1562492774832,-448,-896,176
3,1562492774851,928,-64,448
3,1562492774854,928,-64,448
5,1562492774859,-736,416,-608
5,1562492774863,-736,416,-624
1,1562492774869,-448,-912,160
1,1562492774873,-448,-912,176
3,1562492774891,928,-64,448
3,1562492774894,928,-64,448
5,1562492774900,-736,416,-624
5,1562492774904,-736,416,-624
1,1562492774907,-448,-912,160
1,1562492774910,-432,-896,176
3,1562492774931,928,-64,448
3,1562492774934,928,-64,448
5,1562492774940,-736,416,-608
5,1562492774942,-720,416,-608
1,1562492774950,-448,-912,176
1,1562492774953,-448,-912,176
3,1562492774971,928,-64,448
3,1562492774974,928,-64,448
5,1562492774980,-736,416,-608
5,1562492774983,-736,416,-608
1,1562492774989,-448,-912,176
1,1562492774992,-448,-912,176
3,1562492775011,928,-64,448
3,1562492775015,928,-64,448
5,1562492775020,-736,416,-624
1,1562492775028,-448,-896,176
1,1562492775032,-448,-896,176
3,1562492775054,928,-64,448
3,1562492775057,928,-64,448
5,1562492775061,-736,416,-624
5,1562492775064,-720,416,-624
5,1562492775068,-720,432,-608
1,1562492775072,-464,-880,160
1,1562492775076,-480,-880,160
3,1562492775092,928,-64,448
3,1562492775095,928,-64,432
3,1562492775099,928,-64,432
5,1562492775102,-720,416,-624
5,1562492775105,-720,416,-624
1,1562492775109,-480,-880,160
1,1562492775112,-480,-880,160
3,1562492775132,928,-64,448
3,1562492775136,928,-64,448
5,1562492775141,-736,416,-624
5,1562492775144,-720,416,-608
1,1562492775148,-464,-880,160
1,1562492775151,-464,-880,160
3,1562492775170,928,-64,448
1,1562492775187,-464,-896,176
1,1562492775190,-448,-896,176
1,1562492775193,-448,-896,176
3,1562492775211,928,-64,448
3,1562492775213,928,-64,448
3,1562492775215,928,-64,448
5,1562492775222,-736,416,-624
5,1562492775226,-736,416,-624
5,1562492775229,-720,416,-608
5,1562492775232,-736,416,-608
1,1562492775235,-448,-912,176
1,1562492775238,-448,-896,176
3,1562492775251,928,-64,448
3,1562492775254,928,-64,448
5,1562492775262,-720,416,-624
5,1562492775265,-720,416,-624
5,1562492775268,-736,416,-608
1,1562492775271,-448,-896,176
1,1562492775274,-448,-896,176
3,1562492775291,928,-64,448
3,1562492775294,928,-64,448
5,1562492775299,-736,416,-608
1,1562492775308,-448,-896,176
1,1562492775312,-448,-896,160
3,1562492775330,928,-64,448
3,1562492775333,928,-64,448
5,1562492775340,-736,416,-608
5,1562492775343,-720,416,-624
5,1562492775346,-736,416,-608
1,1562492775351,-448,-896,176
1,1562492775355,-448,-896,160
3,1562492775371,928,-64,448
3,1562492775374,928,-64,448
5,1562492775380,-720,416,-624
5,1562492775383,-736,400,-608
1,1562492775387,-448,-912,176
1,1562492775390,-448,-912,176
3,1562492775412,928,-64,448
5,1562492775422,-736,416,-608
5,1562492775428,-736,416,-608
1,1562492775432,-448,-896,176
1,1562492775435,-448,-896,176
3,1562492775452,928,-64,448
3,1562492775455,928,-64,448
3,1562492775458,928,-64,448
5,1562492775462,-736,416,-624
5,1562492775465,-736,416,-624
1,1562492775468,-464,-896,176
1,1562492775471,-464,-896,176
3,1562492775492,928,-64,448
3,1562492775496,928,-64,448
5,1562492775500,-736,416,-608
5,1562492775505,-720,416,-608
1,1562492775509,-480,-896,160
1,1562492775513,-480,-880,160
3,1562492775531,928,-64,448
3,1562492775534,928,-64,448
5,1562492775543,-736,416,-624
5,1562492775547,-736,416,-624
1,1562492775551,-480,-896,160
1,1562492775554,-464,-896,160
3,1562492775573,928,-64,448
3,1562492775576,928,-64,448
5,1562492775580,-736,416,-624
5,1562492775583,-736,416,-608
1,1562492775588,-464,-880,176
1,1562492775591,-464,-896,160
3,1562492775611,928,-80,448
5,1562492775621,-736,416,-608
5,1562492775625,-736,416,-608
1,1562492775629,-448,-896,176
1,1562492775633,-448,-896,176
3,1562492775651,928,-64,448
3,1562492775655,928,-64,448
3,1562492775658,928,-64,448
5,1562492775663,-736,400,-608
5,1562492775666,-736,416,-624
1,1562492775670,-448,-912,176
1,1562492775673,-448,-896,176
3,1562492775692,928,-64,448
3,1562492775695,928,-64,448
5,1562492775701,-736,416,-624
5,1562492775704,-736,416,-624
1,1562492775708,-448,-896,176
1,1562492775711,-464,-896,160
3,1562492775731,928,-64,448
3,1562492775734,928,-64,448
5,1562492775741,-720,416,-608
5,1562492775745,-736,416,-608
1,1562492775750,-448,-896,160
1,1562492775753,-448,-896,176
3,1562492775771,928,-64,448
3,1562492775774,928,-64,448
5,1562492775784,-736,416,-608
5,1562492775787,-736,416,-608
1,1562492775794,-448,-896,176
1,1562492775797,-448,-896,160
3,1562492775811,928,-64,448
3,1562492775814,928,-64,448
3,1562492775817,928,-80,448
5,1562492775820,-736,416,-624
5,1562492775823,-720,416,-608
1,1562492775829,-448,-896,160
1,1562492775831,-448,-896,176
3,1562492775851,928,-64,448
3,1562492775854,928,-64,448
5,1562492775860,-720,416,-608
5,1562492775864,-736,416,-608
1,1562492775876,-448,-896,160
1,1562492775879,-448,-912,176
3,1562492775890,928,-64,448
5,1562492775900,-736,416,-624
5,1562492775903,-736,416,-624
1,1562492775908,-448,-912,176
1,1562492775911,-464,-896,160
3,1562492775934,928,-64,448
3,1562492775938,928,-64,448
3,1562492775941,928,-64,448
5,1562492775944,-736,416,-624
5,1562492775947,-736,416,-624
5,1562492775950,-736,416,-624
1,1562492775952,-464,-896,176
1,1562492775954,-464,-896,160
3,1562492775972,928,-64,448
3,1562492775975,928,-64,448
5,1562492775982,-720,416,-624
5,1562492775985,-720,416,-624
1,1562492775989,-480,-880,176
1,1562492775993,-480,-880,160
1,1562492775996,-480,-880,176
3,1562492776010,928,-80,448
3,1562492776013,928,-64,448
5,1562492776020,-720,416,-624
1,1562492776027,-480,-896,160
1,1562492776031,-464,-880,160
3,1562492776051,928,-80,448
3,1562492776054,928,-64,448
5,1562492776062,-720,416,-624
5,1562492776065,-736,416,-624
5,1562492776071,-736,416,-608
1,1562492776074,-464,-896,176
1,1562492776076,-448,-896,160
3,1562492776091,928,-64,448
3,1562492776094,928,-64,448
5,1562492776100,-736,416,-608
5,1562492776103,-736,416,-624
1,1562492776109,-448,-896,176
1,1562492776112,-448,-912,176
3,1562492776133,928,-64,448
3,1562492776136,928,-64,448
5,1562492776141,-736,416,-624
5,1562492776145,-736,416,-624
1,1562492776152,-448,-912,176
1,1562492776156,-448,-896,176
3,1562492776171,944,-64,448
3,1562492776174,928,-64,448
5,1562492776179,-736,416,-624
5,1562492776182,-720,416,-624
1,1562492776202,-448,-912,160
1,1562492776205,-448,-912,176
3,1562492776211,928,-64,448
3,1562492776214,944,-64,448
5,1562492776221,-736,416,-624
5,1562492776226,-736,416,-608
1,1562492776229,-448,-912,160
1,1562492776232,-432,-912,160
3,1562492776252,928,-64,448
3,1562492776255,944,-64,448
5,1562492776261,-720,416,-608
5,1562492776263,-720,416,-624
1,1562492776269,-448,-912,160
1,1562492776272,-448,-912,160
3,1562492776292,928,-64,448
3,1562492776294,928,-64,448
5,1562492776303,-736,416,-608
5,1562492776307,-736,416,-624
1,1562492776311,-448,-912,176
1,1562492776314,-464,-896,176
3,1562492776331,928,-64,448
3,1562492776334,928,-64,448
5,1562492776342,-720,416,-624
5,1562492776345,-736,416,-624
1,1562492776348,-464,-896,176
1,1562492776351,-480,-896,160
3,1562492776372,928,-64,448
3,1562492776375,928,-64,432
5,1562492776381,-736,416,-624
5,1562492776384,-720,416,-608
1,1562492776388,-480,-880,160
1,1562492776392,-480,-896,176
3,1562492776411,928,-64,448
3,1562492776420,928,-64,448
5,1562492776423,-736,416,-624
5,1562492776426,-736,416,-624
1,1562492776429,-464,-880,160
1,1562492776432,-464,-896,160
3,1562492776450,928,-64,448
3,1562492776453,928,-64,448
5,1562492776460,-736,416,-608
5,1562492776464,-736,416,-624
1,1562492776474,-464,-896,160
1,1562492776477,-464,-896,176
3,1562492776491,928,-64,448
3,1562492776494,928,-64,448
5,1562492776501,-736,432,-624
5,1562492776504,-736,416,-608
1,1562492776510,-448,-896,176
1,1562492776513,-448,-896,176
5,1562492776540,-736,416,-624
5,1562492776543,-736,416,-624
1,1562492776548,-464,-896,176
1,1562492776551,-448,-896,176
5,1562492776581,-736,416,-608
5,1562492776584,-720,416,-608
5,1562492776588,-736,416,-624
1,1562492776593,-448,-896,176
1,1562492776597,-448,-912,176
5,1562492776621,-720,416,-608
1,1562492776628,-432,-912,176
1,1562492776632,-448,-912,176
3,1562492776656,928,-64,448
3,1562492776659,928,-64,448
3,1562492776662,944,-64,448
3,1562492776665,928,-64,448
3,1562492776669,928,-64,448
3,1562492776672,928,-64,448
3,1562492776675,928,-48,448
1,1562492776677,-448,-896,176
1,1562492776680,-448,-896,176
3,1562492776692,928,-64,448
3,1562492776695,928,-64,448
5,1562492776699,-736,416,-608
5,1562492776702,-720,416,-624
5,1562492776705,-720,416,-608
5,1562492776708,-720,416,-624
5,1562492776711,-720,416,-608
1,1562492776717,-464,-896,176
1,1562492776719,-464,-896,160
3,1562492776732,928,-64,448
3,1562492776735,928,-64,448
5,1562492776742,-736,416,-624
5,1562492776746,-736,416,-624
1,1562492776750,-480,-896,160
1,1562492776759,-464,-896,160
3,1562492776772,928,-64,448
3,1562492776775,928,-64,448
5,1562492776780,-720,416,-624
5,1562492776782,-720,416,-624
1,1562492776788,-464,-896,160
1,1562492776791,-464,-896,160
3,1562492776811,928,-64,448
3,1562492776815,928,-64,448
5,1562492776821,-736,416,-624
5,1562492776825,-736,416,-608
1,1562492776830,-464,-896,176
1,1562492776834,-464,-896,176
1,1562492776838,-448,-896,176
3,1562492776851,928,-64,448
3,1562492776856,928,-64,448
5,1562492776860,-720,416,-608
5,1562492776863,-736,416,-608
1,1562492776867,-448,-912,176
1,1562492776870,-448,-896,176
3,1562492776891,928,-48,448
3,1562492776896,928,-64,448
5,1562492776902,-736,416,-608
5,1562492776908,-736,416,-624
1,1562492776912,-448,-896,176
1,1562492776915,-448,-912,176
3,1562492776932,944,-64,448
3,1562492776936,928,-64,448
5,1562492776940,-720,416,-608
5,1562492776943,-720,416,-608
1,1562492776948,-448,-896,176
1,1562492776952,-464,-896,176
5,1562492776980,-736,416,-608
5,1562492776985,-736,416,-624
1,1562492776990,-464,-896,160
1,1562492776994,-464,-896,160
3,1562492777013,928,-64,448
3,1562492777019,928,-64,448
3,1562492777022,928,-64,448
3,1562492777026,928,-64,448
5,1562492777029,-736,416,-608
5,1562492777033,-736,416,-624
1,1562492777039,-464,-896,160
1,1562492777043,-464,-896,160
3,1562492777051,928,-64,448
3,1562492777055,928,-80,448
5,1562492777060,-736,416,-624
5,1562492777064,-736,416,-624
1,1562492777069,-464,-896,176
1,1562492777072,-464,-896,176
3,1562492777090,928,-64,432
3,1562492777093,928,-64,448
5,1562492777100,-720,416,-624
5,1562492777103,-736,416,-608
1,1562492777108,-464,-896,160
1,1562492777111,-448,-912,160
3,1562492777131,928,-64,448
3,1562492777135,928,-64,448
5,1562492777141,-736,416,-624
5,1562492777143,-736,416,-608
1,1562492777149,-448,-896,176
1,1562492777152,-464,-896,176
3,1562492777172,928,-64,448
3,1562492777175,928,-64,448
5,1562492777180,-720,416,-608
5,1562492777184,-736,416,-624
1,1562492777189,-448,-896,160
1,1562492777191,-448,-896,176
3,1562492777213,944,-64,448
3,1562492777216,928,-64,448
5,1562492777221,-720,416,-608
5,1562492777224,-720,416,-608
1,1562492777228,-464,-912,160
1,1562492777231,-464,-896,176
3,1562492777252,928,-64,448
3,1562492777257,928,-64,448
5,1562492777303,-720,416,-624
5,1562492777307,-736,416,-624
5,1562492777310,-720,416,-608
1,1562492777318,-464,-896,176
1,1562492777321,-448,-896,176
5,1562492777324,-736,416,-624
5,1562492777326,-736,416,-624
1,1562492777330,-448,-912,176
1,1562492777333,-464,-896,160
3,1562492777336,928,-64,448
3,1562492777339,928,-64,448
3,1562492777341,928,-64,448
3,1562492777343,928,-64,448
5,1562492777346,-720,416,-608
1,1562492777348,-464,-896,176
1,1562492777351,-464,-896,176
3,1562492777377,928,-64,448
3,1562492777382,928,-64,448
3,1562492777386,928,-64,448
5,1562492777389,-736,416,-624
5,1562492777393,-736,432,-624
5,1562492777395,-720,416,-624
1,1562492777398,-448,-896,176
1,1562492777402,-464,-896,176
3,1562492777411,928,-64,448
3,1562492777414,928,-64,448
5,1562492777421,-736,416,-608
5,1562492777424,-736,416,-608
1,1562492777428,-448,-896,160
1,1562492777431,-464,-896,160
3,1562492777452,928,-64,448
3,1562492777455,928,-64,448
5,1562492777460,-736,416,-608
5,1562492777464,-736,400,-608
1,1562492777470,-448,-896,160
1,1562492777473,-448,-896,160
3,1562492777491,928,-64,448
3,1562492777494,928,-64,448
5,1562492777504,-736,416,-608
5,1562492777507,-736,416,-608
1,1562492777511,-464,-896,176
1,1562492777513,-464,-896,160
3,1562492777533,928,-64,448
3,1562492777536,928,-64,448
5,1562492777541,-736,416,-608
5,1562492777544,-720,432,-592
1,1562492777548,-464,-896,160
1,1562492777551,-448,-912,160
3,1562492777573,928,-64,448
3,1562492777576,928,-64,448
5,1562492777582,-736,416,-624
5,1562492777585,-720,416,-608
1,1562492777588,-448,-896,176
1,1562492777591,-448,-896,176
3,1562492777614,928,-64,448
3,1562492777617,928,-64,448
5,1562492777621,-720,416,-624
5,1562492777624,-720,416,-608
1,1562492777627,-448,-896,160
1,1562492777629,-448,-896,160
3,1562492777653,928,-64,448
3,1562492777657,928,-64,448
5,1562492777662,-720,416,-608
5,1562492777665,-720,416,-608
1,1562492777669,-448,-896,176
1,1562492777672,-448,-896,176
1,1562492777676,-448,-896,176
3,1562492777693,928,-64,448
3,1562492777696,928,-64,448
5,1562492777700,-736,416,-608
5,1562492777703,-736,416,-608
1,1562492777708,-448,-896,160
1,1562492777711,-464,-896,176
3,1562492777732,928,-64,448
3,1562492777735,928,-64,448
5,1562492777740,-736,416,-624
5,1562492777743,-736,416,-608
1,1562492777748,-448,-896,176
1,1562492777750,-448,-896,176
3,1562492777771,928,-64,448
3,1562492777774,928,-64,448
5,1562492777781,-720,416,-608
5,1562492777783,-720,416,-608
1,1562492777787,-464,-896,176
1,1562492777793,-464,-896,160
3,1562492777812,928,-64,448
3,1562492777817,928,-64,448
5,1562492777822,-736,416,-608
5,1562492777826,-736,416,-608
1,1562492777829,-448,-896,176
1,1562492777832,-448,-896,176
3,1562492777851,928,-80,448
3,1562492777854,928,-64,448
5,1562492777860,-736,416,-608
5,1562492777863,-720,416,-608
5,1562492777867,-720,416,-608
1,1562492777871,-448,-896,160
1,1562492777873,-448,-912,176
3,1562492777891,928,-64,448
3,1562492777894,928,-64,448
5,1562492777900,-736,416,-624
5,1562492777903,-736,416,-608
1,1562492777909,-448,-896,176
1,1562492777912,-448,-896,176
3,1562492777932,928,-64,448
3,1562492777935,928,-64,448
5,1562492777941,-720,416,-624
1,1562492777947,-464,-896,176
1,1562492777950,-464,-896,160
3,1562492777971,928,-64,448
3,1562492777973,928,-64,448
5,1562492777981,-736,416,-624
5,1562492777984,-720,416,-608
5,1562492777986,-720,416,-608
1,1562492777989,-464,-896,176
1,1562492777992,-464,-896,160
3,1562492778011,928,-80,448
3,1562492778014,928,-64,448
3,1562492778017,928,-64,448
5,1562492778022,-736,416,-608
5,1562492778025,-720,416,-624
1,1562492778029,-464,-896,160
1,1562492778032,-464,-896,160
3,1562492778051,928,-64,448
5,1562492778061,-736,400,-608
5,1562492778068,-736,416,-624
1,1562492778073,-464,-896,160
1,1562492778076,-448,-896,160
3,1562492778091,928,-64,448
3,1562492778093,928,-64,448
3,1562492778099,928,-64,448
5,1562492778102,-736,416,-608
5,1562492778106,-736,416,-624
1,1562492778110,-448,-896,160
1,1562492778113,-464,-912,160
3,1562492778131,928,-64,448
3,1562492778134,928,-64,448
5,1562492778140,-720,416,-608
5,1562492778143,-736,416,-624
1,1562492778148,-448,-896,176
1,1562492778152,-448,-912,176
3,1562492778171,928,-64,448
3,1562492778174,928,-64,448
1,1562492778187,-448,-912,176
1,1562492778190,-448,-896,176
3,1562492778213,928,-64,448
3,1562492778219,928,-64,448
5,1562492778234,-736,416,-608
5,1562492778237,-736,416,-624
5,1562492778242,-736,416,-608
5,1562492778246,-736,416,-608
1,1562492778248,-448,-896,176
1,1562492778251,-448,-896,176
3,1562492778275,928,-64,448
3,1562492778278,928,-64,448
5,1562492778282,-736,416,-608
5,1562492778285,-736,416,-608
1,1562492778288,-464,-896,176
1,1562492778291,-464,-896,160
3,1562492778294,928,-64,448
3,1562492778297,928,-64,448
5,1562492778302,-736,416,-624
5,1562492778305,-720,416,-608
1,1562492778308,-464,-896,176
1,1562492778311,-464,-896,176
3,1562492778332,944,-64,448
3,1562492778335,928,-64,448
5,1562492778341,-736,416,-608
5,1562492778344,-736,416,-624
1,1562492778348,-464,-896,160
1,1562492778351,-464,-912,176
3,1562492778371,928,-64,448
3,1562492778374,928,-64,448
5,1562492778381,-720,416,-608
5,1562492778384,-736,416,-608
1,1562492778390,-464,-896,176
1,1562492778393,-448,-896,176
3,1562492778411,928,-64,464
3,1562492778414,928,-64,448
5,1562492778421,-736,416,-624
5,1562492778424,-736,416,-624
1,1562492778427,-464,-896,176
1,1562492778430,-464,-896,176
3,1562492778452,928,-64,448
3,1562492778455,928,-64,448
5,1562492778460,-736,416,-608
5,1562492778463,-720,416,-608
1,1562492778469,-448,-896,176
1,1562492778473,-448,-912,176
1,1562492778475,-448,-896,176
3,1562492778490,928,-64,448
3,1562492778492,928,-64,448
5,1562492778500,-736,416,-608
5,1562492778504,-720,416,-608
5,1562492778508,-736,416,-608
3,1562492778532,928,-64,448
3,1562492778535,928,-64,448
5,1562492778541,-736,416,-624
1,1562492778549,-464,-896,176
1,1562492778552,-464,-896,176
1,1562492778555,-464,-912,176
1,1562492778557,-464,-896,176
3,1562492778571,928,-64,448
3,1562492778574,928,-80,448
5,1562492778584,-736,416,-608
5,1562492778587,-720,416,-608
5,1562492778591,-720,416,-624
1,1562492778594,-464,-896,176
1,1562492778597,-464,-896,176
3,1562492778613,928,-64,448
3,1562492778616,928,-64,448
5,1562492778622,-736,416,-624
5,1562492778626,-736,416,-608
1,1562492778630,-464,-896,176
1,1562492778633,-464,-896,160
3,1562492778653,928,-64,448
3,1562492778655,928,-64,448
1,1562492778670,-464,-896,160
1,1562492778673,-464,-896,176
3,1562492778692,928,-64,448
3,1562492778695,928,-64,448
5,1562492778700,-736,416,-608
5,1562492778704,-720,416,-624
5,1562492778707,-720,416,-624
5,1562492778710,-736,416,-608
1,1562492778713,-448,-896,176
1,1562492778716,-448,-896,160
3,1562492778731,928,-80,448
3,1562492778736,928,-64,448
3,1562492778739,928,-64,448
5,1562492778742,-736,416,-608
5,1562492778746,-736,416,-608
1,1562492778749,-448,-896,176
1,1562492778752,-448,-896,176
3,1562492778772,928,-64,448
5,1562492778780,-720,416,-608
5,1562492778783,-736,416,-608
1,1562492778789,-448,-896,160
1,1562492778793,-448,-896,176
3,1562492778828,928,-64,432
3,1562492778831,928,-64,448
3,1562492778835,928,-64,448
5,1562492778839,-736,416,-624
5,1562492778843,-736,416,-608
1,1562492778846,-448,-896,176
1,1562492778851,-448,-896,160
3,1562492778854,928,-64,448
3,1562492778857,928,-64,448
5,1562492778862,-720,416,-624
5,1562492778864,-736,416,-624
1,1562492778869,-448,-912,176
1,1562492778872,-448,-896,176
3,1562492778891,928,-64,448
3,1562492778894,928,-64,448
5,1562492778900,-736,416,-608
5,1562492778904,-720,416,-624
1,1562492778909,-448,-896,176
1,1562492778913,-448,-896,176
3,1562492778931,928,-64,448
3,1562492778935,928,-64,448
5,1562492778940,-736,416,-608
5,1562492778943,-736,416,-608
1,1562492778947,-464,-896,176
1,1562492778950,-448,-896,176
3,1562492778973,928,-64,448
3,1562492778977,928,-64,448
5,1562492778982,-736,400,-608
5,1562492778985,-736,416,-608
1,1562492778989,-464,-896,176
1,1562492778993,-448,-896,176
3,1562492779011,928,-64,448
3,1562492779015,928,-64,448
5,1562492779019,-720,416,-624
5,1562492779023,-736,416,-624
1,1562492779031,-464,-896,176
1,1562492779035,-448,-896,176
3,1562492779053,928,-64,448
3,1562492779057,928,-64,448
5,1562492779063,-720,416,-624
5,1562492779067,-720,416,-608
1,1562492779072,-448,-896,176
1,1562492779076,-448,-896,176
3,1562492779092,928,-64,448
3,1562492779096,928,-80,448
5,1562492779101,-720,416,-608
5,1562492779105,-736,416,-608
1,1562492779116,-464,-896,176
1,1562492779120,-464,-896,176
3,1562492779132,928,-64,448
3,1562492779136,928,-64,448
5,1562492779141,-736,416,-608
5,1562492779145,-720,416,-624
1,1562492779150,-464,-896,176
1,1562492779153,-464,-896,176
3,1562492779171,928,-64,448
3,1562492779175,928,-64,448
5,1562492779180,-736,416,-624
5,1562492779183,-736,416,-608
5,1562492779187,-736,416,-608
1,1562492779191,-464,-896,176
1,1562492779195,-464,-896,176
3,1562492779212,928,-64,448
3,1562492779215,928,-64,448
5,1562492779220,-736,416,-624
5,1562492779223,-720,416,-624
1,1562492779227,-448,-896,176
1,1562492779230,-448,-896,160
3,1562492779252,928,-64,448
3,1562492779255,928,-80,448
5,1562492779260,-736,416,-624
1,1562492779267,-464,-896,160
1,1562492779270,-464,-896,160
3,1562492779291,928,-64,448
3,1562492779295,928,-64,448
5,1562492779299,-736,416,-608
5,1562492779303,-736,416,-624
5,1562492779305,-720,416,-624
1,1562492779308,-464,-896,176
1,1562492779313,-464,-896,176
1,1562492779317,-448,-896,176
3,1562492779331,928,-64,448
3,1562492779334,928,-64,448
5,1562492779340,-736,416,-608
5,1562492779343,-720,416,-608
1,1562492779347,-464,-896,176
1,1562492779351,-448,-896,176
3,1562492779370,928,-80,448
3,1562492779374,928,-64,448
5,1562492779380,-736,416,-608
5,1562492779384,-736,416,-624
1,1562492779390,-448,-896,176
1,1562492779393,-464,-896,176
3,1562492779412,928,-64,448
3,1562492779415,928,-64,448
5,1562492779420,-736,416,-608
5,1562492779423,-720,416,-624
1,1562492779429,-464,-896,176
1,1562492779432,-464,-896,160
3,1562492779451,928,-80,448
3,1562492779455,928,-64,448
3,1562492779458,928,-64,448
5,1562492779462,-720,416,-608
5,1562492779468,-736,416,-624
1,1562492779471,-464,-896,176
1,1562492779474,-448,-896,176
3,1562492779491,928,-64,464
5,1562492779499,-720,416,-608
5,1562492779503,-736,416,-608
1,1562492779507,-448,-896,176
1,1562492779510,-448,-912,176
5,1562492779541,-720,416,-624
5,1562492779545,-736,416,-608
1,1562492779549,-448,-912,176
1,1562492779552,-448,-896,160
3,1562492779572,944,-64,432
3,1562492779575,928,-64,448
3,1562492779578,928,-64,448
3,1562492779583,928,-64,448
3,1562492779588,928,-64,448
5,1562492779594,-736,416,-624
5,1562492779597,-720,416,-608
1,1562492779601,-448,-896,160
1,1562492779604,-448,-896,160
3,1562492779614,928,-64,448
3,1562492779618,928,-64,448
5,1562492779622,-736,416,-608
5,1562492779625,-752,416,-640
1,1562492779628,-464,-896,176
1,1562492779632,-448,-896,176
3,1562492779651,928,-64,448
3,1562492779654,928,-64,432
5,1562492779667,-720,416,-624
5,1562492779670,-720,416,-608
1,1562492779673,-448,-896,176
1,1562492779677,-448,-896,176
3,1562492779693,928,-64,448
3,1562492779696,928,-64,448
5,1562492779702,-736,416,-624
5,1562492779706,-720,416,-608
1,1562492779709,-464,-912,176
1,1562492779712,-448,-896,176
3,1562492779731,928,-64,448
3,1562492779735,928,-64,448
5,1562492779740,-736,416,-624
5,1562492779743,-736,416,-608
1,1562492779747,-448,-896,160
1,1562492779753,-448,-896,160
3,1562492779774,928,-64,448
3,1562492779777,928,-64,448
5,1562492779785,-736,416,-624
5,1562492779791,-736,416,-608
1,1562492779794,-464,-912,160
1,1562492779797,-464,-912,176
3,1562492779812,928,-64,448
3,1562492779816,928,-64,432
5,1562492779823,-736,416,-608
5,1562492779827,-736,416,-624
5,1562492779831,-736,416,-608
1,1562492779834,-464,-896,176
1,1562492779837,-448,-896,160
3,1562492779852,928,-64,448
3,1562492779866,928,-64,448
5,1562492779869,-736,416,-608
1,1562492779875,-448,-912,176
1,1562492779878,-448,-896,160
3,1562492779891,928,-64,448
3,1562492779894,928,-64,432
5,1562492779902,-720,416,-624
5,1562492779905,-720,416,-624
5,1562492779909,-736,416,-624
1,1562492779912,-464,-896,176
1,1562492779914,-448,-896,176
3,1562492779932,928,-64,448
3,1562492779935,928,-64,448
5,1562492779943,-720,416,-608
5,1562492779947,-736,416,-608
1,1562492779960,-448,-896,176
1,1562492779963,-464,-896,160
3,1562492779971,928,-64,448
3,1562492779974,928,-64,448
5,1562492779980,-736,416,-608
5,1562492779983,-736,416,-624
1,1562492779988,-448,-896,160
1,1562492779991,-464,-896,176
3,1562492780011,928,-64,448
3,1562492780014,928,-64,448
5,1562492780022,-720,416,-608
5,1562492780027,-736,416,-608
1,1562492780032,-448,-896,160
1,1562492780035,-464,-896,176
3,1562492780051,928,-64,448
3,1562492780055,928,-64,448
5,1562492780061,-736,416,-624
5,1562492780064,-736,416,-624
1,1562492780067,-448,-896,176
3,1562492780091,928,-64,448
3,1562492780094,928,-64,448
5,1562492780099,-720,416,-624
5,1562492780102,-736,416,-624
1,1562492780111,-464,-896,176
1,1562492780114,-464,-896,176
1,1562492780121,-448,-896,176
3,1562492780131,928,-64,448
3,1562492780134,928,-64,448
5,1562492780141,-720,432,-624
5,1562492780144,-736,416,-608
1,1562492780148,-448,-896,160
1,1562492780153,-448,-912,176
1,1562492780156,-464,-896,176
3,1562492780175,928,-64,448
3,1562492780178,928,-64,448
3,1562492780181,928,-64,448
5,1562492780184,-736,416,-624
5,1562492780188,-736,416,-608
1,1562492780191,-448,-896,176
1,1562492780194,-464,-896,160
3,1562492780210,928,-64,448
5,1562492780220,-720,416,-608
5,1562492780226,-736,416,-624
1,1562492780230,-464,-896,160
1,1562492780232,-448,-896,160
3,1562492780252,928,-80,448
3,1562492780255,928,-64,448
3,1562492780258,928,-64,448
5,1562492780262,-720,416,-624
5,1562492780265,-720,416,-624
1,1562492780269,-464,-912,160
1,1562492780272,-448,-896,176
3,1562492780292,928,-64,448
3,1562492780295,944,-64,448
5,1562492780301,-720,416,-608
5,1562492780304,-720,416,-608
1,1562492780308,-448,-896,160
1,1562492780311,-448,-896,176
3,1562492780330,928,-64,448
5,1562492780341,-736,416,-608
5,1562492780345,-736,416,-624
1,1562492780351,-464,-896,160
1,1562492780354,-448,-896,176
3,1562492780371,928,-64,448
3,1562492780374,928,-64,448
3,1562492780377,928,-64,448
5,1562492780384,-720,416,-624
5,1562492780387,-736,416,-608
1,1562492780391,-448,-896,160
1,1562492780394,-464,-896,176
3,1562492780411,928,-64,448
3,1562492780414,928,-64,448
5,1562492780420,-720,416,-608
5,1562492780423,-720,416,-608
1,1562492780428,-464,-896,160
1,1562492780431,-448,-896,176
3,1562492780451,928,-64,448
3,1562492780454,928,-64,448
5,1562492780461,-736,416,-608
5,1562492780464,-736,416,-624
1,1562492780467,-448,-896,176
1,1562492780470,-448,-896,176
3,1562492780490,928,-64,448
5,1562492780499,-736,416,-608
5,1562492780503,-720,416,-608
5,1562492780506,-736,416,-608
1,1562492780510,-464,-896,160
1,1562492780513,-448,-896,160
3,1562492780533,928,-64,448
3,1562492780536,928,-64,448
3,1562492780541,928,-64,448
5,1562492780543,-736,416,-624
5,1562492780547,-736,416,-624
1,1562492780552,-448,-912,176
1,1562492780555,-464,-896,160
3,1562492780571,928,-64,448
3,1562492780574,928,-64,448
5,1562492780580,-736,416,-608
1,1562492780589,-448,-896,176
1,1562492780592,-448,-896,176
3,1562492780612,928,-64,448
3,1562492780615,928,-64,432
5,1562492780620,-736,416,-624
5,1562492780623,-736,416,-608
5,1562492780628,-736,416,-624
1,1562492780634,-448,-912,160
1,1562492780636,-448,-896,176
3,1562492780651,928,-64,448
3,1562492780653,928,-64,448
5,1562492780659,-720,416,-608
5,1562492780665,-736,416,-608
1,1562492780673,-448,-912,160
1,1562492780676,-464,-896,176
3,1562492780690,928,-64,448
5,1562492780700,-736,416,-624
5,1562492780704,-720,416,-608
1,1562492780708,-464,-896,176
1,1562492780711,-448,-912,176
3,1562492780732,928,-64,448
3,1562492780736,928,-64,448
3,1562492780740,928,-64,448
5,1562492780743,-720,416,-608
5,1562492780746,-736,416,-608
1,1562492780749,-448,-896,160
1,1562492780752,-464,-896,176
3,1562492780771,928,-64,448
3,1562492780774,928,-64,448
1,1562492780811,-448,-896,176
1,1562492780814,-464,-896,160
5,1562492780824,-736,416,-624
5,1562492780827,-736,416,-608
5,1562492780830,-736,416,-608
5,1562492780833,-736,416,-624
1,1562492780837,-448,-896,160
1,1562492780840,-464,-896,160
3,1562492780851,928,-64,448
3,1562492780857,928,-64,448
3,1562492780861,928,-64,432
3,1562492780863,928,-64,448
5,1562492780874,-720,416,-624
5,1562492780876,-720,416,-608
1,1562492780879,-464,-896,176
1,1562492780882,-448,-896,176
5,1562492780901,-736,416,-624
5,1562492780905,-736,416,-608
1,1562492780940,-448,-880,160
5,1562492780944,-736,416,-608
1,1562492780950,-464,-896,160
5,1562492780953,-720,416,-608
1,1562492780958,-448,-896,176
1,1562492780961,-448,-896,176
1,1562492780964,-448,-912,176
3,1562492780978,928,-64,448
3,1562492780982,928,-64,448
3,1562492780985,928,-64,448
3,1562492780988,928,-64,448
3,1562492780992,928,-64,448
3,1562492780995,928,-64,448
5,1562492780997,-720,416,-608
5,1562492781000,-736,416,-624
3,1562492781002,928,-64,448
1,1562492781005,-448,-896,176
1,1562492781008,-448,-896,160
3,1562492781015,928,-64,448
3,1562492781019,928,-80,448
5,1562492781022,-736,416,-608
5,1562492781024,-736,416,-624
1,1562492781027,-448,-896,176
1,1562492781030,-448,-896,176
3,1562492781052,928,-64,448
5,1562492781060,-736,416,-608
5,1562492781063,-736,416,-624
1,1562492781071,-464,-896,176
1,1562492781074,-464,-896,176
3,1562492781092,928,-64,448
3,1562492781095,928,-64,448
3,1562492781099,928,-64,448
5,1562492781103,-720,416,-608
5,1562492781105,-736,400,-608
1,1562492781109,-464,-912,176
1,1562492781111,-448,-912,160
3,1562492781131,928,-64,448
3,1562492781135,928,-64,448
5,1562492781142,-720,400,-592
5,1562492781146,-720,416,-608
5,1562492781151,-736,416,-608
1,1562492781154,-464,-912,176
1,1562492781157,-464,-896,160
3,1562492781172,928,-64,448
3,1562492781175,928,-64,448
5,1562492781179,-736,416,-624
1,1562492781189,-448,-896,176
1,1562492781192,-448,-896,176
3,1562492781211,928,-64,448
3,1562492781215,928,-64,448
5,1562492781222,-720,416,-608
5,1562492781226,-736,416,-608
5,1562492781234,-736,416,-608
1,1562492781238,-448,-896,176
1,1562492781241,-448,-896,176
3,1562492781251,928,-64,448
3,1562492781254,928,-64,448
5,1562492781260,-736,416,-624
5,1562492781263,-736,416,-608
1,1562492781267,-464,-896,160
1,1562492781270,-448,-896,176
3,1562492781291,928,-64,448
3,1562492781296,928,-64,448
5,1562492781302,-736,416,-624
5,1562492781306,-736,416,-608
1,1562492781311,-448,-896,176
1,1562492781314,-448,-896,160
3,1562492781332,928,-64,448
3,1562492781336,944,-64,448
5,1562492781341,-736,416,-608
5,1562492781345,-736,416,-624
1,1562492781348,-464,-896,176
1,1562492781352,-448,-896,176
3,1562492781370,928,-64,448
3,1562492781373,928,-64,448
5,1562492781380,-736,416,-624
5,1562492781383,-720,416,-608
1,1562492781389,-448,-896,176
1,1562492781392,-464,-896,176
3,1562492781411,928,-64,448
3,1562492781415,928,-80,448
5,1562492781421,-720,416,-624
5,1562492781424,-720,416,-608
1,1562492781431,-448,-896,176
1,1562492781434,-448,-912,160
3,1562492781451,928,-64,448
3,1562492781455,928,-64,448
5,1562492781460,-736,416,-624
5,1562492781464,-736,416,-624
1,1562492781468,-464,-896,176
1,1562492781472,-448,-896,176
3,1562492781493,928,-64,448
3,1562492781496,928,-80,448
5,1562492781501,-736,416,-608
5,1562492781505,-736,416,-624
1,1562492781510,-448,-912,176
1,1562492781514,-448,-896,160
3,1562492781532,928,-64,448
3,1562492781536,928,-64,448
5,1562492781540,-720,416,-608
5,1562492781544,-736,416,-608
1,1562492781549,-464,-896,160
1,1562492781553,-464,-896,176
3,1562492781572,928,-64,448
3,1562492781576,928,-64,448
5,1562492781582,-720,416,-608
5,1562492781587,-736,416,-624
1,1562492781592,-464,-896,160
1,1562492781596,-464,-912,176
3,1562492781611,928,-64,448
3,1562492781615,928,-64,448
5,1562492781620,-736,416,-608
5,1562492781624,-736,416,-608
1,1562492781631,-448,-896,176
1,1562492781635,-448,-896,176
3,1562492781652,928,-64,448
3,1562492781656,928,-64,448
5,1562492781661,-736,416,-608
5,1562492781665,-736,416,-608
1,1562492781669,-448,-912,176
1,1562492781673,-464,-896,160
3,1562492781691,928,-64,448
3,1562492781694,928,-64,448
3,1562492781697,928,-64,448
5,1562492781704,-736,416,-624
5,1562492781707,-720,416,-608
1,1562492781711,-448,-896,160
1,1562492781714,-448,-896,176
3,1562492781731,928,-64,448
3,1562492781735,928,-64,448
5,1562492781741,-720,416,-624
5,1562492781744,-720,416,-608
1,1562492781749,-448,-896,176
1,1562492781752,-464,-896,176
3,1562492781772,928,-64,448
5,1562492781781,-736,416,-608
5,1562492781785,-736,416,-624
1,1562492781791,-448,-896,160
1,1562492781795,-464,-896,160
1,1562492781799,-448,-896,176
3,1562492781810,928,-64,448
3,1562492781814,928,-64,448
3,1562492781817,928,-64,448
5,1562492781821,-736,416,-624
5,1562492781824,-736,416,-608
5,1562492781827,-736,416,-624
1,1562492781831,-464,-896,176
1,1562492781836,-448,-912,160
3,1562492781852,928,-64,448
3,1562492781855,928,-64,448
5,1562492781861,-736,416,-608
5,1562492781865,-720,416,-608
1,1562492781868,-448,-912,160
1,1562492781872,-448,-912,176
3,1562492781891,928,-64,448
3,1562492781894,928,-64,448
5,1562492781900,-736,416,-624
5,1562492781903,-736,416,-624
1,1562492781910,-448,-896,176
1,1562492781913,-448,-896,176
3,1562492781931,928,-64,448
3,1562492781935,928,-64,448
5,1562492781939,-720,416,-624
5,1562492781942,-720,416,-608
1,1562492781949,-448,-896,160
1,1562492781951,-464,-896,176
3,1562492781973,928,-64,448
3,1562492781976,928,-64,448
5,1562492781982,-736,416,-608
5,1562492781986,-736,416,-608
1,1562492781989,-464,-896,160
1,1562492781992,-464,-896,176
3,1562492782012,928,-64,448
3,1562492782015,928,-80,448
5,1562492782020,-736,416,-608
5,1562492782024,-720,416,-608
1,1562492782027,-448,-896,176
1,1562492782030,-448,-896,176
3,1562492782051,928,-64,448
3,1562492782054,928,-64,448
5,1562492782060,-736,416,-624
5,1562492782067,-720,416,-608
1,1562492782070,-464,-896,160
1,1562492782074,-448,-896,160
3,1562492782092,928,-64,448
3,1562492782095,928,-64,448
5,1562492782102,-720,416,-608
5,1562492782105,-720,416,-624
1,1562492782108,-464,-896,176
1,1562492782112,-448,-896,176
3,1562492782130,928,-64,448
3,1562492782133,944,-80,448
5,1562492782141,-736,416,-608
5,1562492782151,-720,416,-624
1,1562492782154,-464,-912,176
1,1562492782157,-448,-896,176
3,1562492782171,928,-64,448
3,1562492782174,928,-64,448
5,1562492782179,-736,416,-608
5,1562492782183,-736,416,-624
1,1562492782188,-448,-912,176
1,1562492782191,-448,-896,176
3,1562492782211,928,-64,448
3,1562492782214,928,-64,464
5,1562492782220,-736,416,-624
5,1562492782223,-736,416,-624
1,1562492782227,-448,-896,160
1,1562492782230,-448,-896,176
3,1562492782252,928,-64,448
3,1562492782256,928,-64,448
5,1562492782262,-720,416,-608
5,1562492782265,-720,416,-608
1,1562492782271,-464,-896,176
1,1562492782274,-464,-896,176
3,1562492782291,928,-64,448
3,1562492782293,928,-64,448
5,1562492782299,-720,416,-608
5,1562492782302,-720,416,-608
1,1562492782311,-448,-896,176
1,1562492782314,-464,-896,176
3,1562492782331,928,-64,448
3,1562492782334,928,-64,448
5,1562492782341,-720,416,-624
5,1562492782345,-720,416,-608
1,1562492782348,-448,-896,160
1,1562492782351,-448,-896,176
3,1562492782371,928,-64,448
3,1562492782375,928,-64,448
5,1562492782382,-720,400,-608
5,1562492782386,-720,416,-608
1,1562492782390,-464,-896,160
1,1562492782394,-448,-912,176
3,1562492782414,928,-64,448
3,1562492782418,928,-64,448
3,1562492782422,928,-64,448
5,1562492782426,-736,416,-624
5,1562492782430,-720,416,-608
5,1562492782433,-736,416,-608
1,1562492782437,-448,-896,160
1,1562492782440,-448,-896,160
3,1562492782451,928,-64,448
3,1562492782455,928,-64,448
5,1562492782460,-720,416,-608
5,1562492782464,-736,416,-608
1,1562492782468,-448,-896,176
1,1562492782471,-448,-896,176
3,1562492782490,928,-64,448
5,1562492782499,-720,416,-608
1,1562492782508,-448,-896,176
1,1562492782512,-448,-896,160
3,1562492782532,928,-64,448
3,1562492782535,928,-64,448
3,1562492782538,928,-64,448
5,1562492782542,-736,416,-608
5,1562492782545,-720,416,-608
5,1562492782549,-736,416,-608
1,1562492782552,-464,-896,176
1,1562492782555,-464,-896,176
3,1562492782572,928,-64,448
3,1562492782575,928,-64,448
5,1562492782581,-736,416,-624
5,1562492782584,-736,416,-608
1,1562492782589,-464,-896,160
1,1562492782591,-448,-896,176
3,1562492782611,928,-64,448
3,1562492782614,928,-64,448
5,1562492782620,-720,416,-624
5,1562492782624,-720,416,-624
1,1562492782627,-448,-896,160
1,1562492782630,-448,-896,160
1,1562492782633,-448,-896,176
3,1562492782651,928,-64,448
3,1562492782653,928,-64,448
5,1562492782662,-720,416,-624
5,1562492782665,-736,416,-608
1,1562492782668,-464,-896,176
1,1562492782671,-448,-896,176
3,1562492782691,928,-64,448
3,1562492782694,928,-64,448
5,1562492782701,-736,416,-624
5,1562492782703,-736,416,-608
1,1562492782709,-464,-896,176
1,1562492782712,-448,-896,176
3,1562492782731,928,-64,448
3,1562492782735,928,-64,448
5,1562492782741,-736,416,-624
5,1562492782745,-720,416,-608
1,1562492782748,-448,-896,176
1,1562492782751,-448,-896,176
3,1562492782772,928,-64,448
3,1562492782775,928,-64,448
5,1562492782782,-736,416,-608
5,1562492782785,-736,416,-624
1,1562492782788,-448,-896,176
1,1562492782791,-464,-896,160
3,1562492782811,928,-80,448
3,1562492782815,928,-64,448
5,1562492782820,-736,416,-624
5,1562492782823,-736,416,-608
1,1562492782842,-464,-912,160
1,1562492782845,-464,-896,176
3,1562492782850,928,-64,448
3,1562492782853,928,-64,432
5,1562492782860,-736,416,-624
5,1562492782864,-720,416,-608
1,1562492782870,-464,-896,176
1,1562492782872,-464,-912,176
3,1562492782892,928,-64,448
3,1562492782895,928,-64,448
5,1562492782903,-736,416,-624
5,1562492782907,-720,416,-608
1,1562492782915,-448,-896,176
1,1562492782918,-448,-896,176
3,1562492782931,928,-64,448
3,1562492782934,928,-64,432
5,1562492782939,-736,416,-608
5,1562492782942,-736,416,-624
1,1562492782965,-448,-912,176
1,1562492782968,-448,-896,176
3,1562492782971,928,-64,448
3,1562492782974,928,-64,448
5,1562492782982,-736,416,-624
5,1562492782985,-736,416,-624
1,1562492782988,-448,-896,176
1,1562492782991,-448,-912,160
3,1562492783011,928,-64,448
3,1562492783014,928,-64,448
5,1562492783021,-720,416,-608
5,1562492783024,-736,416,-608
1,1562492783027,-464,-912,176
1,1562492783030,-448,-896,176
3,1562492783051,928,-64,448
3,1562492783054,928,-80,448
5,1562492783060,-736,416,-608
5,1562492783064,-720,416,-608
5,1562492783067,-720,416,-624
1,1562492783070,-464,-896,176
1,1562492783073,-464,-896,176
3,1562492783091,928,-64,448
3,1562492783094,928,-64,448
5,1562492783101,-720,416,-624
5,1562492783104,-736,416,-624
1,1562492783110,-464,-896,176
1,1562492783113,-464,-896,160
3,1562492783134,928,-64,448
3,1562492783140,928,-64,448
3,1562492783143,928,-64,448
5,1562492783147,-720,416,-624
5,1562492783150,-736,416,-624
1,1562492783153,-464,-896,176
1,1562492783157,-464,-896,160
3,1562492783171,928,-64,448
3,1562492783174,928,-64,448
5,1562492783179,-736,416,-624
5,1562492783185,-736,416,-624
1,1562492783190,-448,-896,176
1,1562492783192,-448,-896,160
3,1562492783210,928,-64,448
5,1562492783220,-736,416,-608
1,1562492783227,-448,-896,160
1,1562492783230,-448,-912,176
3,1562492783252,928,-64,448
3,1562492783255,928,-64,448
3,1562492783259,928,-64,448
5,1562492783264,-736,416,-608
5,1562492783267,-736,416,-608
5,1562492783271,-736,416,-624
1,1562492783281,-448,-896,160
1,1562492783285,-464,-896,176
3,1562492783290,928,-64,448
3,1562492783293,928,-64,448
5,1562492783303,-736,416,-608
5,1562492783307,-736,416,-608
1,1562492783310,-448,-896,176
1,1562492783313,-448,-896,176
3,1562492783331,928,-64,448
3,1562492783335,928,-64,448
5,1562492783341,-736,416,-608
5,1562492783344,-736,416,-624
1,1562492783349,-464,-896,176
1,1562492783355,-448,-912,176
5,1562492783379,-736,416,-608
5,1562492783382,-736,416,-608
1,1562492783387,-448,-896,176
1,1562492783391,-448,-896,176
3,1562492783411,928,-64,448
3,1562492783414,928,-64,448
3,1562492783417,928,-64,448
3,1562492783420,928,-64,448
5,1562492783423,-736,416,-624
5,1562492783426,-720,416,-608
1,1562492783430,-464,-896,176
1,1562492783433,-448,-896,160
1,1562492783436,-448,-896,160
3,1562492783450,928,-64,448
3,1562492783455,928,-64,448
5,1562492783460,-720,416,-624
5,1562492783463,-736,416,-624
1,1562492783467,-464,-896,160
1,1562492783470,-448,-896,176
3,1562492783491,928,-64,448
3,1562492783494,928,-64,448
5,1562492783499,-736,416,-624
5,1562492783502,-720,416,-624
1,1562492783510,-464,-896,176
1,1562492783513,-448,-896,176
3,1562492783531,928,-64,448
3,1562492783534,928,-64,448
5,1562492783541,-736,416,-608
5,1562492783544,-736,416,-608
1,1562492783563,-448,-896,160
1,1562492783566,-448,-896,176
3,1562492783571,928,-64,448
3,1562492783575,928,-64,448
5,1562492783580,-736,416,-624
5,1562492783583,-736,416,-608
1,1562492783591,-448,-912,176
1,1562492783594,-448,-896,176
3,1562492783610,928,-64,448
3,1562492783613,928,-64,448
5,1562492783619,-736,400,-624
5,1562492783626,-736,416,-624
1,1562492783629,-448,-896,160
1,1562492783632,-448,-896,176
3,1562492783650,928,-64,448
3,1562492783654,928,-64,448
5,1562492783660,-736,416,-624
5,1562492783663,-720,416,-608
1,1562492783667,-464,-896,176
1,1562492783670,-448,-896,160
3,1562492783692,928,-64,448
3,1562492783695,928,-64,448
5,1562492783699,-720,416,-624
5,1562492783702,-720,416,-608
1,1562492783728,-448,-896,176
1,1562492783731,-448,-896,176
3,1562492783734,928,-64,448
3,1562492783737,928,-64,448
5,1562492783742,-736,416,-608
5,1562492783745,-720,416,-624
5,1562492783748,-720,416,-608
1,1562492783753,-448,-896,176
1,1562492783755,-464,-896,176
3,1562492783769,928,-64,448
3,1562492783772,928,-64,448
5,1562492783781,-736,416,-608
5,1562492783786,-736,416,-608
1,1562492783792,-464,-896,160
1,1562492783796,-464,-896,176
3,1562492783810,928,-64,448
3,1562492783813,928,-64,448
5,1562492783819,-720,416,-624
1,1562492783829,-448,-896,160
1,1562492783832,-464,-896,176
3,1562492783851,928,-64,448
3,1562492783854,928,-64,448
3,1562492783857,928,-64,448
5,1562492783864,-720,416,-608
5,1562492783868,-720,416,-608
5,1562492783872,-720,416,-608
1,1562492783884,-448,-896,176
1,1562492783887,-448,-896,176
5,1562492783900,-720,416,-624
5,1562492783903,-720,416,-624
1,1562492783908,-464,-896,176
1,1562492783911,-448,-896,160
3,1562492783931,944,-64,448
3,1562492783934,928,-64,448
3,1562492783937,928,-64,448
5,1562492783940,-720,416,-624
5,1562492783943,-736,416,-624
1,1562492783947,-464,-896,176
1,1562492783950,-448,-896,176
3,1562492783970,928,-64,448
3,1562492783973,928,-64,448
3,1562492783975,928,-64,432
5,1562492783981,-736,416,-624
5,1562492783984,-736,416,-608
1,1562492783989,-448,-896,160
1,1562492783992,-464,-896,176
3,1562492784010,928,-64,448
3,1562492784014,928,-64,448
5,1562492784019,-736,416,-624
5,1562492784022,-736,416,-624
1,1562492784027,-448,-896,176
1,1562492784030,-448,-896,176
3,1562492784050,928,-64,448
3,1562492784053,928,-64,448
5,1562492784061,-720,416,-624
5,1562492784066,-720,416,-608
1,1562492784070,-448,-896,160
1,1562492784073,-464,-896,160
3,1562492784091,928,-64,448
3,1562492784094,928,-64,448
1,1562492784107,-448,-896,176
1,1562492784111,-448,-896,176
3,1562492784131,928,-64,448
3,1562492784135,928,-64,448
1,1562492784149,-448,-896,176
1,1562492784153,-448,-896,176
3,1562492784171,928,-64,448
3,1562492784175,928,-64,448
5,1562492784184,-736,416,-608
5,1562492784188,-720,416,-624
5,1562492784192,-720,416,-608
5,1562492784195,-736,416,-608
5,1562492784198,-720,416,-608
5,1562492784202,-736,416,-608
1,1562492784204,-464,-896,176
1,1562492784207,-448,-896,176
3,1562492784210,928,-64,448
3,1562492784214,928,-64,448
5,1562492784231,-736,416,-624
5,1562492784235,-736,416,-624
1,1562492784238,-448,-896,160
1,1562492784241,-448,-896,176
3,1562492784251,928,-64,448
3,1562492784255,928,-64,448
5,1562492784271,-720,416,-624
5,1562492784274,-736,416,-608
1,1562492784277,-464,-896,176
1,1562492784279,-464,-896,176
1,1562492784282,-448,-896,176
3,1562492784291,928,-64,448
5,1562492784311,-736,416,-608
5,1562492784315,-736,416,-608
1,1562492784318,-464,-896,160
1,1562492784321,-448,-896,160
3,1562492784336,928,-64,448
3,1562492784340,928,-64,448
3,1562492784343,928,-64,448
5,1562492784346,-720,416,-624
5,1562492784349,-736,416,-624
1,1562492784352,-464,-896,176
1,1562492784355,-448,-896,160
3,1562492784371,928,-64,448
3,1562492784375,928,-64,448
5,1562492784386,-736,416,-608
5,1562492784392,-736,416,-608
5,1562492784395,-720,416,-608
1,1562492784398,-448,-912,160
1,1562492784401,-448,-912,160
3,1562492784413,928,-64,448
3,1562492784417,928,-64,448
5,1562492784426,-736,416,-608
1,1562492784431,-448,-912,160
1,1562492784436,-464,-896,160
3,1562492784451,928,-64,448
3,1562492784463,928,-64,448
5,1562492784468,-720,416,-624
5,1562492784471,-736,416,-624
5,1562492784474,-720,416,-608
1,1562492784480,-464,-896,176
1,1562492784483,-464,-896,176
3,1562492784490,928,-64,448
3,1562492784492,928,-64,448
5,1562492784499,-736,416,-608
5,1562492784504,-736,432,-624
1,1562492784509,-464,-896,176
1,1562492784512,-464,-896,176
3,1562492784530,928,-64,448
3,1562492784533,928,-64,448
5,1562492784541,-736,416,-608
5,1562492784545,-720,416,-608
1,1562492784550,-448,-896,176
1,1562492784553,-464,-896,160
3,1562492784570,928,-64,448
3,1562492784574,928,-64,448
3,1562492784577,928,-64,448
5,1562492784582,-720,416,-624
5,1562492784585,-720,416,-608
1,1562492784589,-464,-896,176
1,1562492784592,-448,-896,160
3,1562492784611,944,-64,448
3,1562492784614,928,-64,448
5,1562492784621,-720,416,-624
5,1562492784625,-736,416,-608
1,1562492784628,-448,-896,176
1,1562492784632,-448,-896,160
3,1562492784650,928,-64,448
5,1562492784659,-736,416,-608
5,1562492784662,-736,416,-624
1,1562492784666,-448,-896,176
1,1562492784670,-464,-896,160
3,1562492784691,928,-64,448
3,1562492784694,928,-64,448
3,1562492784697,928,-64,448
5,1562492784701,-720,416,-624
5,1562492784704,-736,416,-624
1,1562492784711,-464,-896,176
1,1562492784714,-448,-896,160
3,1562492784730,928,-64,448
3,1562492784733,928,-64,448
5,1562492784740,-736,416,-608
5,1562492784743,-720,416,-608
1,1562492784748,-464,-896,176
1,1562492784751,-448,-896,160
3,1562492784772,928,-64,448
3,1562492784775,928,-64,448
5,1562492784781,-720,400,-592
5,1562492784785,-720,416,-608
1,1562492784792,-448,-896,176
1,1562492784796,-448,-912,176
3,1562492784810,928,-64,448
3,1562492784814,928,-64,448
5,1562492784819,-736,416,-608
5,1562492784823,-736,416,-624
1,1562492784830,-448,-896,176
1,1562492784833,-448,-896,176
3,1562492784850,928,-64,448
3,1562492784854,928,-64,448
5,1562492784859,-720,416,-608
5,1562492784864,-720,416,-608
1,1562492784869,-448,-896,176
1,1562492784874,-448,-896,176
3,1562492784893,928,-64,448
3,1562492784896,928,-64,448
5,1562492784900,-736,416,-624
5,1562492784903,-736,416,-608
1,1562492784911,-464,-896,160
1,1562492784915,-448,-896,176
3,1562492784934,928,-64,448
3,1562492784938,928,-64,448
5,1562492784943,-736,416,-624
5,1562492784948,-736,416,-608
1,1562492784952,-448,-896,176
1,1562492784956,-448,-896,176
3,1562492784970,928,-64,448
3,1562492784973,928,-64,448
5,1562492784980,-736,416,-624
5,1562492784984,-720,416,-608
1,1562492784988,-448,-896,176
1,1562492784992,-464,-896,176
3,1562492785016,928,-64,448
3,1562492785020,928,-64,448
5,1562492785024,-736,416,-608
5,1562492785027,-720,416,-608
1,1562492785031,-464,-896,160
1,1562492785034,-464,-896,176
3,1562492785050,928,-64,448
3,1562492785054,928,-64,448
5,1562492785061,-720,416,-608
5,1562492785066,-720,416,-624
1,1562492785069,-464,-896,176
1,1562492785072,-448,-896,160
5,1562492785076,-736,416,-608
3,1562492785090,928,-64,448
3,1562492785094,928,-80,448
5,1562492785098,-720,416,-624
5,1562492785101,-736,416,-608
1,1562492785107,-464,-896,160
1,1562492785110,-448,-896,176
1,1562492785112,-464,-896,176
3,1562492785130,928,-64,448
3,1562492785133,928,-64,448
5,1562492785139,-736,416,-624
1,1562492785146,-448,-896,176
1,1562492785149,-448,-896,176
3,1562492785171,928,-64,448
3,1562492785174,928,-64,448
5,1562492785181,-736,416,-608
5,1562492785185,-720,432,-608
5,1562492785188,-720,416,-624
1,1562492785191,-448,-896,176
1,1562492785194,-448,-896,176
3,1562492785212,928,-64,448
3,1562492785216,928,-64,448
5,1562492785221,-720,416,-608
5,1562492785224,-720,416,-608
1,1562492785227,-448,-912,176
1,1562492785231,-448,-896,176
3,1562492785251,928,-64,448
3,1562492785254,928,-64,448
5,1562492785259,-720,416,-608
5,1562492785262,-736,400,-592
1,1562492785267,-448,-896,176
1,1562492785270,-448,-896,160
3,1562492785292,928,-64,448
3,1562492785295,928,-64,448
3,1562492785298,928,-64,448
5,1562492785302,-736,416,-608
5,1562492785306,-736,416,-624
1,1562492785309,-448,-896,176
1,1562492785312,-464,-896,176
3,1562492785332,928,-64,448
3,1562492785337,928,-64,448
5,1562492785340,-736,416,-624
5,1562492785343,-736,416,-624
1,1562492785347,-448,-896,160
1,1562492785350,-448,-896,176
3,1562492785370,928,-64,448
5,1562492785380,-736,416,-624
5,1562492785383,-736,416,-624
1,1562492785388,-464,-896,176
1,1562492785391,-464,-896,176
3,1562492785410,928,-64,448
3,1562492785413,928,-64,448
3,1562492785416,928,-64,448
5,1562492785422,-736,416,-608
5,1562492785425,-736,416,-624
1,1562492785428,-448,-896,160
1,1562492785432,-448,-896,176
3,1562492785455,928,-64,448
3,1562492785459,928,-64,448
5,1562492785463,-736,416,-608
5,1562492785465,-736,416,-608
1,1562492785490,-448,-896,176
1,1562492785493,-448,-896,160
3,1562492785497,928,-64,448
3,1562492785500,928,-64,448
5,1562492785503,-736,416,-608
5,1562492785507,-720,416,-608
1,1562492785510,-448,-896,176
1,1562492785513,-464,-896,176
3,1562492785530,928,-64,448
3,1562492785535,928,-64,448
5,1562492785540,-736,416,-624
5,1562492785543,-736,416,-608
1,1562492785548,-464,-896,160
1,1562492785551,-448,-896,176
3,1562492785572,928,-64,448
3,1562492785575,928,-64,448
5,1562492785580,-736,416,-608
5,1562492785585,-736,416,-608
1,1562492785606,-464,-896,160
1,1562492785609,-464,-896,176
3,1562492785614,928,-64,448
3,1562492785617,928,-64,448
5,1562492785620,-720,416,-608
1,1562492785630,-448,-896,176
1,1562492785633,-448,-896,176
3,1562492785652,928,-64,448
3,1562492785656,928,-64,448
5,1562492785659,-736,416,-624
5,1562492785662,-736,416,-608
5,1562492785665,-736,416,-608
1,1562492785669,-448,-896,176
1,1562492785672,-448,-896,176
3,1562492785691,928,-64,448
3,1562492785694,928,-64,448
5,1562492785700,-720,416,-608
5,1562492785706,-736,416,-608
5,1562492785710,-736,416,-624
1,1562492785713,-448,-896,176
1,1562492785716,-464,-896,160
3,1562492785730,928,-64,448
3,1562492785733,928,-64,448
5,1562492785739,-736,416,-608
1,1562492785746,-464,-896,176
1,1562492785749,-448,-896,176
3,1562492785771,928,-64,448
3,1562492785775,928,-64,448
5,1562492785780,-736,416,-624
5,1562492785783,-720,416,-608
5,1562492785786,-720,416,-624
1,1562492785791,-464,-896,176
1,1562492785795,-464,-912,176
3,1562492785810,928,-64,448
3,1562492785814,928,-64,448
5,1562492785819,-736,416,-624
5,1562492785822,-736,416,-624
1,1562492785826,-448,-896,176
1,1562492785829,-464,-912,176
3,1562492785850,928,-64,448
3,1562492785853,928,-64,448
5,1562492785860,-736,400,-624
5,1562492785867,-736,416,-608
1,1562492785870,-448,-896,176
1,1562492785873,-448,-896,176
3,1562492785890,928,-64,448
3,1562492785894,928,-64,448
5,1562492785899,-736,416,-624
5,1562492785902,-736,416,-608
1,1562492785906,-448,-896,160
1,1562492785909,-448,-896,176
1,1562492785912,-448,-896,176
3,1562492785931,928,-64,448
3,1562492785936,928,-64,448
5,1562492785939,-720,416,-624
5,1562492785943,-736,416,-608
1,1562492785946,-464,-896,176
1,1562492785950,-448,-912,176
3,1562492785973,928,-64,448
3,1562492785976,928,-64,448
5,1562492785980,-736,416,-624
5,1562492785983,-720,416,-608
1,1562492785987,-448,-912,176
1,1562492785990,-448,-896,176
3,1562492786011,928,-64,448
3,1562492786016,928,-64,448
3,1562492786019,928,-64,448
5,1562492786022,-720,416,-624
5,1562492786028,-736,416,-624
1,1562492786032,-448,-912,176
1,1562492786035,-448,-896,176
3,1562492786051,928,-64,448
3,1562492786055,928,-64,448
5,1562492786060,-736,416,-608
5,1562492786063,-720,416,-608
1,1562492786067,-464,-896,176
1,1562492786070,-464,-912,176
3,1562492786090,944,-64,448
5,1562492786100,-720,416,-624
5,1562492786102,-720,416,-608
1,1562492786111,-448,-896,176
1,1562492786115,-448,-896,176
3,1562492786131,928,-64,448
3,1562492786135,928,-64,448
3,1562492786138,928,-64,448
5,1562492786142,-720,416,-608
5,1562492786145,-720,416,-624
1,1562492786152,-464,-896,176
1,1562492786155,-464,-896,160
3,1562492786170,928,-64,448
3,1562492786174,928,-64,448
5,1562492786179,-736,416,-624
5,1562492786182,-720,416,-608
1,1562492786187,-448,-896,160
1,1562492786190,-448,-896,176
3,1562492786211,928,-64,448
3,1562492786215,928,-64,448
5,1562492786222,-720,416,-608
5,1562492786227,-736,416,-608
1,1562492786231,-448,-896,176
1,1562492786234,-448,-896,176
3,1562492786252,928,-64,448
3,1562492786255,928,-64,448
5,1562492786267,-736,416,-608
5,1562492786272,-736,416,-624
1,1562492786275,-448,-896,176
1,1562492786279,-448,-896,176
5,1562492786300,-720,416,-608
5,1562492786303,-720,416,-624
1,1562492786307,-448,-896,176
1,1562492786311,-448,-912,176
3,1562492786331,912,-64,448
3,1562492786335,928,-64,448
3,1562492786340,928,-64,448
3,1562492786344,928,-64,448
5,1562492786348,-720,416,-624
5,1562492786353,-736,416,-624
1,1562492786356,-464,-896,160
1,1562492786361,-448,-896,176
3,1562492786372,928,-64,448
3,1562492786376,928,-64,448
5,1562492786384,-720,416,-624
5,1562492786389,-720,416,-608
5,1562492786394,-720,416,-608
1,1562492786398,-464,-896,160
1,1562492786402,-448,-912,160
3,1562492786411,928,-64,448
3,1562492786415,928,-64,448
5,1562492786421,-720,416,-608
5,1562492786424,-720,416,-608
1,1562492786428,-448,-896,176
1,1562492786431,-448,-896,160
3,1562492786451,928,-64,448
3,1562492786455,928,-64,448
5,1562492786460,-736,416,-608
1,1562492786469,-464,-896,176
1,1562492786474,-448,-896,176
3,1562492786497,928,-64,448
3,1562492786500,928,-64,448
5,1562492786503,-736,416,-608
5,1562492786507,-720,416,-624
5,1562492786511,-720,416,-608
1,1562492786514,-448,-896,176
1,1562492786517,-448,-896,160
3,1562492786532,928,-64,448
3,1562492786535,928,-64,448
5,1562492786540,-736,416,-608
5,1562492786543,-720,416,-624
1,1562492786550,-448,-896,160
1,1562492786553,-464,-896,160
3,1562492786571,928,-64,448
3,1562492786574,928,-64,448
5,1562492786580,-720,416,-624
5,1562492786583,-720,416,-624
1,1562492786590,-448,-896,176
1,1562492786593,-448,-896,176
3,1562492786611,928,-64,448
3,1562492786615,928,-64,448
5,1562492786620,-736,416,-608
5,1562492786623,-720,416,-608
1,1562492786628,-448,-896,176
1,1562492786631,-448,-896,176
3,1562492786650,928,-64,448
3,1562492786654,928,-64,448
5,1562492786660,-720,416,-624
5,1562492786663,-736,416,-640
1,1562492786667,-464,-896,160
3,1562492786691,928,-64,448
3,1562492786693,928,-64,448
5,1562492786703,-720,416,-608
5,1562492786706,-720,416,-608
1,1562492786713,-448,-896,160
1,1562492786716,-464,-896,176
1,1562492786720,-448,-896,160
3,1562492786732,928,-64,448
3,1562492786736,928,-64,448
3,1562492786740,928,-64,448
5,1562492786743,-736,416,-608
5,1562492786746,-736,416,-624
1,1562492786757,-448,-896,176
