2,1562494343094,928,-528,-960
2,1562494343095,1696,-672,-64
4,1562494343100,1584,-1408,-880
4,1562494343101,1680,-1776,304
6,1562494343103,-880,928,-2048
6,1562494343109,-1056,-848,-288
2,1562494343134,1856,-1152,-448
2,1562494343134,2048,-1440,-2048
4,1562494343141,2048,-384,64
4,1562494343142,2048,-352,-528
6,1562494343149,-416,384,-2048
6,1562494343149,-208,-480,-1040
2,1562494343179,1232,576,-208
2,1562494343186,336,992,1984
4,1562494343193,880,352,192
4,1562494343194,480,48,608
6,1562494343196,-528,-576,-512
6,1562494343198,-384,-576,-720
2,1562494343225,752,528,544
2,1562494343226,1184,-176,976
4,1562494343232,880,368,432
4,1562494343234,800,160,656
4,1562494343235,1088,192,352
6,1562494343246,-496,-640,-512
6,1562494343248,-480,-432,-752
6,1562494343250,-448,-528,-704
2,1562494343272,1792,-752,64
2,1562494343274,1248,-160,-112
2,1562494343276,816,0,-64
4,1562494343282,960,160,496
4,1562494343284,928,240,432
6,1562494343287,-480,-528,-688
6,1562494343290,-448,-544,-736
2,1562494343313,768,-112,-272
2,1562494343315,896,-48,-80
4,1562494343324,944,224,416
4,1562494343325,864,192,448
4,1562494343326,864,272,448
6,1562494343331,-480,-448,-752
6,1562494343332,-464,-560,-592
2,1562494343358,832,-80,-16
2,1562494343359,928,-240,-16
4,1562494343366,928,240,464
4,1562494343368,960,304,512
6,1562494343378,-400,-480,-768
6,1562494343379,-448,-560,-704
2,1562494343406,880,-304,-96
2,1562494343407,864,-304,-80
4,1562494343413,960,272,480
4,1562494343414,880,352,528
6,1562494343419,-432,-512,-736
6,1562494343421,-464,-560,-704
6,1562494343423,-432,-592,-704
2,1562494343449,864,-192,-96
2,1562494343450,848,-160,-128
2,1562494343451,928,-432,-432
4,1562494343459,928,400,560
4,1562494343462,1328,368,624
6,1562494343471,-496,-608,-768
6,1562494343473,-656,-512,-976
2,1562494343493,1264,-880,-1120
2,1562494343495,1664,-720,-1200
4,1562494343501,1952,208,704
4,1562494343503,2048,-96,656
4,1562494343508,2048,-224,448
6,1562494343516,-816,-288,-1248
6,1562494343517,-864,-272,-1264
2,1562494343540,1856,-688,-656
2,1562494343541,2048,-528,80
4,1562494343550,1776,-976,352
4,1562494343551,608,-64,-80
6,1562494343554,-752,-112,-1200
6,1562494343558,-496,-256,-640
2,1562494343584,1824,-96,832
2,1562494343585,1232,144,1296
2,1562494343587,1168,208,256
4,1562494343592,-944,-1136,-736
4,1562494343593,-448,-1792,-592
6,1562494343599,-960,384,-1248
6,1562494343600,-1584,-80,-1968
6,1562494343602,-1312,1824,-640
2,1562494343628,1168,464,400
2,1562494343630,816,512,416
4,1562494343636,288,-912,-224
4,1562494343638,416,-640,192
6,1562494343649,-1440,-16,-64
6,1562494343650,-912,-80,-96
2,1562494343677,720,624,352
2,1562494343680,576,528,352
4,1562494343693,608,-112,432
4,1562494343695,912,416,512
4,1562494343697,912,784,256
6,1562494343700,128,-704,-544
6,1562494343703,784,-640,-560
6,1562494343706,624,-944,-320
2,1562494343721,432,416,384
2,1562494343725,288,432,368
4,1562494343732,1040,1072,320
4,1562494343734,1232,1152,368
6,1562494343735,-208,-1392,0
2,1562494343765,304,192,320
2,1562494343766,512,-48,208
2,1562494343767,704,-176,112
4,1562494343776,1296,1120,464
4,1562494343777,1312,1216,608
6,1562494343788,-96,-1616,-32
6,1562494343792,384,-1904,-272
6,1562494343794,576,-2032,-272
2,1562494343809,944,-224,-64
2,1562494343814,1200,-304,-272
4,1562494343816,1456,1376,704
4,1562494343817,1504,1424,768
6,1562494343827,704,-2032,-128
6,1562494343831,576,-2032,192
2,1562494343856,1184,-240,-304
4,1562494343862,1344,1328,736
6,1562494343869,480,-1952,448
2,1562494343900,1072,-176,-384
4,1562494343911,1184,1168,704
6,1562494343921,448,-1616,624
2,1562494343944,1056,-240,-560
2,1562494343946,880,-128,-640
2,1562494343947,896,-544,-672
2,1562494343948,672,-336,-688
2,1562494343950,1232,-1056,768
4,1562494343958,1040,928,672
4,1562494343960,880,688,640
4,1562494343963,1072,1344,1728
4,1562494343965,1168,-1152,80
4,1562494343966,1184,-2032,1040
6,1562494343975,384,-1216,624
6,1562494343977,-2032,-2032,1088
6,1562494343978,1680,-2032,-2048
6,1562494343980,-1200,240,-1712
6,1562494343981,-1760,1104,-400
2,1562494343991,2048,-2032,-2048
2,1562494343993,1488,-112,-1024
4,1562494344000,2048,-912,-768
4,1562494344001,1280,304,-336
6,1562494344003,688,-624,-2048
6,1562494344009,-176,-832,-496
2,1562494344034,-96,1248,2032
2,1562494344036,272,880,144
4,1562494344042,-240,480,688
4,1562494344044,976,160,528
4,1562494344045,928,160,624
6,1562494344048,-624,-496,-592
6,1562494344049,-400,-592,-688
6,1562494344050,-544,-432,-624
2,1562494344080,592,-80,592
2,1562494344085,1872,-704,224
2,1562494344089,1712,32,416
4,1562494344101,1104,176,320
4,1562494344106,896,192,512
6,1562494344110,-416,-528,-656
6,1562494344113,-400,-592,-688
2,1562494344124,1008,160,96
2,1562494344126,768,-224,16
4,1562494344137,944,288,400
4,1562494344139,912,240,576
6,1562494344150,-384,-608,-720
6,1562494344152,-448,-576,-672
2,1562494344170,912,-384,-16
2,1562494344172,896,-304,128
4,1562494344183,896,192,496
4,1562494344184,816,208,512
6,1562494344185,-432,-560,-656
6,1562494344188,-416,-560,-656
2,1562494344214,976,-160,48
2,1562494344215,1040,-112,-96
4,1562494344222,864,288,544
4,1562494344233,944,320,560
4,1562494344234,1040,320,544
6,1562494344236,-432,-592,-720
6,1562494344237,-448,-560,-736
6,1562494344239,-432,-512,-800
2,1562494344260,928,-192,-256
2,1562494344262,896,-272,-384
2,1562494344265,896,-288,-368
4,1562494344273,1152,336,480
4,1562494344276,1136,368,544
6,1562494344278,-432,-560,-832
6,1562494344280,-464,-624,-816
2,1562494344304,960,-448,-624
2,1562494344305,1248,-752,-1072
4,1562494344313,1408,368,608
4,1562494344315,1904,256,656
6,1562494344318,-560,-544,-1040
6,1562494344319,-768,-400,-1264
2,1562494344349,1776,-944,-1120
2,1562494344350,2048,-768,-416
4,1562494344359,2048,-96,704
4,1562494344361,2048,-480,656
6,1562494344378,-896,-304,-1376
6,1562494344380,-832,16,-1072
2,1562494344393,1936,-144,352
2,1562494344396,1328,256,1072
4,1562494344410,1520,-640,96
4,1562494344412,-144,-992,-528
4,1562494344414,-1120,-1840,-528
6,1562494344417,-464,-640,-1008
6,1562494344419,-1488,816,-2048
6,1562494344422,-2032,1312,704
2,1562494344440,1056,16,960
2,1562494344442,1296,0,448
2,1562494344444,1040,336,640
4,1562494344450,288,-1568,-656
4,1562494344453,208,-800,48
6,1562494344457,-672,1024,-1072
6,1562494344465,-1088,192,64
2,1562494344483,800,592,480
2,1562494344486,624,672,432
4,1562494344493,384,-416,256
4,1562494344495,768,240,448
6,1562494344498,32,-192,-672
6,1562494344499,304,-640,-368
2,1562494344530,416,608,384
2,1562494344531,208,544,416
4,1562494344540,1056,608,400
4,1562494344544,1040,976,352
6,1562494344556,384,-832,-288
6,1562494344558,16,-1344,-176
2,1562494344574,176,352,352
2,1562494344576,336,80,288
4,1562494344584,1088,1136,432
4,1562494344586,1264,1232,640
4,1562494344588,1408,1440,624
6,1562494344596,-96,-1984,-208
6,1562494344597,352,-2032,-128
6,1562494344599,976,-2016,-80
2,1562494344620,560,-128,224
2,1562494344622,896,-352,0
2,1562494344624,1136,-320,-304
4,1562494344633,1392,1472,624
4,1562494344635,1456,1488,832
6,1562494344638,800,-2032,224
6,1562494344641,400,-2032,640
2,1562494344665,1152,-160,-560
2,1562494344666,1152,96,-592
4,1562494344675,1280,1360,992
4,1562494344677,1024,1104,976
6,1562494344689,432,-1952,800
6,1562494344692,528,-1632,704
2,1562494344709,1040,96,-464
2,1562494344710,800,-272,-384
4,1562494344717,960,1024,848
4,1562494344718,832,944,832
4,1562494344719,1296,1696,896
6,1562494344727,512,-1504,496
6,1562494344729,-2032,-2032,1200
2,1562494344756,864,-656,-560
2,1562494344756,1056,-592,-608
2,1562494344757,1424,-912,-352
4,1562494344765,1312,-1984,192
4,1562494344769,1536,-1440,144
6,1562494344772,1168,-2032,-2048
6,1562494344774,-1008,288,-1712
6,1562494344775,-1744,1200,-752
2,1562494344798,2048,-2032,-2048
2,1562494344799,2048,288,-960
4,1562494344806,2048,-1568,224
4,1562494344809,2048,384,-288
6,1562494344817,400,-864,-2048
6,1562494344818,-224,-704,-560
2,1562494344843,336,1184,2032
2,1562494344845,416,832,432
4,1562494344851,-64,576,320
4,1562494344852,848,256,448
4,1562494344853,800,128,672
6,1562494344861,-528,-576,-576
6,1562494344862,-352,-656,-672
6,1562494344863,-560,-464,-608
2,1562494344891,752,-176,688
2,1562494344894,1712,-752,304
4,1562494344904,1072,80,400
6,1562494344916,-400,-576,-672
2,1562494344933,1600,-192,384
2,1562494344935,1056,-32,208
2,1562494344940,816,-224,16
4,1562494344950,912,304,544
4,1562494344953,944,208,480
4,1562494344955,880,224,528
6,1562494344958,-432,-560,-704
6,1562494344960,-432,-576,-688
6,1562494344962,-416,-576,-704
2,1562494344978,880,-336,16
2,1562494344980,880,-272,64
4,1562494344986,896,256,496
4,1562494344989,832,240,496
6,1562494344996,-432,-560,-672
6,1562494344997,-400,-544,-656
2,1562494345025,896,-224,0
2,1562494345026,912,-224,-48
4,1562494345031,880,272,480
4,1562494345033,912,240,544
4,1562494345034,1088,272,624
6,1562494345044,-432,-560,-672
6,1562494345047,-496,-544,-688
6,1562494345050,-512,-544,-832
2,1562494345068,928,-400,-192
2,1562494345069,992,-592,-544
4,1562494345076,1456,352,448
4,1562494345077,1600,304,448
6,1562494345083,-464,-480,-1024
6,1562494345085,-528,-528,-1056
2,1562494345115,1168,-528,-784
2,1562494345116,1168,-320,-944
2,1562494345117,1312,-544,-1216
4,1562494345126,1632,224,608
4,1562494345127,1968,48,656
6,1562494345132,-656,-528,-1056
6,1562494345134,-832,-464,-1312
2,1562494345159,1696,-992,-720
2,1562494345160,1952,-672,16
4,1562494345165,2048,-336,640
4,1562494345167,1920,-800,1056
6,1562494345176,-880,-272,-1280
6,1562494345177,-832,-560,-960
2,1562494345205,1616,-80,640
2,1562494345206,1024,224,1376
4,1562494345213,704,-320,-288
4,1562494345214,-640,-1216,-832
4,1562494345216,-656,-1648,-608
6,1562494345219,-672,-240,-608
6,1562494345221,-1664,1184,-2048
6,1562494345228,-2032,1328,-272
2,1562494345249,1040,-240,672
2,1562494345250,1312,192,320
4,1562494345258,-16,-1440,-272
4,1562494345259,256,-928,96
6,1562494345263,-864,752,-768
6,1562494345264,-800,224,-352
2,1562494345294,912,576,496
2,1562494345296,736,720,400
2,1562494345299,592,720,416
4,1562494345310,400,-352,272
4,1562494345311,784,128,288
6,1562494345313,-160,-160,-528
6,1562494345314,96,-480,-336
2,1562494345342,400,624,496
2,1562494345343,304,528,448
4,1562494345352,976,576,320
4,1562494345355,1024,752,368
6,1562494345365,272,-672,-256
6,1562494345367,176,-1296,-272
2,1562494345385,320,400,448
2,1562494345387,464,48,368
4,1562494345395,1232,1200,592
4,1562494345398,1360,1344,784
4,1562494345400,1616,1664,848
6,1562494345401,-240,-2032,64
6,1562494345403,256,-2032,224
6,1562494345406,1024,-2032,384
2,1562494345429,768,-368,144
2,1562494345430,1200,-528,-176
4,1562494345440,1696,1840,992
4,1562494345441,1584,1872,1024
6,1562494345449,1312,-2032,416
6,1562494345452,848,-2032,768
2,1562494345473,1264,-384,-352
2,1562494345475,1088,96,-464
2,1562494345475,1072,96,-592
4,1562494345481,1104,1392,896
4,1562494345483,1088,1088,1024
6,1562494345494,400,-1840,1008
6,1562494345494,272,-1760,960
2,1562494345519,976,-48,-896
2,1562494345520,736,0,-928
4,1562494345526,848,1088,1040
4,1562494345528,1056,1744,752
6,1562494345534,-1840,-2032,1440
6,1562494345535,576,-2032,-2048
2,1562494345566,832,-144,-176
2,1562494345567,1216,-416,560
4,1562494345573,1312,-1472,496
4,1562494345577,1120,-1024,240
4,1562494345581,2048,-1648,1216
6,1562494345590,-928,-176,-1200
6,1562494345591,-1600,-160,0
6,1562494345593,-448,768,-2048
2,1562494345611,2048,-1872,-416
2,1562494345613,2048,-2032,-2048
2,1562494345619,736,112,-64
4,1562494345623,2048,-304,-1584
6,1562494345634,-144,-320,-1536
6,1562494345635,-480,-544,-528
2,1562494345656,144,1168,2032
2,1562494345657,464,544,768
4,1562494345667,304,16,464
4,1562494345668,352,96,720
4,1562494345670,800,416,704
6,1562494345673,-544,-592,-528
6,1562494345676,-432,-624,-592
2,1562494345699,1056,-336,608
2,1562494345700,2048,-544,64
4,1562494345708,1024,96,528
4,1562494345710,1008,304,432
6,1562494345720,-528,-480,-688
6,1562494345723,-368,-608,-704
2,1562494345744,1376,0,256
4,1562494345751,912,208,512
4,1562494345754,912,304,448
4,1562494345758,880,240,528
6,1562494345766,-448,-528,-656
6,1562494345768,-416,-560,-688
6,1562494345770,-448,-544,-656
2,1562494345792,848,-80,16
2,1562494345795,688,-304,-96
2,1562494345797,752,-304,-144
2,1562494345799,864,-208,-64
4,1562494345807,896,288,512
4,1562494345809,880,256,496
6,1562494345816,-432,-528,-704
6,1562494345817,-448,-544,-656
2,1562494345834,960,-256,-192
2,1562494345835,992,-256,-320
4,1562494345843,1024,304,448
4,1562494345845,1200,352,432
6,1562494345848,-448,-576,-784
6,1562494345849,-416,-560,-864
2,1562494345878,944,-192,-496
2,1562494345879,896,-160,-560
4,1562494345887,1264,400,480
4,1562494345897,1296,304,448
6,1562494345899,-432,-560,-896
6,1562494345900,-448,-544,-864
2,1562494345924,944,-144,-704
2,1562494345925,1296,-448,-816
4,1562494345931,1408,368,512
4,1562494345932,1856,272,560
4,1562494345934,2048,-32,704
6,1562494345942,-496,-576,-944
6,1562494345943,-624,-592,-1248
6,1562494345945,-832,-432,-1184
2,1562494345969,1904,-896,-768
2,1562494345974,2048,-608,-240
2,1562494345975,1904,64,496
4,1562494345976,2048,-352,784
4,1562494345978,1152,-400,176
6,1562494345983,-800,-992,-1248
6,1562494345986,-864,-784,-992
2,1562494346014,1328,32,1024
2,1562494346015,1008,-288,1040
4,1562494346021,-64,-1136,-704
4,1562494346023,-768,-528,-624
6,1562494346035,-1024,1264,-1056
6,1562494346036,-720,288,-2048
6,1562494346038,-1616,2000,-16
2,1562494346059,1488,-192,384
2,1562494346061,1104,384,672
4,1562494346070,336,-1728,-864
4,1562494346073,256,-608,-496
6,1562494346081,-656,320,-432
2,1562494346106,864,528,624
2,1562494346108,720,608,544
4,1562494346115,288,-656,-48
4,1562494346118,512,-32,288
4,1562494346120,912,96,224
6,1562494346123,-608,320,-304
6,1562494346126,-144,-144,-288
6,1562494346128,144,-176,-512
2,1562494346149,592,592,448
2,1562494346150,352,688,512
2,1562494346152,176,688,384
4,1562494346161,1104,496,384
4,1562494346164,1024,656,656
6,1562494346175,-544,-1152,-208
6,1562494346177,-704,-1728,-64
2,1562494346193,208,336,336
2,1562494346195,400,16,192
4,1562494346203,1280,880,816
4,1562494346205,1424,1104,992
6,1562494346214,-224,-1952,240
6,1562494346216,368,-2032,352
6,1562494346217,880,-2032,640
2,1562494346240,640,-176,-48
2,1562494346241,1024,-288,-160
4,1562494346247,1568,1760,1248
4,1562494346249,1600,2048,1296
4,1562494346250,1296,1808,1328
6,1562494346258,960,-2032,1024
6,1562494346260,768,-2032,1456
2,1562494346284,1136,-144,-464
2,1562494346286,928,-16,-336
4,1562494346295,928,1440,1296
4,1562494346296,720,1216,1184
6,1562494346299,656,-1728,1632
6,1562494346301,96,-2032,752
2,1562494346329,848,0,-512
2,1562494346330,1088,-736,-1104
2,1562494346330,720,96,-1152
4,1562494346337,1136,2048,2032
4,1562494346341,1360,-688,-224
6,1562494346351,544,-2032,288
6,1562494346354,-1744,-752,-1776
2,1562494346375,1344,176,800
2,1562494346377,1840,-816,80
4,1562494346390,1040,-2032,112
4,1562494346392,2048,-832,624
4,1562494346394,2048,240,-1280
6,1562494346396,-1888,832,-32
6,1562494346398,48,208,-2048
6,1562494346408,-208,-272,-1824
2,1562494346418,2048,-2032,-2048
2,1562494346419,1376,176,-736
4,1562494346429,1200,-192,272
4,1562494346430,368,160,624
6,1562494346433,-400,-528,-576
6,1562494346436,-592,-480,-560
2,1562494346464,176,976,1904
2,1562494346465,528,1136,592
4,1562494346472,944,432,496
4,1562494346473,640,304,656
6,1562494346480,-368,-672,-688
6,1562494346483,-448,-624,-560
2,1562494346510,1008,144,960
2,1562494346511,1632,-688,672
2,1562494346513,1616,-528,64
4,1562494346525,1056,256,432
4,1562494346528,960,240,512
6,1562494346531,-416,-512,-736
6,1562494346533,-464,-544,-720
2,1562494346557,864,-96,320
2,1562494346560,784,-272,0
4,1562494346569,880,336,432
4,1562494346572,944,272,496
4,1562494346574,1008,304,496
6,1562494346578,-384,-624,-656
6,1562494346589,-480,-528,-688
6,1562494346591,-464,-560,-736
2,1562494346600,1040,-208,-80
2,1562494346602,992,-144,-96
4,1562494346611,1040,384,368
4,1562494346613,1072,368,416
6,1562494346615,-368,-560,-784
6,1562494346617,-416,-576,-768
2,1562494346644,992,-64,-112
2,1562494346645,976,-48,-64
2,1562494346646,896,-128,-192
4,1562494346650,1008,384,432
6,1562494346659,-400,-608,-720
6,1562494346660,-368,-576,-816
2,1562494346692,976,-304,-400
2,1562494346693,1088,-464,-592
4,1562494346701,1104,416,352
4,1562494346703,1312,432,304
4,1562494346705,1552,368,256
6,1562494346712,-384,-544,-912
6,1562494346713,-400,-480,-1008
2,1562494346734,1152,-560,-1024
2,1562494346736,1792,-720,-960
4,1562494346744,1872,288,176
4,1562494346746,2048,48,32
4,1562494346749,2048,-464,-128
6,1562494346752,-512,-448,-1120
6,1562494346755,-672,-224,-1296
6,1562494346758,-720,-256,-1248
2,1562494346781,1872,-896,-64
2,1562494346782,1728,-704,848
4,1562494346792,1664,-1408,448
4,1562494346795,992,-688,-1264
2,1562494346823,1456,-784,1472
2,1562494346826,1136,-672,1328
2,1562494346828,1616,-464,784
4,1562494346838,-672,-784,256
4,1562494346841,416,-1216,-176
6,1562494346852,-1200,-288,-1232
6,1562494346854,-1696,896,-864
6,1562494346856,-1280,-2032,-2048
6,1562494346858,-736,1600,-1264
2,1562494346869,1824,32,1104
2,1562494346872,1376,272,1008
4,1562494346880,752,-624,336
4,1562494346883,960,-384,672
6,1562494346884,-1504,-704,-992
6,1562494346885,-2032,-912,-32
2,1562494346915,1232,288,864
2,1562494346916,1168,336,720
4,1562494346923,1344,-448,848
4,1562494346926,1392,-240,1120
4,1562494346928,1408,-272,1472
6,1562494346938,-1584,-896,-144
6,1562494346940,-1760,-1488,-256
6,1562494346942,-2016,-1808,-48
2,1562494346958,1136,448,512
2,1562494346960,1136,608,448
4,1562494346969,1600,-144,1488
4,1562494346970,1568,-80,1568
6,1562494346978,-1936,-1888,112
6,1562494346979,-1872,-1936,176
2,1562494347006,912,656,336
2,1562494347008,720,640,320
2,1562494347009,784,512,96
4,1562494347018,1584,32,1728
4,1562494347021,1536,96,1760
6,1562494347024,-1536,-2016,32
6,1562494347026,-1440,-2032,128
4,1562494347057,1504,192,1872
4,1562494347058,1552,576,1872
6,1562494347069,-1424,-2032,288
6,1562494347073,-704,-2032,272
2,1562494347095,880,368,-144
2,1562494347097,816,0,-336
2,1562494347098,672,-80,-624
2,1562494347101,688,144,-560
4,1562494347110,1536,1376,2000
4,1562494347113,944,1424,2032
4,1562494347115,672,1360,1600
6,1562494347117,-336,-2032,400
6,1562494347120,128,-2032,656
6,1562494347122,752,-1728,384
2,1562494347141,560,400,-160
2,1562494347142,432,464,240
4,1562494347149,864,1632,736
4,1562494347152,1408,2048,224
6,1562494347161,512,-1872,2032
6,1562494347163,384,-2032,-912
2,1562494347186,848,-448,48
2,1562494347188,2048,-400,-1088
2,1562494347190,1440,160,48
4,1562494347196,2048,-240,192
4,1562494347198,1232,-240,160
6,1562494347200,-96,-336,-1936
6,1562494347202,-592,-816,-704
6,1562494347205,-608,-768,-368
2,1562494347229,880,336,592
2,1562494347230,976,384,320
4,1562494347239,800,448,368
4,1562494347240,992,80,256
6,1562494347246,-464,-640,-928
6,1562494347248,-448,-464,-688
2,1562494347277,1088,208,400
2,1562494347279,1216,-48,320
4,1562494347291,1216,80,416
4,1562494347294,1040,-64,304
4,1562494347296,1088,-112,320
6,1562494347298,-576,-576,-656
6,1562494347301,-496,-512,-704
2,1562494347318,1232,-144,304
2,1562494347319,1104,-112,176
4,1562494347326,1056,-32,272
4,1562494347328,1024,-48,288
6,1562494347336,-496,-528,-672
6,1562494347336,-496,-544,-688
2,1562494347365,1008,-64,128
2,1562494347366,1008,-64,112
2,1562494347367,1024,-80,64
4,1562494347375,976,-48,272
4,1562494347377,960,-80,288
6,1562494347383,-512,-528,-640
6,1562494347384,-544,-496,-624
6,1562494347386,-528,-512,-640
2,1562494347409,1008,-80,0
2,1562494347410,992,-80,-16
4,1562494347416,976,-112,288
4,1562494347417,944,-96,272
6,1562494347426,-528,-512,-608
6,1562494347427,-512,-512,-656
2,1562494347459,960,-64,-48
2,1562494347462,960,-160,-48
4,1562494347475,944,-96,256
4,1562494347477,976,-80,256
4,1562494347478,1008,-112,256
6,1562494347481,-528,-528,-640
6,1562494347482,-544,-496,-640
2,1562494347499,1024,-176,-32
2,1562494347500,1088,-112,-64
2,1562494347502,1072,48,0
4,1562494347509,1072,0,192
4,1562494347511,1088,0,192
6,1562494347520,-480,-512,-720
6,1562494347522,-480,-528,-720
2,1562494347543,1056,-16,16
2,1562494347545,1120,-176,-112
4,1562494347550,1088,-32,224
4,1562494347552,1152,-80,192
6,1562494347561,-496,-496,-704
6,1562494347562,-496,-464,-752
6,1562494347564,-576,-464,-736
2,1562494347589,1168,-352,-288
4,1562494347596,1168,-160,256
4,1562494347598,1200,-160,256
4,1562494347603,1312,-176,224
6,1562494347613,-608,-480,-736
6,1562494347614,-672,-416,-768
2,1562494347635,1168,-560,-480
2,1562494347636,1200,-736,-656
2,1562494347636,1200,-736,-800
4,1562494347641,1504,-160,112
4,1562494347646,1744,-272,16
6,1562494347648,-608,-432,-848
6,1562494347650,-672,-416,-992
2,1562494347678,1344,-592,-704
2,1562494347679,1648,-416,-640
2,1562494347680,1504,-384,-256
4,1562494347685,2032,-480,80
4,1562494347686,1952,-448,304
6,1562494347693,-784,-608,-864
6,1562494347695,-1024,-1120,-1072
4,1562494347730,1776,-384,592
4,1562494347731,1488,-400,448
6,1562494347741,-1264,-1712,-1056
6,1562494347742,-1168,-1376,-1088
6,1562494347743,-1568,-768,-832
2,1562494347776,1376,-432,592
2,1562494347778,1200,-448,1040
2,1562494347779,1296,-496,1072
2,1562494347780,1488,-336,896
4,1562494347782,1152,-448,272
4,1562494347784,896,-288,128
6,1562494347786,-896,-752,-1808
6,1562494347789,-1472,-240,-960
2,1562494347813,1584,-144,1072
2,1562494347815,1344,-160,1008
4,1562494347827,736,-784,288
4,1562494347829,576,-608,224
4,1562494347832,480,-496,240
6,1562494347835,-992,-304,-896
6,1562494347838,-816,-112,-640
2,1562494347863,1136,-144,1056
2,1562494347864,1120,32,1056
2,1562494347866,1024,240,1024
4,1562494347868,464,-480,384
4,1562494347870,528,-480,528
6,1562494347879,-1136,-352,-336
6,1562494347881,-1248,-496,-160
2,1562494347912,864,192,976
2,1562494347913,832,272,848
4,1562494347915,592,-512,656
4,1562494347917,784,-544,832
4,1562494347927,768,-560,1072
6,1562494347929,-1392,-576,144
6,1562494347932,-1536,-688,288
6,1562494347935,-1488,-944,208
2,1562494347949,800,448,784
2,1562494347950,752,448,720
4,1562494347961,896,-576,1328
4,1562494347963,976,-512,1536
6,1562494347964,-1296,-1040,-96
6,1562494347965,-1232,-1248,-256
2,1562494347994,800,336,416
2,1562494347995,944,400,240
4,1562494348000,1344,-272,1536
4,1562494348001,1312,-96,1712
6,1562494348011,-1424,-1600,-128
6,1562494348012,-1504,-1952,-80
2,1562494348044,944,544,64
2,1562494348045,944,448,-64
6,1562494348062,-1360,-1936,48
6,1562494348063,-1008,-1888,128
2,1562494348084,896,544,-80
2,1562494348086,704,480,-192
2,1562494348096,720,16,-160
4,1562494348098,1296,-32,1696
4,1562494348100,1248,144,1664
4,1562494348101,1296,432,1584
4,1562494348102,1488,1024,1184
4,1562494348104,1344,1264,1104
6,1562494348113,-720,-1936,224
6,1562494348114,0,-1872,176
6,1562494348116,32,-2032,192
2,1562494348131,896,-304,-240
2,1562494348132,912,-576,-304
4,1562494348137,1216,1344,1360
4,1562494348144,1056,1648,1184
6,1562494348146,-560,-2032,624
6,1562494348147,1136,-1936,1392
2,1562494348175,848,-416,-560
2,1562494348176,928,-192,-368
4,1562494348183,1344,1680,96
4,1562494348184,2048,64,-464
6,1562494348193,784,-2032,800
6,1562494348195,1328,-2032,-2048
2,1562494348219,1712,16,-576
2,1562494348228,1360,672,-496
2,1562494348229,752,-144,976
4,1562494348230,1504,-96,576
4,1562494348231,768,-224,144
6,1562494348233,-1856,-384,992
6,1562494348234,-496,-816,-960
2,1562494348265,784,-128,304
2,1562494348266,1024,-160,464
4,1562494348281,752,16,416
4,1562494348283,1072,48,272
4,1562494348284,1216,-16,272
6,1562494348287,-368,-160,-1056
6,1562494348298,-592,-736,-528
6,1562494348301,-400,-496,-800
2,1562494348311,1184,-32,160
2,1562494348313,1152,-80,48
6,1562494348327,-512,-512,-688
6,1562494348329,-480,-480,-752
4,1562494348361,1088,-96,240
4,1562494348362,1072,-128,272
4,1562494348363,1024,-112,272
4,1562494348364,976,-48,288
6,1562494348379,-464,-480,-736
6,1562494348381,-480,-528,-704
6,1562494348383,-480,-544,-704
2,1562494348398,1104,-80,-32
4,1562494348411,976,-32,304
4,1562494348412,992,-32,288
6,1562494348414,-464,-544,-688
2,1562494348443,992,0,-48
2,1562494348445,992,32,48
2,1562494348447,1024,-48,80
2,1562494348449,1024,-128,-16
2,1562494348452,976,-192,-80
2,1562494348463,880,-256,-224
4,1562494348465,976,-32,288
4,1562494348469,944,16,288
4,1562494348480,944,-32,304
6,1562494348481,-448,-560,-688
6,1562494348482,-416,-608,-672
6,1562494348485,-480,-544,-672
2,1562494348496,848,-304,-368
2,1562494348498,784,-224,-272
4,1562494348500,912,-48,272
4,1562494348502,928,-16,304
6,1562494348511,-464,-512,-656
6,1562494348512,-496,-528,-640
2,1562494348534,800,-176,-288
2,1562494348535,800,-192,-256
2,1562494348538,672,-96,-96
4,1562494348549,944,0,352
4,1562494348552,848,144,320
6,1562494348562,-480,-512,-672
6,1562494348564,-384,-608,-688
6,1562494348566,-368,-592,-640
2,1562494348578,560,-16,-32
2,1562494348579,720,-48,-64
4,1562494348591,816,304,352
4,1562494348593,896,96,480
6,1562494348595,-448,-448,-672
6,1562494348597,-480,-448,-720
2,1562494348624,912,-192,-256
6,1562494348641,-528,-480,-768
2,1562494348670,912,-240,-224
4,1562494348678,1120,64,448
4,1562494348679,1088,96,480
6,1562494348682,-384,-512,-848
2,1562494348717,896,-208,0
2,1562494348720,864,-224,-32
2,1562494348730,1024,-656,-432
2,1562494348732,1648,-1264,-832
4,1562494348734,1200,256,336
4,1562494348737,1104,320,464
4,1562494348738,1488,128,640
4,1562494348749,2048,-304,800
4,1562494348760,2048,-672,608
6,1562494348762,-432,-624,-768
6,1562494348764,-688,-544,-832
6,1562494348766,-1040,-288,-1104
6,1562494348768,-992,32,-1152
6,1562494348778,-928,-32,-752
4,1562494348781,1600,-992,496
4,1562494348783,688,-624,736
6,1562494348785,-608,-288,-464
6,1562494348794,256,-128,-2048
2,1562494348808,2048,-1200,-384
2,1562494348809,1984,-272,320
2,1562494348811,1472,-48,1200
2,1562494348812,1424,-208,1360
2,1562494348813,1552,-48,464
4,1562494348815,-96,16,-800
4,1562494348816,-640,-1584,-368
4,1562494348817,64,-1152,-368
6,1562494348819,-2032,-176,496
6,1562494348826,-896,1392,128
2,1562494348849,1264,112,688
2,1562494348850,1056,512,512
4,1562494348856,640,-496,-64
4,1562494348857,400,-480,352
6,1562494348864,-144,224,-1488
6,1562494348866,-992,-48,32
4,1562494348902,768,80,432
4,1562494348904,944,464,704
6,1562494348911,-176,-384,-368
6,1562494348914,-192,-976,-128
6,1562494348916,80,-992,16
2,1562494348940,976,784,416
2,1562494348941,752,640,368
2,1562494348945,512,608,384
2,1562494348947,432,512,256
2,1562494348958,416,544,176
4,1562494348960,912,640,768
4,1562494348964,1056,912,896
6,1562494348982,32,-1632,-32
6,1562494348984,-272,-2032,176
2,1562494348993,560,384,64
2,1562494348994,672,144,16
4,1562494349006,1232,1328,1008
4,1562494349007,1200,1200,1040
4,1562494349008,1248,1200,864
6,1562494349009,-160,-2032,352
6,1562494349009,304,-2032,336
2,1562494349040,832,-80,-80
2,1562494349043,912,-144,32
4,1562494349047,1296,1216,656
4,1562494349050,1168,1136,544
6,1562494349064,592,-1856,272
6,1562494349065,416,-1776,304
2,1562494349088,912,-256,-64
2,1562494349090,880,-304,-128
2,1562494349092,928,-256,-384
4,1562494349095,1104,1088,624
4,1562494349097,1104,1008,624
2,1562494349122,944,-352,-576
4,1562494349139,992,992,560
4,1562494349140,864,992,560
6,1562494349140,336,-1808,480
6,1562494349141,592,-1568,608
6,1562494349142,848,-1392,608
6,1562494349143,-432,-1712,-272
6,1562494349144,-1760,-2032,1872
2,1562494349174,736,-144,-768
2,1562494349175,832,-864,-416
2,1562494349176,1152,-432,-656
4,1562494349178,1024,1104,1360
4,1562494349179,1248,-2032,384
4,1562494349180,1424,-1296,48
6,1562494349193,-592,1072,-2048
6,1562494349194,-576,352,-1376
2,1562494349223,1232,-1264,336
2,1562494349224,2048,-2032,-2048
2,1562494349226,1872,432,-816
4,1562494349228,2048,224,-1616
4,1562494349229,2048,-624,336
6,1562494349231,512,64,-2048
6,1562494349245,-608,-32,-832
2,1562494349261,240,1520,2032
2,1562494349263,560,976,704
4,1562494349264,-208,304,592
4,1562494349265,944,512,496
6,1562494349276,-464,-768,-512
6,1562494349277,-304,-656,-768
6,1562494349279,-560,-592,-496
2,1562494349299,832,-672,1088
2,1562494349300,1824,-1344,560
4,1562494349307,672,144,832
4,1562494349310,1120,336,480
6,1562494349320,-416,-544,-720
6,1562494349321,-464,-576,-640
2,1562494349345,1568,-192,384
2,1562494349346,1040,144,160
4,1562494349355,896,304,560
4,1562494349358,960,320,464
4,1562494349360,960,336,544
6,1562494349362,-416,-576,-688
6,1562494349369,-464,-576,-704
2,1562494349389,976,128,-112
2,1562494349391,1072,48,-96
2,1562494349392,1056,80,-240
4,1562494349403,1008,352,464
4,1562494349406,960,352,496
6,1562494349416,-432,-576,-736
6,1562494349416,-448,-592,-720
2,1562494349434,1056,-32,-304
2,1562494349436,1024,-336,-576
6,1562494349449,-432,-592,-704
6,1562494349452,-480,-544,-800
6,1562494349454,-544,-512,-976
2,1562494349478,1056,-752,-1040
2,1562494349480,1392,-1136,-1488
4,1562494349490,992,368,496
4,1562494349491,1200,304,464
4,1562494349493,1616,272,464
4,1562494349495,2048,16,528
4,1562494349497,2048,-416,432
6,1562494349504,-720,-352,-1232
6,1562494349506,-896,-112,-1296
2,1562494349524,1616,-960,-1376
2,1562494349526,1488,96,-624
4,1562494349532,2048,-1184,832
4,1562494349533,976,-288,-560
6,1562494349539,-848,64,-1008
6,1562494349541,-224,-592,-992
6,1562494349542,-1424,208,-2048
2,1562494349572,1136,624,560
2,1562494349573,896,432,928
2,1562494349574,1344,-160,640
4,1562494349579,-720,-1328,-544
4,1562494349580,-320,-2032,-688
6,1562494349583,-2032,1664,128
2,1562494349615,1456,-224,912
2,1562494349616,1152,480,592
4,1562494349627,16,-1424,-352
4,1562494349629,112,-1120,-32
4,1562494349632,368,-352,224
6,1562494349641,-1120,1024,-880
6,1562494349644,-1344,880,-208
6,1562494349646,-32,32,-640
2,1562494349662,592,656,768
2,1562494349664,336,496,752
4,1562494349677,656,240,320
4,1562494349678,1104,624,192
6,1562494349681,-16,-576,-336
6,1562494349691,128,-688,-96
2,1562494349707,128,480,800
2,1562494349709,240,400,736
4,1562494349714,1296,1312,96
4,1562494349715,1280,1600,368
6,1562494349718,448,-1120,-96
6,1562494349719,80,-2032,-16
6,1562494349726,320,-2032,128
2,1562494349750,368,160,688
2,1562494349751,672,-224,384
2,1562494349752,1104,-304,-80
4,1562494349759,1536,1408,640
4,1562494349761,1776,1968,800
6,1562494349764,928,-2032,320
6,1562494349765,960,-2032,736
2,1562494349795,1296,-240,-240
2,1562494349795,1216,-64,-784
4,1562494349801,1632,1920,1040
4,1562494349804,1392,2048,1344
4,1562494349817,1024,1856,1040
6,1562494349818,768,-2032,1120
6,1562494349820,1232,-2032,1120
2,1562494349841,896,272,-704
2,1562494349842,992,-352,-720
4,1562494349850,848,2048,1808
4,1562494349851,2048,-1120,544
6,1562494349860,-2032,-2032,768
6,1562494349861,208,-1040,-1616
2,1562494349884,1280,-432,-320
2,1562494349885,1248,-672,240
4,1562494349894,1008,-1504,128
4,1562494349898,2048,-1664,-160
6,1562494349902,-352,512,-1856
6,1562494349904,-848,1200,-2048
6,1562494349907,-272,-400,-992
2,1562494349929,2048,-2032,-2048
2,1562494349930,1520,-224,-1024
2,1562494349931,112,1600,2032
4,1562494349940,2048,-176,-416
4,1562494349943,-752,624,496
6,1562494349954,-384,-768,-320
6,1562494349955,-336,-672,-752
2,1562494349974,288,1248,672
2,1562494349975,640,-480,640
4,1562494349982,1072,496,496
4,1562494349984,816,272,736
4,1562494349988,1072,112,416
6,1562494349997,-480,-720,-544
6,1562494349999,-448,-464,-704
2,1562494350019,1840,-1136,480
2,1562494350027,1648,64,96
4,1562494350030,944,176,512
4,1562494350032,864,192,512
6,1562494350035,-416,-576,-688
6,1562494350037,-464,-528,-640
2,1562494350064,944,272,240
2,1562494350066,768,-80,-64
2,1562494350076,896,-368,0
4,1562494350079,912,304,496
4,1562494350081,976,304,496
6,1562494350084,-432,-608,-688
6,1562494350095,-416,-576,-704
6,1562494350097,-448,-592,-736
2,1562494350108,944,-400,-176
4,1562494350116,1024,304,528
4,1562494350118,1232,352,416
6,1562494350128,-384,-528,-864
6,1562494350129,-448,-592,-896
2,1562494350155,1024,-368,-352
2,1562494350156,1120,-416,-672
2,1562494350157,1248,-608,-1104
4,1562494350162,1408,368,496
4,1562494350162,1840,240,448
4,1562494350164,2048,96,352
6,1562494350168,-512,-448,-1120
6,1562494350174,-592,-368,-1312
2,1562494350199,1504,-832,-1504
2,1562494350200,1744,-432,-1200
4,1562494350208,2048,-432,448
4,1562494350209,2048,-496,1056
6,1562494350215,-880,-496,-1536
6,1562494350216,-1088,-528,-1120
4,1562494350257,960,-624,192
4,1562494350261,-304,-704,-768
6,1562494350277,-960,-1232,-1120
6,1562494350281,-880,864,-768
6,1562494350285,-1024,816,-1936
2,1562494350296,1760,32,-112
2,1562494350299,1520,96,784
2,1562494350302,1296,-112,1120
2,1562494350305,1600,-400,704
2,1562494350307,1440,80,592
4,1562494350310,-768,-1776,-688
4,1562494350313,32,-1312,-560
6,1562494350323,-2032,1456,-208
6,1562494350325,-832,688,-432
2,1562494350336,896,512,560
2,1562494350339,608,624,784
4,1562494350350,64,-912,-160
4,1562494350353,160,-496,112
4,1562494350356,416,-128,240
6,1562494350358,-416,464,-224
6,1562494350361,-160,-16,-192
2,1562494350378,448,656,704
2,1562494350380,240,592,720
4,1562494350390,672,384,208
4,1562494350392,960,704,208
6,1562494350399,-16,-464,-320
6,1562494350402,-32,-864,-240
2,1562494350426,112,432,640
2,1562494350428,144,272,592
4,1562494350432,1184,960,256
4,1562494350433,1424,1184,512
6,1562494350442,160,-1264,-288
6,1562494350445,-64,-2000,-32
6,1562494350448,32,-2032,80
2,1562494350472,368,0,368
2,1562494350472,768,-256,160
2,1562494350473,1328,-432,-160
4,1562494350478,1680,1232,848
4,1562494350479,1984,1696,992
6,1562494350483,528,-2032,256
6,1562494350488,880,-2032,480
2,1562494350513,1520,-432,-464
2,1562494350514,1072,-112,-528
4,1562494350523,1840,1664,1024
4,1562494350524,1296,1664,1088
4,1562494350525,1024,1360,944
6,1562494350533,848,-2032,928
6,1562494350535,704,-1888,1200
2,1562494350559,848,-48,-512
2,1562494350560,784,-80,-736
4,1562494350571,912,1168,688
4,1562494350574,848,2048,2032
6,1562494350583,800,-1392,1168
6,1562494350584,-2032,-2032,192
2,1562494350606,928,-624,-1024
2,1562494350607,1024,-432,-544
2,1562494350608,1568,-912,-80
4,1562494350616,1696,-1408,-624
4,1562494350617,1232,-2032,208
6,1562494350626,928,-208,-2048
6,1562494350627,-800,768,-2048
6,1562494350629,-592,592,-1712
2,1562494350649,2048,-2032,-2048
2,1562494350651,1504,608,-672
4,1562494350658,2048,-976,-368
4,1562494350659,2048,-288,-176
6,1562494350664,-384,-448,-880
6,1562494350665,-192,-848,-608
2,1562494350694,-96,1280,2032
2,1562494350696,272,896,560
4,1562494350705,-304,736,384
4,1562494350706,912,320,544
4,1562494350708,896,32,752
6,1562494350714,-464,-592,-608
6,1562494350715,-512,-544,-576
6,1562494350716,-432,-464,-736
2,1562494350738,640,-640,1120
2,1562494350743,2048,-1312,400
4,1562494350746,1088,208,384
4,1562494350748,912,240,512
6,1562494350756,-448,-576,-672
2,1562494350784,1568,-160,336
2,1562494350786,896,128,320
2,1562494350796,784,0,-80
4,1562494350797,912,272,448
4,1562494350799,944,288,496
6,1562494350800,-416,-592,-704
6,1562494350803,-416,-560,-672
6,1562494350806,-384,-496,-720
4,1562494350837,976,256,464
4,1562494350838,896,240,544
6,1562494350846,-480,-576,-656
6,1562494350848,-432,-560,-752
2,1562494350875,896,-144,0
2,1562494350877,976,-48,-112
2,1562494350878,1024,-112,-288
2,1562494350880,1088,-384,-656
4,1562494350889,1056,304,512
4,1562494350891,1376,352,416
4,1562494350893,1776,240,432
6,1562494350901,-448,-544,-864
6,1562494350903,-528,-464,-1072
6,1562494350905,-704,-384,-1296
2,1562494350920,1232,-704,-1216
2,1562494350922,1456,-944,-1584
2,1562494350923,1600,-480,-1440
4,1562494350930,2048,-32,512
4,1562494350931,2048,-368,352
6,1562494350934,-864,-160,-1376
6,1562494350937,-912,-80,-1104
2,1562494350964,1568,-32,-544
2,1562494350966,1568,144,432
4,1562494350973,2048,-704,432
4,1562494350974,1552,-416,-16
4,1562494350978,320,-544,-224
6,1562494350987,-576,-320,-1344
6,1562494350989,-432,-560,-928
2,1562494351012,1312,160,1104
2,1562494351013,1200,-160,1104
4,1562494351022,-1216,-1680,-848
4,1562494351024,-48,-1744,-832
6,1562494351034,-1568,512,-2048
6,1562494351035,-2032,2048,-32
2,1562494351055,1440,-256,736
2,1562494351059,1040,368,480
4,1562494351068,0,-1040,-176
4,1562494351070,240,-640,64
6,1562494351078,-992,768,-688
6,1562494351079,-896,512,-224
6,1562494351080,-64,0,-544
2,1562494351099,672,640,544
2,1562494351100,464,688,624
2,1562494351101,384,640,560
4,1562494351107,480,-112,224
4,1562494351108,768,320,224
6,1562494351113,400,-256,-496
6,1562494351115,464,-528,-368
2,1562494351145,256,752,640
2,1562494351146,224,688,688
4,1562494351153,1008,688,96
4,1562494351154,1120,1056,304
4,1562494351164,1328,1296,448
6,1562494351166,-64,-1376,-224
6,1562494351167,-288,-2032,-80
2,1562494351189,400,112,640
2,1562494351190,768,-448,464
4,1562494351196,1760,1504,624
4,1562494351197,1952,1936,928
6,1562494351207,416,-2032,96
6,1562494351208,1120,-2032,336
2,1562494351234,1184,-608,160
2,1562494351238,1344,-656,-672
4,1562494351249,1904,1952,1472
4,1562494351252,1376,2000,1488
6,1562494351255,944,-2032,960
6,1562494351257,800,-2032,1872
6,1562494351259,816,-1712,2032
2,1562494351280,1088,-400,-1088
2,1562494351281,752,192,-1152
2,1562494351283,944,48,-1392
4,1562494351292,720,1392,1536
4,1562494351294,1216,2048,1376
6,1562494351299,-1104,-2032,-384
6,1562494351301,-624,128,-560
2,1562494351323,1104,464,160
2,1562494351325,1392,64,-16
4,1562494351332,1664,-2032,-48
4,1562494351333,1344,-880,0
4,1562494351334,2048,-1648,-128
6,1562494351343,-544,-144,-1328
6,1562494351345,-688,1120,-2048
2,1562494351371,2048,-2032,-2048
2,1562494351372,1616,-496,-464
4,1562494351377,2048,-496,-160
4,1562494351377,-576,560,512
6,1562494351384,-544,-272,-1232
6,1562494351385,-384,-704,-496
2,1562494351414,32,864,2032
2,1562494351416,128,992,640
4,1562494351429,992,416,464
4,1562494351433,912,48,688
6,1562494351436,-384,-608,-800
6,1562494351438,-592,-464,-448
6,1562494351441,-496,-432,-720
2,1562494351461,608,-48,448
2,1562494351462,1984,-896,544
2,1562494351464,1712,-384,576
4,1562494351474,1072,224,416
4,1562494351476,928,192,528
6,1562494351484,-496,-544,-592
6,1562494351486,-432,-544,-624
2,1562494351506,880,-192,400
2,1562494351507,688,-288,144
4,1562494351513,848,320,480
4,1562494351515,880,368,528
4,1562494351516,944,368,496
6,1562494351524,-384,-624,-672
6,1562494351525,-432,-608,-704
2,1562494351549,896,-176,-16
2,1562494351550,1104,-48,-160
4,1562494351558,1040,384,528
4,1562494351559,1168,496,384
6,1562494351564,-464,-560,-768
6,1562494351565,-416,-560,-832
2,1562494351594,1168,-16,-320
2,1562494351595,1232,-272,-704
4,1562494351613,1520,544,304
4,1562494351616,1760,336,432
6,1562494351620,-368,-544,-1008
6,1562494351624,-528,-448,-1104
6,1562494351627,-592,-464,-1184
2,1562494351640,1280,-480,-896
2,1562494351641,1296,-800,-1232
2,1562494351644,1552,-928,-1424
4,1562494351654,2016,272,448
4,1562494351656,2048,-96,352
6,1562494351659,-752,-368,-1392
6,1562494351660,-944,-16,-1296
2,1562494351684,1872,-528,-624
2,1562494351686,1728,-112,208
4,1562494351694,2048,-640,336
4,1562494351696,1984,-960,528
4,1562494351697,640,-800,-1040
6,1562494351700,-1088,-256,-1216
6,1562494351704,-832,-80,-1344
2,1562494351728,1408,224,1024
2,1562494351730,1328,0,960
4,1562494351736,-1136,-1488,-880
6,1562494351747,-992,976,-2048
6,1562494351749,-2032,944,-448
4,1562494351783,-64,-1856,-848
4,1562494351785,80,-928,-192
4,1562494351787,256,-640,256
6,1562494351796,-464,1584,-848
6,1562494351799,-1360,160,160
6,1562494351803,-592,144,32
4,1562494351826,304,-240,432
4,1562494351828,592,208,656
6,1562494351835,-208,-272,192
6,1562494351838,-112,-880,144
2,1562494351865,1344,128,224
2,1562494351867,864,560,704
2,1562494351868,704,640,784
2,1562494351869,560,736,960
2,1562494351871,400,752,912
2,1562494351873,144,672,688
4,1562494351882,832,576,832
4,1562494351883,1088,1232,880
4,1562494351885,1424,1728,1104
6,1562494351888,0,-1760,-16
6,1562494351890,-720,-2032,512
6,1562494351893,-128,-2032,1040
2,1562494351909,352,48,528
2,1562494351910,1040,-368,80
4,1562494351917,1840,1744,1328
4,1562494351919,2048,2048,1552
6,1562494351928,992,-2032,1232
2,1562494351955,1616,-496,-208
2,1562494351958,1424,-240,-720
2,1562494351960,816,240,-416
4,1562494351969,1648,2048,1584
4,1562494351973,992,1936,1344
6,1562494351981,1424,-2032,1376
6,1562494351982,1184,-2032,1808
6,1562494351984,224,-2032,1056
2,1562494351998,576,192,-640
2,1562494352000,864,-480,-992
4,1562494352006,672,1664,1408
4,1562494352008,1360,2048,400
6,1562494352013,864,-2032,-192
6,1562494352015,-1760,-48,-1120
2,1562494352044,1296,-416,-432
2,1562494352046,1712,-688,-640
4,1562494352055,1472,-2032,-64
4,1562494352056,2048,-640,-368
4,1562494352057,2048,-208,-224
6,1562494352063,-736,320,-1328
6,1562494352064,-304,240,-2048
6,1562494352065,-304,-208,-1744
2,1562494352088,2048,-2032,-2048
2,1562494352093,1616,192,-1072
4,1562494352096,2048,-528,-48
6,1562494352110,-448,-496,-720
6,1562494352111,-464,-576,-688
2,1562494352134,560,656,1216
2,1562494352137,544,816,576
2,1562494352140,784,48,928
4,1562494352153,576,320,288
4,1562494352156,880,320,560
4,1562494352158,880,336,528
6,1562494352160,-400,-592,-720
6,1562494352162,-496,-688,-368
2,1562494352180,1088,-160,720
2,1562494352183,1376,-224,336
4,1562494352192,608,400,576
4,1562494352193,928,304,496
4,1562494352194,896,448,480
6,1562494352204,-432,-592,-656
6,1562494352205,-400,-608,-640
2,1562494352224,1104,-48,208
2,1562494352225,832,-512,112
4,1562494352231,992,400,496
4,1562494352232,1232,272,528
6,1562494352242,-368,-640,-688
6,1562494352243,-512,-624,-752
6,1562494352244,-528,-576,-768
2,1562494352270,1056,-640,-256
2,1562494352271,1056,-352,-320
4,1562494352277,1264,320,480
4,1562494352278,1376,368,384
6,1562494352284,-464,-576,-848
6,1562494352286,-416,-496,-912
2,1562494352314,1072,-160,-544
2,1562494352315,1232,-288,-960
2,1562494352315,1360,-496,-1328
4,1562494352327,1712,320,240
4,1562494352333,2048,128,48
6,1562494352342,-512,-432,-1152
6,1562494352345,-496,-304,-1216
2,1562494352358,1552,-656,-992
2,1562494352361,1792,-736,320
4,1562494352374,2048,-192,80
4,1562494352377,2048,-912,208
4,1562494352378,2048,-960,-656
6,1562494352380,-560,-288,-1456
6,1562494352382,-704,-560,-1424
2,1562494352405,1584,-816,1312
2,1562494352406,1424,-944,1760
4,1562494352411,352,-1056,-976
4,1562494352412,-1024,-400,528
6,1562494352427,-1184,352,-1104
6,1562494352428,-1360,-1472,-2048
6,1562494352429,-1072,-704,-1040
2,1562494352448,1440,-896,1264
2,1562494352449,1632,-256,1040
4,1562494352457,496,-1456,-192
6,1562494352463,-640,592,-1424
6,1562494352464,-2032,-1680,-320
2,1562494352493,1424,160,1168
2,1562494352496,1328,432,976
2,1562494352499,1360,400,800
4,1562494352511,672,-416,432
4,1562494352512,864,-176,784
4,1562494352513,1424,-288,784
4,1562494352515,1552,-192,1040
6,1562494352516,-2032,-1216,272
6,1562494352517,-1376,-1232,-16
2,1562494352540,1296,320,688
2,1562494352541,1184,560,544
4,1562494352549,1424,-224,1344
4,1562494352550,1808,-176,1360
6,1562494352559,-1856,-1616,-16
6,1562494352561,-2032,-1952,64
2,1562494352584,1040,656,464
2,1562494352585,864,640,272
4,1562494352593,1824,-16,1488
4,1562494352594,1728,128,1664
6,1562494352598,-1856,-1936,96
6,1562494352599,-1664,-2032,64
6,1562494352600,-1520,-2032,240
2,1562494352629,832,528,32
2,1562494352630,832,688,-160
4,1562494352636,1632,208,1728
4,1562494352639,1568,256,1824
6,1562494352649,-1248,-2032,272
6,1562494352652,-736,-2032,336
4,1562494352682,1536,864,1888
4,1562494352685,1168,1280,2000
4,1562494352689,832,1264,1872
6,1562494352701,-256,-2032,592
6,1562494352703,96,-2032,864
2,1562494352723,864,464,-528
2,1562494352726,752,368,-656
2,1562494352728,640,208,-624
2,1562494352729,624,208,-400
2,1562494352731,624,144,-432
4,1562494352742,768,1104,1536
4,1562494352745,1168,2048,2032
6,1562494352747,368,-1632,1040
6,1562494352750,112,-2032,1312
2,1562494352763,944,-400,-752
2,1562494352765,1728,448,736
4,1562494352772,2048,-96,-1200
4,1562494352774,240,-480,528
6,1562494352780,-304,-1584,-880
6,1562494352781,-1040,-688,-432
6,1562494352782,-304,-480,-1056
2,1562494352808,1280,320,416
2,1562494352809,832,-240,528
2,1562494352810,992,-464,288
4,1562494352816,1120,256,304
4,1562494352818,992,16,176
6,1562494352825,-528,-432,-800
6,1562494352828,-464,-576,-736
2,1562494352855,1200,-144,176
2,1562494352857,1152,-64,192
4,1562494352867,1232,112,224
4,1562494352871,1056,-32,272
4,1562494352873,1072,-96,304
6,1562494352881,-496,-528,-688
6,1562494352882,-544,-512,-672
4,1562494352907,1040,-32,272
4,1562494352908,1040,-16,208
6,1562494352913,-528,-528,-672
6,1562494352915,-480,-544,-672
2,1562494352944,1136,-32,272
2,1562494352945,1088,16,112
2,1562494352945,1040,128,144
2,1562494352946,1056,160,80
4,1562494352951,976,32,224
4,1562494352957,1008,48,208
6,1562494352960,-480,-544,-656
6,1562494352962,-480,-560,-656
6,1562494352963,-464,-544,-672
2,1562494352991,1072,16,32
2,1562494352992,1040,-112,16
2,1562494352993,1024,-96,0
4,1562494353002,1040,0,208
4,1562494353003,1040,-32,224
6,1562494353009,-480,-544,-672
6,1562494353010,-496,-544,-672
2,1562494353034,1024,-16,0
2,1562494353035,992,96,0
4,1562494353045,1008,0,240
4,1562494353045,976,32,224
4,1562494353047,992,64,240
6,1562494353049,-496,-560,-656
6,1562494353050,-464,-576,-656
6,1562494353051,-496,-576,-640
2,1562494353080,992,144,-32
2,1562494353081,1008,80,-16
4,1562494353091,1008,16,240
4,1562494353094,1040,16,224
6,1562494353102,-496,-544,-656
2,1562494353126,1056,-16,32
2,1562494353128,1072,-80,48
4,1562494353139,1056,32,240
4,1562494353141,1104,64,208
6,1562494353153,-496,-560,-672
6,1562494353155,-480,-592,-672
6,1562494353157,-464,-576,-672
2,1562494353171,1072,-96,32
2,1562494353172,1056,-64,32
2,1562494353173,1104,-96,-64
4,1562494353180,1136,96,160
4,1562494353181,1168,96,128
6,1562494353183,-416,-576,-736
6,1562494353185,-448,-576,-704
2,1562494353214,1168,-208,-256
2,1562494353215,1120,-336,-400
4,1562494353221,1200,16,128
4,1562494353226,1264,-32,96
4,1562494353228,1328,-64,64
6,1562494353230,-464,-544,-688
6,1562494353232,-448,-560,-752
6,1562494353233,-464,-608,-688
2,1562494353260,1104,-320,-464
2,1562494353262,1184,-192,-576
4,1562494353271,1376,-64,16
4,1562494353272,1472,-144,-48
6,1562494353278,-464,-544,-784
6,1562494353279,-560,-512,-832
2,1562494353304,1264,-240,-704
2,1562494353305,1584,-336,-464
4,1562494353311,1680,-416,96
4,1562494353312,1840,-576,240
6,1562494353323,-928,-768,-928
6,1562494353324,-800,-1584,-816
2,1562494353348,1440,-384,-288
2,1562494353349,1184,-656,416
2,1562494353350,1200,-800,784
4,1562494353360,1616,-160,304
4,1562494353362,1520,-176,384
6,1562494353364,-720,-1712,-800
6,1562494353367,-1152,-1728,-1008
2,1562494353393,1296,-608,896
2,1562494353394,1440,-384,976
4,1562494353404,1376,-352,576
4,1562494353405,1024,-256,608
4,1562494353407,560,-80,480
6,1562494353415,-1856,-1440,-544
6,1562494353416,-1216,-720,-624
6,1562494353418,-1280,-1120,-464
2,1562494353439,1520,-176,928
2,1562494353440,1504,-80,976
4,1562494353446,720,-768,640
4,1562494353447,688,-112,352
6,1562494353457,-336,-224,-480
6,1562494353458,-256,-592,-752
2,1562494353483,1344,0,880
2,1562494353485,1328,176,832
4,1562494353492,592,-16,464
4,1562494353494,608,-192,480
6,1562494353499,-720,-544,-496
6,1562494353502,-880,-528,-288
2,1562494353529,1264,272,800
2,1562494353531,1200,288,752
2,1562494353545,1104,304,704
4,1562494353547,624,-208,480
4,1562494353548,608,-256,592
2,1562494353575,1024,240,656
2,1562494353577,928,288,560
6,1562494353592,-960,-544,-176
6,1562494353595,-1040,-672,-48
4,1562494353626,624,-288,768
4,1562494353630,672,-288,864
4,1562494353633,720,-240,976
4,1562494353642,784,-176,1040
4,1562494353645,880,-128,1072
6,1562494353647,-1008,-704,48
6,1562494353650,-976,-768,80
6,1562494353653,-1072,-912,64
6,1562494353656,-1120,-1104,-16
6,1562494353659,-1232,-1264,0
2,1562494353670,832,368,496
2,1562494353672,784,384,416
2,1562494353674,784,368,304
2,1562494353675,752,432,224
4,1562494353677,976,-128,1104
4,1562494353679,1056,-112,1104
6,1562494353689,-1296,-1392,48
6,1562494353691,-1232,-1392,32
2,1562494353709,688,448,224
2,1562494353710,704,368,176
2,1562494353712,704,304,80
4,1562494353721,1184,-80,1056
4,1562494353722,1296,-32,1040
6,1562494353724,-1072,-1376,-128
6,1562494353726,-928,-1376,-192
4,1562494353762,1344,32,912
4,1562494353763,1456,112,848
4,1562494353764,1616,288,1072
6,1562494353770,-704,-1296,-384
6,1562494353771,-848,-1712,-400
6,1562494353772,-752,-2032,-240
2,1562494353800,720,240,96
2,1562494353802,880,80,-80
2,1562494353804,1024,-96,-272
2,1562494353806,1152,-192,-464
4,1562494353814,1520,544,1200
4,1562494353820,1248,800,1248
6,1562494353822,-304,-2000,-48
6,1562494353824,80,-2032,96
4,1562494353853,1104,1072,1264
4,1562494353855,1040,1136,1104
6,1562494353869,144,-2032,400
6,1562494353874,528,-1776,832
4,1562494353899,1104,1312,896
4,1562494353903,1136,576,448
4,1562494353905,1344,-1440,-896
6,1562494353914,-48,-1296,896
6,1562494353917,-608,-528,-1152
4,1562494353942,1408,640,80
4,1562494353943,1376,208,1200
6,1562494353953,560,-880,-1712
6,1562494353956,-1472,-2032,-768
6,1562494353958,-752,-544,-544
2,1562494353982,1168,-304,-640
2,1562494353986,1056,-368,-592
2,1562494353988,1056,-400,-512
2,1562494353990,992,-480,-480
2,1562494353993,368,528,-432
2,1562494353996,1328,272,192
2,1562494354008,1440,-96,-912
6,1562494354011,-368,-720,-864
6,1562494354014,-560,-560,-624
2,1562494354025,992,176,288
2,1562494354027,1056,-256,352
4,1562494354035,1264,-208,-16
4,1562494354037,800,16,288
4,1562494354040,1056,-48,256
4,1562494354042,1088,-80,272
6,1562494354051,-544,-592,-688
6,1562494354053,-480,-608,-720
2,1562494354071,1104,-256,208
2,1562494354072,1088,-64,144
2,1562494354073,1024,64,96
4,1562494354081,1168,-64,272
4,1562494354084,1056,0,224
4,1562494354087,1008,-48,224
6,1562494354089,-448,-624,-736
6,1562494354099,-448,-576,-720
2,1562494354113,1024,32,48
2,1562494354114,1040,-48,48
4,1562494354123,976,-96,224
4,1562494354125,976,-80,240
6,1562494354128,-480,-480,-672
6,1562494354129,-480,-480,-688
6,1562494354131,-480,-512,-672
4,1562494354167,992,-48,272
4,1562494354168,992,-64,256
6,1562494354175,-480,-512,-688
6,1562494354177,-480,-512,-704
2,1562494354206,1040,-128,16
2,1562494354216,992,-176,-64
2,1562494354219,960,-176,-160
2,1562494354223,944,-176,-288
4,1562494354226,1008,-64,256
4,1562494354228,976,-96,224
4,1562494354230,992,-32,240
6,1562494354242,-464,-496,-688
6,1562494354243,-464,-496,-688
6,1562494354245,-448,-496,-672
2,1562494354257,912,-144,-288
2,1562494354260,864,-192,-336
2,1562494354263,880,-176,-400
4,1562494354266,976,-96,272
4,1562494354268,992,-16,272
6,1562494354277,-496,-480,-672
2,1562494354294,848,-176,-304
2,1562494354295,816,-144,-208
4,1562494354307,960,-16,352
4,1562494354308,912,80,352
6,1562494354312,-448,-544,-720
6,1562494354313,-496,-496,-672
6,1562494354324,-416,-608,-672
4,1562494354345,896,224,320
4,1562494354346,992,64,352
6,1562494354354,-400,-544,-704
6,1562494354355,-528,-480,-688
2,1562494354387,736,-64,-32
2,1562494354388,768,-160,32
4,1562494354395,1072,-32,512
4,1562494354397,1184,64,448
4,1562494354399,1200,144,464
6,1562494354401,-528,-416,-736
6,1562494354402,-480,-544,-768
6,1562494354407,-560,-496,-784
4,1562494354439,1424,-112,576
4,1562494354440,1888,-480,608
6,1562494354452,-816,-336,-896
6,1562494354455,-976,-96,-1104
2,1562494354477,832,-288,-144
2,1562494354479,912,-320,-208
4,1562494354491,2048,-880,352
4,1562494354493,2000,-768,-144
6,1562494354496,-848,48,-1040
6,1562494354498,-112,-16,-912
4,1562494354525,1472,-464,-384
4,1562494354527,-848,-1040,-768
6,1562494354533,-112,784,-1520
6,1562494354536,-2032,-1616,-2048
4,1562494354571,-1040,-2032,-80
4,1562494354572,80,-1072,-80
4,1562494354573,496,-512,304
6,1562494354579,-2032,2048,1152
6,1562494354581,112,-384,-1664
6,1562494354584,-944,-64,-16
2,1562494354611,960,-224,-192
2,1562494354612,944,-208,-384
2,1562494354612,1120,-512,-848
2,1562494354614,1504,-1072,-1360
2,1562494354618,1680,-848,-1024
4,1562494354625,496,-80,448
4,1562494354627,816,320,496
6,1562494354629,-112,-768,-368
6,1562494354640,-48,-912,-80
2,1562494354655,1776,208,240
2,1562494354656,1328,-576,912
2,1562494354657,576,720,496
2,1562494354659,400,768,464
4,1562494354666,1072,672,528
4,1562494354668,1072,944,640
6,1562494354675,-144,-1152,288
6,1562494354676,32,-1664,336
2,1562494354700,368,496,448
2,1562494354704,544,112,352
2,1562494354706,800,-112,0
4,1562494354715,1328,1248,960
4,1562494354717,1568,1728,1088
6,1562494354720,304,-2032,480
6,1562494354723,864,-2032,656
4,1562494354754,1504,1904,1024
4,1562494354755,1408,1840,992
4,1562494354756,1184,1680,880
6,1562494354763,1088,-2032,816
6,1562494354765,976,-2032,1104
6,1562494354767,1040,-1872,1120
2,1562494354790,992,-288,-64
2,1562494354792,1104,-144,-352
2,1562494354792,912,144,-336
2,1562494354797,768,112,-512
4,1562494354809,880,1456,880
4,1562494354811,688,1296,864
6,1562494354812,1120,-1600,1120
6,1562494354813,-2032,-2032,1536
2,1562494354838,560,96,-464
6,1562494354850,1248,-2032,-1984
6,1562494354860,-880,-256,-1632
2,1562494354879,736,-656,-128
2,1562494354880,1200,-608,-528
2,1562494354884,2000,-1200,-160
4,1562494354894,624,1680,1440
4,1562494354896,2016,-1280,80
4,1562494354897,1424,-1936,-64
4,1562494354898,2048,-1696,1040
6,1562494354900,-1792,368,224
6,1562494354902,-16,304,-2048
2,1562494354924,2048,-2032,-2048
2,1562494354925,2048,-640,-1632
2,1562494354926,736,912,1264
4,1562494354931,2048,32,-1456
4,1562494354933,848,-144,336
4,1562494354934,512,512,736
6,1562494354942,-192,-240,-1424
6,1562494354943,-400,-528,-688
6,1562494354945,-432,-624,-624
2,1562494354971,336,1696,1616
2,1562494354972,720,272,1040
4,1562494354979,768,512,640
4,1562494354980,528,320,752
6,1562494354990,-400,-752,-480
6,1562494354991,-560,-672,-448
2,1562494355014,1264,-176,1024
2,1562494355015,1856,-304,96
4,1562494355022,912,240,544
4,1562494355025,784,384,432
6,1562494355028,-368,-672,-672
6,1562494355029,-336,-672,-592
2,1562494355058,1104,0,432
2,1562494355060,960,-352,-208
2,1562494355061,1072,-416,-336
4,1562494355066,992,256,496
4,1562494355067,1168,224,480
6,1562494355073,-464,-576,-688
6,1562494355074,-432,-560,-800
2,1562494355104,992,-384,-272
2,1562494355104,1040,-368,-528
6,1562494355120,-432,-592,-816
6,1562494355121,-496,-544,-848
6,1562494355122,-512,-544,-880
2,1562494355149,1024,-272,-736
2,1562494355153,1072,-448,-1120
4,1562494355163,1152,288,416
4,1562494355165,1248,240,432
4,1562494355167,1344,160,464
4,1562494355169,1584,176,432
4,1562494355171,1984,48,464
6,1562494355180,-544,-416,-1072
6,1562494355182,-800,-544,-1264
2,1562494355195,1344,-640,-1392
2,1562494355197,1552,-560,-1248
4,1562494355208,2048,-384,704
4,1562494355210,2048,-672,768
6,1562494355213,-1072,-544,-1312
6,1562494355215,-960,-720,-1248
2,1562494355240,1568,-240,-384
2,1562494355241,1472,128,544
2,1562494355243,1152,128,1296
4,1562494355249,1712,-800,320
4,1562494355250,320,-416,-832
6,1562494355257,-384,-320,-1264
6,1562494355259,-288,1072,-1056
2,1562494355284,1040,-256,848
2,1562494355288,1472,-336,912
4,1562494355290,-1264,-1040,-496
4,1562494355291,-240,-1776,-944
4,1562494355293,-32,-992,-448
6,1562494355298,-2000,-560,-1392
6,1562494355299,-1168,2048,-304
6,1562494355300,-1136,384,-320
2,1562494355330,1088,320,704
2,1562494355331,640,560,592
4,1562494355343,96,-784,-32
4,1562494355345,240,-192,256
6,1562494355346,-560,400,64
6,1562494355348,176,-144,-560
2,1562494355374,432,720,656
2,1562494355375,384,688,544
4,1562494355389,528,208,336
4,1562494355392,992,464,48
6,1562494355394,336,-416,-368
6,1562494355396,160,-80,112
6,1562494355400,-416,-1408,0
2,1562494355421,320,592,608
2,1562494355423,288,608,784
2,1562494355423,464,112,624
4,1562494355430,1232,784,224
4,1562494355432,1344,1040,656
6,1562494355434,-240,-2032,0
2,1562494355464,816,-192,352
2,1562494355466,1312,-336,32
4,1562494355475,1552,1280,912
4,1562494355479,1856,1680,1120
4,1562494355480,2048,1904,1360
6,1562494355488,336,-2032,96
6,1562494355491,752,-2032,464
6,1562494355494,896,-2032,1120
2,1562494355509,1728,-592,-448
2,1562494355510,1296,-16,-976
4,1562494355517,1776,1968,1552
4,1562494355518,896,1744,1472
6,1562494355526,1040,-2032,1776
6,1562494355528,720,-2032,1616
2,1562494355555,880,288,-1296
2,1562494355558,640,-752,-832
2,1562494355561,1120,-784,-16
4,1562494355571,768,2048,2032
4,1562494355573,1824,32,-256
4,1562494355574,976,-2032,256
6,1562494355576,592,-2032,0
6,1562494355577,-1712,1392,-1280
6,1562494355578,-1088,-864,-624
2,1562494355598,912,-320,-128
2,1562494355600,2048,-2032,-2048
4,1562494355606,1856,-672,-80
4,1562494355607,2048,-1040,-816
6,1562494355613,-128,1008,-2048
6,1562494355615,-464,-192,-896
2,1562494355644,2048,-112,-2048
2,1562494355646,464,832,1920
4,1562494355657,176,96,-80
4,1562494355658,576,352,800
6,1562494355659,-448,-576,-528
6,1562494355661,-544,-592,-624
2,1562494355689,176,1024,1232
2,1562494355696,416,-336,832
4,1562494355703,800,176,800
4,1562494355704,864,400,480
6,1562494355717,-464,-720,-544
6,1562494355719,-384,-560,-704
2,1562494355738,1264,-336,832
2,1562494355739,2048,-128,-32
4,1562494355750,1040,192,480
4,1562494355753,976,304,464
4,1562494355754,1088,160,544
6,1562494355756,-432,-544,-688
6,1562494355758,-416,-560,-720
6,1562494355759,-512,-496,-736
2,1562494355780,1200,0,336
2,1562494355781,864,-320,-320
2,1562494355782,880,-608,-288
4,1562494355788,1136,128,512
4,1562494355790,1424,208,416
6,1562494355804,-544,-560,-768
6,1562494355805,-464,-480,-960
2,1562494355825,1056,-704,-544
2,1562494355831,1104,-592,-624
4,1562494355832,1504,160,304
4,1562494355834,1568,160,336
6,1562494355842,-480,-512,-976
6,1562494355844,-528,-480,-1008
2,1562494355870,1136,-480,-800
2,1562494355871,1264,-448,-1120
4,1562494355879,1776,64,416
4,1562494355881,1920,-272,416
6,1562494355883,-656,-416,-1104
6,1562494355893,-816,-352,-1168
2,1562494355915,1360,-384,-1280
2,1562494355917,1376,128,-656
4,1562494355926,1920,-656,240
4,1562494355927,1504,-832,304
4,1562494355929,864,-288,-896
6,1562494355930,-720,-384,-1136
6,1562494355931,-672,-256,-784
6,1562494355932,-576,624,-1216
2,1562494355959,1296,256,240
2,1562494355964,1120,192,896
2,1562494355966,960,16,880
4,1562494355967,-896,-1344,-688
4,1562494355969,-624,-1744,-528
6,1562494355976,-1376,-832,-2048
6,1562494355978,-1744,2048,-448
2,1562494356004,1520,-256,736
2,1562494356005,1344,160,672
4,1562494356010,128,-1056,-720
4,1562494356013,288,-928,-224
6,1562494356022,-800,768,-992
6,1562494356023,-1360,352,-80
2,1562494356050,752,608,704
2,1562494356052,512,608,832
4,1562494356066,432,-464,16
4,1562494356069,864,16,240
6,1562494356073,-64,-96,-944
6,1562494356075,32,-656,-704
2,1562494356094,512,528,656
2,1562494356104,320,496,688
4,1562494356106,1424,480,208
4,1562494356109,1648,912,528
4,1562494356120,1968,1440,880
6,1562494356122,240,-864,-352
6,1562494356125,-32,-2016,-272
6,1562494356127,32,-2032,176
4,1562494356146,2048,2016,1152
4,1562494356147,2048,2048,1312
6,1562494356154,896,-2032,528
6,1562494356155,1328,-2032,992
2,1562494356188,352,304,528
2,1562494356189,672,-192,304
2,1562494356190,1248,-416,-272
2,1562494356190,1424,-544,-512
2,1562494356191,1120,-160,-912
4,1562494356202,1616,2048,1296
4,1562494356203,1072,1760,1200
6,1562494356206,1104,-2032,1504
6,1562494356208,832,-2000,1760
2,1562494356230,896,32,-864
2,1562494356231,480,320,-608
2,1562494356232,256,320,112
4,1562494356242,704,1360,1040
4,1562494356245,528,1072,672
2,1562494356275,784,-800,-80
4,1562494356292,816,1824,1328
4,1562494356294,1664,-1568,1088
4,1562494356297,1360,-1488,432
6,1562494356299,912,-1376,1456
6,1562494356303,-320,-1872,-480
6,1562494356306,176,-2032,-2048
6,1562494356308,-2032,-576,16
6,1562494356310,-1728,-448,-272
2,1562494356321,1328,-304,-304
2,1562494356323,1696,-768,592
2,1562494356325,2048,-2032,-320
4,1562494356335,2048,-496,-64
4,1562494356337,2048,-272,-848
6,1562494356346,144,128,-2048
6,1562494356347,-288,-32,-1840
2,1562494356365,2048,-608,-2048
2,1562494356366,864,288,176
4,1562494356374,1696,-384,48
4,1562494356376,736,160,688
6,1562494356380,-384,-400,-864
6,1562494356381,-560,-528,-624
2,1562494356409,432,1280,1952
2,1562494356411,816,832,992
2,1562494356412,1376,416,1040
4,1562494356424,960,464,592
4,1562494356426,720,400,672
6,1562494356428,-368,-720,-640
6,1562494356430,-448,-800,-464
2,1562494356456,1824,-352,688
2,1562494356457,1296,-304,16
4,1562494356467,832,352,544
4,1562494356468,1008,384,400
4,1562494356472,1024,368,384
6,1562494356480,-384,-688,-608
6,1562494356481,-368,-688,-704
6,1562494356482,-352,-656,-656
2,1562494356498,912,-384,192
2,1562494356500,944,-432,-304
4,1562494356510,1120,320,432
4,1562494356512,1312,240,304
6,1562494356514,-384,-624,-720
6,1562494356515,-432,-576,-832
2,1562494356544,1072,-528,-432
2,1562494356545,1152,-672,-960
4,1562494356552,1504,128,208
4,1562494356553,1824,-96,272
6,1562494356560,-480,-560,-896
6,1562494356562,-640,-448,-1040
6,1562494356563,-736,-288,-1152
2,1562494356590,1264,-720,-1536
2,1562494356592,1264,-464,-1456
2,1562494356598,1008,-192,-1040
4,1562494356602,2048,-496,256
4,1562494356606,2048,-816,32
6,1562494356617,-688,-672,-1232
2,1562494356637,960,-160,224
2,1562494356638,1168,-432,1056
4,1562494356648,2048,-752,-256
4,1562494356651,1152,-1024,-480
4,1562494356654,48,-176,352
6,1562494356656,-816,-560,-1168
6,1562494356658,-1024,144,-1008
6,1562494356661,-1584,-2032,-2048
2,1562494356681,1616,-992,1504
2,1562494356683,2048,-1568,944
4,1562494356691,800,-816,96
4,1562494356693,976,-816,32
6,1562494356699,-1920,832,-688
6,1562494356702,-816,-192,-928
2,1562494356725,2048,-544,1120
2,1562494356725,1216,-288,1168
4,1562494356732,752,-224,592
4,1562494356733,816,-192,752
6,1562494356740,-1184,-1024,-576
6,1562494356742,-1168,-944,-432
6,1562494356744,-1088,-1248,-432
4,1562494356778,992,-32,768
4,1562494356779,1088,-80,768
6,1562494356788,-1136,-1168,-208
6,1562494356790,-944,-1088,-208
2,1562494356817,1776,176,912
2,1562494356818,1984,736,752
2,1562494356820,1664,832,704
2,1562494356822,1248,720,592
2,1562494356824,896,768,592
4,1562494356832,1072,-96,720
4,1562494356834,1248,0,816
4,1562494356836,1344,112,944
6,1562494356838,-1008,-1296,-224
6,1562494356840,-976,-1440,-272
2,1562494356861,624,640,496
2,1562494356863,416,688,336
4,1562494356873,1408,192,1024
4,1562494356875,1440,240,1136
6,1562494356885,-1120,-1808,-272
6,1562494356887,-1280,-2032,-96
2,1562494356904,448,592,176
2,1562494356905,592,368,-16
4,1562494356913,1568,224,1184
4,1562494356914,1776,512,1360
6,1562494356925,-1216,-2032,112
6,1562494356927,-720,-2032,208
6,1562494356928,-224,-2032,416
2,1562494356948,704,128,-144
2,1562494356950,848,-96,-400
2,1562494356951,784,-176,-640
4,1562494356957,1664,896,1584
4,1562494356959,1424,1216,1872
6,1562494356964,-32,-2032,976
6,1562494356965,384,-2032,1472
2,1562494356994,512,320,-768
2,1562494356995,448,912,-304
4,1562494357005,880,1424,1872
4,1562494357006,400,1168,1536
4,1562494357007,112,864,1328
6,1562494357016,640,-1104,1536
6,1562494357021,608,-960,1520
2,1562494357041,304,880,432
2,1562494357044,1712,-2032,-1408
4,1562494357053,560,2048,2032
4,1562494357055,2048,-1136,2032
2,1562494357087,2048,1008,-1200
2,1562494357090,736,-32,1440
4,1562494357102,2048,128,-1280
4,1562494357105,-1152,496,704
4,1562494357108,1088,-144,160
6,1562494357110,592,-2032,1680
6,1562494357113,-2032,2048,-880
6,1562494357114,-208,-1296,-1248
6,1562494357116,-544,-688,-928
6,1562494357117,-480,-288,-416
2,1562494357130,192,336,1536
2,1562494357133,608,-640,336
2,1562494357136,1600,-592,624
4,1562494357146,1536,128,368
4,1562494357148,1104,96,352
6,1562494357151,-656,-560,-416
6,1562494357153,-480,-528,-736
2,1562494357174,1760,160,640
2,1562494357175,1312,336,688
4,1562494357181,1072,48,272
4,1562494357183,1008,32,272
6,1562494357189,-496,-560,-672
6,1562494357191,-496,-544,-672
2,1562494357220,1072,272,192
2,1562494357221,1088,208,128
4,1562494357226,1040,64,192
4,1562494357228,1024,16,224
6,1562494357241,-480,-544,-672
6,1562494357242,-480,-528,-672
2,1562494357263,1104,48,80
2,1562494357265,1024,-48,48
4,1562494357275,992,16,224
4,1562494357276,1024,64,128
4,1562494357278,1088,-96,176
6,1562494357279,-496,-528,-656
6,1562494357280,-464,-544,-672
6,1562494357281,-496,-528,-688
2,1562494357309,1024,-160,-160
2,1562494357314,992,-240,-320
2,1562494357316,976,-176,-384
4,1562494357318,1024,-160,224
4,1562494357319,992,-64,176
6,1562494357326,-512,-480,-656
6,1562494357327,-448,-544,-688
2,1562494357354,992,-128,-432
2,1562494357355,1040,-176,-512
4,1562494357362,1056,-80,128
4,1562494357367,1088,-80,112
6,1562494357377,-480,-544,-688
6,1562494357378,-464,-496,-736
2,1562494357399,1040,-304,-544
2,1562494357400,1120,-400,-608
4,1562494357409,1152,-128,128
4,1562494357410,1216,-176,128
6,1562494357415,-528,-480,-720
6,1562494357417,-576,-512,-752
2,1562494357446,1152,-256,-496
2,1562494357447,1072,-96,-496
4,1562494357452,1264,-128,96
4,1562494357453,1376,-64,16
4,1562494357455,1552,-128,64
6,1562494357465,-512,-448,-832
6,1562494357466,-496,-464,-880
6,1562494357469,-560,-368,-928
2,1562494357490,1168,-48,-688
2,1562494357492,1264,-176,-736
2,1562494357494,1520,-288,-592
6,1562494357508,-576,-240,-960
6,1562494357509,-976,-656,-656
2,1562494357537,1664,-256,336
2,1562494357538,1328,-352,1120
4,1562494357549,1744,-288,32
4,1562494357552,2048,-544,32
4,1562494357554,1696,-224,-96
4,1562494357556,1200,192,-112
6,1562494357558,-880,-1280,-960
6,1562494357561,-736,-1712,-704
2,1562494357579,1136,-448,1216
2,1562494357582,1168,-544,1072
4,1562494357590,992,176,-128
4,1562494357591,560,-48,48
6,1562494357597,-304,-1264,-1008
6,1562494357598,-592,-304,-288
2,1562494357625,1008,-320,1264
2,1562494357626,960,-32,1120
2,1562494357626,1072,256,912
4,1562494357630,320,32,128
4,1562494357631,432,-144,288
4,1562494357633,592,-112,208
6,1562494357639,-144,-848,-1232
6,1562494357640,-320,-608,-928
6,1562494357641,-176,-368,-752
2,1562494357671,1072,400,832
2,1562494357671,1040,400,720
4,1562494357678,672,0,240
4,1562494357679,832,-16,304
6,1562494357690,-464,-544,-640
6,1562494357691,-1008,-640,-336
2,1562494357714,960,400,624
2,1562494357716,880,336,624
4,1562494357728,896,-64,288
4,1562494357730,912,-144,416
6,1562494357733,-1072,-624,-176
6,1562494357737,-1008,-736,-144
2,1562494357759,832,256,608
2,1562494357760,800,272,528
4,1562494357769,960,-192,592
4,1562494357771,960,-240,656
6,1562494357773,-1072,-816,-96
6,1562494357781,-960,-736,-48
2,1562494357806,784,368,480
2,1562494357808,736,480,448
4,1562494357816,880,-176,704
4,1562494357819,896,-160,784
4,1562494357821,960,-128,864
6,1562494357829,-880,-784,-64
6,1562494357830,-1088,-928,16
6,1562494357831,-1200,-1120,32
2,1562494357850,864,592,272
2,1562494357852,896,640,192
2,1562494357853,1008,480,64
4,1562494357863,1072,-96,848
4,1562494357865,1152,-32,896
6,1562494357866,-1008,-1008,96
6,1562494357868,-912,-1040,64
2,1562494357894,1056,480,-96
2,1562494357895,1072,640,-304
4,1562494357904,992,-64,1152
4,1562494357905,864,-32,1264
6,1562494357912,-944,-1296,64
6,1562494357915,-720,-1168,96
6,1562494357917,-544,-896,-16
2,1562494357938,1024,768,-512
2,1562494357939,896,704,-352
4,1562494357946,720,-48,1216
4,1562494357947,688,-32,1040
6,1562494357955,-656,-832,-112
6,1562494357956,-688,-560,-256
2,1562494357990,896,512,-176
2,1562494357992,928,240,32
4,1562494357994,784,-80,736
4,1562494357996,832,-128,640
4,1562494358000,816,-256,560
6,1562494358017,-752,-496,-384
6,1562494358019,-352,-448,-496
2,1562494358029,1040,160,224
2,1562494358031,1072,112,416
2,1562494358033,992,224,208
4,1562494358043,1008,576,640
4,1562494358046,1200,1440,1280
6,1562494358049,-176,-1600,-608
6,1562494358052,-208,-2032,272
2,1562494358074,928,368,144
2,1562494358082,944,720,640
4,1562494358083,976,672,432
4,1562494358085,656,96,176
6,1562494358093,-400,-784,-496
6,1562494358095,-400,-656,-592
6,1562494358097,-432,-672,-720
2,1562494358120,1088,544,384
2,1562494358122,1056,336,544
2,1562494358123,1184,-608,656
4,1562494358132,960,128,176
4,1562494358134,1008,128,240
6,1562494358142,-480,-608,-720
6,1562494358143,-720,-256,-1056
2,1562494358164,1920,-976,-480
2,1562494358167,1376,-144,-1120
6,1562494358179,-656,-368,-736
6,1562494358181,-352,-512,-832
2,1562494358208,704,-224,96
2,1562494358210,784,80,64
2,1562494358256,976,32,240
2,1562494358257,1088,48,192
4,1562494358262,1632,-352,176
4,1562494358267,1488,-496,304
4,1562494358272,1088,64,48
4,1562494358274,896,-96,240
4,1562494358275,992,-96,320
4,1562494358277,992,-96,336
6,1562494358286,-464,-496,-704
6,1562494358288,-496,-512,-672
6,1562494358290,-480,-544,-704
6,1562494358293,-464,-512,-720
6,1562494358294,-464,-496,-704
2,1562494358304,1088,16,64
2,1562494358307,960,-32,-48
2,1562494358309,960,-112,-96
4,1562494358317,1008,-192,224
4,1562494358320,960,-176,240
6,1562494358323,-464,-512,-704
6,1562494358325,-464,-496,-688
2,1562494358344,992,-192,-64
2,1562494358345,1008,-256,-48
4,1562494358353,960,-192,240
4,1562494358355,960,-208,272
4,1562494358356,944,-224,288
6,1562494358363,-480,-496,-688
6,1562494358365,-480,-480,-688
2,1562494358389,1024,-224,-32
2,1562494358390,1024,-160,-32
4,1562494358396,960,-224,272
4,1562494358397,960,-208,288
6,1562494358405,-464,-496,-704
6,1562494358406,-464,-528,-736
2,1562494358438,1024,-192,-48
2,1562494358439,1056,-256,-48
4,1562494358450,944,-240,288
4,1562494358453,944,-256,304
6,1562494358455,-480,-496,-688
6,1562494358466,-464,-496,-704
6,1562494358467,-464,-496,-688
2,1562494358479,1056,-240,32
2,1562494358481,1072,-176,48
2,1562494358482,1024,-96,160
6,1562494358496,-464,-512,-704
6,1562494358498,-464,-528,-704
2,1562494358523,1024,-32,176
2,1562494358524,992,-32,224
4,1562494358531,960,-256,304
4,1562494358533,960,-224,320
4,1562494358535,976,-224,320
4,1562494358537,944,-208,320
4,1562494358542,944,-208,320
6,1562494358543,-464,-512,-704
6,1562494358545,-480,-512,-704
2,1562494358570,992,-48,240
2,1562494358575,1008,-16,240
4,1562494358576,960,-224,320
4,1562494358577,960,-208,320
6,1562494358583,-480,-512,-688
6,1562494358593,-464,-512,-704
2,1562494358614,1024,0,192
2,1562494358615,1024,-32,192
4,1562494358623,960,-192,304
4,1562494358625,960,-224,320
4,1562494358627,960,-240,304
6,1562494358629,-464,-512,-704
6,1562494358631,-480,-528,-704
6,1562494358632,-464,-512,-704
2,1562494358659,1040,-48,192
2,1562494358660,1040,-48,176
2,1562494358661,1024,-16,144
4,1562494358666,944,-240,304
4,1562494358667,960,-240,304
6,1562494358674,-464,-512,-704
6,1562494358675,-480,-496,-704
2,1562494358703,1024,16,128
2,1562494358705,1024,0,112
4,1562494358711,944,-256,304
4,1562494358713,944,-272,304
6,1562494358725,-464,-528,-688
6,1562494358726,-480,-496,-704
2,1562494358751,1024,-16,112
2,1562494358761,1008,-64,144
4,1562494358763,944,-288,304
4,1562494358765,944,-304,288
6,1562494358768,-464,-496,-720
6,1562494358771,-464,-512,-704
2,1562494358796,1024,-112,144
2,1562494358799,1056,-176,96
4,1562494358811,960,-320,320
4,1562494358813,944,-336,320
4,1562494358815,912,-352,320
6,1562494358818,-464,-528,-720
6,1562494358821,-480,-528,-704
6,1562494358823,-480,-496,-688
2,1562494358838,1056,-208,-16
2,1562494358839,1056,-304,-128
2,1562494358840,1152,-400,-400
4,1562494358846,896,-384,352
4,1562494358847,928,-416,304
6,1562494358856,-480,-544,-704
6,1562494358858,-480,-592,-736
2,1562494358886,1232,-288,-640
2,1562494358887,1136,-160,-560
4,1562494358893,992,-352,192
4,1562494358895,992,-336,192
6,1562494358899,-448,-592,-768
6,1562494358901,-416,-576,-800
2,1562494358929,1072,-160,-368
2,1562494358930,1072,-144,-176
4,1562494358937,1040,-272,240
6,1562494358946,-496,-624,-768
6,1562494358948,-560,-640,-640
2,1562494358973,1120,-192,-112
2,1562494358974,1104,-320,16
4,1562494358981,1072,-272,304
4,1562494358983,1152,-304,304
4,1562494358984,1104,-208,288
4,1562494358986,1072,256,0
6,1562494358991,-672,-752,-624
6,1562494358993,-528,-720,-624
6,1562494358994,-432,-960,-576
2,1562494359020,1024,-384,64
2,1562494359020,896,-432,-64
2,1562494359021,848,-288,-112
4,1562494359028,1248,352,-144
4,1562494359030,1232,432,-112
6,1562494359038,432,-864,-816
6,1562494359039,688,-736,-1040
2,1562494359065,816,-176,-16
2,1562494359067,832,-128,112
4,1562494359077,1232,400,-80
4,1562494359078,1264,336,-176
6,1562494359080,96,-832,-896
6,1562494359081,-32,-800,-928
6,1562494359083,-80,-656,-864
2,1562494359109,864,-32,112
2,1562494359110,880,80,144
4,1562494359119,1264,240,-176
4,1562494359120,1168,128,-112
6,1562494359124,-80,-576,-832
6,1562494359126,-96,-608,-880
2,1562494359154,880,112,192
2,1562494359161,864,160,192
4,1562494359164,1120,96,-48
4,1562494359167,1104,96,-16
4,1562494359170,1056,48,32
6,1562494359180,-176,-640,-912
6,1562494359183,-208,-544,-848
2,1562494359202,864,192,192
2,1562494359203,928,256,192
2,1562494359205,960,320,192
4,1562494359212,960,-32,64
4,1562494359214,912,-32,176
6,1562494359217,-224,-480,-752
6,1562494359220,-288,-496,-752
2,1562494359245,960,304,192
2,1562494359246,1008,320,160
4,1562494359251,928,0,192
4,1562494359252,864,-112,256
6,1562494359260,-336,-528,-784
6,1562494359261,-432,-432,-704
6,1562494359263,-464,-352,-672
2,1562494359288,1072,368,160
2,1562494359295,1088,352,160
4,1562494359297,816,-176,256
4,1562494359299,784,-240,240
6,1562494359309,-576,-256,-656
6,1562494359312,-848,-48,-480
2,1562494359335,1088,400,128
2,1562494359336,1072,592,208
4,1562494359342,672,-464,256
4,1562494359345,592,-608,144
4,1562494359348,768,-448,160
6,1562494359353,-784,304,-272
6,1562494359362,-336,96,-1344
2,1562494359379,1104,624,192
2,1562494359380,1200,496,-32
2,1562494359381,1296,432,-176
4,1562494359388,912,-960,368
4,1562494359390,1520,288,1072
6,1562494359393,-2032,-608,-1184
6,1562494359395,-1056,-1312,-96
2,1562494359425,1312,208,-384
2,1562494359426,1088,464,528
4,1562494359431,1232,-320,400
4,1562494359433,1360,256,-160
6,1562494359441,-848,-272,-800
6,1562494359443,-304,-720,-960
6,1562494359445,-688,-416,-720
2,1562494359471,1136,-16,800
2,1562494359477,1024,-160,-96
4,1562494359480,1168,-512,256
4,1562494359481,1152,-352,272
6,1562494359492,-640,-304,-784
6,1562494359493,-320,-544,-864
2,1562494359515,976,-112,-224
2,1562494359516,1168,-112,-448
4,1562494359526,1360,-16,-96
4,1562494359529,1280,0,32
4,1562494359532,992,-112,160
6,1562494359535,-400,-560,-816
6,1562494359538,-464,-528,-704
2,1562494359560,1088,-240,-208
2,1562494359561,1104,-528,-288
2,1562494359563,1216,-496,-416
4,1562494359571,784,-384,224
4,1562494359573,896,-400,240
6,1562494359582,-560,-464,-624
6,1562494359583,-512,-464,-656
2,1562494359606,1152,-272,-96
2,1562494359607,1088,-208,64
4,1562494359611,960,-400,288
4,1562494359612,960,-304,288
6,1562494359625,-544,-480,-640
6,1562494359626,-528,-512,-656
6,1562494359627,-496,-512,-672
2,1562494359649,1040,-176,144
2,1562494359659,1056,-96,208
4,1562494359662,944,-256,256
4,1562494359665,960,-208,256
4,1562494359667,976,-256,288
6,1562494359670,-480,-528,-688
6,1562494359673,-496,-528,-672
2,1562494359694,1056,-16,272
2,1562494359696,1024,-16,304
4,1562494359703,960,-240,304
4,1562494359705,960,-192,272
6,1562494359714,-480,-528,-672
6,1562494359717,-480,-528,-672
2,1562494359739,976,32,304
2,1562494359741,944,64,336
2,1562494359750,960,96,320
4,1562494359752,960,-192,272
4,1562494359754,976,-208,256
6,1562494359765,-480,-528,-688
6,1562494359767,-480,-528,-672
2,1562494359787,976,80,304
2,1562494359788,992,64,272
4,1562494359796,976,-224,272
4,1562494359797,960,-224,256
6,1562494359798,-480,-528,-688
6,1562494359799,-480,-528,-688
6,1562494359803,-480,-528,-672
2,1562494359829,1008,48,208
2,1562494359830,1040,16,144
2,1562494359831,1040,0,144
4,1562494359837,960,-224,256
4,1562494359839,944,-256,272
6,1562494359852,-480,-512,-672
6,1562494359853,-464,-528,-688
2,1562494359874,1040,-16,176
4,1562494359884,944,-256,272
4,1562494359893,960,-256,272
4,1562494359895,960,-272,288
6,1562494359897,-464,-528,-688
6,1562494359898,-480,-528,-688
2,1562494359920,1040,-48,208
2,1562494359922,1024,-48,240
2,1562494359922,1008,-16,272
4,1562494359928,944,-240,288
4,1562494359931,960,-240,288
6,1562494359940,-464,-528,-688
6,1562494359941,-480,-528,-688
2,1562494359964,1008,0,272
2,1562494359965,1008,16,288
4,1562494359972,960,-224,288
4,1562494359973,960,-240,304
6,1562494359978,-464,-544,-688
6,1562494359980,-496,-528,-688
6,1562494359981,-464,-528,-688
2,1562494360009,992,64,304
2,1562494360010,992,80,320
2,1562494360013,992,80,288
4,1562494360030,976,-224,288
4,1562494360032,960,-208,304
6,1562494360033,-480,-528,-688
6,1562494360036,-496,-528,-688
2,1562494360056,992,80,272
2,1562494360058,992,64,272
4,1562494360069,960,-224,288
4,1562494360071,960,-224,272
4,1562494360073,976,-224,288
6,1562494360074,-464,-528,-688
6,1562494360076,-480,-512,-688
2,1562494360100,1008,48,272
2,1562494360109,1008,64,272
4,1562494360110,960,-224,288
4,1562494360112,960,-224,272
6,1562494360114,-480,-512,-688
6,1562494360114,-480,-512,-688
2,1562494360144,1008,80,272
2,1562494360146,1008,32,272
4,1562494360157,960,-224,288
4,1562494360158,960,-240,272
4,1562494360159,960,-240,272
6,1562494360161,-480,-512,-688
6,1562494360163,-480,-528,-688
6,1562494360164,-480,-512,-688
2,1562494360187,1008,32,256
2,1562494360189,1008,32,256
2,1562494360190,1024,32,240
4,1562494360195,960,-240,256
4,1562494360196,960,-240,256
6,1562494360204,-480,-528,-688
6,1562494360205,-480,-512,-688
2,1562494360235,1008,32,240
2,1562494360236,1008,48,224
4,1562494360240,960,-240,256
4,1562494360241,960,-240,256
6,1562494360247,-480,-528,-672
6,1562494360248,-480,-512,-688
6,1562494360249,-480,-528,-688
2,1562494360279,1008,64,240
2,1562494360280,1008,48,256
4,1562494360291,976,-240,256
4,1562494360293,976,-240,256
6,1562494360295,-480,-512,-688
6,1562494360297,-480,-512,-688
2,1562494360323,992,32,256
2,1562494360325,1008,48,256
4,1562494360331,960,-240,256
4,1562494360332,976,-240,256
4,1562494360334,976,-240,240
6,1562494360343,-480,-528,-688
6,1562494360345,-480,-512,-688
2,1562494360370,1008,48,256
2,1562494360373,1008,32,256
2,1562494360375,1008,16,256
4,1562494360377,976,-240,240
4,1562494360379,976,-240,240
6,1562494360395,-480,-512,-688
6,1562494360396,-480,-512,-704
2,1562494360414,1024,16,240
2,1562494360416,1008,16,240
4,1562494360424,976,-256,224
4,1562494360427,992,-256,208
6,1562494360430,-480,-512,-688
6,1562494360441,-480,-512,-688
6,1562494360442,-480,-528,-704
2,1562494360459,1040,-48,208
2,1562494360460,1056,-64,176
4,1562494360472,992,-272,224
4,1562494360473,976,-272,208
6,1562494360475,-480,-512,-688
6,1562494360477,-480,-512,-704
2,1562494360503,1040,-32,112
2,1562494360508,1040,48,64
4,1562494360511,960,-256,176
4,1562494360512,976,-240,144
4,1562494360513,976,-256,112
6,1562494360521,-480,-512,-704
6,1562494360522,-464,-512,-704
2,1562494360552,1024,112,32
2,1562494360553,1008,144,0
2,1562494360555,1008,160,0
4,1562494360564,976,-256,96
4,1562494360566,976,-240,64
6,1562494360570,-464,-496,-672
6,1562494360572,-464,-512,-704
2,1562494360594,1024,160,-32
2,1562494360596,1040,208,-80
4,1562494360606,992,-256,64
4,1562494360608,976,-240,32
6,1562494360619,-480,-512,-704
6,1562494360621,-480,-512,-688
6,1562494360622,-464,-512,-704
2,1562494360639,1040,256,-112
2,1562494360640,1040,240,-160
4,1562494360648,976,-256,16
4,1562494360651,992,-256,48
6,1562494360659,-480,-496,-688
6,1562494360661,-480,-512,-704
2,1562494360685,1072,160,-192
2,1562494360686,1088,80,-192
4,1562494360693,1008,-272,16
4,1562494360694,1024,-272,32
4,1562494360695,1072,-256,32
6,1562494360705,-480,-528,-720
6,1562494360706,-496,-512,-720
2,1562494360729,1088,64,-160
2,1562494360730,1088,112,-96
2,1562494360732,1136,176,0
4,1562494360741,1088,-288,80
4,1562494360744,1152,-256,80
6,1562494360746,-624,-496,-704
6,1562494360747,-560,-592,-704
6,1562494360749,-464,-752,-736
2,1562494360774,1152,208,0
2,1562494360775,1104,208,-48
4,1562494360782,1104,-144,240
4,1562494360785,976,-32,192
6,1562494360794,-608,-848,-592
6,1562494360795,-656,-800,-496
2,1562494360837,1040,192,16
2,1562494360838,976,176,32
4,1562494360840,1024,-64,192
4,1562494360842,1056,32,208
6,1562494360843,-320,-864,-608
6,1562494360845,-464,-832,-480
2,1562494360869,896,144,-48
2,1562494360870,864,96,-48
4,1562494360885,960,-16,224
4,1562494360887,896,0,80
4,1562494360888,912,16,48
6,1562494360889,-224,-624,-544
6,1562494360891,-144,-592,-576
2,1562494360921,896,48,-128
2,1562494360924,928,32,-192
2,1562494360925,928,80,-240
4,1562494360927,944,0,32
4,1562494360928,976,16,32
6,1562494360941,-208,-576,-576
6,1562494360942,-208,-608,-608
2,1562494360969,912,128,-256
2,1562494360971,944,96,-208
4,1562494360972,976,0,32
4,1562494360974,1008,-16,0
6,1562494360986,-224,-592,-624
6,1562494360987,-256,-560,-656
6,1562494360988,-320,-496,-688
2,1562494361001,976,64,-176
2,1562494361003,992,80,-160
6,1562494361019,-336,-512,-752
6,1562494361021,-368,-560,-800
2,1562494361053,992,112,-112
2,1562494361055,1008,112,-96
4,1562494361056,1040,-64,-32
4,1562494361057,1040,-64,-32
4,1562494361058,1056,-64,0
4,1562494361074,1072,-80,-32
4,1562494361075,1072,-96,-48
6,1562494361077,-400,-544,-816
6,1562494361078,-352,-448,-784
2,1562494361094,1024,144,-96
2,1562494361096,1024,160,-96
2,1562494361097,1024,176,-128
4,1562494361100,1072,-96,-32
4,1562494361103,1056,-80,-16
6,1562494361113,-352,-432,-800
6,1562494361116,-384,-496,-832
2,1562494361136,1040,144,-160
2,1562494361139,1024,144,-160
4,1562494361147,1056,-80,-32
4,1562494361148,1056,-96,-32
6,1562494361150,-400,-480,-832
6,1562494361151,-368,-432,-816
6,1562494361157,-352,-416,-816
2,1562494361179,1024,128,-160
2,1562494361181,1024,128,-160
4,1562494361189,1056,-96,-16
4,1562494361191,1056,-112,-16
6,1562494361194,-368,-400,-800
6,1562494361195,-368,-400,-800
2,1562494361224,1056,128,-160
2,1562494361225,1056,144,-160
4,1562494361230,1040,-112,-16
4,1562494361239,1024,-112,0
4,1562494361240,1024,-112,0
6,1562494361242,-400,-416,-816
6,1562494361243,-416,-448,-832
2,1562494361268,1040,176,-192
2,1562494361270,1024,176,-144
2,1562494361274,1024,160,-144
4,1562494361276,1024,-128,0
4,1562494361277,1040,-128,0
6,1562494361288,-400,-400,-816
6,1562494361289,-432,-432,-832
2,1562494361314,1040,128,-144
2,1562494361317,1040,160,-144
4,1562494361330,1040,-128,-16
4,1562494361334,1024,-112,0
6,1562494361337,-400,-400,-832
6,1562494361340,-400,-400,-816
6,1562494361344,-416,-416,-832
2,1562494361358,1040,160,-144
2,1562494361359,1040,176,-160
4,1562494361369,1024,-112,0
4,1562494361370,1024,-112,0
6,1562494361378,-416,-416,-832
6,1562494361379,-400,-400,-816
2,1562494361404,1024,160,-144
2,1562494361405,1040,144,-128
4,1562494361411,1024,-112,-16
4,1562494361414,1024,-128,-16
4,1562494361416,1024,-112,0
6,1562494361426,-432,-400,-832
6,1562494361427,-416,-416,-816
6,1562494361430,-432,-416,-800
2,1562494361448,1040,128,-112
2,1562494361454,1040,144,-128
2,1562494361456,1040,144,-144
4,1562494361458,1024,-112,-16
4,1562494361460,1024,-96,-16
6,1562494361464,-416,-432,-800
6,1562494361465,-432,-432,-800
2,1562494361495,1024,112,-112
2,1562494361496,1024,96,-128
4,1562494361502,1024,-112,-16
4,1562494361502,1040,-112,-16
6,1562494361513,-416,-432,-800
6,1562494361514,-400,-432,-800
2,1562494361539,1024,96,-112
2,1562494361542,1008,80,-112
4,1562494361550,1040,-96,0
4,1562494361552,1024,-96,0
6,1562494361562,-416,-448,-784
6,1562494361563,-416,-480,-784
2,1562494361586,1024,96,-128
2,1562494361587,992,112,-112
2,1562494361588,992,112,-112
4,1562494361593,1008,-80,16
4,1562494361594,1008,-80,32
4,1562494361595,1008,-80,32
6,1562494361599,-400,-448,-752
6,1562494361602,-416,-464,-736
6,1562494361611,-432,-496,-704
2,1562494361629,992,112,-96
2,1562494361630,976,112,-96
4,1562494361640,976,-80,64
4,1562494361643,976,-80,64
6,1562494361645,-448,-480,-688
6,1562494361648,-448,-480,-672
2,1562494361674,960,112,-96
2,1562494361676,960,112,-96
4,1562494361683,976,-80,80
4,1562494361685,960,-64,112
4,1562494361688,960,-64,128
6,1562494361696,-464,-528,-672
6,1562494361698,-448,-528,-640
2,1562494361720,976,96,-96
2,1562494361722,992,96,-96
2,1562494361731,992,96,-112
4,1562494361734,960,-64,160
4,1562494361735,960,-48,192
6,1562494361745,-432,-528,-608
6,1562494361745,-416,-544,-608
2,1562494361763,992,96,-112
2,1562494361764,992,96,-112
4,1562494361774,944,-48,240
4,1562494361776,928,-48,256
6,1562494361779,-416,-560,-592
6,1562494361782,-432,-560,-560
6,1562494361785,-432,-544,-512
2,1562494361808,976,64,-96
2,1562494361810,928,96,-96
4,1562494361820,912,-80,288
4,1562494361823,1008,-64,80
6,1562494361834,-256,-352,-528
6,1562494361837,-144,-640,-32
2,1562494361854,960,96,-64
2,1562494361863,1088,64,-320
4,1562494361866,1088,432,64
4,1562494361869,1552,736,-48
4,1562494361870,912,-752,448
6,1562494361879,240,-1856,-2048
6,1562494361881,-1440,-208,-112
2,1562494361902,1248,560,-240
2,1562494361903,1312,320,0
2,1562494361904,1072,-32,-48
4,1562494361910,1280,80,-16
4,1562494361912,992,-192,160
6,1562494361915,-288,-800,-1056
6,1562494361918,-480,-400,-736
2,1562494361945,896,-176,96
2,1562494361946,944,-64,128
4,1562494361953,960,-96,176
4,1562494361954,976,-96,160
6,1562494361966,-560,-608,-592
6,1562494361968,-432,-512,-736
6,1562494361970,-464,-560,-688
2,1562494361989,1040,96,48
2,1562494361992,1072,176,0
4,1562494362001,1024,-80,144
4,1562494362003,1024,-96,128
6,1562494362011,-448,-528,-704
6,1562494362013,-448,-528,-704
2,1562494362034,1040,112,16
2,1562494362038,1024,32,48
4,1562494362049,1008,-128,144
4,1562494362051,992,-112,160
4,1562494362053,1008,-128,192
6,1562494362060,-448,-528,-704
6,1562494362061,-464,-528,-688
2,1562494362080,1024,-16,80
2,1562494362081,1024,0,96
2,1562494362084,1040,32,64
4,1562494362094,1024,-144,192
4,1562494362095,1008,-144,192
6,1562494362096,-464,-512,-704
6,1562494362097,-464,-512,-704
2,1562494362125,1024,32,48
2,1562494362127,1024,16,16
4,1562494362132,992,-144,192
4,1562494362133,992,-160,208
6,1562494362141,-464,-512,-720
6,1562494362143,-464,-512,-704
6,1562494362145,-464,-512,-704
2,1562494362171,1040,-48,16
2,1562494362172,1056,-96,-16
4,1562494362179,992,-176,224
4,1562494362180,976,-176,240
6,1562494362188,-480,-512,-720
6,1562494362190,-480,-512,-704
2,1562494362214,1072,-176,32
2,1562494362218,1040,-112,128
4,1562494362229,976,-208,256
4,1562494362230,976,-176,272
4,1562494362234,992,-160,256
6,1562494362237,-480,-512,-688
6,1562494362239,-480,-512,-704
2,1562494362259,1024,-64,160
2,1562494362260,1024,-16,176
2,1562494362262,1040,-16,192
4,1562494362270,992,-144,256
4,1562494362272,976,-160,272
6,1562494362282,-464,-512,-704
6,1562494362285,-464,-528,-688
2,1562494362305,1024,48,240
2,1562494362307,992,128,240
4,1562494362319,976,-144,256
4,1562494362321,992,-112,256
6,1562494362322,-464,-512,-688
6,1562494362329,-464,-512,-704
6,1562494362331,-448,-512,-704
2,1562494362350,1008,80,256
2,1562494362351,1008,-16,240
4,1562494362357,1008,-144,272
4,1562494362358,976,-144,304
6,1562494362364,-464,-512,-704
6,1562494362365,-480,-528,-704
2,1562494362394,1024,-16,176
2,1562494362395,1024,-16,160
6,1562494362409,-464,-512,-688
6,1562494362411,-480,-512,-688
2,1562494362438,1024,-32,128
4,1562494362450,976,-144,272
4,1562494362453,960,-176,288
4,1562494362455,976,-176,272
6,1562494362465,-464,-512,-704
6,1562494362467,-464,-512,-688
2,1562494362486,1056,-80,112
2,1562494362488,1040,-112,128
2,1562494362490,1024,-96,112
2,1562494362491,1040,-80,80
4,1562494362501,960,-208,304
4,1562494362503,960,-192,288
4,1562494362505,960,-192,304
4,1562494362506,960,-208,304
6,1562494362514,-480,-512,-704
6,1562494362515,-480,-512,-704
6,1562494362516,-480,-512,-688
2,1562494362529,1056,-96,64
2,1562494362531,1040,-96,96
4,1562494362540,944,-224,288
4,1562494362541,944,-224,304
6,1562494362544,-480,-496,-688
6,1562494362544,-464,-496,-688
2,1562494362574,1040,-64,96
2,1562494362577,1040,-48,128
4,1562494362588,976,-208,288
4,1562494362589,960,-192,288
4,1562494362590,960,-192,288
6,1562494362591,-464,-512,-688
6,1562494362598,-480,-512,-688
6,1562494362601,-464,-512,-688
2,1562494362618,1024,-32,160
2,1562494362620,1040,-32,192
2,1562494362628,1008,16,224
4,1562494362629,960,-192,288
4,1562494362631,976,-176,304
6,1562494362640,-464,-512,-688
6,1562494362641,-464,-512,-704
2,1562494362665,1008,32,208
2,1562494362666,1024,16,192
4,1562494362672,976,-160,304
4,1562494362673,960,-176,304
6,1562494362679,-464,-512,-704
6,1562494362680,-464,-512,-704
2,1562494362708,1024,0,192
2,1562494362710,1008,-16,192
4,1562494362718,960,-192,304
4,1562494362719,960,-192,304
6,1562494362730,-464,-512,-688
6,1562494362733,-464,-496,-704
2,1562494362754,1024,-32,144
2,1562494362756,1056,-64,96
4,1562494362765,960,-176,304
4,1562494362768,960,-192,304
4,1562494362770,944,-208,304
6,1562494362778,-480,-496,-704
6,1562494362781,-480,-496,-688
6,1562494362783,-480,-512,-704
2,1562494362801,1056,-80,80
2,1562494362802,1072,-128,48
2,1562494362803,1168,-256,0
4,1562494362809,960,-208,304
4,1562494362810,960,-208,304
6,1562494362812,-480,-512,-688
6,1562494362815,-480,-512,-688
2,1562494362844,960,-96,-16
2,1562494362845,1008,16,48
4,1562494362852,960,-192,304
4,1562494362855,976,-160,288
6,1562494362863,-464,-512,-688
6,1562494362865,-464,-512,-704
2,1562494362889,1040,-16,32
2,1562494362890,1008,0,112
4,1562494362895,976,-192,288
4,1562494362898,960,-160,320
6,1562494362909,-496,-496,-688
6,1562494362910,-464,-512,-688
2,1562494362936,992,64,96
2,1562494362940,1008,80,128
4,1562494362950,960,-96,288
4,1562494362952,976,-80,304
4,1562494362955,976,-96,320
6,1562494362958,-448,-528,-720
6,1562494362959,-464,-528,-704
6,1562494362960,-464,-528,-688
2,1562494362979,1008,32,128
2,1562494362979,1008,-96,96
2,1562494362981,992,-160,48
4,1562494362989,976,-96,336
4,1562494362991,976,-96,336
6,1562494363001,-464,-528,-704
6,1562494363003,-480,-528,-672
2,1562494363023,976,-144,0
2,1562494363025,992,64,-16
4,1562494363031,928,-80,368
4,1562494363032,976,-64,304
6,1562494363040,-464,-496,-688
6,1562494363041,-432,-544,-704
2,1562494363068,1024,224,160
2,1562494363070,976,-48,240
4,1562494363078,960,32,352
4,1562494363080,960,0,384
6,1562494363089,-464,-544,-688
