3,1563793514218,176,272,-16
3,1563793514222,352,448,-32
5,1563793514227,224,160,-448
5,1563793514231,224,48,-528
1,1563793514237,-448,592,-256
3,1563793514255,512,672,-64
3,1563793514259,640,816,-160
5,1563793514262,144,-64,-656
5,1563793514266,-96,-480,-880
1,1563793514277,-448,560,-144
1,1563793514281,-368,640,-16
1,1563793514288,-352,560,32
3,1563793514293,528,864,-160
3,1563793514298,400,976,-224
5,1563793514302,-240,-640,-800
5,1563793514306,-368,-768,-688
1,1563793514318,-368,480,-48
1,1563793514322,-272,400,-32
3,1563793514333,608,1104,-448
3,1563793514336,1168,1072,-592
5,1563793514341,-272,-1264,-704
5,1563793514344,-240,-1984,-704
1,1563793514357,-192,336,112
3,1563793514374,1680,944,-656
3,1563793514378,1472,944,-560
5,1563793514382,-256,-2032,-480
5,1563793514386,-384,-2032,-160
1,1563793514397,256,496,128
1,1563793514404,432,672,0
1,1563793514407,176,800,-64
3,1563793514414,1008,960,-528
3,1563793514421,848,928,-528
5,1563793514425,-400,-2032,64
5,1563793514428,-192,-1840,208
1,1563793514438,416,960,-64
1,1563793514442,720,1104,-32
3,1563793514458,848,928,-464
3,1563793514462,752,928,-464
5,1563793514466,-336,-1408,400
5,1563793514470,-336,-1424,320
1,1563793514478,672,1024,96
1,1563793514482,560,976,176
3,1563793514493,688,912,-384
3,1563793514496,976,848,-272
5,1563793514499,-192,-1488,128
5,1563793514503,48,-2032,-1488
1,1563793514519,560,976,272
1,1563793514523,448,976,192
3,1563793514534,128,944,-256
3,1563793514538,-320,1808,496
5,1563793514542,-64,80,-1808
5,1563793514546,-432,-1392,-1952
1,1563793514557,1632,1264,576
1,1563793514560,1120,1040,352
3,1563793514573,-16,2000,880
3,1563793514577,384,1456,560
5,1563793514582,-80,800,-1312
5,1563793514587,544,-560,-1248
1,1563793514599,160,1328,-288
1,1563793514604,704,1744,48
3,1563793514613,-96,1632,-288
3,1563793514617,160,2048,-144
5,1563793514623,-432,128,-1648
5,1563793514627,-416,-16,-1248
5,1563793514631,32,-352,-1056
1,1563793514643,592,1712,304
1,1563793514651,-496,1296,-592
3,1563793514656,752,1328,-160
3,1563793514661,672,544,-96
5,1563793514665,64,-432,-832
1,1563793514677,-848,1200,-1088
1,1563793514681,-480,1440,-848
3,1563793514695,864,592,-224
3,1563793514701,672,1088,-288
5,1563793514707,32,-448,-944
5,1563793514713,-144,-384,-1008
5,1563793514718,-208,-352,-960
1,1563793514729,-176,1568,-320
1,1563793514733,-240,1360,-176
3,1563793514739,592,1088,-336
3,1563793514743,464,928,-240
5,1563793514746,-192,-336,-960
5,1563793514750,-128,-336,-928
1,1563793514758,-144,1136,-176
1,1563793514762,128,960,-112
3,1563793514774,448,896,-128
3,1563793514778,416,864,-48
5,1563793514782,-112,-320,-928
5,1563793514785,-96,-304,-944
1,1563793514797,352,848,16
1,1563793514800,432,768,112
3,1563793514814,352,864,-32
3,1563793514818,336,832,-32
5,1563793514822,-112,-304,-912
5,1563793514826,-80,-272,-912
1,1563793514838,528,672,144
1,1563793514843,688,608,160
3,1563793514854,256,848,64
3,1563793514860,272,864,96
5,1563793514865,-32,-240,-928
5,1563793514869,-80,-224,-944
1,1563793514878,768,608,240
1,1563793514882,544,576,176
3,1563793514895,288,880,-16
3,1563793514900,352,816,-128
3,1563793514903,384,864,-192
5,1563793514906,-128,-240,-928
5,1563793514910,-128,-288,-1008
1,1563793514918,400,592,144
1,1563793514922,416,592,112
3,1563793514934,448,880,-128
3,1563793514939,672,624,-256
5,1563793514943,-48,-256,-992
5,1563793514946,32,-336,-880
1,1563793514959,112,608,-80
1,1563793514964,-240,752,-352
3,1563793514976,656,640,-384
3,1563793514981,720,1200,-304
5,1563793514985,-144,-416,-928
5,1563793514990,-80,-208,-1200
1,1563793514998,80,896,-208
1,1563793515002,704,928,112
1,1563793515005,848,960,288
3,1563793515015,640,1552,-416
3,1563793515020,736,1776,-496
5,1563793515024,-208,-80,-1456
5,1563793515029,-272,-48,-1696
1,1563793515038,976,1184,336
1,1563793515042,1056,1488,256
3,1563793515054,688,2048,-352
3,1563793515057,624,2048,-128
5,1563793515108,-208,144,-2048
5,1563793515112,-128,160,-2000
1,1563793515120,640,2048,64
3,1563793515124,896,1600,-144
3,1563793515129,864,640,-128
1,1563793515132,-208,2000,-384
1,1563793515136,-592,1712,-912
5,1563793515139,448,-288,-976
5,1563793515143,272,-880,-1408
1,1563793515146,-624,1600,-752
3,1563793515150,496,-208,-32
3,1563793515153,-176,-352,320
5,1563793515157,400,-368,-960
5,1563793515161,-384,384,-944
1,1563793515166,-416,1568,-464
1,1563793515170,-912,1280,-464
3,1563793515175,-672,-80,624
3,1563793515179,-576,-160,128
5,1563793515183,624,2000,544
5,1563793515187,144,320,-1152
1,1563793515198,-816,1088,-384
3,1563793515214,-192,320,272
3,1563793515218,96,400,-16
5,1563793515222,336,800,-320
5,1563793515227,0,272,-400
1,1563793515239,-624,992,-272
1,1563793515244,-624,784,-160
1,1563793515247,-624,720,-48
3,1563793515254,256,608,-48
3,1563793515257,336,816,-144
5,1563793515260,144,16,-656
5,1563793515264,-48,160,-656
1,1563793515278,-528,672,48
1,1563793515283,-576,544,0
3,1563793515294,240,944,-272
3,1563793515298,480,912,-432
5,1563793515302,-336,-144,-752
5,1563793515306,-656,-880,-960
5,1563793515310,-304,-1424,-1056
1,1563793515319,-720,256,-80
1,1563793515325,-336,128,-208
3,1563793515334,864,880,-688
3,1563793515339,1072,1104,-720
5,1563793515343,-208,-1584,-848
5,1563793515348,-656,-2032,-432
1,1563793515358,112,336,-112
1,1563793515362,432,560,-64
3,1563793515374,1360,1280,-816
3,1563793515379,1440,1088,-912
5,1563793515383,-880,-2032,-112
1,1563793515398,496,704,48
1,1563793515402,288,784,128
3,1563793515417,1168,912,-832
3,1563793515422,1008,800,-720
5,1563793515426,-864,-2032,176
5,1563793515430,-432,-2032,128
5,1563793515434,-512,-1408,224
1,1563793515439,368,848,0
1,1563793515443,496,880,0
3,1563793515456,656,784,-576
3,1563793515460,496,864,-432
5,1563793515465,-416,-1136,144
5,1563793515469,-288,-1104,-32
1,1563793515478,528,896,32
1,1563793515482,592,944,128
3,1563793515494,464,880,-368
3,1563793515499,400,928,-288
5,1563793515505,-256,-1104,-192
5,1563793515509,-336,-1808,-560
1,1563793515518,576,992,160
1,1563793515522,576,864,416
3,1563793515535,592,896,-352
3,1563793515539,992,832,-160
5,1563793515543,192,-2032,-2048
5,1563793515546,-32,-1040,-1792
1,1563793515558,512,1072,512
1,1563793515562,992,1136,320
3,1563793515575,0,1824,688
3,1563793515579,-304,1856,1136
5,1563793515583,752,448,-896
5,1563793515587,512,-224,-1936
1,1563793515597,704,1104,-240
1,1563793515601,944,1392,-272
3,1563793515617,480,1392,768
3,1563793515621,112,1936,-208
5,1563793515627,-448,0,-1440
5,1563793515630,-704,128,-1392
1,1563793515638,1424,1792,560
1,1563793515642,320,1632,368
3,1563793515654,48,2048,-256
3,1563793515658,816,1168,-288
3,1563793515662,768,208,-112
5,1563793515667,-16,-304,-992
5,1563793515671,144,-480,-832
1,1563793515679,-1280,1200,-1024
1,1563793515683,-1200,1328,-1392
3,1563793515694,1008,464,-240
3,1563793515697,736,1008,-304
5,1563793515720,80,-496,-832
5,1563793515724,-112,-416,-992
1,1563793515728,-336,1264,-800
1,1563793515732,80,1520,-288
3,1563793515737,608,1056,-304
3,1563793515741,512,1024,-192
5,1563793515745,-240,-384,-1056
5,1563793515748,-144,-304,-1024
1,1563793515759,64,1280,-192
1,1563793515762,96,1152,-144
3,1563793515775,496,912,-128
3,1563793515778,448,864,-96
5,1563793515794,-128,-320,-976
5,1563793515798,-96,-320,-944
1,1563793515803,224,992,-48
1,1563793515806,272,848,32
3,1563793515813,416,864,-112
3,1563793515817,352,848,-64
5,1563793515822,-112,-288,-960
5,1563793515826,-80,-272,-928
1,1563793515839,304,784,144
1,1563793515843,448,656,176
1,1563793515847,528,592,112
3,1563793515855,400,864,-32
3,1563793515859,432,816,-48
5,1563793515862,-48,-256,-960
5,1563793515865,-32,-240,-928
1,1563793515879,464,576,64
1,1563793515883,352,576,64
3,1563793515895,416,800,-160
3,1563793515899,416,864,-176
5,1563793515904,-64,-288,-992
5,1563793515907,-112,-240,-1024
1,1563793515917,368,592,48
3,1563793515935,528,880,-224
3,1563793515940,656,736,-272
5,1563793515946,-144,-240,-1056
5,1563793515950,-48,-352,-944
1,1563793515959,240,672,-48
1,1563793515964,112,784,-112
1,1563793515969,368,864,16
3,1563793515981,768,784,-368
3,1563793515992,736,1408,-400
5,1563793515999,-48,-384,-1040
5,1563793516004,-128,-272,-1312
1,1563793516008,1120,960,288
1,1563793516012,1632,1296,480
3,1563793516016,640,2048,-304
3,1563793516021,704,2048,-96
5,1563793516025,-240,64,-1936
5,1563793516028,-160,160,-2048
5,1563793516031,160,32,-1952
1,1563793516037,1152,1856,272
3,1563793516057,1040,2048,-128
3,1563793516062,1056,1472,-272
5,1563793516067,384,-848,-1776
5,1563793516072,160,-768,-1344
1,1563793516081,240,2048,-144
1,1563793516086,-528,2048,-784
1,1563793516090,-704,1824,-1008
3,1563793516097,656,288,80
3,1563793516101,336,-432,144
5,1563793516105,336,-304,-1328
1,1563793516118,-496,1648,-656
1,1563793516122,-816,1488,-512
3,1563793516133,-896,-368,528
3,1563793516137,-960,-208,224
5,1563793516142,-368,2048,672
5,1563793516146,528,736,-800
5,1563793516150,128,1120,0
1,1563793516158,-944,1056,-544
1,1563793516163,-736,816,-416
3,1563793516177,-608,128,128
3,1563793516181,-80,160,128
5,1563793516184,240,688,-208
5,1563793516187,240,464,-464
1,1563793516199,-688,640,-288
1,1563793516203,-656,528,-128
3,1563793516215,80,336,-16
3,1563793516220,176,544,-32
5,1563793516247,64,320,-592
5,1563793516251,16,0,-816
1,1563793516255,-544,448,-16
1,1563793516262,-544,448,32
3,1563793516265,336,704,-48
3,1563793516270,528,832,-224
5,1563793516273,-272,-400,-896
5,1563793516277,-416,-688,-784
1,1563793516281,-640,512,16
1,1563793516285,-576,304,-144
3,1563793516295,512,960,-352
3,1563793516300,688,1168,-464
5,1563793516311,-368,-1104,-816
5,1563793516315,-48,-1920,-992
1,1563793516321,-400,368,-224
1,1563793516324,176,576,-32
3,1563793516335,1296,1440,-720
3,1563793516338,2016,1328,-816
5,1563793516342,-80,-2032,-832
5,1563793516345,-576,-2032,-240
1,1563793516360,528,624,128
1,1563793516364,352,784,160
3,1563793516376,1776,992,-736
3,1563793516382,1056,976,-688
5,1563793516389,-704,-2032,208
5,1563793516392,-624,-1856,368
1,1563793516400,320,912,-64
1,1563793516404,480,1120,-128
3,1563793516416,720,1024,-688
3,1563793516420,576,944,-704
3,1563793516424,736,864,-544
5,1563793516428,-480,-1536,336
5,1563793516432,-320,-1440,368
1,1563793516438,736,1008,112
1,1563793516442,784,976,384
3,1563793516455,752,848,-400
3,1563793516461,1600,528,-816
5,1563793516474,-256,-1392,368
5,1563793516478,-672,-2032,-2048
1,1563793516483,912,976,512
1,1563793516486,1008,864,400
3,1563793516494,-816,2000,944
3,1563793516499,-336,2048,1008
5,1563793516504,-560,688,464
5,1563793516508,496,-512,-2048
1,1563793516520,1040,1264,496
1,1563793516523,1520,1056,480
3,1563793516534,96,1648,640
3,1563793516538,192,1712,-80
5,1563793516541,-64,-400,-1216
5,1563793516544,-64,-64,-1744
1,1563793516558,608,1152,-208
1,1563793516562,512,1616,320
3,1563793516574,320,1728,-416
3,1563793516578,528,1152,288
5,1563793516583,-512,-80,-1248
5,1563793516586,16,16,-992
1,1563793516599,-128,1168,-224
1,1563793516603,-624,1232,-880
3,1563793516616,1008,464,-208
3,1563793516620,768,672,-192
5,1563793516623,176,-416,-928
5,1563793516627,16,-448,-880
1,1563793516638,-384,1280,-928
1,1563793516641,-80,1248,-560
3,1563793516654,656,1024,-272
3,1563793516660,608,944,-256
5,1563793516665,-176,-352,-992
5,1563793516670,-160,-336,-992
5,1563793516674,-176,-240,-1008
1,1563793516679,-96,1264,-288
1,1563793516684,-80,1328,-224
1,1563793516688,-128,1280,-224
3,1563793516695,576,992,-256
3,1563793516699,624,864,-304
5,1563793516702,-176,-352,-976
1,1563793516719,-32,1216,-192
1,1563793516724,176,1088,-32
3,1563793516736,512,928,-240
3,1563793516744,528,960,-224
5,1563793516752,-176,-288,-960
5,1563793516757,-176,-224,-1008
5,1563793516776,-176,-240,-1040
1,1563793516781,288,976,64
3,1563793516788,480,1008,-208
3,1563793516793,528,1040,-144
5,1563793516799,-128,-224,-1104
5,1563793516803,-64,-208,-1184
1,1563793516807,416,944,128
1,1563793516811,592,896,160
1,1563793516817,1104,832,320
3,1563793516821,480,1152,-80
3,1563793516825,352,1648,-112
5,1563793516828,-224,-32,-1392
1,1563793516838,1744,832,688
1,1563793516842,1856,848,784
3,1563793516854,352,2048,48
3,1563793516859,272,2048,368
5,1563793516864,-256,128,-1664
5,1563793516868,-32,144,-1872
5,1563793516872,288,176,-1840
1,1563793516877,1344,880,736
1,1563793516881,496,864,400
3,1563793516894,160,2048,608
3,1563793516898,-16,1728,688
5,1563793516904,464,32,-1520
5,1563793516908,80,368,-928
1,1563793516919,-144,880,80
1,1563793516923,-480,688,-272
3,1563793516934,-112,448,176
3,1563793516941,-448,-192,512
5,1563793516946,-64,496,-768
5,1563793516950,624,96,-1440
1,1563793516958,-560,784,-512
1,1563793516962,-288,1120,-640
3,1563793516975,-224,-336,464
3,1563793516979,-240,128,448
5,1563793516983,608,1136,-752
5,1563793516989,176,1200,-128
1,1563793517002,-256,1392,-624
1,1563793517006,-576,1232,-656
3,1563793517014,-240,112,368
3,1563793517019,-48,-16,224
5,1563793517023,352,672,-352
5,1563793517027,80,432,-368
1,1563793517039,-752,1008,-512
1,1563793517043,-848,720,-272
3,1563793517056,-96,48,-16
3,1563793517060,-32,304,-48
5,1563793517064,-80,144,-400
5,1563793517068,-192,-144,-560
1,1563793517078,-720,672,-80
1,1563793517081,-672,688,64
3,1563793517094,272,544,-176
3,1563793517100,480,896,-288
5,1563793517106,-288,-480,-944
5,1563793517110,-464,-624,-1184
1,1563793517119,-576,736,48
1,1563793517124,-448,864,-16
3,1563793517135,496,1344,-384
3,1563793517141,672,1696,-432
5,1563793517145,-608,-688,-1472
5,1563793517149,-864,-1104,-1984
1,1563793517160,-304,1088,-32
1,1563793517164,-288,1232,-208
3,1563793517174,704,2048,-544
3,1563793517178,848,2048,-528
3,1563793517183,944,2048,-544
5,1563793517186,-1008,-1520,-2048
5,1563793517190,-1168,-1808,-2048
1,1563793517197,256,1120,-544
1,1563793517200,1056,1232,-544
3,1563793517215,896,2048,-576
3,1563793517219,992,1472,-800
5,1563793517223,-1008,-1664,-1792
5,1563793517227,-816,-1728,-1248
1,1563793517238,1712,1264,-128
1,1563793517242,1904,1104,336
3,1563793517253,896,704,-752
3,1563793517257,720,368,-688
5,1563793517263,-736,-1792,-528
5,1563793517267,-832,-1584,96
1,1563793517279,1680,816,592
1,1563793517283,1728,512,592
3,1563793517294,624,304,-736
3,1563793517298,256,576,-208
5,1563793517302,-672,-1568,0
5,1563793517304,160,-1056,-656
1,1563793517318,752,112,16
1,1563793517323,224,80,112
3,1563793517335,576,1856,2032
3,1563793517340,112,2048,-2048
5,1563793517344,2048,2048,-2048
5,1563793517348,752,-1808,-464
5,1563793517352,-2032,-528,-720
1,1563793517360,2048,2048,-64
1,1563793517364,1264,1296,1728
3,1563793517376,-576,2048,-384
3,1563793517380,1168,-944,-1248
5,1563793517384,-832,-944,-672
5,1563793517388,32,-240,-1040
1,1563793517397,-2032,1936,-1536
1,1563793517401,-2032,576,-1328
3,1563793517414,896,688,96
3,1563793517418,1152,1456,-176
5,1563793517422,-272,-416,-960
1,1563793517439,-304,1408,-1040
1,1563793517443,400,2048,-672
3,1563793517455,640,1424,-64
3,1563793517459,800,944,-64
5,1563793517463,-32,-320,-1072
5,1563793517468,-176,-304,-1024
5,1563793517472,-32,-368,-1008
1,1563793517479,-160,1488,-416
1,1563793517484,-320,1168,-1040
3,1563793517496,608,784,256
3,1563793517500,640,944,192
5,1563793517504,16,-336,-992
5,1563793517508,0,-336,-992
1,1563793517519,128,1136,-976
1,1563793517523,336,1040,-560
3,1563793517535,544,944,176
3,1563793517538,448,896,176
5,1563793517541,-16,-336,-960
5,1563793517545,-48,-320,-896
1,1563793517557,352,992,-320
1,1563793517562,368,816,-112
1,1563793517566,432,624,-32
3,1563793517575,368,832,176
3,1563793517580,336,736,240
5,1563793517584,-16,-352,-880
5,1563793517588,0,-336,-896
1,1563793517600,464,560,-80
1,1563793517604,592,672,-80
3,1563793517614,304,752,304
3,1563793517618,320,800,320
5,1563793517623,0,-336,-912
5,1563793517626,32,-352,-912
1,1563793517637,704,720,-32
1,1563793517641,688,800,96
3,1563793517654,224,832,272
3,1563793517658,176,960,160
5,1563793517663,-48,-320,-928
5,1563793517666,-160,-272,-960
1,1563793517678,704,912,256
1,1563793517682,544,928,256
3,1563793517693,128,1024,64
3,1563793517697,224,1040,64
5,1563793517703,-192,-256,-976
5,1563793517706,-176,-288,-960
1,1563793517718,224,928,16
3,1563793517735,368,976,64
3,1563793517738,480,976,48
5,1563793517742,-80,-288,-992
5,1563793517745,-80,-288,-992
1,1563793517759,80,960,-224
1,1563793517763,16,1024,-240
1,1563793517768,-48,1088,-224
3,1563793517775,496,1024,-16
3,1563793517783,480,1024,-64
5,1563793517788,-160,-272,-1008
5,1563793517792,-176,-256,-1024
1,1563793517801,32,1056,-208
1,1563793517805,272,1088,-128
3,1563793517816,480,1040,-48
3,1563793517820,416,1136,16
5,1563793517824,-240,-256,-1056
5,1563793517828,-176,-240,-1104
1,1563793517838,352,1088,16
1,1563793517841,320,1008,-16
3,1563793517855,400,1152,48
3,1563793517859,432,1104,16
5,1563793517875,-160,-240,-1056
5,1563793517879,-160,-272,-1088
1,1563793517883,352,1008,16
1,1563793517887,480,1024,-32
3,1563793517894,416,1168,32
3,1563793517897,416,1376,144
5,1563793517903,-160,-288,-1104
5,1563793517908,-112,-160,-1280
1,1563793517919,864,1248,240
1,1563793517923,1024,1264,320
3,1563793517939,336,1728,304
3,1563793517942,464,1904,368
3,1563793517946,784,2048,96
5,1563793517950,144,-272,-1216
5,1563793517954,176,-992,-1680
1,1563793517959,704,1280,432
1,1563793517962,-32,1408,0
3,1563793517974,512,1984,544
3,1563793517981,672,1248,0
5,1563793517990,112,-1088,-1888
5,1563793517996,304,-1312,-2048
5,1563793518001,16,-1296,-1920
1,1563793518005,-512,1504,-512
1,1563793518008,-480,1664,-160
3,1563793518015,544,928,0
3,1563793518020,-208,752,48
5,1563793518043,-592,304,-1056
1,1563793518050,-816,1744,176
1,1563793518054,-992,1648,256
3,1563793518059,-336,816,-192
3,1563793518063,-512,816,-400
5,1563793518067,464,-848,-1856
5,1563793518071,384,624,-1264
5,1563793518074,-624,944,-528
1,1563793518111,-624,1392,240
1,1563793518117,-624,1392,368
3,1563793518122,-192,656,-304
3,1563793518126,-256,880,-464
5,1563793518130,-496,624,-784
5,1563793518133,-1248,304,-1008
1,1563793518137,-624,1328,400
1,1563793518141,-672,1264,304
3,1563793518144,-576,1024,-672
3,1563793518148,-704,1184,-848
5,1563793518154,-1472,192,-1040
1,1563793518159,-656,1104,208
1,1563793518163,-592,976,32
3,1563793518174,-592,1296,-1008
3,1563793518178,-352,1328,-1024
5,1563793518182,-1600,288,-992
5,1563793518185,-1616,192,-1072
5,1563793518190,-1648,64,-1152
1,1563793518197,-496,880,-80
1,1563793518201,-432,672,-224
3,1563793518214,-192,1360,-960
3,1563793518220,-112,1440,-928
5,1563793518224,-1600,-80,-1280
5,1563793518228,-1600,-144,-1328
1,1563793518238,-384,496,-320
3,1563793518260,16,1504,-928
3,1563793518264,320,1584,-1024
5,1563793518267,-1552,-448,-1472
5,1563793518272,-1504,-992,-1424
1,1563793518279,-288,432,-352
1,1563793518283,-96,560,-368
1,1563793518287,64,416,-32
3,1563793518294,864,1552,-1104
3,1563793518297,1360,1376,-1184
5,1563793518303,-1408,-1760,-1136
5,1563793518309,-1392,-2032,-592
1,1563793518318,368,480,144
1,1563793518322,704,624,192
3,1563793518334,1600,1088,-1392
3,1563793518339,1776,768,-1456
5,1563793518343,-1376,-2032,-208
5,1563793518346,-1136,-2032,144
1,1563793518358,720,752,80
1,1563793518363,384,864,-64
1,1563793518367,-256,560,-336
3,1563793518375,1744,448,-1344
3,1563793518381,1600,384,-848
5,1563793518387,-736,-2032,128
5,1563793518392,-304,-784,-176
1,1563793518399,672,816,128
1,1563793518404,1776,2048,384
3,1563793518417,752,1280,1120
3,1563793518423,432,2048,64
5,1563793518428,1648,-1552,-2048
5,1563793518433,-1248,-320,-832
1,1563793518440,-224,1424,-432
3,1563793518454,32,1056,-128
3,1563793518458,896,560,-112
5,1563793518463,-288,-768,-1152
5,1563793518469,-176,-800,-1184
1,1563793518478,-304,848,-224
1,1563793518482,96,928,-336
1,1563793518486,288,1232,-192
3,1563793518495,320,1152,16
3,1563793518500,576,1136,80
5,1563793518504,-240,-384,-1072
5,1563793518508,-176,-368,-1008
1,1563793518518,128,1232,-336
1,1563793518522,-48,1088,-320
3,1563793518535,448,1024,96
3,1563793518539,304,1024,48
5,1563793518543,-160,-352,-992
5,1563793518547,-160,-304,-976
1,1563793518557,0,1136,-304
3,1563793518574,400,1024,64
3,1563793518578,400,1008,128
5,1563793518584,-128,-320,-960
5,1563793518589,-96,-320,-976
1,1563793518600,112,1152,-304
1,1563793518604,240,1040,-224
1,1563793518608,272,960,-192
3,1563793518616,352,960,160
3,1563793518621,336,960,160
5,1563793518626,-96,-304,-960
5,1563793518630,-80,-304,-960
1,1563793518638,304,944,-192
1,1563793518644,352,944,-192
3,1563793518654,304,944,160
3,1563793518658,320,944,192
5,1563793518665,-64,-304,-944
5,1563793518669,-64,-304,-944
5,1563793518673,-96,-320,-944
1,1563793518678,384,944,-144
1,1563793518683,384,896,-112
3,1563793518695,336,928,160
3,1563793518700,304,928,144
3,1563793518704,256,976,176
5,1563793518707,-96,-304,-944
5,1563793518711,-96,-304,-976
1,1563793518720,352,896,-48
1,1563793518724,384,912,32
3,1563793518734,224,976,112
3,1563793518738,208,992,160
5,1563793518742,-144,-304,-960
1,1563793518757,480,912,48
1,1563793518760,640,864,96
3,1563793518775,272,992,192
3,1563793518779,272,1024,160
5,1563793518785,-128,-304,-960
5,1563793518789,-80,-272,-1008
5,1563793518793,-112,-288,-1024
1,1563793518798,720,848,144
1,1563793518802,608,896,160
3,1563793518814,288,1072,112
3,1563793518818,208,1200,64
5,1563793518823,-96,-208,-1120
5,1563793518827,-304,-128,-1168
1,1563793518838,656,944,256
1,1563793518842,816,992,480
3,1563793518854,64,1424,32
3,1563793518859,96,1744,128
5,1563793518870,-304,-80,-1248
5,1563793518874,-384,112,-1552
1,1563793518878,1072,1056,768
1,1563793518882,1536,1328,944
3,1563793518897,-80,2048,336
3,1563793518903,-656,2048,768
5,1563793518907,-448,368,-1952
5,1563793518910,288,-96,-1280
1,1563793518918,1120,1792,1200
1,1563793518922,-32,1616,352
3,1563793518936,560,1728,-224
3,1563793518940,1584,784,-512
5,1563793518944,-144,-2032,-1856
5,1563793518948,16,-1952,-1744
1,1563793518957,-1104,1328,-432
1,1563793518961,-864,1440,-384
3,1563793518977,672,400,304
3,1563793518984,16,208,80
5,1563793518989,576,-192,-1168
5,1563793518994,-384,-240,-848
1,1563793518999,-672,1408,-224
1,1563793519004,-672,1280,-144
3,1563793519014,-512,272,112
3,1563793519021,-736,224,96
5,1563793519035,320,1024,-1120
5,1563793519039,96,1072,-368
1,1563793519044,-640,960,-208
1,1563793519062,-560,800,-320
3,1563793519065,-592,32,-64
3,1563793519069,-448,0,0
5,1563793519073,-320,1136,-112
5,1563793519076,-208,912,-64
1,1563793519082,-608,672,-288
1,1563793519086,-608,560,-192
3,1563793519097,-240,32,-112
3,1563793519104,-112,16,-352
5,1563793519108,-144,608,-16
5,1563793519112,-272,240,0
1,1563793519120,-784,464,-240
1,1563793519124,-960,288,-288
3,1563793519136,240,128,-512
3,1563793519140,560,208,-688
5,1563793519144,-128,-176,-48
5,1563793519148,-432,-592,-32
1,1563793519157,-944,320,-320
1,1563793519161,-784,320,-368
3,1563793519174,816,416,-832
3,1563793519181,1056,784,-880
5,1563793519186,-736,-1184,0
5,1563793519191,-832,-1760,-80
1,1563793519199,-448,400,-432
1,1563793519203,-32,720,-464
1,1563793519207,384,1024,-240
3,1563793519214,1184,1088,-1072
3,1563793519217,1392,1184,-1120
5,1563793519223,-864,-2032,-32
5,1563793519227,-752,-2032,128
1,1563793519238,512,1024,-96
1,1563793519242,960,896,144
3,1563793519257,1504,864,-912
3,1563793519262,1040,672,-688
5,1563793519265,-288,-2032,368
5,1563793519270,-240,-1440,816
1,1563793519278,1136,464,464
3,1563793519296,1088,352,-864
3,1563793519304,1728,256,-1280
5,1563793519311,-432,-2032,-528
5,1563793519316,-720,-752,-288
5,1563793519320,672,-352,-2048
1,1563793519323,1568,112,640
1,1563793519327,1200,368,480
1,1563793519331,2048,1376,384
3,1563793519335,-896,2048,1776
3,1563793519339,416,2048,1696
5,1563793519345,928,336,-2048
1,1563793519359,448,1584,-336
1,1563793519363,496,1824,112
3,1563793519374,288,2000,-48
3,1563793519378,-496,1920,-736
5,1563793519382,-448,32,-1104
5,1563793519385,-1152,320,-1296
5,1563793519388,112,-272,-1200
1,1563793519398,592,1760,32
3,1563793519417,1120,2048,-64
3,1563793519422,848,336,-80
5,1563793519427,160,-448,-768
5,1563793519432,-80,-592,-768
1,1563793519441,-720,1248,-1088
1,1563793519446,-960,992,-1120
1,1563793519451,-368,1136,-688
3,1563793519455,896,80,-256
3,1563793519461,992,560,-368
3,1563793519465,656,1424,-256
5,1563793519469,-112,-432,-1008
1,1563793519479,416,1504,-96
1,1563793519484,160,1536,128
3,1563793519495,624,1184,-272
3,1563793519500,720,528,-432
5,1563793519505,-176,-144,-1328
5,1563793519510,-64,-176,-1040
5,1563793519514,-128,-368,-880
1,1563793519520,-592,1152,-96
1,1563793519524,-32,1200,-144
3,1563793519535,720,880,-416
3,1563793519540,688,1360,-400
5,1563793519544,-224,-288,-1120
5,1563793519548,-368,-80,-1440
1,1563793519559,672,1120,32
1,1563793519563,1360,1184,416
3,1563793519575,672,1904,-448
3,1563793519580,624,2048,-160
5,1563793519583,-448,128,-1760
5,1563793519588,-208,240,-1936
1,1563793519598,1648,1232,624
1,1563793519602,1536,1136,768
3,1563793519614,528,2048,240
3,1563793519619,496,2048,480
5,1563793519623,144,96,-2032
5,1563793519628,480,192,-1584
1,1563793519639,944,1136,416
1,1563793519644,240,1200,-112
3,1563793519654,160,1472,608
3,1563793519657,-128,272,464
5,1563793519664,592,224,-1344
5,1563793519668,128,176,-1392
1,1563793519679,-272,1008,-576
1,1563793519685,-448,1072,-656
3,1563793519738,-864,-352,1024
3,1563793519747,-640,-432,544
5,1563793519751,864,1744,32
5,1563793519756,528,1232,-1376
3,1563793519765,-496,224,512
3,1563793519769,-240,224,320
1,1563793519772,-624,928,-816
1,1563793519776,-624,1088,-496
5,1563793519780,560,1488,-224
5,1563793519785,368,704,-352
1,1563793519789,-608,976,-448
1,1563793519793,-800,896,-512
3,1563793519797,176,272,256
3,1563793519803,400,384,-48
5,1563793519807,128,256,-352
5,1563793519811,-256,-256,-528
1,1563793519817,-816,752,-480
1,1563793519823,-880,656,-240
3,1563793519826,528,560,-384
3,1563793519830,880,832,-640
5,1563793519834,-208,-768,-656
5,1563793519838,-32,-1184,-656
1,1563793519842,-1008,448,-128
1,1563793519846,-768,560,-48
3,1563793519855,1328,960,-864
3,1563793519858,1808,1152,-1024
5,1563793519885,-80,-1552,-512
5,1563793519888,-544,-2032,-496
1,1563793519892,-256,640,-80
1,1563793519896,16,832,-112
3,1563793519904,1936,1248,-1072
3,1563793519908,1536,1392,-1248
5,1563793519914,-656,-2032,-448
5,1563793519919,-1136,-2032,0
1,1563793519923,384,1008,-160
1,1563793519927,272,1312,-32
3,1563793519940,1120,1216,-1200
3,1563793519946,1040,1104,-1056
5,1563793519952,-1536,-2032,576
5,1563793519956,-624,-2032,480
1,1563793519960,416,1200,-32
1,1563793519963,928,1088,192
3,1563793519975,800,992,-848
3,1563793519979,1056,736,-528
5,1563793519985,-368,-1296,448
5,1563793519989,1056,-2032,-960
5,1563793519994,-2032,-128,-1600
1,1563793519998,1088,800,336
1,1563793520002,1376,528,240
3,1563793520015,544,512,-784
3,1563793520019,-288,1760,1136
5,1563793520022,848,-1072,-2048
5,1563793520026,688,16,-1440
1,1563793520038,1616,592,944
1,1563793520042,1792,944,480
1,1563793520046,800,1152,32
3,1563793520056,-368,1968,1344
3,1563793520060,-224,1904,688
5,1563793520064,336,-80,-1664
1,1563793520077,-16,1296,-192
1,1563793520081,240,1488,-96
3,1563793520095,288,1392,-1328
3,1563793520099,784,1472,368
5,1563793520103,-1264,-336,-1008
5,1563793520106,192,-96,-1184
5,1563793520110,96,-144,-960
1,1563793520117,256,1520,-432
3,1563793520135,496,1520,64
3,1563793520140,880,816,-80
5,1563793520145,64,-384,-944
5,1563793520151,-48,-320,-960
1,1563793520160,-304,1216,-864
1,1563793520165,-176,1088,-704
1,1563793520170,-208,1264,-400
3,1563793520175,624,672,-144
3,1563793520179,784,816,-336
5,1563793520184,-208,-416,-944
5,1563793520188,-208,-368,-928
1,1563793520198,-224,1344,-240
1,1563793520205,-160,1216,-128
3,1563793520222,656,800,-400
3,1563793520226,688,816,-400
3,1563793520230,560,1136,-288
5,1563793520234,-240,-320,-944
5,1563793520238,-160,-192,-1088
3,1563793520255,528,1104,-224
3,1563793520259,608,976,-256
5,1563793520263,-160,-208,-1120
5,1563793520267,-176,-240,-1104
1,1563793520281,160,1248,144
1,1563793520286,208,1104,192
1,1563793520289,256,976,16
1,1563793520293,624,1104,-32
3,1563793520298,640,1184,-352
3,1563793520302,608,1600,-176
5,1563793520305,-336,-192,-1216
5,1563793520309,-240,-48,-1504
1,1563793520319,1216,1136,224
1,1563793520323,1664,1136,560
3,1563793520335,480,2048,-32
3,1563793520339,368,2048,176
5,1563793520343,-144,128,-1792
5,1563793520347,64,128,-1744
1,1563793520359,1520,1072,608
1,1563793520363,720,1024,352
3,1563793520374,144,1888,480
3,1563793520378,80,1056,528
5,1563793520382,224,48,-1392
5,1563793520387,528,320,-1232
1,1563793520397,-32,928,-128
1,1563793520401,-224,848,-464
3,1563793520415,-144,80,288
3,1563793520421,-784,-480,560
5,1563793520425,64,160,-384
5,1563793520429,-48,1168,-736
1,1563793520438,-416,784,-736
1,1563793520442,-448,800,-768
3,1563793520455,-192,-272,464
3,1563793520459,-416,272,288
5,1563793520463,640,384,-1440
5,1563793520467,192,1392,-192
1,1563793520480,-240,1136,-720
1,1563793520484,-576,1024,-720
3,1563793520494,-48,224,208
3,1563793520499,128,160,64
5,1563793520503,336,592,-368
5,1563793520507,112,240,-384
1,1563793520520,-688,816,-448
1,1563793520524,-592,704,-304
3,1563793520535,304,384,128
3,1563793520540,768,560,-96
5,1563793520544,0,-160,-240
5,1563793520548,-48,-960,-416
1,1563793520558,-672,608,-160
1,1563793520562,-576,752,-48
3,1563793520575,1216,704,-496
3,1563793520580,1584,976,-528
5,1563793520583,160,-1584,-704
5,1563793520587,448,-1824,-656
1,1563793520599,-320,896,32
1,1563793520602,-96,1008,96
3,1563793520616,1568,1168,-400
3,1563793520621,1184,1200,-576
5,1563793520626,-32,-1888,-384
5,1563793520630,-656,-2032,-256
1,1563793520640,16,960,16
1,1563793520644,48,912,-96
3,1563793520654,1056,1216,-704
3,1563793520658,1024,1232,-752
5,1563793520665,-832,-2032,-272
5,1563793520669,-576,-2032,-288
1,1563793520678,96,1040,-48
1,1563793520683,192,1168,32
3,1563793520694,992,1136,-688
3,1563793520699,800,1072,-608
5,1563793520704,-640,-2000,-64
5,1563793520709,-560,-1536,-80
5,1563793520714,-544,-1312,-144
1,1563793520724,416,1216,-16
1,1563793520728,736,1104,-48
3,1563793520735,528,1136,-528
3,1563793520739,400,1056,-448
5,1563793520744,-528,-1184,-32
5,1563793520748,-64,-2032,-1200
1,1563793520759,912,960,96
1,1563793520762,992,912,368
3,1563793520776,944,800,-416
3,1563793520780,608,992,-304
5,1563793520785,-976,80,-576
1,1563793520798,960,832,416
1,1563793520804,1024,960,656
3,1563793520814,-464,1536,688
3,1563793520820,-368,1744,688
5,1563793520824,96,-944,-2048
5,1563793520829,128,-272,-1456
5,1563793520833,144,-208,-1232
1,1563793520838,1520,1008,560
1,1563793520842,672,960,-144
3,1563793520858,128,1456,608
3,1563793520864,512,1136,-160
5,1563793520869,-272,-272,-1200
5,1563793520873,-304,-288,-1136
1,1563793520880,160,1168,-368
1,1563793520884,448,1440,64
1,1563793520888,304,1472,-112
3,1563793520896,272,1488,-144
3,1563793520902,448,1680,48
5,1563793520906,-144,-112,-1136
5,1563793520911,-80,-336,-944
1,1563793520918,-320,1248,-576
1,1563793520923,-576,1200,-832
3,1563793520935,704,1072,-144
3,1563793520940,704,640,-160
5,1563793520943,-96,-384,-896
5,1563793520947,-144,-432,-976
1,1563793520957,-256,1280,-528
3,1563793520976,624,848,-208
3,1563793520981,736,848,-304
5,1563793520985,-208,-432,-928
5,1563793520989,-192,-352,-912
3,1563793520992,512,864,-208
1,1563793520999,-96,1232,-304
1,1563793521003,16,1072,-128
1,1563793521007,176,960,-48
3,1563793521016,464,928,-144
3,1563793521021,448,928,-144
5,1563793521036,-176,-320,-992
5,1563793521040,-160,-272,-928
1,1563793521044,256,896,0
1,1563793521047,272,800,16
3,1563793521056,448,816,-112
3,1563793521060,464,800,-160
5,1563793521064,-128,-288,-912
5,1563793521068,-160,-304,-928
1,1563793521077,288,752,-16
3,1563793521094,432,912,-128
3,1563793521097,432,912,-96
5,1563793521103,-112,-240,-912
5,1563793521108,-96,-176,-960
1,1563793521119,464,816,48
1,1563793521124,480,736,32
1,1563793521128,224,640,-112
3,1563793521135,560,720,-176
3,1563793521140,592,656,-240
5,1563793521144,-128,-320,-944
5,1563793521148,-160,-400,-912
1,1563793521172,144,704,-176
1,1563793521177,384,864,-80
3,1563793521181,624,928,-192
3,1563793521185,704,992,-208
5,1563793521189,-80,-256,-1008
5,1563793521193,-48,-224,-1104
1,1563793521198,416,912,64
1,1563793521202,656,864,176
3,1563793521215,640,1232,-384
3,1563793521220,688,1936,-480
5,1563793521223,-192,-208,-1312
5,1563793521227,-400,32,-1728
1,1563793521238,1312,1072,368
1,1563793521242,1680,1456,528
3,1563793521254,656,2048,-256
3,1563793521257,752,2048,144
5,1563793521261,-304,240,-2048
5,1563793521264,-16,128,-2048
3,1563793521294,640,2048,304
3,1563793521298,176,1136,336
5,1563793521303,432,-16,-1680
5,1563793521307,704,144,-1184
1,1563793521320,1184,1808,304
1,1563793521324,304,1936,-112
1,1563793521328,-320,1712,-592
1,1563793521332,-416,1440,-752
3,1563793521351,-400,192,416
3,1563793521354,-352,-464,352
5,1563793521358,480,1024,-960
5,1563793521363,272,1920,272
5,1563793521367,432,-720,-1920
1,1563793521372,-624,1232,-688
1,1563793521376,-784,928,-688
3,1563793521380,96,-752,160
3,1563793521384,-240,-32,320
5,1563793521388,272,768,-384
1,1563793521397,-688,864,-592
1,1563793521401,-656,896,-480
3,1563793521414,-352,80,192
3,1563793521418,-48,128,160
5,1563793521424,-128,704,32
5,1563793521428,0,160,-288
5,1563793521432,-64,-96,-512
1,1563793521438,-752,640,-400
1,1563793521442,-704,592,-272
3,1563793521456,240,352,-80
3,1563793521459,352,592,-224
5,1563793521463,-48,-480,-656
5,1563793521466,-32,-720,-592
1,1563793521478,-656,560,-176
1,1563793521482,-544,608,-32
3,1563793521496,624,864,-224
3,1563793521500,1136,1056,-384
5,1563793521504,-64,-1008,-576
1,1563793521520,-464,496,64
1,1563793521523,-384,448,64
3,1563793521535,1392,1024,-624
3,1563793521542,1360,1072,-752
5,1563793521547,-128,-1632,-672
5,1563793521550,-224,-2032,-640
5,1563793521555,-640,-2032,-400
1,1563793521561,-32,704,-48
1,1563793521564,272,944,-144
3,1563793521574,1312,1376,-800
3,1563793521580,1136,1520,-800
5,1563793521584,-1168,-2032,-32
5,1563793521589,-768,-2032,16
1,1563793521598,320,1168,-16
1,1563793521602,432,1200,-64
3,1563793521614,1264,1328,-768
3,1563793521617,1008,1024,-592
5,1563793521624,-272,-1920,32
5,1563793521628,-320,-1296,192
1,1563793521639,992,1232,-64
1,1563793521643,880,960,144
3,1563793521655,656,1024,-496
3,1563793521660,640,992,-336
5,1563793521664,-208,-1392,64
5,1563793521667,-80,-1376,-160
1,1563793521678,752,976,272
1,1563793521682,816,992,272
3,1563793521695,624,992,-240
3,1563793521699,864,736,-304
5,1563793521703,-624,-2032,-2048
5,1563793521707,112,912,0
1,1563793521717,848,896,224
1,1563793521721,912,1008,512
1,1563793521724,1568,976,640
3,1563793521735,-800,1680,912
3,1563793521740,-32,1552,592
3,1563793521744,-208,1568,576
5,1563793521748,112,-768,-1856
5,1563793521752,16,-368,-1424
1,1563793521758,736,976,-96
1,1563793521762,144,1200,-336
3,1563793521775,352,1376,320
3,1563793521779,352,1424,-480
5,1563793521802,192,-304,-1296
5,1563793521807,-544,-272,-1184
1,1563793521811,224,1408,48
3,1563793521815,288,1536,48
3,1563793521818,640,1280,-64
5,1563793521822,-256,-144,-1072
5,1563793521826,-112,-192,-1056
1,1563793521839,272,1296,32
1,1563793521843,32,1216,-384
1,1563793521846,-512,1056,-704
3,1563793521856,608,848,-80
3,1563793521860,736,624,-304
5,1563793521863,-144,-336,-992
5,1563793521867,-80,-432,-880
1,1563793521878,-512,1200,-640
1,1563793521882,-160,1120,-400
3,1563793521894,624,800,-288
3,1563793521898,608,912,-96
5,1563793521903,-176,-432,-880
5,1563793521908,-112,-336,-912
1,1563793521917,112,1120,-240
3,1563793521934,624,1184,-144
3,1563793521938,496,1152,-144
5,1563793521942,-96,-240,-1104
5,1563793521946,-144,-272,-1088
1,1563793521959,304,1232,-32
1,1563793521962,224,1136,16
1,1563793521965,80,1008,32
3,1563793521973,528,960,-272
3,1563793521979,528,960,-224
5,1563793521983,-224,-304,-1040
5,1563793521987,-224,-352,-960
1,1563793521998,400,976,0
1,1563793522002,1104,992,256
3,1563793522014,496,1376,-16
3,1563793522017,320,1840,176
5,1563793522021,-176,-240,-1232
5,1563793522024,-112,-64,-1520
5,1563793522028,-48,96,-1744
1,1563793522039,1664,944,864
1,1563793522044,1552,944,960
3,1563793522055,144,2048,240
3,1563793522059,32,2048,384
5,1563793522063,80,96,-1728
5,1563793522066,272,96,-1520
1,1563793522080,1136,1040,720
1,1563793522085,240,976,336
3,1563793522095,-80,2048,736
3,1563793522100,96,704,208
5,1563793522104,112,-368,-1648
1,1563793522118,-416,640,-160
1,1563793522122,-336,624,-368
3,1563793522134,-624,-80,800
5,1563793522144,0,704,-1088
5,1563793522148,320,704,-1504
3,1563793522153,-880,-320,720
5,1563793522157,768,1680,-1120
1,1563793522162,-368,768,-688
1,1563793522166,-496,1008,-800
3,1563793522176,-688,32,432
3,1563793522180,-432,80,400
5,1563793522190,160,1520,-448
5,1563793522195,288,960,-528
1,1563793522199,-576,1136,-560
1,1563793522207,-672,1040,-496
3,1563793522215,-144,64,176
3,1563793522219,-96,160,64
1,1563793522237,-976,880,-480
1,1563793522240,-1088,688,-384
3,1563793522255,384,320,-176
3,1563793522264,736,592,-640
5,1563793522269,-96,496,-288
5,1563793522274,-272,-192,-256
5,1563793522279,-384,-768,-384
5,1563793522283,-336,-1376,-608
1,1563793522287,-1056,768,-320
1,1563793522291,-736,944,-160
3,1563793522296,1216,1024,-1024
3,1563793522303,2048,1424,-1216
5,1563793522306,-160,-2032,-576
5,1563793522310,-928,-2032,-240
1,1563793522318,-144,1040,-128
1,1563793522322,224,1184,-112
3,1563793522334,2048,1456,-1104
3,1563793522338,1584,1472,-1296
5,1563793522344,-1136,-2032,-160
5,1563793522348,-1184,-2032,-32
1,1563793522357,352,1280,-160
1,1563793522360,304,1296,32
3,1563793522375,1664,1280,-1248
3,1563793522381,1488,1184,-944
5,1563793522385,-800,-2032,224
5,1563793522390,-464,-1744,544
1,1563793522398,624,1360,-16
1,1563793522404,1040,1120,224
3,1563793522413,912,1120,-688
3,1563793522417,1360,496,-864
5,1563793522423,-48,-2032,-336
5,1563793522428,-1168,-560,-1600
1,1563793522437,1216,608,256
1,1563793522441,928,560,624
3,1563793522455,-656,1232,384
3,1563793522458,208,1136,32
3,1563793522463,-64,2048,1504
5,1563793522468,-544,-1392,-2048
5,1563793522472,608,256,-976
1,1563793522478,1792,624,928
1,1563793522482,960,1040,256
3,1563793522493,80,1728,480
3,1563793522498,240,1056,-688
5,1563793522502,912,-240,-1952
5,1563793522506,-352,-400,-1056
1,1563793522519,208,1200,-272
1,1563793522523,-480,1232,-672
3,1563793522534,992,880,80
3,1563793522540,720,2048,-16
5,1563793522544,-432,-224,-1056
5,1563793522549,192,96,-1472
1,1563793522557,704,1344,-288
1,1563793522563,896,1936,48
1,1563793522566,-480,1264,-288
3,1563793522574,464,1584,-496
3,1563793522578,624,704,-176
5,1563793522582,-416,-144,-1168
5,1563793522587,-176,-272,-1104
1,1563793522602,-736,1264,-592
1,1563793522607,-640,1280,-624
3,1563793522613,832,560,-336
3,1563793522616,784,672,-272
5,1563793522622,-96,-400,-896
5,1563793522627,-112,-496,-832
1,1563793522638,64,1312,-352
3,1563793522655,784,1136,-240
3,1563793522660,528,1360,-192
5,1563793522665,-96,-368,-1072
5,1563793522672,-192,-256,-1216
5,1563793522678,-176,-144,-1360
1,1563793522682,496,1344,-32
1,1563793522687,816,1152,240
1,1563793522692,1136,1072,432
3,1563793522696,560,1568,-96
3,1563793522701,496,1856,112
5,1563793522705,-80,-112,-1520
1,1563793522718,1472,960,608
1,1563793522724,1520,896,624
3,1563793522736,384,2048,416
3,1563793522741,256,2048,720
5,1563793522745,64,-48,-1760
5,1563793522749,272,-80,-1872
5,1563793522754,592,-240,-1488
1,1563793522759,1072,816,512
3,1563793522773,256,1504,640
3,1563793522778,16,608,336
5,1563793522783,208,-480,-1408
5,1563793522787,-64,224,-880
1,1563793522800,256,512,240
1,1563793522804,-224,336,-144
1,1563793522809,-240,528,-416
3,1563793522814,-384,-112,352
3,1563793522819,-624,-176,560
5,1563793522823,368,1152,-944
1,1563793522838,-240,752,-560
1,1563793522843,-112,1104,-608
3,1563793522856,-288,208,496
3,1563793522861,-464,224,544
5,1563793522866,928,768,-1424
5,1563793522870,256,1440,-336
5,1563793522875,336,912,-448
1,1563793522881,-256,1040,-416
1,1563793522884,-432,1008,-416
3,1563793522897,-304,176,384
3,1563793522902,-208,256,160
5,1563793522906,144,576,-416
5,1563793522911,144,208,-560
1,1563793522918,-688,944,-432
1,1563793522923,-800,976,-384
3,1563793522936,192,416,-16
3,1563793522941,496,560,-112
5,1563793522947,16,-256,-704
5,1563793522952,-80,-528,-944
1,1563793522960,-704,880,-320
1,1563793522964,-608,848,-240
3,1563793522975,736,800,-272
3,1563793522981,848,1072,-304
5,1563793522986,-224,-768,-1184
5,1563793522990,-512,-976,-1360
1,1563793522998,-400,832,-96
1,1563793523003,-304,816,-32
3,1563793523015,656,1344,-320
3,1563793523020,688,1648,-320
5,1563793523025,-672,-1120,-1536
5,1563793523030,-720,-1216,-1904
1,1563793523037,-320,880,-144
1,1563793523042,-64,1104,-400
3,1563793523056,832,1920,-320
3,1563793523059,800,2048,-352
5,1563793523063,-832,-1232,-2048
5,1563793523067,-880,-1440,-2048
1,1563793523077,496,1328,-240
1,1563793523081,880,1376,-96
3,1563793523096,928,2048,-528
3,1563793523100,1088,1792,-688
5,1563793523104,-720,-1600,-1744
5,1563793523108,-656,-1696,-944
1,1563793523117,1792,1232,304
1,1563793523122,1696,1056,704
3,1563793523133,1088,1056,-672
3,1563793523136,944,544,-688
5,1563793523152,-816,-1856,-304
5,1563793523158,1088,-1488,-1904
1,1563793523165,1888,784,704
1,1563793523170,2048,1216,656
3,1563793523176,496,800,432
3,1563793523181,-1024,2048,1184
5,1563793523187,-624,1184,-880
5,1563793523191,-1856,-1616,-1344
1,1563793523198,2048,2048,1552
1,1563793523202,272,368,48
3,1563793523213,208,2048,-1008
3,1563793523218,-16,592,1248
3,1563793523223,1888,-368,-848
5,1563793523227,-672,160,-1104
5,1563793523231,672,-1296,-1040
1,1563793523237,-1904,464,-1568
1,1563793523241,-2032,288,-1552
3,1563793523253,352,1360,-336
3,1563793523257,672,1776,-320
5,1563793523263,-640,-992,-1248
5,1563793523266,-368,-448,-1200
1,1563793523277,-912,2048,-880
1,1563793523281,96,2048,-144
3,1563793523294,560,1200,-112
3,1563793523301,640,880,-80
5,1563793523304,-256,-288,-1088
5,1563793523309,-256,-320,-992
1,1563793523317,-240,1056,-128
1,1563793523321,-320,1136,-576
3,1563793523334,560,896,112
3,1563793523338,432,976,176
5,1563793523342,-64,-352,-976
5,1563793523345,16,-368,-944
5,1563793523349,16,-336,-976
1,1563793523357,-144,1184,-768
1,1563793523361,96,1008,-576
3,1563793523374,432,960,208
3,1563793523378,480,928,176
5,1563793523382,-16,-336,-960
5,1563793523385,-32,-336,-960
1,1563793523399,336,1024,-384
1,1563793523403,320,896,-192
1,1563793523407,272,768,-112
3,1563793523414,352,896,176
3,1563793523419,288,864,176
5,1563793523423,-64,-320,-912
1,1563793523437,272,816,-96
1,1563793523440,320,896,-208
3,1563793523454,352,864,160
3,1563793523459,384,912,224
5,1563793523464,-48,-336,-912
5,1563793523468,-48,-336,-960
5,1563793523472,-16,-304,-928
1,1563793523477,432,896,-176
3,1563793523492,320,912,208
3,1563793523496,256,912,192
5,1563793523502,-48,-304,-944
5,1563793523505,-80,-288,-976
1,1563793523521,384,864,-160
1,1563793523526,400,896,-128
1,1563793523530,352,976,-80
3,1563793523535,320,960,192
3,1563793523540,304,992,96
5,1563793523543,-64,-288,-976
5,1563793523546,-96,-304,-976
1,1563793523557,240,976,-80
1,1563793523561,240,944,-208
3,1563793523573,352,976,64
3,1563793523577,480,992,112
5,1563793523582,-112,-320,-976
5,1563793523586,-32,-304,-1056
1,1563793523597,176,1040,-304
3,1563793523616,464,1088,96
3,1563793523635,368,1136,48
5,1563793523639,-80,-272,-1088
5,1563793523643,-144,-240,-1072
1,1563793523647,192,1104,-224
1,1563793523651,256,1088,-48
1,1563793523656,352,1072,80
3,1563793523660,336,1136,16
5,1563793523663,-144,-256,-1072
5,1563793523666,-112,-288,-1104
1,1563793523677,352,992,128
1,1563793523681,496,976,144
3,1563793523693,320,1152,64
3,1563793523697,272,1168,64
3,1563793523704,288,1280,128
5,1563793523708,-128,-256,-1104
5,1563793523712,-80,-240,-1200
1,1563793523718,816,1056,208
1,1563793523723,1104,1248,352
3,1563793523734,224,1584,240
3,1563793523740,272,2000,336
5,1563793523743,0,-160,-1312
5,1563793523747,192,-512,-1488
1,1563793523757,864,1408,800
1,1563793523760,272,1536,448
3,1563793523774,448,2048,416
3,1563793523778,720,2048,208
5,1563793523783,16,-1360,-2048
5,1563793523786,336,-1152,-2048
1,1563793523797,-528,1536,-144
1,1563793523801,-848,1648,-400
3,1563793523813,448,1552,240
3,1563793523816,640,1008,-192
5,1563793523825,0,-1376,-2048
5,1563793523829,-800,-224,-1248
1,1563793523838,-800,1888,-128
1,1563793523842,-896,1696,160
3,1563793523855,-16,848,128
3,1563793523859,-432,624,-192
5,1563793523862,400,-560,-1568
5,1563793523865,512,384,-1344
1,1563793523879,-928,1280,96
1,1563793523883,-576,1136,144
3,1563793523897,-544,608,-304
3,1563793523901,-208,528,-336
5,1563793523905,-208,896,-592
5,1563793523908,-592,688,-640
1,1563793523916,-464,1104,288
1,1563793523920,-528,992,256
3,1563793523936,-112,640,-304
3,1563793523942,-368,784,-448
5,1563793523949,-848,256,-896
5,1563793523953,-1376,160,-800
1,1563793523958,-592,912,96
1,1563793523962,-496,704,0
3,1563793523973,-624,864,-624
3,1563793523978,-624,1024,-800
3,1563793523983,-352,1184,-832
5,1563793523988,-1408,144,-816
5,1563793523991,-1328,128,-928
5,1563793523998,-1344,48,-1024
1,1563793524002,-464,736,-144
1,1563793524006,-352,608,-240
3,1563793524014,-112,1264,-752
3,1563793524017,0,1312,-672
5,1563793524026,-1392,-224,-1152
5,1563793524030,-1376,-416,-1248
1,1563793524038,-336,592,-304
1,1563793524042,-352,464,-432
3,1563793524054,192,1456,-736
3,1563793524058,384,1552,-768
5,1563793524062,-1136,-592,-1408
5,1563793524065,-1152,-800,-1328
1,1563793524077,-272,528,-240
1,1563793524081,-176,640,-208
3,1563793524094,544,1616,-720
3,1563793524099,1120,1600,-896
5,1563793524103,-1136,-1168,-1168
5,1563793524108,-1152,-2032,-1232
1,1563793524117,112,688,-304
1,1563793524120,640,752,-80
3,1563793524133,1552,1424,-1120
3,1563793524139,1424,1008,-1280
5,1563793524143,-1168,-2032,-784
1,1563793524158,1104,864,64
1,1563793524162,1008,928,80
3,1563793524175,1456,672,-1376
3,1563793524180,1408,608,-1280
5,1563793524184,-1264,-2032,-112
5,1563793524188,-1264,-2032,32
5,1563793524192,-656,-1392,-752
1,1563793524198,896,960,112
1,1563793524202,128,608,-80
3,1563793524214,272,1056,976
3,1563793524218,-656,1680,1328
5,1563793524221,1312,608,-1840
5,1563793524225,-400,-720,-896
1,1563793524237,400,1040,144
1,1563793524241,1760,2048,224
1,1563793524245,352,992,-96
3,1563793524256,1232,1824,-672
3,1563793524261,-64,928,336
5,1563793524265,-928,-960,-1552
5,1563793524269,112,-80,-848
1,1563793524278,-480,896,-192
1,1563793524282,-128,816,-208
3,1563793524293,240,720,32
3,1563793524298,448,1088,-48
5,1563793524302,-400,-432,-1008
5,1563793524306,-224,-464,-1168
1,1563793524316,160,1184,-192
3,1563793524334,400,1216,208
3,1563793524338,400,976,144
5,1563793524344,-176,-384,-1088
5,1563793524349,-64,-336,-1024
1,1563793524359,160,1200,-320
1,1563793524364,80,1008,-336
1,1563793524368,144,1024,-336
3,1563793524373,320,976,176
3,1563793524376,384,1008,176
5,1563793524381,-80,-288,-1008
5,1563793524385,-112,-352,-1008
1,1563793524400,144,1088,-336
1,1563793524404,160,1056,-272
3,1563793524416,432,992,160
3,1563793524420,320,992,192
5,1563793524423,-64,-336,-976
5,1563793524426,-80,-288,-960
1,1563793524437,224,992,-176
3,1563793524455,256,1008,192
3,1563793524459,336,992,176
5,1563793524464,-96,-304,-976
5,1563793524468,-96,-336,-992
1,1563793524477,256,992,-192
1,1563793524483,256,976,-208
1,1563793524487,192,944,-288
3,1563793524499,384,944,176
3,1563793524504,368,912,192
5,1563793524508,-96,-352,-976
5,1563793524512,-64,-352,-944
1,1563793524517,272,944,-288
1,1563793524522,384,912,-192
3,1563793524534,352,928,240
3,1563793524539,336,928,240
5,1563793524544,-48,-320,-960
5,1563793524548,-32,-336,-960
1,1563793524558,304,912,-96
1,1563793524563,240,944,-48
3,1563793524573,192,960,144
3,1563793524576,256,976,160
5,1563793524580,-96,-336,-928
5,1563793524585,-80,-336,-960
1,1563793524599,320,928,-48
1,1563793524604,320,944,-96
3,1563793524615,384,944,160
3,1563793524620,320,944,128
5,1563793524625,-64,-336,-960
5,1563793524629,-96,-320,-976
1,1563793524638,384,960,-80
1,1563793524644,528,912,-16
3,1563793524655,320,976,128
3,1563793524667,304,1024,128
5,1563793524671,-128,-288,-992
5,1563793524675,-160,-256,-1040
5,1563793524680,-144,-240,-1056
1,1563793524684,592,976,128
1,1563793524688,576,1024,256
3,1563793524699,272,1120,96
3,1563793524703,208,1216,80
5,1563793524707,-176,-224,-1104
5,1563793524711,-224,-160,-1200
1,1563793524718,624,1024,400
1,1563793524722,816,1040,560
3,1563793524734,128,1344,96
3,1563793524738,16,1600,96
3,1563793524742,-96,2048,160
5,1563793524745,-416,16,-1376
1,1563793524758,1312,1184,768
1,1563793524762,1056,1760,1152
3,1563793524774,-304,2048,464
3,1563793524779,768,2016,160
5,1563793524783,-368,144,-1600
5,1563793524787,48,-640,-1504
5,1563793524791,576,-1728,-2048
1,1563793524797,160,1776,624
1,1563793524801,-768,1488,-496
3,1563793524816,1136,1024,-128
3,1563793524821,928,640,112
5,1563793524825,304,-1536,-1776
5,1563793524830,160,-832,-1120
1,1563793524838,-912,1488,-592
1,1563793524842,-592,1472,-448
3,1563793524854,384,480,112
3,1563793524859,-160,304,-32
5,1563793524863,-400,-480,-1056
5,1563793524868,784,256,-1152
1,1563793524892,-640,1376,-224
1,1563793524896,-720,1280,-240
3,1563793524900,-336,368,16
3,1563793524904,-224,192,-176
5,1563793524907,352,496,-512
5,1563793524910,-240,624,-208
1,1563793524919,-544,880,-304
1,1563793524922,-448,752,-256
3,1563793524935,-144,80,-144
3,1563793524939,-96,224,-144
5,1563793524945,-192,528,-240
5,1563793524950,-320,432,-224
1,1563793524958,-368,656,-224
1,1563793524961,-480,672,-128
3,1563793524974,-80,304,-272
3,1563793524979,-112,304,-400
5,1563793524984,-496,208,-272
5,1563793524988,-608,-112,-304
1,1563793524999,-528,544,-128
1,1563793525003,-592,400,-112
3,1563793525013,-32,400,-448
3,1563793525017,208,496,-528
5,1563793525023,-560,-224,-272
5,1563793525027,-512,-368,-192
1,1563793525039,-560,352,-176
1,1563793525043,-576,272,-288
3,1563793525055,432,560,-592
3,1563793525059,784,624,-704
5,1563793525063,-512,-608,-96
5,1563793525067,-448,-1136,-160
1,1563793525078,-416,352,-240
1,1563793525083,-160,432,-224
1,1563793525087,80,576,-160
3,1563793525094,1056,752,-784
3,1563793525098,1152,896,-736
5,1563793525102,-432,-1632,-256
5,1563793525106,-496,-1840,-224
1,1563793525117,240,816,-176
1,1563793525121,176,960,-160
3,1563793525135,1056,944,-688
3,1563793525140,960,928,-640
5,1563793525144,-656,-1856,-80
5,1563793525148,-576,-1840,-16
1,1563793525158,64,1040,-80
3,1563793525174,880,992,-544
3,1563793525179,704,1040,-576
5,1563793525183,-304,-1664,-16
5,1563793525187,-512,-1376,160
1,1563793525204,336,1136,-96
1,1563793525208,576,1120,96
1,1563793525210,592,1008,128
3,1563793525214,608,960,-608
3,1563793525217,656,896,-432
5,1563793525221,-416,-1456,144
5,1563793525225,-256,-1392,32
1,1563793525239,688,880,176
1,1563793525246,1104,768,128
3,1563793525254,1184,592,-576
3,1563793525259,-112,1360,848
5,1563793525263,-96,-2032,-2048
5,1563793525267,-384,576,304
1,1563793525277,1376,832,528
3,1563793525294,304,1504,912
3,1563793525298,-320,1776,1104
5,1563793525303,704,-640,-2048
5,1563793525306,368,16,-1760
1,1563793525317,1488,1008,256
1,1563793525321,656,1216,-16
1,1563793525325,848,1568,528
3,1563793525335,48,1728,-96
3,1563793525341,-32,2016,-416
5,1563793525346,-576,-320,-1408
5,1563793525351,-512,48,-1232
1,1563793525360,576,1456,400
1,1563793525364,-624,1184,-672
3,1563793525376,352,1856,80
3,1563793525382,960,560,-112
5,1563793525388,-96,-128,-1200
5,1563793525393,128,-496,-784
5,1563793525398,48,-544,-736
1,1563793525405,-1072,960,-1216
1,1563793525409,-384,928,-880
3,1563793525415,784,80,-96
3,1563793525419,928,544,-240
5,1563793525424,-112,-432,-848
5,1563793525428,-128,-208,-1040
1,1563793525437,240,1152,-384
1,1563793525442,464,1264,-16
3,1563793525454,608,1088,-176
3,1563793525458,496,1360,-208
5,1563793525478,-240,-176,-1136
1,1563793525487,144,1200,-64
1,1563793525491,-416,992,-240
3,1563793525496,592,1008,-192
3,1563793525501,672,496,-272
3,1563793525506,592,784,-304
5,1563793525509,-144,-272,-944
5,1563793525513,-112,-400,-848
5,1563793525518,-176,-208,-992
1,1563793525524,-160,1008,-160
1,1563793525528,352,1056,48
3,1563793525536,640,1200,-176
3,1563793525540,624,1472,-288
5,1563793525544,-96,-192,-1216
5,1563793525548,-288,-64,-1456
1,1563793525558,784,1104,224
1,1563793525562,1152,1248,416
3,1563793525575,528,1888,-272
3,1563793525579,512,2048,-112
5,1563793525583,-336,96,-1680
5,1563793525587,-128,128,-1744
1,1563793525597,1392,1216,624
1,1563793525602,1376,1184,608
3,1563793525615,432,2048,160
3,1563793525618,336,2048,624
5,1563793525650,128,32,-1872
5,1563793525655,432,-32,-1472
1,1563793525660,1024,1152,480
3,1563793525664,160,1392,672
1,1563793525669,400,928,128
3,1563793525672,-144,224,464
5,1563793525677,624,-208,-1472
5,1563793525681,224,320,-1536
1,1563793525684,-240,896,-400
1,1563793525687,-416,1040,-672
3,1563793525694,-1120,-336,672
3,1563793525697,-720,-272,560
5,1563793525704,176,1856,-416
5,1563793525708,816,1104,-1488
1,1563793525719,-608,1040,-784
1,1563793525723,-384,1088,-688
3,1563793525736,-544,336,400
3,1563793525739,-80,176,256
5,1563793525743,256,1408,-256
5,1563793525747,288,592,-368
1,1563793525758,-544,1040,-512
1,1563793525762,-704,848,-464
3,1563793525775,224,176,16
3,1563793525779,336,400,-128
5,1563793525783,0,144,-336
5,1563793525787,-112,-272,-288
1,1563793525799,-864,816,-352
1,1563793525803,-848,720,-208
3,1563793525815,720,656,-448
3,1563793525819,1376,768,-1040
5,1563793525825,-304,-992,-496
5,1563793525829,-304,-2000,-752
1,1563793525838,-704,720,-80
1,1563793525841,-496,640,64
3,1563793525854,1648,960,-944
3,1563793525858,1568,1104,-1040
5,1563793525863,-320,-1808,-416
5,1563793525867,-912,-1952,-160
1,1563793525879,-128,864,-32
1,1563793525884,80,896,-80
3,1563793525894,1328,1072,-1168
3,1563793525898,1072,1040,-1152
5,1563793525919,-1088,-2032,-160
5,1563793525923,-1152,-2032,-48
1,1563793525927,224,1008,-144
1,1563793525931,352,1104,-112
1,1563793525935,336,1136,32
3,1563793525939,1168,1024,-992
5,1563793525943,-1024,-2032,-32
3,1563793525946,1120,992,-784
5,1563793525950,-768,-2016,-80
1,1563793525957,544,1072,80
1,1563793525960,720,1056,112
3,1563793525974,800,1040,-576
3,1563793525981,672,1008,-400
5,1563793525985,-496,-1456,-32
5,1563793525989,-144,-1280,-128
1,1563793525998,720,832,144
3,1563793526014,864,768,-336
3,1563793526018,592,864,-416
5,1563793526024,-576,-2032,-432
5,1563793526028,-656,-96,-1344
5,1563793526033,256,-2032,-2048
1,1563793526039,800,624,224
1,1563793526043,560,736,352
1,1563793526047,1520,896,560
3,1563793526054,-112,1280,608
3,1563793526058,96,1792,1360
5,1563793526062,736,816,-752
1,1563793526078,1504,1168,320
1,1563793526082,640,1376,96
3,1563793526096,80,2048,1040
3,1563793526100,-128,1696,-992
5,1563793526104,896,-208,-2048
5,1563793526108,-1216,-304,-1120
5,1563793526111,-112,-256,-1120
1,1563793526120,64,1264,48
1,1563793526124,496,1392,-288
3,1563793526135,768,1216,-64
3,1563793526140,384,1424,224
5,1563793526144,64,0,-1264
5,1563793526147,16,-448,-864
1,1563793526158,-64,1424,-672
1,1563793526161,-368,960,-928
3,1563793526174,944,960,-176
3,1563793526179,752,384,-112
5,1563793526183,-32,-352,-800
1,1563793526199,-64,1136,-464
1,1563793526205,-144,1296,-80
3,1563793526214,704,800,-320
3,1563793526217,560,1040,-320
5,1563793526224,-112,-352,-976
5,1563793526229,-128,-240,-976
5,1563793526233,-160,-224,-1056
1,1563793526239,48,1280,16
1,1563793526244,-48,1184,-64
3,1563793526254,592,1088,-288
3,1563793526258,656,832,-304
3,1563793526262,624,656,-304
5,1563793526266,-128,-336,-976
5,1563793526269,-144,-352,-928
1,1563793526278,-224,1056,-176
1,1563793526281,128,992,-160
3,1563793526294,624,848,-288
3,1563793526299,672,1040,-192
5,1563793526303,-176,-320,-992
5,1563793526307,-112,-240,-1152
1,1563793526317,480,1056,-112
1,1563793526321,688,992,64
3,1563793526348,704,1136,-176
3,1563793526351,592,1568,-368
5,1563793526355,-32,-176,-1264
5,1563793526360,-288,-32,-1520
1,1563793526363,944,992,192
1,1563793526367,1328,1120,496
3,1563793526375,576,1968,-192
3,1563793526379,672,2048,80
5,1563793526383,-208,80,-1744
5,1563793526386,64,-80,-1952
1,1563793526400,1408,1120,624
1,1563793526404,1328,1168,608
3,1563793526413,640,2048,480
3,1563793526417,528,2032,416
5,1563793526420,416,-48,-2000
5,1563793526424,480,-240,-1712
1,1563793526439,848,1056,288
1,1563793526443,352,1168,-176
3,1563793526454,80,1376,400
3,1563793526458,-80,368,240
5,1563793526462,256,-16,-1520
5,1563793526466,144,-288,-1264
1,1563793526478,-128,1152,-528
1,1563793526484,-432,1136,-704
3,1563793526497,-656,-320,464
3,1563793526502,-688,-608,432
5,1563793526508,656,2048,-128
5,1563793526513,496,464,-1280
1,1563793526519,-528,1040,-800
1,1563793526524,-368,1040,-672
3,1563793526535,-480,96,512
3,1563793526540,-336,48,304
5,1563793526545,176,1344,-256
5,1563793526549,96,704,-208
1,1563793526559,-576,928,-480
1,1563793526563,-736,752,-448
3,1563793526576,-112,48,0
3,1563793526583,432,160,-240
5,1563793526587,112,400,-192
5,1563793526592,-32,-432,-336
1,1563793526602,-800,656,-320
1,1563793526606,-752,528,-112
3,1563793526614,912,304,-320
3,1563793526618,1040,480,-464
5,1563793526622,-32,-976,-400
5,1563793526625,-32,-1056,-384
1,1563793526638,-656,528,0
1,1563793526643,-480,800,48
3,1563793526655,1040,688,-576
3,1563793526661,1104,960,-656
5,1563793526665,-272,-1120,-272
5,1563793526670,-416,-1552,-272
1,1563793526680,-352,816,80
1,1563793526686,-320,896,0
3,1563793526696,1184,1184,-800
3,1563793526700,1344,1248,-880
5,1563793526704,-704,-1984,-240
5,1563793526708,-672,-2032,-320
5,1563793526712,-576,-2032,-256
1,1563793526719,-112,1088,-112
1,1563793526723,128,1136,-144
3,1563793526734,1456,1168,-896
3,1563793526738,1360,1168,-880
5,1563793526742,-768,-2032,48
5,1563793526746,-1008,-2032,272
1,1563793526759,576,1168,-112
1,1563793526763,704,1200,-112
1,1563793526767,864,1088,-48
3,1563793526781,1040,1184,-880
3,1563793526785,976,1008,-704
5,1563793526789,-640,-1968,224
3,1563793526816,832,704,-656
3,1563793526820,1296,352,-944
5,1563793526824,-32,-1920,384
5,1563793526829,-1024,-2032,-1440
5,1563793526833,-960,1584,880
1,1563793526839,912,800,160
1,1563793526843,880,464,320
1,1563793526846,496,448,368
1,1563793526850,960,512,560
3,1563793526858,-752,1248,304
3,1563793526864,672,1136,336
5,1563793526871,704,-2032,-2048
5,1563793526875,1552,464,-352
1,1563793526879,1376,1088,272
1,1563793526883,896,1664,-96
3,1563793526896,16,2048,2032
3,1563793526900,16,2048,-160
5,1563793526908,528,-112,-2048
5,1563793526912,-1232,-336,-944
1,1563793526919,-144,1232,-352
1,1563793526923,1264,1328,272
3,1563793526936,272,928,-816
3,1563793526940,528,2048,576
5,1563793526943,240,288,-1520
5,1563793526947,-384,-256,-1104
1,1563793526957,368,1744,-400
3,1563793526974,752,1632,-624
3,1563793526978,704,240,-96
5,1563793526983,144,-432,-800
5,1563793526987,-128,-432,-784
3,1563793527014,736,432,-368
3,1563793527020,832,608,-352
3,1563793527025,672,1440,-208
5,1563793527029,-128,-432,-816
5,1563793527034,-32,-96,-1184
1,1563793527039,-736,1104,-704
1,1563793527043,-624,928,-672
1,1563793527049,-288,1120,-368
1,1563793527052,464,1376,16
1,1563793527056,288,1392,96
3,1563793527060,608,1136,-320
3,1563793527062,608,672,-288
5,1563793527066,-160,-240,-1200
5,1563793527070,-64,-336,-912
1,1563793527078,-320,1040,-48
1,1563793527082,-32,976,-128
3,1563793527096,688,736,-416
3,1563793527103,752,1216,-336
5,1563793527106,-208,-352,-976
5,1563793527110,-224,-256,-1232
1,1563793527119,592,1104,-64
1,1563793527124,1232,1184,224
3,1563793527134,736,1696,-272
3,1563793527139,608,2048,-160
5,1563793527143,-160,-80,-1552
5,1563793527147,-160,128,-1776
1,1563793527158,1616,1216,512
1,1563793527161,1392,1104,608
3,1563793527175,592,2048,48
3,1563793527179,656,2048,208
5,1563793527183,-48,-16,-1936
5,1563793527187,384,-80,-1568
1,1563793527199,976,1168,352
1,1563793527203,576,1152,-144
3,1563793527213,512,1584,128
3,1563793527217,224,800,176
5,1563793527223,160,-448,-1600
5,1563793527227,80,-384,-1152
1,1563793527240,192,1104,-560
1,1563793527243,-176,992,-736
3,1563793527254,432,32,224
3,1563793527259,-1200,-256,880
1,1563793527278,-288,1232,-720
1,1563793527283,-544,1072,-608
3,1563793527295,-1088,-48,528
3,1563793527300,-736,304,384
5,1563793527306,496,-528,-1792
5,1563793527311,-288,2048,-240
5,1563793527315,480,880,-1040
5,1563793527319,608,1616,-336
1,1563793527326,-480,960,-624
1,1563793527331,-480,912,-400
3,1563793527335,16,256,336
3,1563793527340,272,272,176
5,1563793527345,640,896,-448
5,1563793527349,272,368,-512
5,1563793527353,16,-224,-512
1,1563793527360,-624,848,-320
1,1563793527364,-752,736,-240
3,1563793527374,288,416,64
3,1563793527378,464,720,-208
5,1563793527383,-48,-416,-416
1,1563793527399,-768,704,-192
1,1563793527403,-864,576,-80
3,1563793527415,944,816,-656
3,1563793527418,1440,784,-896
5,1563793527422,-64,-1008,-528
5,1563793527426,96,-1616,-704
5,1563793527431,-224,-1920,-528
1,1563793527440,-704,512,96
1,1563793527445,-192,640,96
3,1563793527456,1760,896,-800
3,1563793527460,1760,992,-736
5,1563793527465,-592,-2032,-336
5,1563793527468,-848,-2032,-112
1,1563793527478,112,768,48
1,1563793527482,96,976,-80
3,1563793527494,1264,1152,-912
3,1563793527498,912,1280,-992
5,1563793527507,-992,-2032,64
1,1563793527518,144,1088,-112
1,1563793527521,400,1040,0
3,1563793527535,1184,1088,-976
3,1563793527539,1456,912,-784
5,1563793527545,-896,-2032,320
5,1563793527550,-528,-2032,512
5,1563793527554,-160,-1904,560
1,1563793527559,736,976,192
1,1563793527563,880,816,160
3,1563793527575,1168,784,-624
3,1563793527579,1360,352,-880
5,1563793527583,-528,-2032,-352
5,1563793527587,-816,0,-1488
1,1563793527598,800,528,272
1,1563793527602,688,544,128
1,1563793527606,1248,624,496
3,1563793527614,-368,1088,-16
3,1563793527618,320,1184,336
5,1563793527622,-48,-1616,-2048
5,1563793527626,1040,768,-768
1,1563793527661,1712,1120,304
3,1563793527665,208,2048,1888
3,1563793527668,-80,2048,208
1,1563793527672,1248,1616,224
5,1563793527675,992,-80,-2048
5,1563793527679,-1472,-400,-944
1,1563793527685,32,1312,-48
3,1563793527695,96,1392,-1216
3,1563793527699,624,1504,576
5,1563793527704,160,80,-1296
5,1563793527709,16,-272,-1072
1,1563793527718,336,1392,-32
1,1563793527722,-224,1616,-704
1,1563793527725,-384,1088,-832
3,1563793527736,800,1280,-368
3,1563793527741,768,432,-160
5,1563793527744,32,-464,-800
5,1563793527748,-144,-304,-864
1,1563793527759,-144,1136,-528
1,1563793527763,-304,1280,-224
3,1563793527780,768,672,-352
3,1563793527784,688,736,-352
3,1563793527788,592,1008,-320
5,1563793527792,-96,-400,-896
5,1563793527796,-160,-256,-1040
1,1563793527800,-16,1296,-32
3,1563793527816,624,1056,-320
3,1563793527820,640,816,-320
5,1563793527823,-112,-272,-1040
5,1563793527827,-112,-272,-960
1,1563793527838,80,1280,0
1,1563793527843,32,1120,-96
1,1563793527846,208,1024,-144
3,1563793527855,592,880,-288
3,1563793527859,656,976,-272
5,1563793527864,-160,-256,-1024
5,1563793527868,-112,-256,-1040
1,1563793527880,464,1024,-32
1,1563793527885,688,1008,64
3,1563793527917,704,1152,-256
3,1563793527924,592,1664,-336
5,1563793527927,-64,-192,-1280
5,1563793527931,-208,-64,-1520
1,1563793527936,1232,976,240
1,1563793527942,1536,1040,528
3,1563793527945,656,2000,-176
3,1563793527949,656,2048,112
5,1563793527953,-208,96,-1776
5,1563793527961,32,16,-1904
1,1563793527969,1536,1056,544
1,1563793527973,1264,1120,448
3,1563793527977,656,2048,368
3,1563793527981,416,1968,256
5,1563793527985,320,-32,-2032
5,1563793527989,432,-128,-1664
1,1563793527999,640,1104,64
1,1563793528003,160,1216,-320
3,1563793528015,-16,1184,240
3,1563793528019,-32,224,304
5,1563793528023,288,-16,-1456
5,1563793528027,-32,-448,-1184
5,1563793528032,1264,2048,-752
1,1563793528039,-288,1136,-544
1,1563793528043,-640,1200,-816
3,1563793528053,-720,-512,912
3,1563793528057,-560,-512,672
5,1563793528061,192,368,-1168
5,1563793528065,752,1648,16
1,1563793528078,-688,1392,-784
1,1563793528083,-624,1088,-336
3,1563793528095,-592,224,592
3,1563793528101,-192,64,288
5,1563793528106,384,672,-128
1,1563793528118,-960,816,-256
1,1563793528123,-912,720,-288
3,1563793528135,160,-32,-64
3,1563793528140,464,128,-256
5,1563793528144,320,288,-176
5,1563793528148,192,-160,-256
5,1563793528152,0,-512,-320
1,1563793528158,-848,480,-192
1,1563793528163,-736,528,-112
3,1563793528175,816,400,-416
3,1563793528180,1152,688,-592
5,1563793528198,-128,-960,-528
5,1563793528203,-448,-1264,-512
1,1563793528207,-592,704,32
1,1563793528211,-448,848,128
3,1563793528216,1056,992,-752
3,1563793528219,1120,1168,-944
5,1563793528223,-688,-1760,-560
5,1563793528226,-688,-2032,-608
1,1563793528238,-448,832,32
1,1563793528242,-128,928,-112
3,1563793528254,1328,1232,-960
3,1563793528259,1584,1360,-1008
5,1563793528263,-736,-2032,-592
5,1563793528268,-880,-2032,-336
3,1563793528294,1424,1344,-896
3,1563793528299,1120,1248,-784
5,1563793528303,-992,-2032,-176
5,1563793528307,-944,-2032,-32
1,1563793528321,320,1168,-192
1,1563793528324,672,1328,-240
1,1563793528328,768,1184,-48
1,1563793528332,768,1040,64
3,1563793528337,800,1056,-720
3,1563793528341,512,944,-576
5,1563793528345,-544,-1392,112
5,1563793528349,-208,-992,224
1,1563793528358,800,864,272
1,1563793528364,640,592,384
3,1563793528377,416,688,-400
3,1563793528381,1072,208,-720
5,1563793528386,-112,-2032,-1264
5,1563793528390,-1104,736,-1040
1,1563793528397,704,256,304
1,1563793528401,752,416,432
3,1563793528417,-320,1040,176
3,1563793528421,368,1648,752
5,1563793528425,272,-1696,-2048
5,1563793528429,768,480,-848
1,1563793528438,1152,800,304
1,1563793528442,1440,1152,-48
1,1563793528446,1968,1968,656
3,1563793528459,400,1920,1744
3,1563793528463,-496,2048,-848
5,1563793528469,496,16,-2048
5,1563793528474,-1552,224,-1264
1,1563793528479,48,1600,368
1,1563793528483,-720,1056,-880
3,1563793528495,48,2048,-384
3,1563793528499,1120,400,176
5,1563793528506,352,-256,-1088
5,1563793528511,112,-368,-848
1,1563793528519,-528,1072,-1200
3,1563793528538,592,432,-160
3,1563793528543,1056,656,-320
3,1563793528548,672,944,-272
5,1563793528553,-80,-464,-784
5,1563793528558,-144,-384,-992
1,1563793528565,32,1248,-848
1,1563793528571,176,1248,-384
1,1563793528592,-224,1200,-224
3,1563793528598,816,800,-288
3,1563793528602,576,976,-352
5,1563793528610,-128,-384,-944
5,1563793528615,-96,-256,-1056
1,1563793528619,-128,1328,-16
1,1563793528623,112,1328,80
3,1563793528626,640,1072,-368
3,1563793528630,624,1120,-224
5,1563793528634,-224,-272,-1056
5,1563793528637,-144,-224,-1152
1,1563793528643,272,1056,160
1,1563793528647,336,976,128
3,1563793528654,704,1008,-256
3,1563793528659,624,1360,-432
5,1563793528666,0,-176,-1200
5,1563793528670,-272,-192,-1280
5,1563793528674,-288,-48,-1568
1,1563793528678,864,1040,176
1,1563793528682,1504,1072,352
3,1563793528695,704,1824,-208
3,1563793528699,672,2048,112
5,1563793528703,-112,80,-1872
1,1563793528718,1872,1056,544
1,1563793528724,1504,1072,592
3,1563793528738,576,2048,464
3,1563793528742,400,1856,416
5,1563793528746,224,-16,-2048
5,1563793528750,512,80,-1648
5,1563793528754,400,-240,-1488
1,1563793528761,512,992,128
1,1563793528767,-112,960,-272
3,1563793528775,-48,944,288
3,1563793528782,-224,16,384
5,1563793528787,-400,-288,-1232
5,1563793528793,1232,2048,-1120
1,1563793528798,-256,960,-496
1,1563793528802,-624,1056,-672
3,1563793528816,-752,-352,928
3,1563793528819,-560,-320,576
5,1563793528823,416,240,-864
1,1563793528840,-544,880,-576
1,1563793528844,-352,1120,-288
3,1563793528855,-480,336,480
3,1563793528859,-176,160,272
5,1563793528863,880,1776,-160
5,1563793528867,240,880,-272
5,1563793528871,160,368,-432
1,1563793528880,-624,1040,-352
1,1563793528884,-832,992,-368
3,1563793528900,0,112,64
3,1563793528904,64,400,-176
5,1563793528909,-160,32,-528
5,1563793528914,-160,-368,-800
1,1563793528920,-832,800,-240
1,1563793528923,-784,720,-144
3,1563793528933,528,672,-336
3,1563793528937,720,896,-352
5,1563793528941,-208,-608,-1008
5,1563793528945,-416,-688,-1088
1,1563793528961,-656,848,-64
1,1563793528965,-448,816,-80
3,1563793528976,704,1152,-416
3,1563793528980,752,1488,-544
5,1563793528984,-784,-1024,-1328
5,1563793528988,-912,-1680,-1808
1,1563793528998,-384,736,-160
1,1563793529007,-80,1024,-256
3,1563793529017,912,2016,-608
3,1563793529021,1328,2048,-640
5,1563793529026,-608,-1984,-2048
5,1563793529030,-656,-1840,-2000
1,1563793529039,368,1088,-208
1,1563793529043,912,1008,-48
3,1563793529053,1120,1856,-512
3,1563793529056,672,1792,-416
5,1563793529060,-752,-1488,-1600
5,1563793529066,-832,-1264,-1280
1,1563793529078,960,1008,96
1,1563793529082,1072,1088,368
3,1563793529095,416,1392,-464
3,1563793529100,416,1184,-464
5,1563793529103,-880,-1280,-912
5,1563793529106,-976,-1408,-496
1,1563793529118,976,1008,512
1,1563793529122,1152,864,416
3,1563793529135,464,784,-544
3,1563793529140,528,544,-608
5,1563793529144,-928,-1328,-288
5,1563793529148,-656,-1232,-448
1,1563793529157,1168,720,304
1,1563793529160,816,544,224
3,1563793529175,400,608,-544
3,1563793529180,0,832,1808
5,1563793529185,96,-288,-752
5,1563793529189,2048,2048,-2048
1,1563793529198,-16,688,288
1,1563793529202,2048,2048,64
3,1563793529216,0,2048,2032
3,1563793529220,992,2048,-2048
5,1563793529224,-2032,-1776,-992
5,1563793529228,-944,48,-1280
1,1563793529238,2048,1424,1184
1,1563793529242,-1328,608,-752
3,1563793529254,-576,1264,1360
3,1563793529258,1632,-288,-1072
5,1563793529261,-464,-1808,-1408
5,1563793529266,-176,-496,-816
1,1563793529281,-2032,576,-1312
1,1563793529286,-1216,1360,-960
1,1563793529289,-336,2048,-480
3,1563793529295,480,1200,-256
3,1563793529299,736,1472,-192
3,1563793529304,688,1168,-80
5,1563793529307,-320,-304,-1056
5,1563793529311,-96,-336,-1040
1,1563793529321,-336,1584,-416
1,1563793529325,-528,1248,-384
3,1563793529334,592,1056,-208
3,1563793529338,496,960,-16
5,1563793529343,-144,-320,-1024
5,1563793529347,-144,-352,-960
5,1563793529351,-32,-368,-960
1,1563793529358,-176,1328,-656
3,1563793529376,576,944,176
3,1563793529380,528,880,208
5,1563793529384,64,-368,-976
5,1563793529388,32,-368,-960
1,1563793529398,176,1024,-624
1,1563793529402,352,944,-448
1,1563793529406,416,928,-256
3,1563793529413,448,896,192
3,1563793529417,400,896,224
5,1563793529423,0,-352,-928
1,1563793529440,304,784,-112
1,1563793529444,256,752,-96
3,1563793529455,272,848,224
3,1563793529459,288,848,176
5,1563793529464,16,-352,-944
5,1563793529468,-48,-336,-912
5,1563793529471,-32,-352,-912
1,1563793529478,320,800,-208
3,1563793529495,400,800,208
3,1563793529500,384,848,192
5,1563793529525,-16,-352,-912
5,1563793529529,-48,-336,-928
1,1563793529534,384,816,-240
1,1563793529538,368,832,-160
1,1563793529542,432,864,-32
3,1563793529546,304,912,128
3,1563793529550,272,928,96
5,1563793529554,-64,-320,-928
5,1563793529558,-128,-320,-944
1,1563793529562,432,896,-48
1,1563793529565,480,912,-96
3,1563793529575,320,960,176
3,1563793529579,384,1056,208
5,1563793529583,-48,-288,-1008
5,1563793529588,16,-272,-1040
1,1563793529598,368,1024,-112
1,1563793529602,144,1056,-192
3,1563793529614,416,1072,96
3,1563793529618,400,1104,-16
5,1563793529635,-96,-256,-1056
5,1563793529639,-224,-240,-1024
1,1563793529643,112,1088,-240
1,1563793529647,160,1088,-144
3,1563793529654,416,1104,0
3,1563793529658,416,1104,48
5,1563793529662,-144,-256,-1072
5,1563793529665,-112,-272,-1056
1,1563793529679,208,1072,-96
1,1563793529682,272,1072,-16
3,1563793529696,368,1136,48
3,1563793529701,336,1216,64
5,1563793529705,-144,-272,-1088
5,1563793529709,-208,-240,-1120
1,1563793529717,464,1088,32
1,1563793529721,816,1248,192
3,1563793529736,288,1440,112
3,1563793529740,160,1744,256
5,1563793529745,-192,-144,-1264
5,1563793529749,32,-240,-1232
1,1563793529758,1040,1360,688
1,1563793529762,832,1328,1008
3,1563793529775,240,1824,112
3,1563793529780,608,1968,0
5,1563793529784,-144,-928,-1408
5,1563793529789,336,-1120,-1728
1,1563793529798,48,1424,608
1,1563793529802,-480,1552,-192
3,1563793529814,432,2048,528
3,1563793529817,528,1520,176
5,1563793529827,576,-1376,-2048
5,1563793529832,256,-1424,-1840
1,1563793529840,-640,1552,-448
1,1563793529843,-480,1584,-224
3,1563793529855,704,1040,-192
3,1563793529860,96,720,32
5,1563793529864,-544,224,-784
5,1563793529867,736,-1472,-1984
1,1563793529878,-752,1632,176
1,1563793529882,-928,1392,16
3,1563793529897,-16,688,-96
3,1563793529901,-336,608,-304
5,1563793529905,928,176,-1344
5,1563793529910,-592,656,-560
1,1563793529917,-560,1232,-16
1,1563793529921,-528,1232,96
3,1563793529934,-208,416,-288
3,1563793529940,-96,528,-272
5,1563793529948,-560,608,-512
5,1563793529953,-560,304,-640
1,1563793529959,-592,1024,176
1,1563793529962,-624,976,48
3,1563793529977,-336,576,-464
3,1563793529982,-528,720,-640
5,1563793529986,-1152,256,-560
1,1563793529998,-560,864,32
1,1563793530002,-528,784,0
3,1563793530015,-400,832,-704
3,1563793530019,-320,912,-704
5,1563793530023,-1136,96,-672
5,1563793530027,-1136,80,-736
5,1563793530031,-1200,-48,-768
1,1563793530039,-608,672,-96
1,1563793530043,-544,576,-192
3,1563793530054,-160,1008,-688
3,1563793530060,-32,1104,-672
5,1563793530064,-1168,-112,-848
5,1563793530068,-1152,-240,-976
3,1563793530072,128,1264,-672
5,1563793530076,-1104,-528,-1184
1,1563793530082,-592,464,-240
1,1563793530086,-496,432,-272
3,1563793530094,352,1456,-736
3,1563793530099,640,1552,-816
5,1563793530104,-1056,-720,-1248
5,1563793530107,-1248,-1296,-1264
1,1563793530118,-288,640,-288
1,1563793530121,0,640,-368
1,1563793530124,432,752,-336
3,1563793530134,1104,1552,-976
3,1563793530138,1248,1424,-1168
5,1563793530144,-1232,-1984,-1232
1,1563793530158,960,880,-96
1,1563793530162,928,928,-32
3,1563793530173,1248,1088,-1312
3,1563793530177,1280,720,-1376
5,1563793530184,-1360,-2032,-736
5,1563793530188,-1296,-2032,-288
5,1563793530192,-1120,-2016,-32
1,1563793530198,848,864,96
3,1563793530215,1184,688,-1040
3,1563793530219,512,976,-384
5,1563793530223,-144,-1744,-624
5,1563793530226,-400,-112,-1632
1,1563793530240,368,656,16
1,1563793530244,1424,1136,576
1,1563793530248,1328,2048,288
3,1563793530255,160,2048,1056
3,1563793530259,160,1328,-144
5,1563793530263,-208,-560,-1472
5,1563793530267,-272,-224,-864
1,1563793530280,-304,800,-288
1,1563793530283,-512,752,-336
3,1563793530295,320,480,176
3,1563793530300,560,848,-80
5,1563793530304,256,-560,-800
5,1563793530309,-432,-528,-1200
1,1563793530317,-128,928,-96
3,1563793530334,80,1296,32
3,1563793530339,624,1136,64
5,1563793530343,-400,-496,-1152
5,1563793530347,-64,-400,-1040
1,1563793530359,400,1312,-80
1,1563793530364,336,1152,-240
1,1563793530368,224,912,-352
3,1563793530374,496,928,160
3,1563793530377,448,944,160
5,1563793530383,-48,-320,-1008
5,1563793530387,-48,-368,-992
1,1563793530398,64,1040,-448
1,1563793530402,-16,1152,-400
3,1563793530417,448,1008,96
3,1563793530423,432,1008,32
5,1563793530426,-64,-368,-976
5,1563793530430,-112,-336,-976
1,1563793530438,64,1152,-224
1,1563793530441,112,1088,-144
3,1563793530454,368,1024,48
3,1563793530463,400,1008,96
5,1563793530470,-128,-320,-976
5,1563793530490,-64,-320,-960
1,1563793530495,112,1056,-224
1,1563793530501,144,1008,-288
3,1563793530504,432,944,144
3,1563793530507,432,912,112
5,1563793530510,-32,-336,-944
5,1563793530513,-32,-368,-944
1,1563793530519,144,960,-288
1,1563793530523,176,960,-304
3,1563793530535,432,896,128
3,1563793530541,448,912,160
5,1563793530544,-32,-368,-928
5,1563793530548,0,-352,-944
1,1563793530557,176,944,-192
1,1563793530561,224,944,-112
3,1563793530577,288,944,96
3,1563793530582,304,976,128
5,1563793530586,-80,-336,-944
5,1563793530591,-48,-336,-944
1,1563793530598,304,912,-80
1,1563793530602,448,896,-96
3,1563793530613,336,928,144
3,1563793530617,352,960,176
5,1563793530623,-48,-336,-944
5,1563793530627,-32,-320,-992
1,1563793530638,560,928,48
1,1563793530643,496,928,80
3,1563793530656,256,1008,144
3,1563793530660,304,992,80
5,1563793530663,-64,-304,-992
5,1563793530666,-96,-288,-992
1,1563793530678,448,896,32
1,1563793530682,448,960,32
3,1563793530696,320,992,48
3,1563793530700,320,1104,32
5,1563793530705,-160,-240,-1008
5,1563793530708,-160,-224,-1088
5,1563793530712,-144,-208,-1120
1,1563793530720,480,1024,192
1,1563793530724,544,1024,368
3,1563793530736,256,1200,48
3,1563793530740,160,1328,32
5,1563793530756,-208,-128,-1200
1,1563793530761,704,1056,544
1,1563793530765,1232,1216,720
3,1563793530776,32,1664,16
3,1563793530782,-192,2048,176
3,1563793530787,-272,2048,432
5,1563793530791,-416,80,-1408
5,1563793530795,-400,240,-1664
5,1563793530799,-32,-528,-1600
1,1563793530804,1392,1664,1104
1,1563793530807,624,1808,784
3,1563793530815,848,2000,176
3,1563793530822,1104,1008,-16
5,1563793530826,672,-1568,-1968
5,1563793530830,288,-1392,-1920
1,1563793530838,-528,1456,-192
1,1563793530842,-912,1376,-592
3,1563793530856,848,480,48
3,1563793530860,208,272,128
5,1563793530864,48,-768,-976
1,1563793530879,-704,1408,-528
1,1563793530882,-576,1344,-272
3,1563793530894,-320,256,-48
3,1563793530900,-400,320,0
5,1563793530905,-784,-528,-848
5,1563793530908,768,352,-1184
5,1563793530912,400,480,-528
1,1563793530928,-800,1232,-272
1,1563793530933,-560,848,-400
3,1563793530937,-176,224,-176
3,1563793530941,16,144,-112
5,1563793530944,-208,528,-240
5,1563793530947,-112,544,-160
1,1563793530959,-352,768,-272
1,1563793530963,-432,704,-208
1,1563793530967,-448,720,-112
3,1563793530975,-80,224,-96
3,1563793530979,-64,304,-176
5,1563793530983,-240,448,-128
5,1563793530987,-208,256,-176
1,1563793530998,-528,576,-96
1,1563793531001,-608,368,-80
3,1563793531016,0,288,-304
3,1563793531022,192,352,-448
5,1563793531027,-352,-64,-192
5,1563793531033,-352,-368,-256
1,1563793531038,-640,304,-160
3,1563793531054,480,432,-624
3,1563793531061,688,560,-704
5,1563793531065,-352,-656,-240
5,1563793531070,-544,-864,-48
1,1563793531078,-544,288,-224
1,1563793531083,-384,432,-336
1,1563793531087,-80,544,-352
3,1563793531095,944,704,-800
3,1563793531101,1216,832,-880
5,1563793531105,-656,-1408,-64
5,1563793531108,-576,-2032,-224
1,1563793531118,208,752,-208
1,1563793531124,288,992,-112
3,1563793531135,1232,976,-832
3,1563793531140,1072,992,-704
5,1563793531144,-576,-2032,-160
5,1563793531148,-592,-1920,-48
1,1563793531159,160,1104,0
3,1563793531180,976,992,-576
3,1563793531187,672,992,-528
5,1563793531191,-480,-1696,-32
5,1563793531195,-432,-1376,0
1,1563793531199,80,1104,48
1,1563793531202,160,1088,0
1,1563793531205,448,1040,-64
3,1563793531215,496,960,-464
3,1563793531219,512,896,-448
5,1563793531223,-432,-1248,32
5,1563793531228,-304,-1104,64
1,1563793531237,608,976,80
1,1563793531242,720,816,432
3,1563793531254,592,880,-400
3,1563793531257,1360,528,-688
5,1563793531265,-432,-2032,-368
5,1563793531268,0,-2032,-2048
1,1563793531278,624,560,432
1,1563793531282,1056,608,464
3,1563793531297,-1280,1296,816
3,1563793531302,1136,1136,448
5,1563793531306,-480,-112,-160
5,1563793531310,896,-928,-2048
1,1563793531318,1728,864,304
1,1563793531322,1216,1360,-192
3,1563793531334,-96,2048,1728
3,1563793531339,144,1824,-176
5,1563793531346,816,80,-1904
5,1563793531352,-496,0,-1152
1,1563793531358,624,1248,80
1,1563793531362,688,1216,240
3,1563793531375,0,1488,-416
3,1563793531379,576,1904,304
5,1563793531386,-688,-240,-1136
5,1563793531390,32,16,-1216
5,1563793531394,-16,-480,-992
1,1563793531399,16,1504,-496
1,1563793531403,-544,1216,-896
3,1563793531415,880,1008,-304
3,1563793531420,624,560,-128
5,1563793531423,32,-432,-928
5,1563793531427,-96,-608,-832
1,1563793531438,-704,1072,-832
1,1563793531442,-480,1104,-416
3,1563793531455,880,432,-384
3,1563793531459,672,448,-352
5,1563793531463,-96,-512,-736
1,1563793531478,-448,992,-336
1,1563793531482,272,1120,-128
3,1563793531494,656,752,-272
3,1563793531500,768,1408,-256
5,1563793531508,-160,-288,-1024
5,1563793531514,-128,-176,-1312
5,1563793531519,-240,-240,-1248
1,1563793531524,608,1408,32
1,1563793531528,416,1168,64
3,1563793531536,624,1296,-320
3,1563793531541,560,1104,-416
3,1563793531545,640,896,-304
5,1563793531549,-304,-224,-1136
5,1563793531553,-192,-320,-1056
1,1563793531559,176,976,48
1,1563793531563,192,944,48
3,1563793531574,720,960,-272
3,1563793531579,720,1552,-208
5,1563793531583,-128,-368,-1152
5,1563793531587,-144,-224,-1520
1,1563793531599,560,1024,48
1,1563793531603,1248,1152,304
3,1563793531615,688,2048,-16
3,1563793531620,688,2048,144
5,1563793531624,-48,-96,-1904
5,1563793531628,160,-80,-1840
1,1563793531638,1504,1328,576
1,1563793531641,1120,1360,336
3,1563793531654,624,2048,0
3,1563793531660,-16,1296,192
5,1563793531664,96,-352,-1552
5,1563793531668,-32,-160,-1136
1,1563793531680,544,1408,-16
1,1563793531683,-144,1296,-368
3,1563793531694,144,192,32
3,1563793531697,-592,-448,864
5,1563793531704,-64,-784,-1664
5,1563793531708,1056,2048,-784
1,1563793531719,-400,1120,-528
1,1563793531723,-672,1168,-720
3,1563793531734,-928,-656,640
3,1563793531739,-624,96,624
5,1563793531743,-208,160,-880
5,1563793531746,880,1600,-128
1,1563793531758,-720,1024,-656
1,1563793531762,-736,912,-496
3,1563793531775,-416,208,256
3,1563793531780,96,192,112
5,1563793531784,384,848,-208
5,1563793531789,416,400,-304
1,1563793531798,-880,672,-368
1,1563793531802,-960,544,-304
1,1563793531805,-816,512,-256
3,1563793531814,560,128,-144
3,1563793531820,560,336,-160
5,1563793531825,144,-352,-464
5,1563793531831,-144,-416,-368
1,1563793531838,-832,528,-176
1,1563793531842,-848,512,-64
3,1563793531854,736,544,-480
3,1563793531857,1008,864,-800
5,1563793531861,-384,-1088,-464
5,1563793531864,-128,-1328,-464
1,1563793531892,-640,688,0
3,1563793531898,1408,1152,-1120
3,1563793531902,1824,1344,-1152
5,1563793531906,-496,-1792,-464
5,1563793531910,-848,-2032,-368
1,1563793531922,-320,800,-48
1,1563793531927,16,1120,-160
1,1563793531930,304,1344,-208
3,1563793531936,1680,1456,-1120
3,1563793531940,1200,1456,-1168
5,1563793531944,-1216,-2032,-160
5,1563793531948,-1648,-2032,96
1,1563793531960,448,1328,32
1,1563793531963,784,1312,64
3,1563793531974,1168,1392,-1008
3,1563793531978,1152,1040,-752
5,1563793531983,-832,-2032,144
5,1563793531987,-336,-1712,432
1,1563793531997,1200,992,240
3,1563793532014,896,880,-496
3,1563793532018,1104,544,-496
5,1563793532025,688,-2032,0
5,1563793532029,-2032,-2032,-1232
5,1563793532033,240,-800,-1824
1,1563793532041,1392,608,288
1,1563793532045,1312,656,320
1,1563793532048,1776,656,688
3,1563793532055,-848,1408,960
3,1563793532059,352,1824,672
5,1563793532063,272,-128,-1120
1,1563793532078,1136,1008,384
1,1563793532082,176,1184,-160
3,1563793532099,-80,1744,816
3,1563793532103,96,1360,-320
5,1563793532108,528,-80,-1488
5,1563793532112,-448,-256,-1328
5,1563793532118,-288,48,-1216
1,1563793532122,464,1360,96
1,1563793532126,832,1664,320
3,1563793532135,160,1856,-64
5,1563793532144,-16,64,-1312
3,1563793532149,544,2000,64
5,1563793532153,0,-448,-944
1,1563793532162,0,1280,-416
1,1563793532168,-800,864,-1104
5,1563793532184,48,-528,-800
3,1563793532188,800,720,-48
3,1563793532192,752,112,-176
1,1563793532198,-304,1040,-832
1,1563793532207,0,1328,-240
3,1563793532217,752,832,-448
3,1563793532226,592,912,-384
5,1563793532231,-288,-448,-912
5,1563793532237,-304,-368,-896
5,1563793532244,-32,-336,-816
1,1563793532248,-272,1120,-128
1,1563793532252,-96,1072,-128
3,1563793532257,720,672,-192
3,1563793532261,688,1136,-288
5,1563793532265,-112,-224,-1136
5,1563793532269,-208,-304,-1328
1,1563793532281,400,1360,-16
1,1563793532285,608,1184,128
3,1563793532295,608,1296,-288
3,1563793532300,480,1296,-112
5,1563793532303,-160,-64,-1328
5,1563793532310,-336,-128,-1264
3,1563793532315,576,1264,-416
1,1563793532321,672,912,224
1,1563793532325,752,1056,272
3,1563793532335,592,1504,-336
3,1563793532343,560,2048,0
5,1563793532347,-368,-112,-1440
5,1563793532351,-128,48,-1760
1,1563793532365,1312,1120,368
1,1563793532369,1824,1248,560
3,1563793532375,544,2048,416
3,1563793532380,144,2048,752
5,1563793532385,160,64,-2032
5,1563793532390,464,192,-1712
1,1563793532401,1376,1168,432
1,1563793532406,288,1152,-48
3,1563793532415,-240,1136,704
3,1563793532419,-592,-48,464
5,1563793532426,768,640,-1520
5,1563793532433,336,912,-80
1,1563793532446,-288,1040,-528
1,1563793532452,-736,752,-768
3,1563793532458,-656,-976,512
3,1563793532465,-32,-400,656
5,1563793532469,416,432,-1456
5,1563793532473,976,1072,-1248
1,1563793532478,-560,704,-864
1,1563793532482,-480,1040,-816
3,1563793532496,-240,80,512
3,1563793532503,-32,32,240
5,1563793532507,240,1168,-160
5,1563793532513,224,304,-320
1,1563793532519,-912,1072,-576
1,1563793532523,-1104,752,-496
3,1563793532534,-16,80,64
3,1563793532542,640,272,-224
5,1563793532547,64,-16,-224
5,1563793532553,80,-624,-288
1,1563793532559,-976,656,-352
1,1563793532564,-800,480,-144
3,1563793532573,1056,528,-592
3,1563793532578,1504,880,-752
5,1563793532583,224,-1008,-192
5,1563793532587,-80,-1232,-128
1,1563793532598,-656,656,-32
1,1563793532602,-480,896,32
3,1563793532615,1856,1104,-928
3,1563793532621,1648,1136,-960
5,1563793532627,-352,-2032,-352
5,1563793532633,-528,-2032,-368
1,1563793532637,-256,976,-64
1,1563793532641,-80,1168,-176
1,1563793532645,208,1280,-144
3,1563793532653,1296,1264,-912
3,1563793532656,1152,1392,-864
5,1563793532661,-736,-2032,-304
5,1563793532665,-864,-2032,-128
1,1563793532679,432,1232,160
1,1563793532683,640,1216,144
3,1563793532694,1088,1328,-736
3,1563793532699,1024,1072,-528
5,1563793532703,-496,-2032,48
5,1563793532708,-368,-1920,224
5,1563793532712,-592,-1536,512
1,1563793532718,1104,848,112
3,1563793532735,736,912,-608
3,1563793532739,1520,512,-816
5,1563793532745,336,-2032,-1456
5,1563793532751,-1056,-464,-1072
1,1563793532773,1248,656,256
1,1563793532776,1168,688,368
1,1563793532780,1648,1024,704
3,1563793532784,-528,1344,656
3,1563793532788,-192,1952,688
5,1563793532791,-48,256,-1808
1,1563793532799,1488,1264,512
1,1563793532803,288,1136,-80
3,1563793532815,-272,1824,464
3,1563793532819,144,1520,448
5,1563793532823,-80,-480,-1344
5,1563793532828,128,144,-1792
5,1563793532833,-640,-320,-1072
1,1563793532838,784,1616,48
3,1563793532854,80,1968,-400
3,1563793532859,400,1664,64
5,1563793532864,-224,-64,-1184
5,1563793532869,-80,-272,-992
1,1563793532878,512,1440,144
1,1563793532883,16,1168,-336
1,1563793532887,-1008,1184,-1088
3,1563793532894,688,976,0
3,1563793532898,1008,320,-224
5,1563793532905,48,-560,-800
5,1563793532909,-240,-336,-1008
1,1563793532917,-496,1392,-848
1,1563793532922,96,1456,-240
3,1563793532933,608,832,-304
3,1563793532938,704,1216,-320
5,1563793532943,-240,-352,-992
5,1563793532946,-256,-304,-960
1,1563793532957,-160,1264,-64
1,1563793532961,-176,1136,-80
3,1563793532974,496,928,-288
3,1563793532977,512,944,-208
5,1563793532985,-160,-240,-976
5,1563793532989,-176,-320,-1024
1,1563793532996,32,1232,-128
1,1563793533000,80,1136,-128
3,1563793533014,592,1008,-208
3,1563793533019,544,832,-176
5,1563793533023,-176,-352,-960
5,1563793533027,-176,-336,-976
1,1563793533037,192,944,-144
1,1563793533041,384,848,-96
3,1563793533054,560,848,-160
3,1563793533059,496,896,-80
3,1563793533063,512,816,-96
5,1563793533066,-144,-304,-1008
5,1563793533070,-112,-272,-976
1,1563793533078,432,768,-64
1,1563793533082,320,704,-64
3,1563793533094,496,720,-192
3,1563793533098,480,640,-208
5,1563793533101,-160,-352,-880
5,1563793533105,-176,-352,-848
1,1563793533118,224,672,-48
1,1563793533122,368,592,32
3,1563793533134,528,784,-160
3,1563793533139,480,1024,-96
5,1563793533143,-144,-352,-912
5,1563793533147,-176,-240,-1088
1,1563793533157,560,624,16
1,1563793533161,288,736,16
3,1563793533176,624,720,-256
3,1563793533183,576,480,-368
5,1563793533188,-112,-368,-1008
5,1563793533192,-144,-496,-848
1,1563793533196,-96,752,-80
1,1563793533200,-80,672,-96
3,1563793533214,624,576,-368
3,1563793533219,752,1120,-400
5,1563793533223,-144,-496,-800
5,1563793533227,-224,-368,-1136
1,1563793533238,384,688,0
1,1563793533242,1232,1056,160
3,1563793533253,800,2048,-384
3,1563793533257,688,2048,-192
5,1563793533263,-272,-112,-1744
5,1563793533267,-240,160,-2048
1,1563793533278,1760,1424,352
1,1563793533283,1344,1744,224
3,1563793533296,752,2048,64
3,1563793533301,656,1648,16
5,1563793533310,-64,128,-2048
5,1563793533314,224,-96,-1552
1,1563793533323,288,1840,-272
1,1563793533328,-384,1808,-672
3,1563793533336,176,512,240
3,1563793533342,288,-320,240
5,1563793533347,416,256,-880
5,1563793533352,16,-560,-1408
5,1563793533356,816,1584,-80
1,1563793533362,-624,1248,-816
1,1563793533365,-560,1280,-656
3,1563793533376,-272,-400,512
3,1563793533380,-320,-128,208
5,1563793533384,-144,144,-1216
1,1563793533399,-704,1248,-608
1,1563793533403,-640,1216,-480
3,1563793533413,-320,304,320
3,1563793533416,16,240,160
5,1563793533420,496,1024,-160
5,1563793533424,80,368,-320
5,1563793533428,224,-80,-640
1,1563793533437,-640,1008,-352
1,1563793533441,-656,880,-240
3,1563793533454,288,352,144
3,1563793533459,384,576,16
5,1563793533463,48,-256,-704
5,1563793533467,64,-496,-976
1,1563793533477,-560,768,-176
1,1563793533481,-544,720,-64
1,1563793533485,-528,720,-16
3,1563793533493,576,832,-112
3,1563793533497,672,1120,-160
5,1563793533506,64,-576,-1184
1,1563793533518,-464,688,80
1,1563793533521,-320,640,32
3,1563793533533,624,1264,-208
3,1563793533537,624,1456,-256
5,1563793533542,-64,-560,-1264
5,1563793533548,-336,-800,-1600
5,1563793533553,-368,-1008,-1920
3,1563793533573,672,1696,-192
3,1563793533577,608,1712,-160
5,1563793533583,-432,-992,-1872
5,1563793533587,-480,-1040,-1776
1,1563793533599,-192,736,-96
1,1563793533603,-112,704,-176
1,1563793533606,288,656,-80
1,1563793533610,592,832,112
3,1563793533616,704,1776,-224
3,1563793533621,800,1744,-272
5,1563793533625,-272,-1168,-1792
5,1563793533630,-352,-1056,-1392
1,1563793533643,896,912,144
1,1563793533648,1008,912,352
3,1563793533654,656,1488,-384
3,1563793533658,576,1104,-480
5,1563793533662,-672,-1088,-896
5,1563793533665,-624,-1376,-768
1,1563793533677,1008,848,288
3,1563793533696,624,816,-544
3,1563793533701,512,640,-640
5,1563793533705,-688,-1232,-544
5,1563793533709,-624,-1152,-512
1,1563793533718,1184,816,240
1,1563793533723,1120,816,432
1,1563793533729,768,864,432
3,1563793533735,560,688,-592
3,1563793533740,432,752,-496
5,1563793533746,-496,-992,-576
5,1563793533750,-400,-576,-624
1,1563793533757,448,848,112
1,1563793533761,-336,496,-192
3,1563793533774,224,864,-400
3,1563793533780,-112,832,-352
5,1563793533787,-224,-16,-736
5,1563793533792,0,608,-720
1,1563793533798,-656,576,-304
1,1563793533803,704,1280,320
3,1563793533815,-272,624,352
3,1563793533818,1248,1984,2032
3,1563793533822,64,2048,-1376
5,1563793533826,2048,928,-2048
1,1563793533837,2048,2048,976
1,1563793533841,880,432,416
3,1563793533853,-1056,2016,624
3,1563793533858,1360,-368,-608
5,1563793533861,-2032,-2032,-2048
5,1563793533866,-848,-208,-912
5,1563793533870,-480,-1616,-1584
1,1563793533876,-1504,464,-800
1,1563793533880,-2000,304,-912
3,1563793533894,656,976,-368
3,1563793533899,880,1264,-320
5,1563793533904,-240,-416,-928
5,1563793533910,-256,-416,-960
1,1563793533919,-1248,1648,-1136
1,1563793533922,-144,2048,-768
3,1563793533934,544,1200,32
3,1563793533938,704,1056,-192
5,1563793533942,32,-384,-1024
5,1563793533947,-96,-368,-992
1,1563793533957,-64,1504,-320
1,1563793533961,-432,1360,-256
3,1563793533973,448,1136,-240
3,1563793533976,448,1024,-64
5,1563793533980,-208,-336,-992
5,1563793533983,-160,-336,-960
1,1563793533997,-304,1376,-400
1,1563793534002,0,1152,-480
3,1563793534013,464,992,48
3,1563793534018,480,960,112
5,1563793534023,-64,-352,-976
5,1563793534027,-32,-336,-976
5,1563793534030,0,-384,-928
1,1563793534037,256,1008,-352
1,1563793534041,208,960,-256
3,1563793534053,464,880,64
3,1563793534057,416,880,64
5,1563793534062,-32,-352,-928
5,1563793534067,-32,-368,-896
1,1563793534077,128,912,-160
1,1563793534080,128,800,-176
3,1563793534093,336,864,96
3,1563793534098,304,848,160
5,1563793534102,-16,-368,-912
1,1563793534120,272,800,-240
1,1563793534124,432,832,-112
3,1563793534141,320,896,208
3,1563793534151,272,928,96
5,1563793534161,0,-368,-912
5,1563793534167,32,-368,-944
5,1563793534173,-64,-352,-912
1,1563793534180,448,848,64
1,1563793534184,384,832,96
3,1563793534187,272,848,-32
3,1563793534191,416,848,0
5,1563793534195,-160,-352,-912
5,1563793534199,-32,-384,-928
1,1563793534202,400,832,0
1,1563793534206,320,800,-80
3,1563793534213,352,896,112
