4,1562493044852,-992,-208,192
6,1562493044862,-672,-592,-464
6,1562493044865,-688,-576,-464
2,1562493044867,-320,864,448
2,1562493044868,-288,864,464
2,1562493044870,-288,880,480
4,1562493044878,-992,-176,176
4,1562493044879,-1008,-144,176
4,1562493044880,-1008,-144,192
6,1562493044882,-720,-576,-432
6,1562493044883,-736,-560,-416
2,1562493044908,-288,880,496
2,1562493044915,-272,880,480
4,1562493044918,-992,-160,240
4,1562493044919,-960,-160,288
6,1562493044929,-752,-560,-400
6,1562493044931,-768,-544,-352
2,1562493044957,-272,864,480
2,1562493044961,-288,848,480
4,1562493044975,-944,-160,320
4,1562493044977,-944,-160,336
6,1562493044978,-784,-544,-336
6,1562493044979,-800,-544,-320
6,1562493044981,-816,-528,-304
4,1562493045008,-928,-160,368
4,1562493045008,-928,-160,384
6,1562493045015,-816,-528,-288
6,1562493045016,-816,-528,-304
2,1562493045044,-272,832,496
2,1562493045046,-272,832,480
2,1562493045047,-272,848,480
2,1562493045052,-272,864,496
2,1562493045055,-272,880,512
4,1562493045057,-944,-176,368
4,1562493045060,-960,-176,352
4,1562493045063,-992,-176,336
2,1562493045091,-272,880,512
2,1562493045093,-256,896,528
4,1562493045102,-992,-160,320
4,1562493045105,-992,-160,320
6,1562493045115,-800,-544,-336
6,1562493045117,-784,-544,-352
6,1562493045118,-784,-544,-352
6,1562493045121,-800,-544,-336
2,1562493045134,-256,880,512
2,1562493045136,-272,880,528
2,1562493045138,-272,880,528
6,1562493045148,-800,-544,-320
6,1562493045150,-800,-544,-304
6,1562493045196,-816,-544,-304
6,1562493045196,-816,-528,-272
6,1562493045197,-816,-528,-272
2,1562493045226,-272,864,512
2,1562493045229,-272,864,512
2,1562493045232,-272,848,512
2,1562493045234,-272,848,512
4,1562493045238,-976,-160,336
4,1562493045241,-960,-144,352
4,1562493045244,-944,-160,368
4,1562493045246,-944,-176,384
4,1562493045248,-944,-176,400
4,1562493045250,-928,-160,384
4,1562493045252,-928,-160,400
6,1562493045263,-832,-528,-256
6,1562493045265,-832,-528,-256
2,1562493045276,-272,848,528
2,1562493045279,-256,848,528
4,1562493045282,-928,-160,416
4,1562493045284,-928,-176,400
6,1562493045292,-848,-528,-240
6,1562493045293,-832,-528,-256
2,1562493045315,-256,864,544
2,1562493045316,-256,864,544
2,1562493045317,-256,864,544
4,1562493045324,-928,-176,400
4,1562493045326,-944,-176,384
6,1562493045334,-832,-544,-256
6,1562493045336,-816,-544,-272
6,1562493045338,-816,-544,-272
2,1562493045358,-272,864,544
2,1562493045363,-272,864,528
4,1562493045366,-944,-176,384
4,1562493045368,-944,-160,400
4,1562493045369,-928,-160,400
6,1562493045376,-816,-544,-256
6,1562493045377,-848,-528,-240
2,1562493045407,-272,864,512
2,1562493045409,-272,848,512
4,1562493045417,-928,-160,384
4,1562493045419,-944,-176,368
6,1562493045421,-832,-528,-256
6,1562493045422,-800,-544,-288
2,1562493045449,-256,848,512
2,1562493045450,-256,864,528
4,1562493045459,-960,-176,320
4,1562493045463,-976,-160,320
6,1562493045471,-784,-560,-320
6,1562493045473,-800,-544,-288
6,1562493045476,-832,-528,-288
2,1562493045495,-256,880,544
2,1562493045496,-256,880,528
2,1562493045497,-272,880,512
4,1562493045503,-976,-160,368
4,1562493045505,-960,-144,400
6,1562493045515,-848,-512,-272
6,1562493045517,-848,-496,-256
2,1562493045541,-272,864,496
2,1562493045542,-272,848,480
4,1562493045549,-944,-160,432
4,1562493045551,-928,-160,448
4,1562493045553,-912,-160,416
6,1562493045556,-864,-496,-256
6,1562493045565,-848,-496,-256
2,1562493045584,-272,832,480
2,1562493045585,-272,848,464
4,1562493045595,-928,-160,384
4,1562493045596,-928,-160,368
6,1562493045598,-832,-512,-272
6,1562493045600,-816,-528,-304
2,1562493045630,-272,864,464
2,1562493045634,-272,864,464
4,1562493045656,-944,-176,336
4,1562493045658,-976,-176,288
6,1562493045661,-784,-544,-336
6,1562493045665,-768,-560,-368
6,1562493045668,-736,-560,-400
2,1562493045683,-288,880,464
2,1562493045687,-288,896,480
2,1562493045692,-304,896,464
4,1562493045695,-992,-176,272
4,1562493045697,-992,-176,256
6,1562493045706,-736,-560,-416
6,1562493045708,-752,-544,-432
2,1562493045720,-304,896,448
2,1562493045722,-304,880,448
4,1562493045729,-992,-176,256
4,1562493045731,-992,-176,256
4,1562493045732,-992,-192,256
6,1562493045735,-736,-544,-432
6,1562493045736,-736,-560,-432
2,1562493045764,-304,880,432
2,1562493045764,-320,880,448
4,1562493045772,-976,-192,240
4,1562493045773,-992,-208,192
6,1562493045783,-720,-544,-416
6,1562493045784,-688,-576,-464
2,1562493045809,-320,880,432
2,1562493045812,-320,880,448
4,1562493045826,-992,-192,176
4,1562493045829,-1008,-192,176
6,1562493045833,-688,-560,-480
6,1562493045835,-704,-544,-480
6,1562493045837,-720,-544,-464
2,1562493045854,-320,880,432
2,1562493045865,-336,864,432
2,1562493045867,-320,848,432
4,1562493045869,-1008,-192,192
4,1562493045872,-1008,-176,176
4,1562493045874,-1008,-192,160
6,1562493045876,-720,-528,-496
6,1562493045879,-704,-528,-496
2,1562493045898,-320,848,416
2,1562493045899,-336,848,416
4,1562493045907,-1008,-192,128
4,1562493045908,-1008,-192,112
6,1562493045916,-704,-528,-512
6,1562493045918,-688,-544,-528
2,1562493045945,-336,848,384
2,1562493045946,-336,864,384
4,1562493045953,-1008,-192,96
4,1562493045955,-976,-176,96
6,1562493045964,-688,-528,-528
6,1562493045965,-688,-544,-496
2,1562493045990,-352,912,416
2,1562493045995,-384,928,352
4,1562493046004,-1008,-144,48
4,1562493046006,-1024,-176,-16
6,1562493046015,-688,-512,-544
6,1562493046017,-640,-528,-592
6,1562493046017,-640,-528,-576
2,1562493046035,-400,928,368
2,1562493046037,-416,896,336
2,1562493046040,-400,880,320
4,1562493046050,-1008,-192,-16
4,1562493046052,-992,-192,0
4,1562493046053,-992,-192,0
6,1562493046055,-640,-512,-560
6,1562493046057,-656,-528,-544
2,1562493046079,-400,880,304
2,1562493046080,-400,880,320
4,1562493046086,-992,-192,-16
4,1562493046089,-1008,-192,-48
6,1562493046097,-656,-528,-560
6,1562493046100,-656,-512,-576
2,1562493046123,-416,896,304
2,1562493046125,-416,896,320
4,1562493046131,-1008,-176,-48
4,1562493046132,-1008,-176,-48
6,1562493046142,-640,-512,-576
6,1562493046143,-640,-512,-576
6,1562493046144,-640,-512,-592
2,1562493046169,-416,896,304
2,1562493046171,-400,896,320
4,1562493046180,-1008,-176,-48
4,1562493046182,-1008,-176,-48
6,1562493046185,-640,-512,-576
6,1562493046189,-640,-512,-576
2,1562493046214,-400,896,320
2,1562493046215,-384,896,320
2,1562493046216,-384,896,336
4,1562493046222,-1008,-176,-48
6,1562493046230,-640,-512,-576
6,1562493046232,-656,-512,-576
2,1562493046259,-384,880,336
2,1562493046260,-384,896,336
4,1562493046268,-1008,-176,-64
4,1562493046271,-1008,-176,-48
4,1562493046273,-1008,-176,-48
4,1562493046275,-1008,-176,-48
6,1562493046283,-640,-512,-592
6,1562493046285,-656,-512,-576
2,1562493046307,-384,896,336
2,1562493046309,-384,896,336
4,1562493046316,-1008,-176,-48
4,1562493046318,-1008,-176,-48
6,1562493046322,-640,-512,-592
6,1562493046325,-640,-512,-592
2,1562493046349,-384,896,336
2,1562493046350,-384,896,336
4,1562493046361,-1008,-176,-64
4,1562493046364,-1008,-160,-64
6,1562493046378,-640,-512,-576
6,1562493046380,-640,-512,-592
6,1562493046382,-656,-512,-592
2,1562493046394,-384,896,336
2,1562493046396,-384,880,336
2,1562493046398,-384,896,336
4,1562493046404,-1008,-176,-48
4,1562493046406,-1008,-160,-48
4,1562493046408,-1008,-160,-48
6,1562493046416,-656,-512,-576
6,1562493046417,-656,-512,-576
2,1562493046441,-368,896,352
2,1562493046442,-384,880,336
6,1562493046454,-656,-512,-576
6,1562493046455,-640,-512,-576
6,1562493046462,-656,-512,-576
2,1562493046484,-384,880,352
2,1562493046486,-384,896,336
4,1562493046495,-1008,-176,-48
4,1562493046497,-1008,-176,-48
4,1562493046500,-1008,-160,-32
4,1562493046502,-1008,-176,-48
6,1562493046505,-656,-512,-576
6,1562493046507,-656,-512,-592
2,1562493046528,-400,912,336
2,1562493046529,-400,896,304
4,1562493046536,-1008,-176,-64
4,1562493046537,-1008,-160,-48
4,1562493046539,-992,-176,-48
6,1562493046545,-640,-512,-576
6,1562493046547,-640,-512,-576
2,1562493046574,-400,896,288
2,1562493046575,-400,896,320
2,1562493046585,-400,880,336
4,1562493046588,-992,-192,-48
4,1562493046592,-1008,-192,-32
6,1562493046601,-640,-512,-576
6,1562493046603,-640,-528,-576
2,1562493046618,-400,880,352
2,1562493046619,-384,896,352
4,1562493046628,-1008,-176,0
4,1562493046629,-1008,-176,16
6,1562493046633,-656,-512,-576
6,1562493046634,-656,-512,-576
6,1562493046636,-656,-512,-560
2,1562493046665,-384,880,336
2,1562493046666,-368,880,352
2,1562493046667,-368,880,368
4,1562493046676,-1008,-176,16
4,1562493046678,-1008,-192,16
6,1562493046686,-656,-512,-560
6,1562493046688,-656,-512,-576
2,1562493046709,-352,880,384
2,1562493046710,-352,880,384
4,1562493046716,-1008,-192,32
4,1562493046718,-1008,-176,48
4,1562493046719,-1008,-176,64
6,1562493046727,-656,-512,-576
6,1562493046729,-672,-528,-544
2,1562493046754,-352,880,384
2,1562493046756,-352,880,384
4,1562493046765,-1008,-176,64
4,1562493046768,-1008,-192,80
6,1562493046772,-656,-512,-560
6,1562493046774,-672,-528,-544
2,1562493046798,-352,880,384
2,1562493046799,-352,880,384
4,1562493046808,-1008,-192,96
4,1562493046810,-1008,-192,96
6,1562493046818,-656,-528,-544
6,1562493046819,-672,-528,-544
6,1562493046821,-672,-528,-544
2,1562493046844,-352,896,384
2,1562493046845,-352,880,384
2,1562493046849,-352,880,400
4,1562493046851,-1008,-176,96
4,1562493046852,-1008,-176,112
6,1562493046860,-672,-528,-560
6,1562493046863,-688,-528,-528
2,1562493046890,-352,880,400
2,1562493046891,-352,880,400
4,1562493046898,-1008,-192,144
4,1562493046900,-992,-192,160
4,1562493046903,-992,-192,208
6,1562493046914,-688,-528,-512
6,1562493046915,-688,-528,-528
2,1562493046934,-352,880,400
2,1562493046934,-352,864,416
4,1562493046944,-976,-176,240
4,1562493046946,-1008,-208,240
6,1562493046949,-720,-528,-480
6,1562493046951,-720,-512,-480
6,1562493046952,-720,-528,-496
2,1562493046985,-352,880,432
2,1562493046987,-320,864,432
4,1562493046991,-1024,-192,192
4,1562493047001,-1008,-144,160
6,1562493047006,-704,-544,-512
6,1562493047009,-704,-544,-480
2,1562493047025,-304,864,480
2,1562493047027,-304,880,464
2,1562493047029,-304,880,464
6,1562493047039,-688,-576,-480
6,1562493047041,-704,-560,-448
2,1562493047075,-288,880,464
2,1562493047077,-288,864,496
4,1562493047085,-1008,-160,176
4,1562493047087,-992,-192,176
4,1562493047090,-976,-176,208
4,1562493047093,-992,-176,240
4,1562493047095,-992,-176,256
6,1562493047096,-720,-560,-448
6,1562493047099,-720,-544,-416
2,1562493047114,-272,864,496
2,1562493047116,-272,864,496
4,1562493047125,-976,-176,288
4,1562493047128,-976,-160,288
2,1562493047160,-288,880,512
2,1562493047161,-272,864,512
4,1562493047170,-976,-176,320
4,1562493047173,-960,-176,320
6,1562493047183,-736,-544,-416
6,1562493047184,-752,-544,-384
6,1562493047186,-768,-544,-400
6,1562493047189,-768,-544,-384
6,1562493047191,-768,-544,-368
2,1562493047207,-288,864,512
4,1562493047213,-960,-176,336
6,1562493047224,-784,-560,-368
2,1562493047250,-272,864,528
4,1562493047263,-960,-176,336
6,1562493047265,-784,-544,-352
2,1562493047295,-272,864,512
2,1562493047298,-272,848,512
2,1562493047301,-272,848,528
2,1562493047304,-272,864,512
2,1562493047307,-272,864,528
4,1562493047318,-944,-176,336
4,1562493047321,-944,-176,352
4,1562493047323,-944,-176,352
4,1562493047325,-944,-176,352
4,1562493047327,-944,-176,352
6,1562493047329,-784,-544,-352
6,1562493047331,-784,-544,-352
6,1562493047334,-784,-544,-336
6,1562493047337,-784,-544,-336
6,1562493047339,-784,-544,-336
2,1562493047347,-272,864,528
2,1562493047348,-272,864,528
4,1562493047350,-960,-176,368
4,1562493047351,-960,-176,368
6,1562493047357,-784,-544,-320
6,1562493047359,-800,-544,-320
2,1562493047383,-272,864,528
2,1562493047385,-272,864,528
2,1562493047386,-272,848,528
4,1562493047394,-944,-160,384
4,1562493047396,-944,-160,384
4,1562493047399,-944,-160,384
6,1562493047409,-800,-544,-304
6,1562493047410,-816,-544,-304
2,1562493047429,-256,848,512
2,1562493047430,-256,848,512
6,1562493047443,-800,-544,-304
6,1562493047445,-800,-544,-304
2,1562493047475,-272,864,512
2,1562493047476,-272,864,512
4,1562493047486,-928,-176,384
4,1562493047491,-928,-176,384
4,1562493047494,-944,-176,384
4,1562493047496,-944,-160,384
6,1562493047505,-800,-544,-304
6,1562493047508,-800,-544,-304
6,1562493047510,-800,-544,-320
2,1562493047521,-288,864,496
2,1562493047524,-288,880,496
4,1562493047531,-944,-160,384
4,1562493047532,-944,-176,368
6,1562493047534,-800,-544,-320
6,1562493047535,-784,-544,-336
2,1562493047564,-288,880,480
2,1562493047566,-288,864,480
2,1562493047566,-288,880,464
4,1562493047574,-960,-176,352
4,1562493047575,-960,-176,352
4,1562493047576,-960,-160,336
6,1562493047582,-784,-544,-336
6,1562493047583,-784,-544,-352
2,1562493047609,-272,880,480
2,1562493047611,-272,880,496
4,1562493047616,-976,-176,320
4,1562493047617,-976,-160,336
6,1562493047625,-768,-544,-368
6,1562493047628,-768,-544,-368
6,1562493047630,-768,-544,-352
2,1562493047659,-272,880,496
2,1562493047660,-272,880,496
4,1562493047674,-976,-176,336
4,1562493047676,-960,-176,352
6,1562493047678,-784,-544,-352
6,1562493047680,-784,-544,-352
2,1562493047699,-272,864,480
2,1562493047701,-272,864,480
4,1562493047711,-944,-176,352
4,1562493047713,-944,-176,336
6,1562493047719,-784,-544,-352
6,1562493047720,-784,-544,-352
2,1562493047744,-272,864,464
2,1562493047745,-272,864,480
2,1562493047746,-272,864,480
4,1562493047752,-944,-176,336
4,1562493047754,-960,-176,320
4,1562493047756,-976,-176,304
6,1562493047765,-768,-544,-368
6,1562493047767,-752,-544,-384
2,1562493047790,-272,864,480
2,1562493047792,-272,880,480
4,1562493047799,-976,-176,288
4,1562493047800,-976,-176,288
6,1562493047810,-752,-544,-400
6,1562493047811,-752,-544,-400
6,1562493047814,-752,-544,-416
2,1562493047834,-288,880,480
2,1562493047835,-288,880,480
4,1562493047843,-976,-176,272
4,1562493047845,-976,-176,272
6,1562493047849,-736,-544,-416
6,1562493047850,-736,-544,-416
2,1562493047879,-288,880,464
2,1562493047881,-304,880,464
4,1562493047893,-976,-192,288
4,1562493047894,-976,-208,272
6,1562493047902,-720,-560,-448
6,1562493047904,-720,-544,-448
2,1562493047925,-304,864,464
2,1562493047926,-288,864,464
2,1562493047928,-288,848,464
4,1562493047939,-992,-192,224
4,1562493047942,-992,-192,192
4,1562493047943,-992,-192,192
6,1562493047951,-704,-544,-480
6,1562493047952,-704,-560,-496
2,1562493047969,-288,864,464
2,1562493047970,-320,880,464
4,1562493047977,-1008,-176,208
4,1562493047979,-1024,-176,192
6,1562493047985,-720,-528,-496
6,1562493047985,-720,-512,-496
6,1562493047987,-704,-528,-512
2,1562493048013,-320,880,448
2,1562493048014,-320,880,448
4,1562493048022,-1008,-176,160
4,1562493048024,-992,-176,144
6,1562493048036,-704,-528,-496
6,1562493048037,-688,-528,-528
2,1562493048058,-320,880,432
2,1562493048060,-336,880,416
4,1562493048066,-1008,-192,112
4,1562493048067,-1024,-176,80
4,1562493048070,-1024,-176,64
6,1562493048078,-656,-528,-560
6,1562493048081,-656,-528,-576
2,1562493048106,-352,896,416
2,1562493048107,-352,896,400
2,1562493048108,-352,880,400
4,1562493048114,-1008,-176,64
4,1562493048116,-1008,-176,64
6,1562493048118,-672,-512,-576
6,1562493048120,-656,-528,-560
6,1562493048123,-672,-528,-544
2,1562493048149,-368,864,384
2,1562493048150,-368,864,368
4,1562493048158,-992,-192,48
4,1562493048170,-1008,-192,32
6,1562493048173,-656,-512,-544
6,1562493048175,-656,-512,-576
2,1562493048194,-384,880,368
2,1562493048195,-384,880,352
2,1562493048200,-384,880,336
6,1562493048210,-656,-512,-592
6,1562493048212,-656,-512,-576
2,1562493048240,-400,880,336
2,1562493048241,-400,880,352
4,1562493048247,-1008,-176,16
4,1562493048250,-1008,-176,0
4,1562493048254,-1008,-160,-16
4,1562493048257,-992,-176,-16
4,1562493048259,-1008,-176,-16
6,1562493048267,-656,-512,-576
6,1562493048268,-656,-512,-576
2,1562493048284,-400,880,336
2,1562493048285,-400,880,320
4,1562493048292,-1008,-176,-32
4,1562493048294,-1008,-176,-32
6,1562493048298,-656,-512,-576
6,1562493048299,-656,-496,-576
6,1562493048300,-640,-496,-576
2,1562493048330,-400,880,336
2,1562493048332,-400,896,320
6,1562493048346,-640,-512,-592
6,1562493048350,-640,-496,-592
2,1562493048374,-400,896,320
2,1562493048376,-400,896,320
2,1562493048379,-400,896,320
4,1562493048389,-1008,-160,-48
4,1562493048392,-1008,-176,-32
4,1562493048394,-1008,-160,-48
4,1562493048395,-1008,-160,-64
6,1562493048397,-640,-512,-592
6,1562493048400,-640,-496,-592
2,1562493048418,-384,896,336
2,1562493048420,-384,896,320
4,1562493048428,-1008,-160,-48
4,1562493048429,-1008,-160,-48
4,1562493048431,-1008,-160,-48
6,1562493048435,-640,-496,-576
6,1562493048437,-656,-496,-576
2,1562493048463,-384,880,320
2,1562493048464,-384,896,320
4,1562493048473,-1008,-160,-64
4,1562493048476,-1008,-160,-64
6,1562493048487,-640,-496,-592
6,1562493048490,-640,-496,-608
6,1562493048493,-640,-512,-592
2,1562493048509,-384,896,336
2,1562493048510,-384,896,320
4,1562493048519,-992,-160,-64
4,1562493048519,-1008,-160,-64
6,1562493048530,-640,-496,-592
6,1562493048532,-640,-496,-592
2,1562493048556,-384,880,336
2,1562493048559,-384,880,352
2,1562493048562,-368,896,336
4,1562493048572,-1008,-160,-64
4,1562493048573,-1008,-160,-48
6,1562493048574,-640,-512,-592
6,1562493048575,-640,-512,-592
2,1562493048598,-384,896,352
2,1562493048599,-400,880,336
4,1562493048610,-1008,-160,-32
4,1562493048613,-1008,-160,-48
4,1562493048615,-1008,-160,-32
6,1562493048622,-656,-496,-576
6,1562493048623,-640,-496,-592
6,1562493048625,-656,-496,-576
2,1562493048645,-384,896,336
2,1562493048648,-384,896,336
4,1562493048655,-1008,-160,-32
4,1562493048659,-1008,-160,-32
6,1562493048670,-656,-512,-592
2,1562493048691,-384,880,336
2,1562493048692,-384,880,352
4,1562493048703,-1008,-176,-32
4,1562493048705,-1008,-176,-16
6,1562493048715,-640,-512,-592
6,1562493048716,-640,-512,-576
6,1562493048716,-656,-512,-576
2,1562493048735,-368,880,352
2,1562493048735,-368,880,352
2,1562493048736,-368,880,368
4,1562493048743,-1008,-176,0
4,1562493048744,-1008,-176,0
4,1562493048746,-1008,-176,0
6,1562493048748,-656,-512,-592
6,1562493048749,-656,-512,-592
2,1562493048780,-368,896,368
2,1562493048782,-384,896,368
4,1562493048791,-1008,-176,16
4,1562493048794,-1008,-192,32
6,1562493048805,-656,-496,-576
6,1562493048807,-656,-512,-560
6,1562493048808,-656,-528,-560
2,1562493048826,-384,880,368
2,1562493048827,-368,864,384
4,1562493048835,-1008,-192,48
4,1562493048836,-1008,-176,64
6,1562493048844,-672,-512,-544
6,1562493048845,-672,-512,-544
2,1562493048873,-352,864,400
2,1562493048875,-352,864,416
4,1562493048885,-1008,-176,80
4,1562493048887,-1008,-176,80
6,1562493048890,-672,-512,-544
6,1562493048893,-672,-512,-512
2,1562493048915,-352,880,416
2,1562493048917,-336,880,416
2,1562493048918,-336,880,416
4,1562493048929,-1008,-176,96
4,1562493048930,-1008,-176,112
4,1562493048932,-1008,-176,128
6,1562493048941,-688,-528,-544
6,1562493048943,-688,-528,-528
2,1562493048959,-336,880,432
2,1562493048960,-320,880,432
4,1562493048967,-1008,-176,128
4,1562493048968,-1008,-176,144
6,1562493048974,-688,-544,-528
6,1562493048975,-688,-512,-544
6,1562493048977,-704,-528,-512
2,1562493049006,-320,880,432
2,1562493049007,-320,880,432
4,1562493049012,-1008,-176,160
4,1562493049014,-992,-176,176
6,1562493049018,-704,-528,-512
6,1562493049020,-720,-528,-496
2,1562493049050,-304,864,432
2,1562493049051,-304,880,448
4,1562493049064,-992,-176,192
4,1562493049068,-992,-176,208
6,1562493049072,-720,-528,-480
6,1562493049082,-720,-528,-480
2,1562493049095,-320,864,464
2,1562493049097,-304,880,448
2,1562493049099,-304,880,448
4,1562493049111,-1008,-192,224
4,1562493049114,-1008,-176,208
4,1562493049116,-1008,-160,208
6,1562493049118,-720,-528,-480
6,1562493049120,-720,-528,-496
2,1562493049141,-288,880,464
2,1562493049141,-288,880,464
4,1562493049149,-992,-160,208
4,1562493049150,-992,-176,240
6,1562493049160,-720,-544,-464
6,1562493049161,-720,-544,-464
6,1562493049163,-736,-544,-464
2,1562493049183,-304,880,480
2,1562493049185,-304,864,480
4,1562493049191,-976,-176,272
4,1562493049193,-976,-176,288
6,1562493049199,-752,-544,-416
6,1562493049200,-752,-544,-400
2,1562493049230,-288,864,480
2,1562493049232,-272,848,496
4,1562493049244,-976,-176,288
4,1562493049247,-976,-176,304
6,1562493049251,-752,-544,-400
6,1562493049254,-752,-544,-400
2,1562493049274,-272,864,496
2,1562493049276,-256,864,512
2,1562493049277,-256,864,512
4,1562493049288,-976,-176,288
4,1562493049290,-976,-176,288
4,1562493049292,-976,-176,320
6,1562493049294,-752,-544,-400
6,1562493049296,-752,-544,-400
2,1562493049325,-272,880,512
2,1562493049328,-272,880,512
4,1562493049338,-960,-176,336
4,1562493049339,-960,-176,336
6,1562493049341,-768,-544,-384
6,1562493049343,-768,-528,-368
6,1562493049344,-784,-528,-368
2,1562493049364,-272,880,512
2,1562493049365,-256,880,512
4,1562493049376,-960,-176,336
4,1562493049378,-976,-176,336
6,1562493049385,-784,-528,-368
6,1562493049388,-784,-528,-368
2,1562493049409,-272,880,496
2,1562493049410,-256,880,512
4,1562493049416,-960,-176,336
4,1562493049418,-960,-176,320
4,1562493049421,-976,-192,320
6,1562493049430,-784,-528,-368
6,1562493049433,-768,-544,-368
2,1562493049457,-256,880,512
2,1562493049457,-272,880,512
2,1562493049458,-272,880,496
4,1562493049464,-960,-176,320
4,1562493049465,-960,-176,320
6,1562493049468,-768,-544,-368
6,1562493049472,-784,-544,-368
2,1562493049499,-288,880,480
2,1562493049500,-288,880,480
4,1562493049507,-960,-160,336
4,1562493049510,-960,-176,320
6,1562493049517,-784,-528,-368
6,1562493049520,-784,-528,-368
6,1562493049522,-768,-544,-384
2,1562493049543,-288,880,464
2,1562493049545,-288,880,464
4,1562493049551,-976,-176,304
4,1562493049554,-976,-192,288
6,1562493049563,-768,-544,-384
6,1562493049566,-752,-544,-400
2,1562493049589,-288,880,448
2,1562493049590,-272,880,464
4,1562493049596,-976,-176,272
4,1562493049597,-992,-176,288
4,1562493049599,-976,-176,288
6,1562493049609,-768,-528,-416
6,1562493049611,-768,-544,-416
2,1562493049635,-272,880,464
2,1562493049636,-272,880,464
2,1562493049637,-272,880,464
4,1562493049642,-976,-176,304
4,1562493049644,-976,-176,288
6,1562493049649,-768,-528,-400
6,1562493049652,-768,-528,-400
2,1562493049679,-272,880,448
2,1562493049679,-288,880,464
4,1562493049685,-976,-176,288
4,1562493049692,-976,-176,288
6,1562493049696,-752,-544,-400
6,1562493049698,-752,-544,-400
6,1562493049700,-752,-544,-416
2,1562493049723,-288,880,448
2,1562493049724,-288,880,448
2,1562493049728,-288,880,448
4,1562493049730,-976,-176,272
4,1562493049731,-976,-176,272
6,1562493049741,-752,-544,-416
6,1562493049743,-752,-544,-416
2,1562493049768,-288,880,464
2,1562493049769,-288,880,464
4,1562493049780,-992,-192,272
4,1562493049782,-976,-176,272
4,1562493049784,-992,-176,256
6,1562493049786,-752,-528,-432
6,1562493049790,-736,-528,-448
6,1562493049792,-720,-544,-464
2,1562493049814,-288,880,448
2,1562493049815,-304,880,448
4,1562493049824,-992,-192,208
4,1562493049825,-1008,-192,192
6,1562493049835,-704,-544,-480
6,1562493049837,-704,-528,-480
2,1562493049858,-304,880,464
2,1562493049860,-320,880,432
4,1562493049866,-1008,-176,208
4,1562493049868,-992,-176,208
6,1562493049874,-720,-528,-464
6,1562493049876,-704,-544,-464
2,1562493049907,-320,864,432
2,1562493049908,-320,864,416
2,1562493049909,-320,864,416
4,1562493049916,-992,-192,176
4,1562493049918,-992,-192,176
6,1562493049923,-704,-528,-480
6,1562493049926,-704,-528,-496
2,1562493049949,-336,864,416
2,1562493049952,-336,880,400
4,1562493049964,-992,-192,160
4,1562493049967,-1008,-192,160
4,1562493049968,-1008,-176,128
6,1562493049970,-704,-528,-496
6,1562493049973,-704,-528,-512
6,1562493049975,-688,-528,-528
2,1562493049994,-336,880,400
2,1562493049995,-336,896,400
4,1562493050002,-1008,-176,112
4,1562493050004,-1008,-176,96
6,1562493050011,-688,-512,-544
6,1562493050013,-672,-528,-528
2,1562493050041,-352,880,384
2,1562493050042,-352,880,384
4,1562493050048,-1008,-176,96
4,1562493050050,-1008,-176,80
6,1562493050059,-672,-512,-544
6,1562493050060,-672,-512,-544
2,1562493050084,-352,880,384
2,1562493050086,-352,896,384
2,1562493050089,-368,896,368
2,1562493050129,-368,896,352
2,1562493050130,-368,896,352
4,1562493050135,-992,-176,80
4,1562493050137,-992,-160,80
4,1562493050147,-1008,-176,48
4,1562493050149,-1008,-176,48
4,1562493050150,-1008,-176,32
6,1562493050152,-688,-512,-528
6,1562493050155,-688,-512,-528
6,1562493050157,-672,-512,-560
6,1562493050159,-656,-512,-576
6,1562493050161,-672,-512,-560
2,1562493050175,-368,896,352
2,1562493050177,-368,896,368
4,1562493050186,-1008,-176,32
4,1562493050189,-1008,-176,32
6,1562493050197,-672,-512,-560
6,1562493050198,-672,-528,-560
2,1562493050222,-368,880,368
2,1562493050223,-368,880,352
4,1562493050230,-1008,-176,32
4,1562493050232,-1008,-176,32
6,1562493050234,-672,-512,-544
6,1562493050235,-672,-512,-560
2,1562493050264,-368,880,368
2,1562493050265,-368,896,368
2,1562493050265,-368,896,368
6,1562493050283,-672,-512,-560
6,1562493050284,-656,-512,-560
2,1562493050310,-352,896,368
2,1562493050312,-352,896,368
4,1562493050326,-1008,-176,32
4,1562493050329,-1008,-176,32
4,1562493050332,-1008,-176,32
4,1562493050334,-1008,-176,32
4,1562493050336,-1008,-176,32
6,1562493050339,-656,-512,-560
6,1562493050341,-656,-512,-576
6,1562493050343,-672,-512,-560
2,1562493050357,-336,896,368
2,1562493050358,-336,880,368
4,1562493050363,-1008,-176,48
4,1562493050365,-1008,-176,48
6,1562493050369,-656,-512,-560
6,1562493050371,-672,-512,-560
2,1562493050399,-352,880,384
2,1562493050400,-336,880,384
6,1562493050414,-672,-512,-560
6,1562493050415,-672,-512,-544
2,1562493050443,-352,896,384
2,1562493050448,-336,880,400
2,1562493050449,-352,880,400
4,1562493050459,-1024,-176,32
4,1562493050460,-1008,-176,32
4,1562493050461,-1008,-176,32
4,1562493050463,-1008,-176,64
4,1562493050464,-1008,-176,48
6,1562493050465,-672,-512,-560
6,1562493050467,-672,-512,-560
2,1562493050488,-336,880,400
2,1562493050490,-352,896,416
4,1562493050496,-1008,-176,48
4,1562493050497,-1008,-176,64
6,1562493050507,-672,-512,-544
6,1562493050507,-672,-512,-560
6,1562493050508,-672,-512,-544
2,1562493050533,-352,880,400
2,1562493050534,-352,880,400
4,1562493050542,-1008,-176,64
4,1562493050544,-1008,-176,64
6,1562493050548,-672,-512,-544
6,1562493050550,-672,-512,-560
2,1562493050579,-352,880,400
2,1562493050580,-352,880,384
4,1562493050587,-1008,-176,64
4,1562493050589,-1008,-176,64
6,1562493050595,-672,-512,-560
6,1562493050596,-656,-512,-560
2,1562493050624,-336,880,384
2,1562493050626,-336,880,384
2,1562493050627,-336,880,400
4,1562493050635,-1008,-176,64
4,1562493050637,-1008,-176,64
4,1562493050638,-1008,-176,80
6,1562493050644,-672,-528,-560
6,1562493050646,-672,-512,-560
2,1562493050669,-336,880,400
2,1562493050671,-336,880,400
4,1562493050678,-1008,-176,96
4,1562493050679,-1008,-176,80
6,1562493050683,-672,-512,-544
6,1562493050685,-688,-512,-544
6,1562493050687,-688,-528,-544
2,1562493050713,-336,880,400
2,1562493050714,-352,880,400
4,1562493050722,-1008,-176,112
4,1562493050724,-1008,-176,96
6,1562493050732,-672,-512,-544
6,1562493050733,-672,-512,-544
2,1562493050758,-352,880,400
2,1562493050759,-336,880,400
4,1562493050766,-1008,-176,96
4,1562493050768,-1008,-176,112
6,1562493050777,-672,-512,-544
6,1562493050778,-672,-512,-544
6,1562493050780,-688,-528,-544
2,1562493050805,-336,880,400
2,1562493050806,-336,880,400
2,1562493050807,-336,880,400
4,1562493050814,-1008,-176,112
6,1562493050827,-688,-528,-528
2,1562493050850,-336,880,400
2,1562493050851,-336,896,416
4,1562493050858,-1008,-176,128
4,1562493050861,-1008,-176,128
4,1562493050864,-1008,-176,144
4,1562493050867,-1008,-176,144
6,1562493050870,-688,-528,-528
6,1562493050873,-688,-528,-528
6,1562493050875,-688,-528,-528
2,1562493050894,-336,880,400
2,1562493050896,-320,880,400
4,1562493050901,-1008,-176,144
4,1562493050905,-992,-176,160
6,1562493050914,-688,-512,-528
6,1562493050916,-688,-528,-528
2,1562493050939,-320,880,416
2,1562493050940,-320,880,416
4,1562493050950,-1008,-176,160
4,1562493050953,-1008,-176,176
4,1562493050955,-992,-176,176
6,1562493050964,-688,-512,-528
6,1562493050966,-688,-512,-528
6,1562493050967,-688,-528,-512
2,1562493050983,-320,896,416
2,1562493050984,-304,880,416
2,1562493050987,-304,896,432
4,1562493050995,-1008,-160,176
4,1562493050997,-1008,-176,176
6,1562493051000,-688,-528,-512
6,1562493051003,-688,-528,-528
2,1562493051029,-304,896,448
2,1562493051030,-304,912,464
4,1562493051043,-1024,-160,176
4,1562493051047,-1024,-160,176
6,1562493051057,-704,-528,-512
6,1562493051059,-704,-528,-496
2,1562493051075,-288,896,464
2,1562493051078,-288,896,464
4,1562493051087,-1008,-176,208
4,1562493051089,-976,-176,224
6,1562493051096,-720,-528,-496
6,1562493051097,-704,-544,-464
2,1562493051121,-272,880,464
2,1562493051122,-272,864,448
4,1562493051130,-960,-176,256
4,1562493051133,-960,-192,256
4,1562493051134,-976,-176,256
6,1562493051136,-720,-544,-448
6,1562493051137,-720,-544,-448
6,1562493051140,-720,-528,-448
2,1562493051165,-272,864,448
2,1562493051166,-272,880,448
2,1562493051171,-272,880,464
4,1562493051178,-976,-176,240
4,1562493051179,-976,-176,240
6,1562493051181,-720,-528,-464
6,1562493051182,-720,-528,-480
2,1562493051210,-272,896,448
2,1562493051211,-288,912,448
4,1562493051216,-992,-160,240
4,1562493051217,-992,-160,256
6,1562493051228,-720,-528,-480
6,1562493051229,-720,-528,-480
2,1562493051255,-272,912,448
2,1562493051257,-272,896,448
4,1562493051267,-1008,-160,256
4,1562493051270,-1008,-160,256
6,1562493051273,-720,-528,-480
6,1562493051282,-720,-528,-480
2,1562493051298,-272,880,464
2,1562493051300,-272,880,448
4,1562493051309,-992,-176,256
4,1562493051312,-976,-176,240
4,1562493051313,-976,-176,240
6,1562493051316,-720,-544,-464
6,1562493051318,-720,-544,-464
6,1562493051320,-720,-544,-464
2,1562493051343,-288,864,432
2,1562493051344,-304,880,416
2,1562493051346,-320,896,400
4,1562493051352,-992,-176,224
4,1562493051354,-992,-176,208
6,1562493051364,-720,-528,-480
6,1562493051365,-704,-528,-496
2,1562493051389,-336,912,384
2,1562493051391,-336,912,384
4,1562493051396,-1008,-176,192
4,1562493051397,-1008,-176,192
6,1562493051409,-720,-528,-496
6,1562493051411,-704,-528,-512
2,1562493051433,-336,928,368
2,1562493051434,-336,912,368
2,1562493051436,-320,880,384
4,1562493051448,-1008,-160,176
4,1562493051450,-992,-176,192
6,1562493051453,-704,-528,-512
6,1562493051455,-704,-528,-480
2,1562493051479,-320,880,384
2,1562493051482,-320,896,400
4,1562493051492,-992,-176,208
4,1562493051494,-992,-176,208
4,1562493051496,-992,-176,208
6,1562493051506,-704,-528,-480
6,1562493051508,-704,-528,-496
6,1562493051509,-704,-528,-496
2,1562493051529,-320,896,400
2,1562493051531,-320,896,400
4,1562493051547,-992,-176,208
4,1562493051550,-992,-176,208
6,1562493051552,-688,-512,-496
6,1562493051554,-704,-528,-480
2,1562493051572,-336,896,416
2,1562493051573,-320,896,400
4,1562493051579,-992,-176,208
4,1562493051580,-992,-176,208
6,1562493051583,-704,-528,-496
6,1562493051586,-720,-528,-496
2,1562493051614,-320,896,400
2,1562493051615,-320,880,400
2,1562493051616,-320,896,400
4,1562493051622,-992,-176,208
4,1562493051629,-992,-192,208
4,1562493051631,-992,-176,192
6,1562493051632,-720,-528,-480
6,1562493051633,-704,-528,-496
2,1562493051665,-320,896,416
2,1562493051667,-320,896,416
4,1562493051667,-992,-176,192
4,1562493051671,-992,-176,192
6,1562493051680,-704,-528,-496
6,1562493051682,-704,-528,-480
6,1562493051683,-704,-528,-496
2,1562493051705,-336,896,400
2,1562493051707,-320,896,400
4,1562493051715,-992,-176,192
4,1562493051717,-976,-176,192
6,1562493051720,-704,-528,-480
6,1562493051723,-720,-528,-480
2,1562493051749,-320,896,400
2,1562493051750,-320,896,400
4,1562493051764,-992,-176,192
4,1562493051769,-992,-176,192
6,1562493051772,-704,-528,-480
6,1562493051775,-704,-528,-480
2,1562493051795,-320,896,400
2,1562493051797,-304,896,400
2,1562493051799,-288,896,416
4,1562493051810,-992,-176,208
4,1562493051813,-1008,-176,176
4,1562493051815,-992,-176,192
6,1562493051816,-704,-528,-496
6,1562493051818,-704,-528,-496
2,1562493051840,-288,896,400
2,1562493051841,-272,896,400
4,1562493051847,-992,-160,208
4,1562493051848,-992,-160,192
6,1562493051858,-704,-528,-496
6,1562493051860,-704,-528,-480
6,1562493051861,-720,-528,-496
2,1562493051883,-272,896,416
2,1562493051886,-288,896,432
6,1562493051899,-720,-528,-496
6,1562493051899,-720,-528,-496
2,1562493051930,-304,896,432
2,1562493051940,-304,896,416
4,1562493051942,-992,-176,208
4,1562493051944,-992,-176,208
4,1562493051946,-1008,-176,208
4,1562493051948,-992,-176,192
6,1562493051956,-704,-528,-496
6,1562493051958,-720,-528,-496
6,1562493051960,-704,-528,-480
2,1562493051974,-304,880,416
2,1562493051975,-304,896,400
2,1562493051978,-304,896,400
4,1562493051986,-992,-176,208
4,1562493051987,-992,-176,176
4,1562493051989,-992,-176,176
2,1562493052019,-320,896,400
2,1562493052020,-336,896,400
4,1562493052028,-992,-176,160
4,1562493052030,-992,-192,176
6,1562493052034,-704,-528,-480
6,1562493052034,-704,-528,-512
6,1562493052035,-704,-528,-496
6,1562493052036,-688,-544,-496
2,1562493052064,-336,896,400
2,1562493052065,-336,896,384
4,1562493052074,-992,-176,176
4,1562493052077,-992,-176,176
6,1562493052086,-704,-528,-496
6,1562493052088,-704,-528,-496
2,1562493052108,-336,880,384
2,1562493052109,-336,896,384
4,1562493052116,-1008,-176,160
4,1562493052117,-1008,-176,160
6,1562493052125,-704,-528,-496
6,1562493052127,-704,-528,-496
6,1562493052128,-688,-528,-496
2,1562493052156,-336,896,384
2,1562493052159,-336,896,384
2,1562493052161,-320,896,384
4,1562493052173,-992,-176,160
4,1562493052177,-992,-176,160
4,1562493052178,-992,-176,144
6,1562493052180,-704,-528,-496
6,1562493052182,-704,-528,-496
2,1562493052199,-320,880,384
2,1562493052200,-336,896,384
4,1562493052209,-992,-176,144
4,1562493052211,-1008,-176,160
6,1562493052220,-704,-528,-496
6,1562493052222,-704,-528,-512
2,1562493052246,-320,896,384
2,1562493052247,-304,896,400
6,1562493052259,-704,-512,-496
6,1562493052260,-704,-528,-512
2,1562493052290,-304,896,400
2,1562493052292,-304,896,416
4,1562493052302,-1008,-160,144
4,1562493052306,-1008,-176,160
4,1562493052310,-1008,-176,160
4,1562493052313,-992,-176,160
4,1562493052315,-992,-176,160
6,1562493052326,-704,-528,-512
6,1562493052328,-704,-528,-496
6,1562493052332,-704,-528,-496
2,1562493052341,-304,896,400
2,1562493052343,-288,880,416
2,1562493052345,-288,880,432
4,1562493052347,-1008,-176,160
4,1562493052356,-1008,-176,160
6,1562493052358,-704,-528,-496
6,1562493052359,-704,-528,-512
2,1562493052379,-304,896,416
2,1562493052379,-304,896,416
6,1562493052394,-704,-528,-512
6,1562493052395,-704,-528,-512
2,1562493052424,-304,896,416
2,1562493052425,-304,896,416
4,1562493052432,-1008,-160,160
4,1562493052434,-1008,-176,160
4,1562493052436,-1008,-176,160
4,1562493052439,-992,-176,144
6,1562493052449,-704,-528,-512
6,1562493052453,-688,-528,-496
2,1562493052472,-320,880,416
2,1562493052475,-320,880,400
4,1562493052485,-992,-176,160
4,1562493052487,-992,-176,160
4,1562493052489,-1008,-176,144
6,1562493052491,-688,-528,-496
6,1562493052493,-704,-528,-496
6,1562493052495,-688,-528,-528
2,1562493052515,-320,896,400
2,1562493052517,-304,896,400
2,1562493052519,-304,896,400
4,1562493052528,-1008,-176,128
4,1562493052531,-1008,-176,128
6,1562493052534,-704,-528,-528
6,1562493052535,-688,-512,-528
2,1562493052560,-320,896,416
2,1562493052561,-336,896,400
4,1562493052566,-1008,-176,144
4,1562493052569,-992,-192,144
6,1562493052579,-688,-528,-512
6,1562493052581,-688,-528,-512
2,1562493052605,-336,880,400
2,1562493052606,-336,880,384
4,1562493052613,-992,-192,128
4,1562493052614,-992,-176,128
6,1562493052618,-688,-528,-512
6,1562493052620,-688,-528,-512
2,1562493052650,-336,896,384
2,1562493052652,-336,896,368
4,1562493052658,-1008,-176,128
6,1562493052665,-688,-528,-528
6,1562493052666,-688,-528,-528
6,1562493052669,-688,-528,-528
2,1562493052695,-336,896,384
2,1562493052698,-320,896,384
2,1562493052701,-320,896,400
4,1562493052713,-1008,-176,112
4,1562493052715,-1008,-176,112
4,1562493052718,-992,-176,112
4,1562493052722,-992,-176,128
6,1562493052725,-688,-528,-528
6,1562493052728,-688,-528,-528
2,1562493052739,-320,896,400
2,1562493052741,-320,896,400
4,1562493052750,-1008,-176,128
4,1562493052753,-1008,-192,128
6,1562493052762,-688,-512,-528
6,1562493052763,-688,-528,-528
2,1562493052784,-320,896,400
2,1562493052785,-320,896,400
2,1562493052786,-320,896,400
4,1562493052793,-1008,-176,128
4,1562493052794,-992,-176,112
6,1562493052799,-688,-528,-528
6,1562493052802,-688,-528,-528
6,1562493052804,-688,-528,-528
2,1562493052828,-336,880,384
4,1562493052838,-1008,-192,112
4,1562493052840,-992,-192,128
4,1562493052842,-1008,-192,112
6,1562493052851,-688,-528,-528
6,1562493052852,-688,-528,-528
2,1562493052874,-336,896,400
2,1562493052876,-336,896,400
2,1562493052878,-352,896,400
4,1562493052885,-992,-192,112
4,1562493052888,-1008,-192,128
6,1562493052896,-688,-528,-528
6,1562493052898,-688,-528,-512
2,1562493052922,-352,896,400
2,1562493052923,-336,880,400
4,1562493052932,-992,-192,128
4,1562493052934,-1008,-176,128
6,1562493052937,-688,-528,-528
6,1562493052940,-688,-528,-528
6,1562493052942,-688,-528,-528
2,1562493052963,-336,896,384
2,1562493052964,-336,896,384
2,1562493052965,-336,896,400
4,1562493052972,-1008,-192,112
4,1562493052974,-1008,-192,112
4,1562493052976,-1008,-176,112
6,1562493052985,-688,-528,-528
2,1562493053010,-336,896,400
2,1562493053011,-336,880,400
4,1562493053017,-1008,-176,112
4,1562493053018,-1008,-192,112
6,1562493053030,-688,-528,-528
6,1562493053031,-688,-528,-528
6,1562493053032,-688,-528,-528
2,1562493053055,-336,880,400
2,1562493053056,-336,880,400
4,1562493053062,-992,-192,128
4,1562493053064,-1008,-192,128
2,1562493053099,-336,896,416
2,1562493053101,-336,896,416
4,1562493053115,-992,-192,128
4,1562493053117,-1008,-192,128
6,1562493053119,-688,-528,-528
6,1562493053122,-688,-528,-512
6,1562493053124,-688,-528,-496
6,1562493053126,-688,-528,-528
6,1562493053127,-688,-528,-528
2,1562493053144,-320,896,416
2,1562493053146,-304,896,400
2,1562493053147,-288,896,400
4,1562493053155,-1008,-176,128
4,1562493053157,-1008,-176,128
4,1562493053159,-1008,-176,128
6,1562493053169,-688,-512,-528
6,1562493053170,-688,-512,-528
2,1562493053189,-288,912,416
2,1562493053196,-288,896,416
4,1562493053198,-1008,-160,128
4,1562493053199,-1008,-176,128
6,1562493053210,-688,-512,-528
6,1562493053212,-688,-528,-512
2,1562493053233,-288,880,416
2,1562493053235,-288,880,416
4,1562493053244,-992,-160,144
4,1562493053245,-1008,-176,144
6,1562493053247,-688,-528,-528
6,1562493053249,-688,-528,-512
2,1562493053279,-304,880,416
2,1562493053280,-304,896,416
4,1562493053289,-1008,-176,128
4,1562493053290,-1008,-176,144
6,1562493053300,-688,-528,-528
6,1562493053302,-688,-528,-528
6,1562493053303,-688,-528,-528
2,1562493053323,-320,896,416
2,1562493053324,-336,896,416
2,1562493053325,-352,896,416
4,1562493053333,-1008,-176,128
6,1562493053341,-688,-528,-528
6,1562493053343,-688,-512,-528
2,1562493053372,-352,896,400
2,1562493053373,-352,880,384
4,1562493053380,-1008,-192,128
4,1562493053382,-992,-192,128
4,1562493053383,-1008,-192,128
4,1562493053385,-992,-192,112
6,1562493053386,-688,-528,-528
6,1562493053390,-688,-528,-528
2,1562493053413,-368,880,400
2,1562493053415,-352,880,384
4,1562493053424,-992,-192,112
4,1562493053426,-992,-192,112
6,1562493053436,-688,-528,-528
6,1562493053437,-688,-528,-528
2,1562493053459,-352,896,384
2,1562493053460,-336,896,384
4,1562493053466,-1008,-192,112
4,1562493053468,-1008,-192,112
6,1562493053476,-688,-528,-528
6,1562493053478,-688,-528,-528
6,1562493053479,-688,-528,-528
2,1562493053505,-336,896,400
2,1562493053506,-320,912,384
2,1562493053507,-288,896,416
4,1562493053512,-1008,-176,128
4,1562493053514,-1008,-176,128
4,1562493053515,-1008,-176,128
6,1562493053519,-688,-528,-528
6,1562493053530,-688,-528,-528
2,1562493053550,-288,896,416
2,1562493053551,-288,880,416
4,1562493053560,-992,-176,144
4,1562493053562,-1008,-176,144
6,1562493053565,-688,-528,-512
6,1562493053566,-688,-528,-512
2,1562493053593,-272,880,416
2,1562493053596,-272,896,416
4,1562493053609,-1008,-176,144
4,1562493053613,-1008,-160,128
6,1562493053615,-688,-528,-528
6,1562493053626,-688,-528,-528
2,1562493053639,-304,896,416
2,1562493053642,-336,928,416
4,1562493053652,-1024,-176,128
4,1562493053655,-1024,-192,128
6,1562493053663,-688,-512,-544
6,1562493053664,-688,-512,-528
6,1562493053665,-688,-528,-528
2,1562493053683,-336,912,416
2,1562493053684,-336,896,400
2,1562493053685,-384,864,416
4,1562493053693,-1008,-208,128
4,1562493053695,-992,-224,128
4,1562493053698,-976,-224,144
6,1562493053700,-688,-544,-512
6,1562493053702,-672,-544,-496
2,1562493053728,-384,864,400
2,1562493053729,-368,864,400
4,1562493053737,-976,-224,144
4,1562493053739,-992,-208,128
6,1562493053745,-672,-544,-496
6,1562493053746,-688,-528,-528
2,1562493053774,-368,880,400
2,1562493053775,-368,912,384
4,1562493053784,-1008,-192,128
4,1562493053787,-1008,-192,128
6,1562493053795,-688,-528,-528
6,1562493053797,-688,-528,-528
2,1562493053821,-336,912,384
2,1562493053822,-320,880,400
4,1562493053831,-1024,-192,128
4,1562493053833,-1008,-192,128
4,1562493053835,-992,-192,144
6,1562493053838,-688,-528,-512
6,1562493053841,-688,-528,-528
6,1562493053842,-688,-544,-512
2,1562493053863,-352,880,400
2,1562493053864,-336,880,400
2,1562493053866,-320,880,400
4,1562493053873,-976,-192,128
4,1562493053881,-992,-192,128
6,1562493053883,-688,-544,-512
6,1562493053884,-688,-544,-512
2,1562493053908,-336,896,416
2,1562493053909,-320,896,432
6,1562493053924,-688,-528,-528
6,1562493053926,-704,-528,-528
2,1562493053955,-304,896,432
2,1562493053956,-304,896,432
4,1562493053967,-1008,-192,144
4,1562493053973,-1008,-176,144
4,1562493053975,-1008,-176,144
4,1562493053977,-1008,-176,144
6,1562493053987,-704,-528,-512
6,1562493053988,-688,-528,-528
2,1562493053999,-288,896,416
2,1562493054002,-288,880,432
4,1562493054010,-1008,-176,144
4,1562493054012,-992,-176,144
4,1562493054014,-992,-176,144
6,1562493054016,-688,-528,-528
6,1562493054019,-688,-528,-512
6,1562493054021,-688,-528,-512
2,1562493054044,-288,880,416
2,1562493054046,-304,896,416
2,1562493054052,-320,896,416
4,1562493054055,-1008,-176,144
4,1562493054056,-1008,-176,128
6,1562493054065,-704,-528,-512
6,1562493054066,-688,-528,-528
2,1562493054089,-320,896,416
2,1562493054090,-336,896,400
4,1562493054096,-1008,-160,128
4,1562493054098,-1008,-176,128
6,1562493054109,-688,-528,-528
6,1562493054111,-688,-528,-528
6,1562493054112,-688,-528,-528
2,1562493054136,-320,880,400
2,1562493054138,-320,880,400
4,1562493054147,-992,-176,128
4,1562493054150,-992,-176,128
6,1562493054153,-688,-528,-512
6,1562493054155,-688,-528,-512
2,1562493054179,-320,880,384
2,1562493054181,-320,896,400
4,1562493054189,-1008,-176,128
4,1562493054191,-1008,-176,128
4,1562493054192,-1008,-160,128
6,1562493054201,-688,-512,-528
6,1562493054203,-704,-496,-528
2,1562493054223,-320,896,384
2,1562493054226,-320,896,384
2,1562493054228,-304,912,384
4,1562493054235,-1008,-160,112
4,1562493054236,-1008,-176,112
6,1562493054244,-688,-528,-528
6,1562493054245,-688,-528,-528
2,1562493054270,-304,912,384
2,1562493054277,-320,896,384
4,1562493054281,-1008,-160,112
4,1562493054283,-1008,-160,128
6,1562493054287,-688,-512,-528
6,1562493054289,-688,-528,-528
6,1562493054291,-688,-528,-528
2,1562493054314,-304,880,384
2,1562493054315,-304,880,384
2,1562493054317,-320,896,384
4,1562493054324,-1008,-176,128
4,1562493054325,-992,-176,128
6,1562493054332,-688,-528,-528
6,1562493054333,-688,-528,-528
2,1562493054360,-304,896,400
2,1562493054361,-320,896,400
4,1562493054369,-1008,-176,128
4,1562493054370,-1008,-176,128
4,1562493054372,-1008,-176,112
6,1562493054380,-688,-512,-528
6,1562493054382,-688,-528,-528
2,1562493054404,-336,896,400
2,1562493054405,-336,896,384
4,1562493054410,-1008,-176,112
4,1562493054412,-1008,-176,112
6,1562493054423,-688,-528,-512
6,1562493054425,-688,-512,-528
2,1562493054450,-320,896,384
2,1562493054451,-336,896,384
4,1562493054458,-992,-176,112
4,1562493054461,-992,-192,112
2,1562493054495,-352,896,400
6,1562493054509,-688,-528,-528
2,1562493054542,-352,896,400
4,1562493054551,-1008,-176,112
6,1562493054561,-688,-528,-528
2,1562493054584,-336,896,384
2,1562493054586,-336,896,384
2,1562493054588,-352,896,400
2,1562493054589,-352,880,400
2,1562493054596,-336,896,400
4,1562493054598,-1008,-176,112
6,1562493054600,-688,-528,-528
6,1562493054603,-688,-528,-528
6,1562493054605,-688,-512,-528
6,1562493054607,-688,-528,-528
6,1562493054609,-688,-528,-528
6,1562493054617,-688,-528,-528
2,1562493054629,-336,896,400
2,1562493054629,-336,896,400
4,1562493054645,-1008,-176,112
4,1562493054646,-1008,-176,112
4,1562493054648,-1008,-192,112
4,1562493054649,-992,-192,112
4,1562493054651,-1008,-192,112
4,1562493054654,-1008,-176,128
6,1562493054656,-688,-528,-528
6,1562493054657,-704,-528,-544
2,1562493054674,-320,896,400
2,1562493054677,-304,896,400
2,1562493054685,-304,896,400
4,1562493054687,-1008,-176,128
4,1562493054689,-1008,-176,128
4,1562493054691,-1008,-160,128
6,1562493054700,-688,-528,-528
6,1562493054702,-688,-528,-528
2,1562493054720,-304,896,400
2,1562493054720,-288,896,384
4,1562493054728,-1008,-176,128
4,1562493054729,-1008,-160,128
6,1562493054735,-688,-528,-528
6,1562493054738,-688,-512,-528
2,1562493054763,-304,896,384
2,1562493054765,-304,896,400
4,1562493054772,-1008,-160,128
4,1562493054774,-1008,-176,128
6,1562493054783,-688,-528,-528
6,1562493054786,-688,-528,-528
2,1562493054809,-320,896,400
2,1562493054810,-320,896,416
4,1562493054818,-1008,-176,128
4,1562493054820,-1008,-176,128
6,1562493054831,-688,-528,-528
6,1562493054834,-688,-528,-512
6,1562493054837,-704,-528,-512
2,1562493054855,-320,896,400
2,1562493054856,-320,880,400
2,1562493054857,-320,880,400
4,1562493054865,-992,-192,144
4,1562493054866,-992,-176,128
4,1562493054868,-1008,-176,144
6,1562493054877,-688,-528,-528
6,1562493054878,-688,-528,-512
2,1562493054898,-320,896,400
2,1562493054900,-336,912,400
4,1562493054906,-1008,-192,144
4,1562493054908,-1040,-192,112
6,1562493054913,-688,-512,-528
6,1562493054914,-656,-512,-576
2,1562493054943,-352,928,400
2,1562493054944,-336,912,368
4,1562493054959,-1024,-160,112
4,1562493054961,-1024,-160,112
6,1562493054964,-672,-512,-560
6,1562493054974,-688,-512,-560
6,1562493054975,-672,-528,-512
2,1562493054989,-352,896,352
2,1562493054991,-368,880,352
4,1562493055002,-992,-160,128
4,1562493055005,-976,-176,128
6,1562493055013,-704,-528,-480
6,1562493055014,-656,-544,-528
2,1562493055033,-368,880,336
2,1562493055034,-352,896,320
2,1562493055046,-352,896,336
4,1562493055048,-992,-208,96
4,1562493055050,-992,-160,96
4,1562493055052,-1008,-160,80
6,1562493055055,-688,-528,-528
6,1562493055057,-688,-528,-528
2,1562493055078,-384,896,352
2,1562493055079,-400,912,352
4,1562493055087,-1008,-176,96
4,1562493055089,-1008,-192,112
6,1562493055096,-672,-528,-544
6,1562493055097,-688,-528,-528
6,1562493055098,-688,-512,-512
2,1562493055122,-400,896,336
2,1562493055124,-384,896,336
4,1562493055131,-1008,-176,128
4,1562493055133,-1008,-176,128
6,1562493055142,-688,-528,-512
2,1562493055171,-368,880,336
2,1562493055173,-352,896,336
4,1562493055181,-992,-176,144
4,1562493055182,-1008,-176,144
4,1562493055183,-992,-160,160
6,1562493055188,-704,-544,-496
6,1562493055198,-704,-544,-496
6,1562493055199,-704,-560,-480
2,1562493055214,-336,896,320
2,1562493055215,-336,896,368
2,1562493055216,-336,880,384
4,1562493055225,-1008,-160,176
4,1562493055227,-1008,-160,224
6,1562493055229,-704,-544,-496
6,1562493055231,-720,-544,-480
2,1562493055259,-320,880,416
2,1562493055260,-320,864,432
4,1562493055266,-1008,-192,256
4,1562493055270,-992,-176,256
6,1562493055280,-736,-544,-448
6,1562493055282,-736,-560,-432
6,1562493055284,-736,-560,-416
2,1562493055305,-304,864,448
2,1562493055306,-304,864,448
4,1562493055312,-976,-176,256
4,1562493055314,-976,-176,256
6,1562493055324,-752,-544,-400
6,1562493055326,-752,-560,-384
2,1562493055348,-304,864,448
2,1562493055349,-304,864,448
4,1562493055357,-960,-176,272
4,1562493055359,-944,-176,288
4,1562493055360,-960,-160,320
6,1562493055365,-768,-560,-368
6,1562493055366,-784,-544,-352
2,1562493055394,-304,880,432
2,1562493055397,-288,880,432
2,1562493055402,-304,880,464
4,1562493055412,-960,-160,336
4,1562493055413,-976,-160,336
6,1562493055414,-800,-512,-336
6,1562493055416,-800,-528,-336
2,1562493055438,-304,880,480
2,1562493055440,-288,880,480
4,1562493055449,-976,-176,336
4,1562493055454,-976,-176,352
6,1562493055462,-800,-528,-336
6,1562493055464,-800,-544,-320
6,1562493055465,-800,-544,-320
2,1562493055483,-288,880,512
2,1562493055484,-288,880,512
4,1562493055492,-960,-192,368
4,1562493055493,-960,-192,384
6,1562493055497,-816,-544,-304
6,1562493055499,-816,-528,-272
2,1562493055528,-272,880,528
2,1562493055529,-256,864,512
4,1562493055537,-944,-176,384
4,1562493055539,-928,-160,400
4,1562493055540,-928,-160,416
6,1562493055548,-832,-528,-256
6,1562493055550,-848,-512,-240
2,1562493055575,-256,864,528
2,1562493055578,-256,864,528
2,1562493055580,-256,864,544
4,1562493055584,-928,-176,448
4,1562493055592,-912,-176,448
6,1562493055594,-848,-528,-208
6,1562493055596,-848,-528,-208
2,1562493055623,-240,864,544
2,1562493055624,-240,864,544
4,1562493055632,-912,-176,464
4,1562493055634,-896,-160,480
6,1562493055638,-864,-512,-176
6,1562493055640,-864,-512,-160
6,1562493055642,-864,-512,-160
2,1562493055664,-240,848,560
2,1562493055665,-224,864,576
4,1562493055673,-896,-160,480
4,1562493055675,-896,-176,464
6,1562493055684,-864,-512,-160
6,1562493055687,-864,-528,-176
2,1562493055710,-224,864,576
2,1562493055711,-224,848,560
4,1562493055725,-912,-160,448
4,1562493055726,-912,-176,448
6,1562493055728,-848,-528,-176
6,1562493055730,-864,-528,-176
2,1562493055757,-240,864,528
2,1562493055758,-256,848,496
2,1562493055758,-256,880,496
4,1562493055767,-896,-160,448
4,1562493055768,-912,-160,432
4,1562493055773,-896,-160,432
6,1562493055782,-864,-512,-192
6,1562493055786,-848,-512,-192
2,1562493055800,-240,864,496
2,1562493055801,-240,864,512
4,1562493055810,-928,-160,416
4,1562493055813,-928,-160,416
6,1562493055815,-848,-528,-208
6,1562493055817,-832,-528,-224
6,1562493055819,-832,-528,-240
2,1562493055843,-224,880,496
2,1562493055844,-240,880,496
2,1562493055845,-256,880,496
4,1562493055855,-944,-160,416
4,1562493055857,-928,-160,432
4,1562493055858,-928,-160,432
6,1562493055863,-832,-528,-240
6,1562493055864,-832,-528,-240
2,1562493055890,-256,896,496
2,1562493055890,-272,880,528
4,1562493055896,-928,-176,432
4,1562493055897,-928,-176,416
6,1562493055910,-832,-528,-256
6,1562493055913,-832,-528,-256
2,1562493055934,-272,864,496
2,1562493055939,-272,864,496
6,1562493055949,-816,-544,-288
6,1562493055951,-800,-544,-304
2,1562493055979,-272,864,512
2,1562493055981,-288,880,528
4,1562493055990,-928,-160,416
4,1562493055992,-928,-176,384
4,1562493055995,-944,-192,352
4,1562493055996,-944,-192,336
6,1562493056005,-784,-576,-336
6,1562493056007,-752,-576,-352
6,1562493056010,-752,-576,-368
2,1562493056027,-288,864,496
2,1562493056028,-288,864,496
2,1562493056029,-288,880,496
2,1562493056071,-288,880,480
2,1562493056072,-272,896,480
4,1562493056078,-960,-192,320
4,1562493056080,-960,-192,304
4,1562493056081,-960,-176,304
4,1562493056083,-976,-176,288
4,1562493056085,-992,-176,288
6,1562493056087,-752,-576,-368
6,1562493056089,-736,-560,-384
6,1562493056090,-736,-560,-400
6,1562493056092,-720,-560,-432
2,1562493056114,-288,880,480
2,1562493056116,-304,880,464
4,1562493056133,-992,-176,272
4,1562493056137,-992,-192,240
6,1562493056141,-736,-560,-432
6,1562493056145,-704,-576,-464
2,1562493056160,-304,864,448
2,1562493056162,-304,864,464
4,1562493056174,-992,-192,208
4,1562493056176,-976,-192,224
6,1562493056178,-704,-560,-464
6,1562493056179,-704,-544,-448
6,1562493056190,-720,-544,-448
2,1562493056204,-304,864,448
2,1562493056206,-304,864,432
2,1562493056207,-304,864,432
4,1562493056213,-976,-176,224
4,1562493056214,-992,-192,208
4,1562493056215,-992,-192,192
6,1562493056222,-720,-544,-480
6,1562493056223,-704,-544,-480
2,1562493056250,-320,864,432
2,1562493056251,-304,896,432
4,1562493056261,-1008,-192,192
4,1562493056264,-1040,-160,176
6,1562493056266,-736,-528,-496
6,1562493056268,-720,-496,-512
6,1562493056270,-688,-512,-528
2,1562493056294,-304,896,416
2,1562493056295,-320,912,400
4,1562493056301,-1024,-176,128
4,1562493056308,-1024,-144,80
6,1562493056310,-672,-512,-544
6,1562493056311,-656,-512,-592
2,1562493056339,-336,912,400
2,1562493056341,-352,896,384
4,1562493056347,-1024,-176,48
4,1562493056348,-1008,-176,48
6,1562493056355,-656,-512,-576
6,1562493056356,-656,-512,-544
2,1562493056384,-368,880,336
2,1562493056387,-384,880,336
2,1562493056396,-400,880,336
4,1562493056398,-992,-176,48
4,1562493056399,-992,-192,48
4,1562493056402,-1008,-192,32
6,1562493056405,-656,-512,-544
6,1562493056407,-672,-512,-560
2,1562493056431,-400,896,352
2,1562493056433,-400,896,336
6,1562493056444,-672,-496,-576
6,1562493056447,-688,-512,-560
6,1562493056450,-672,-496,-560
2,1562493056475,-384,880,320
2,1562493056477,-384,896,336
4,1562493056486,-1008,-176,16
4,1562493056490,-1008,-160,16
4,1562493056492,-1008,-176,-16
4,1562493056494,-1008,-176,-32
6,1562493056503,-640,-512,-592
6,1562493056506,-640,-512,-592
2,1562493056520,-384,896,336
2,1562493056521,-384,896,304
4,1562493056528,-1008,-160,-32
4,1562493056529,-1008,-160,-32
6,1562493056538,-672,-512,-576
6,1562493056539,-640,-496,-592
2,1562493056564,-384,896,304
2,1562493056565,-384,896,304
2,1562493056566,-368,896,304
4,1562493056575,-1008,-176,-48
4,1562493056576,-1008,-160,-64
4,1562493056578,-1008,-160,-64
6,1562493056581,-624,-496,-592
6,1562493056582,-624,-496,-608
2,1562493056608,-368,896,320
2,1562493056610,-368,912,336
4,1562493056616,-1008,-160,-64
4,1562493056618,-1008,-160,-64
6,1562493056628,-624,-496,-608
6,1562493056630,-640,-496,-608
6,1562493056633,-640,-496,-608
2,1562493056655,-368,912,368
2,1562493056656,-352,896,352
4,1562493056663,-1008,-144,-48
4,1562493056666,-1008,-160,-64
6,1562493056677,-640,-496,-592
6,1562493056678,-640,-496,-592
2,1562493056699,-368,880,320
2,1562493056701,-384,880,320
4,1562493056709,-1008,-160,-64
4,1562493056711,-992,-176,-64
6,1562493056714,-624,-512,-592
6,1562493056715,-624,-496,-608
2,1562493056745,-416,896,320
2,1562493056747,-416,912,304
2,1562493056750,-416,912,288
4,1562493056760,-1008,-176,-96
4,1562493056762,-1008,-160,-96
4,1562493056764,-1008,-160,-112
6,1562493056766,-624,-496,-608
6,1562493056768,-624,-496,-624
2,1562493056789,-416,896,304
2,1562493056797,-400,896,304
4,1562493056798,-1008,-160,-96
4,1562493056801,-1008,-160,-96
6,1562493056810,-624,-496,-608
6,1562493056812,-624,-496,-608
6,1562493056813,-624,-496,-608
2,1562493056834,-400,896,304
2,1562493056844,-400,896,304
4,1562493056845,-1008,-160,-96
4,1562493056849,-1008,-160,-80
2,1562493056878,-400,896,320
2,1562493056881,-384,896,320
4,1562493056894,-1008,-160,-80
4,1562493056898,-1008,-160,-80
4,1562493056901,-1008,-160,-80
6,1562493056904,-624,-496,-608
6,1562493056907,-640,-496,-592
6,1562493056911,-640,-496,-592
6,1562493056913,-624,-496,-608
4,1562493056931,-1008,-160,-64
4,1562493056932,-1008,-160,-64
6,1562493056942,-640,-496,-608
6,1562493056944,-640,-496,-592
2,1562493056970,-384,896,320
2,1562493056972,-384,896,320
2,1562493056980,-384,896,320
2,1562493056982,-368,896,320
2,1562493056986,-368,896,320
4,1562493056991,-1008,-160,-64
4,1562493056994,-1008,-144,-48
6,1562493057003,-640,-496,-592
6,1562493057004,-640,-496,-592
6,1562493057006,-640,-496,-592
2,1562493057014,-368,880,320
2,1562493057015,-352,896,320
4,1562493057025,-1008,-160,-32
4,1562493057025,-1008,-160,-32
6,1562493057028,-656,-496,-592
6,1562493057030,-656,-496,-592
2,1562493057059,-368,896,336
2,1562493057060,-368,896,336
6,1562493057074,-656,-496,-592
6,1562493057076,-656,-512,-576
2,1562493057106,-368,896,336
2,1562493057107,-368,896,352
2,1562493057108,-368,880,352
4,1562493057119,-1008,-160,-32
4,1562493057121,-1008,-160,-16
4,1562493057123,-1008,-176,-16
4,1562493057125,-1008,-176,0
4,1562493057127,-1008,-176,0
6,1562493057129,-656,-528,-576
6,1562493057131,-656,-496,-576
2,1562493057150,-368,896,352
2,1562493057154,-368,880,368
4,1562493057164,-1008,-176,16
4,1562493057167,-1008,-176,32
6,1562493057170,-656,-512,-576
6,1562493057173,-656,-496,-576
6,1562493057175,-656,-512,-576
2,1562493057194,-368,880,352
2,1562493057196,-352,896,368
4,1562493057205,-1008,-176,32
4,1562493057207,-1008,-176,48
6,1562493057215,-656,-496,-576
6,1562493057217,-656,-512,-576
2,1562493057238,-352,896,368
2,1562493057241,-352,880,368
4,1562493057250,-1008,-176,64
4,1562493057252,-1008,-176,80
4,1562493057255,-1008,-176,96
6,1562493057264,-656,-512,-576
6,1562493057265,-656,-512,-560
2,1562493057287,-352,880,384
2,1562493057288,-352,880,384
2,1562493057289,-336,880,400
4,1562493057299,-1008,-176,112
4,1562493057302,-1008,-176,128
6,1562493057305,-672,-512,-576
6,1562493057308,-656,-512,-560
2,1562493057329,-336,880,416
2,1562493057331,-320,880,416
4,1562493057340,-1008,-176,144
4,1562493057342,-1008,-176,144
6,1562493057352,-672,-512,-560
6,1562493057354,-672,-512,-544
6,1562493057356,-688,-512,-544
2,1562493057375,-320,880,432
2,1562493057376,-320,880,432
2,1562493057378,-320,880,432
6,1562493057390,-688,-528,-528
6,1562493057391,-688,-528,-512
2,1562493057421,-304,880,448
2,1562493057422,-304,880,448
4,1562493057428,-1008,-176,160
4,1562493057431,-1008,-176,176
4,1562493057433,-992,-176,192
4,1562493057435,-992,-176,208
4,1562493057438,-992,-176,224
6,1562493057446,-704,-528,-512
6,1562493057448,-704,-528,-496
6,1562493057450,-720,-544,-480
2,1562493057463,-304,880,464
2,1562493057465,-288,880,464
4,1562493057473,-976,-176,240
4,1562493057475,-992,-176,240
6,1562493057478,-720,-528,-464
6,1562493057480,-720,-544,-464
2,1562493057509,-288,880,480
2,1562493057510,-304,880,480
4,1562493057522,-976,-192,240
4,1562493057523,-992,-192,272
6,1562493057530,-720,-544,-464
6,1562493057534,-720,-528,-464
2,1562493057553,-288,880,480
2,1562493057561,-288,880,480
2,1562493057563,-288,880,480
4,1562493057566,-992,-176,272
4,1562493057569,-976,-176,288
4,1562493057572,-976,-176,288
6,1562493057581,-736,-528,-448
6,1562493057582,-736,-544,-448
2,1562493057599,-288,880,464
2,1562493057599,-288,880,480
4,1562493057608,-976,-176,288
4,1562493057611,-976,-176,304
6,1562493057615,-736,-544,-432
6,1562493057616,-752,-528,-416
6,1562493057617,-752,-544,-416
2,1562493057645,-288,880,464
2,1562493057645,-288,880,464
4,1562493057651,-976,-176,304
4,1562493057652,-960,-176,320
6,1562493057658,-752,-544,-416
6,1562493057660,-768,-544,-400
2,1562493057688,-288,864,480
2,1562493057689,-288,880,480
4,1562493057695,-960,-176,320
4,1562493057696,-976,-176,320
6,1562493057706,-768,-528,-400
6,1562493057707,-768,-528,-400
2,1562493057738,-288,880,480
2,1562493057740,-288,880,480
2,1562493057742,-288,880,496
4,1562493057749,-976,-176,320
4,1562493057751,-976,-176,320
4,1562493057753,-976,-176,320
6,1562493057756,-768,-528,-384
6,1562493057757,-768,-544,-384
2,1562493057780,-288,864,496
2,1562493057781,-272,880,496
4,1562493057789,-960,-176,336
4,1562493057790,-960,-176,336
6,1562493057795,-768,-544,-384
6,1562493057796,-768,-544,-384
6,1562493057797,-768,-528,-384
2,1562493057824,-288,880,496
2,1562493057825,-288,880,496
4,1562493057831,-960,-176,336
4,1562493057832,-960,-176,352
6,1562493057840,-784,-528,-368
6,1562493057843,-784,-528,-368
2,1562493057871,-288,880,512
2,1562493057872,-288,880,496
4,1562493057883,-960,-176,352
4,1562493057887,-944,-176,352
6,1562493057890,-784,-528,-368
6,1562493057892,-768,-528,-368
2,1562493057916,-288,880,496
2,1562493057918,-272,864,480
2,1562493057921,-272,880,480
4,1562493057931,-944,-176,336
4,1562493057934,-960,-176,336
4,1562493057937,-960,-176,320
6,1562493057939,-768,-528,-384
6,1562493057941,-768,-528,-384
2,1562493057959,-288,880,480
2,1562493057961,-272,880,480
4,1562493057969,-976,-176,320
4,1562493057971,-976,-176,320
6,1562493057979,-768,-544,-400
6,1562493057980,-752,-528,-400
6,1562493057982,-768,-528,-400
2,1562493058005,-288,880,480
2,1562493058006,-272,880,496
4,1562493058013,-976,-176,304
4,1562493058014,-976,-176,320
6,1562493058024,-768,-544,-400
6,1562493058026,-768,-528,-400
2,1562493058050,-272,880,496
2,1562493058051,-272,880,480
4,1562493058056,-960,-176,320
4,1562493058057,-960,-176,320
4,1562493058059,-960,-176,336
6,1562493058064,-768,-528,-400
6,1562493058065,-768,-528,-400
2,1562493058095,-272,880,480
2,1562493058096,-272,864,480
2,1562493058097,-272,864,480
4,1562493058106,-960,-176,320
4,1562493058108,-960,-176,304
6,1562493058117,-768,-528,-400
6,1562493058119,-752,-528,-416
2,1562493058139,-272,864,480
2,1562493058141,-288,864,480
4,1562493058149,-960,-192,304
4,1562493058151,-976,-176,288
6,1562493058159,-752,-528,-416
6,1562493058161,-752,-528,-416
6,1562493058162,-752,-528,-432
2,1562493058187,-288,880,480
2,1562493058188,-304,880,464
4,1562493058194,-976,-192,288
4,1562493058196,-992,-192,256
6,1562493058198,-736,-528,-448
6,1562493058200,-720,-544,-480
2,1562493058229,-288,880,464
2,1562493058230,-288,880,464
4,1562493058240,-992,-192,224
4,1562493058241,-1008,-176,208
4,1562493058243,-992,-176,208
6,1562493058254,-704,-544,-496
6,1562493058255,-720,-528,-480
2,1562493058274,-288,864,448
2,1562493058277,-304,864,432
2,1562493058279,-320,880,432
4,1562493058289,-992,-176,208
4,1562493058290,-992,-192,192
6,1562493058294,-720,-528,-480
6,1562493058296,-704,-528,-496
2,1562493058319,-320,864,432
2,1562493058320,-320,864,416
4,1562493058326,-992,-192,192
4,1562493058328,-992,-176,160
6,1562493058339,-704,-528,-496
6,1562493058341,-704,-528,-512
6,1562493058342,-704,-528,-512
2,1562493058364,-320,864,416
2,1562493058366,-336,896,416
4,1562493058375,-992,-192,144
4,1562493058377,-992,-192,144
6,1562493058379,-688,-528,-528
6,1562493058382,-688,-512,-528
2,1562493058410,-320,880,400
2,1562493058411,-336,896,416
4,1562493058416,-1008,-176,128
4,1562493058417,-1008,-176,112
4,1562493058418,-1008,-176,96
6,1562493058425,-688,-512,-544
6,1562493058426,-688,-512,-528
6,1562493058427,-672,-528,-544
2,1562493058455,-352,912,416
2,1562493058457,-352,896,368
2,1562493058459,-352,880,368
4,1562493058467,-1008,-192,96
4,1562493058469,-992,-176,80
6,1562493058479,-672,-512,-544
2,1562493058504,-352,880,368
2,1562493058505,-352,880,368
4,1562493058510,-1008,-176,80
4,1562493058512,-1008,-176,64
6,1562493058514,-672,-512,-544
6,1562493058516,-688,-512,-544
6,1562493058517,-656,-512,-560
2,1562493058543,-352,896,352
2,1562493058545,-368,896,352
6,1562493058562,-656,-512,-576
6,1562493058564,-656,-512,-560
2,1562493058592,-368,896,352
2,1562493058595,-368,896,352
6,1562493058606,-656,-512,-560
6,1562493058608,-672,-496,-560
6,1562493058610,-656,-512,-576
2,1562493058638,-368,896,352
2,1562493058640,-368,896,352
2,1562493058641,-352,896,352
4,1562493058649,-1008,-176,48
4,1562493058651,-1008,-176,32
4,1562493058653,-1008,-176,32
4,1562493058655,-1008,-176,48
4,1562493058657,-1008,-176,32
4,1562493058659,-1008,-176,32
4,1562493058661,-1008,-176,32
6,1562493058663,-656,-512,-560
6,1562493058665,-672,-512,-560
2,1562493058678,-352,896,368
2,1562493058680,-352,896,352
4,1562493058686,-1008,-176,32
4,1562493058687,-1008,-176,32
6,1562493058697,-672,-512,-576
6,1562493058697,-656,-512,-560
2,1562493058726,-352,896,368
2,1562493058727,-352,896,368
4,1562493058736,-1008,-176,48
4,1562493058738,-1008,-176,32
6,1562493058741,-656,-512,-560
6,1562493058743,-656,-512,-576
2,1562493058770,-352,880,368
2,1562493058774,-352,880,368
4,1562493058785,-1008,-176,32
4,1562493058788,-1008,-176,48
4,1562493058792,-1008,-176,48
6,1562493058793,-672,-512,-576
6,1562493058805,-672,-512,-560
6,1562493058807,-656,-512,-560
2,1562493058816,-352,880,368
2,1562493058819,-352,896,384
2,1562493058821,-336,896,368
4,1562493058830,-1008,-176,32
4,1562493058831,-1008,-176,48
6,1562493058833,-656,-512,-576
6,1562493058835,-672,-496,-560
2,1562493058858,-352,896,368
2,1562493058860,-352,880,368
4,1562493058866,-1008,-176,48
4,1562493058868,-1008,-176,48
6,1562493058877,-656,-512,-560
6,1562493058879,-656,-512,-576
2,1562493058904,-352,896,368
2,1562493058906,-352,896,368
2,1562493058908,-336,880,368
4,1562493058914,-1008,-176,48
4,1562493058916,-1008,-176,48
4,1562493058918,-1008,-176,48
6,1562493058926,-656,-512,-576
6,1562493058928,-672,-512,-560
2,1562493058950,-336,880,368
2,1562493058952,-352,880,368
4,1562493058961,-1008,-176,64
4,1562493058964,-1008,-176,64
6,1562493058966,-672,-512,-560
6,1562493058969,-672,-512,-560
2,1562493058993,-352,880,384
2,1562493058995,-352,880,384
4,1562493059009,-1008,-176,80
4,1562493059010,-1008,-176,80
6,1562493059017,-672,-512,-560
6,1562493059021,-672,-512,-560
6,1562493059023,-672,-512,-544
2,1562493059038,-336,880,384
2,1562493059039,-336,880,400
6,1562493059054,-672,-528,-544
6,1562493059058,-672,-512,-544
2,1562493059088,-336,880,400
2,1562493059089,-320,880,400
2,1562493059089,-336,880,400
4,1562493059097,-1008,-176,112
4,1562493059100,-1008,-176,112
4,1562493059103,-1008,-192,128
4,1562493059105,-1008,-176,128
4,1562493059107,-1008,-176,144
6,1562493059109,-672,-512,-544
6,1562493059111,-688,-528,-544
2,1562493059129,-320,880,400
2,1562493059130,-320,880,416
4,1562493059138,-1008,-176,144
4,1562493059140,-1008,-176,144
6,1562493059147,-688,-512,-544
6,1562493059150,-688,-512,-544
2,1562493059175,-320,880,416
2,1562493059177,-320,880,432
4,1562493059185,-1008,-176,160
4,1562493059188,-1008,-176,176
6,1562493059191,-688,-528,-544
6,1562493059193,-672,-496,-544
6,1562493059202,-688,-528,-528
2,1562493059220,-320,880,416
2,1562493059221,-320,880,432
4,1562493059228,-992,-176,192
4,1562493059230,-992,-176,208
6,1562493059239,-688,-512,-512
6,1562493059241,-688,-528,-512
2,1562493059264,-320,880,432
2,1562493059265,-304,880,448
2,1562493059266,-304,880,448
4,1562493059272,-1008,-176,208
4,1562493059273,-992,-176,208
4,1562493059275,-1008,-176,240
6,1562493059278,-704,-528,-528
6,1562493059280,-704,-528,-512
2,1562493059308,-288,880,464
2,1562493059310,-304,880,448
4,1562493059316,-992,-176,240
4,1562493059322,-976,-176,256
6,1562493059325,-704,-528,-496
6,1562493059326,-720,-528,-480
6,1562493059327,-720,-544,-464
2,1562493059356,-288,880,464
2,1562493059357,-288,880,480
4,1562493059363,-976,-176,240
4,1562493059364,-976,-176,240
6,1562493059373,-720,-528,-480
6,1562493059375,-720,-528,-480
2,1562493059400,-288,880,480
2,1562493059410,-288,880,480
4,1562493059412,-992,-176,240
4,1562493059414,-992,-176,256
6,1562493059417,-720,-544,-480
6,1562493059420,-720,-528,-464
2,1562493059444,-288,880,480
2,1562493059446,-288,880,480
2,1562493059447,-288,880,496
4,1562493059455,-992,-176,256
4,1562493059456,-976,-176,256
4,1562493059457,-976,-176,288
6,1562493059464,-736,-528,-464
6,1562493059466,-736,-544,-464
2,1562493059490,-288,880,480
2,1562493059494,-288,880,480
4,1562493059502,-976,-176,288
4,1562493059505,-976,-176,304
6,1562493059508,-736,-528,-448
6,1562493059510,-736,-528,-448
6,1562493059513,-736,-528,-448
2,1562493059537,-288,880,480
2,1562493059539,-272,880,480
4,1562493059549,-960,-176,304
4,1562493059552,-960,-176,304
6,1562493059561,-736,-544,-432
6,1562493059562,-736,-544,-432
2,1562493059580,-272,864,480
2,1562493059582,-272,880,480
4,1562493059588,-976,-176,288
4,1562493059591,-976,-176,288
4,1562493059593,-976,-176,288
6,1562493059594,-736,-544,-432
6,1562493059596,-736,-544,-432
6,1562493059597,-752,-528,-448
2,1562493059624,-288,880,480
2,1562493059626,-272,880,480
2,1562493059627,-288,864,480
4,1562493059633,-976,-176,304
4,1562493059634,-976,-176,304
6,1562493059641,-752,-528,-432
6,1562493059644,-736,-528,-432
2,1562493059669,-272,880,480
2,1562493059670,-288,880,480
4,1562493059676,-976,-176,304
4,1562493059677,-976,-176,304
6,1562493059691,-752,-528,-432
6,1562493059693,-736,-544,-432
2,1562493059715,-304,880,464
2,1562493059718,-288,880,464
4,1562493059728,-976,-176,304
4,1562493059729,-976,-176,288
6,1562493059731,-736,-544,-432
6,1562493059732,-736,-528,-448
2,1562493059759,-288,880,464
2,1562493059760,-288,880,464
4,1562493059766,-976,-176,288
4,1562493059773,-976,-176,288
4,1562493059774,-976,-176,288
6,1562493059775,-736,-528,-448
6,1562493059777,-736,-528,-448
6,1562493059777,-736,-528,-448
2,1562493059806,-272,880,464
2,1562493059812,-288,880,464
2,1562493059814,-288,880,464
4,1562493059815,-976,-176,288
4,1562493059816,-976,-176,288
6,1562493059822,-736,-528,-448
6,1562493059824,-736,-528,-448
2,1562493059849,-288,880,464
2,1562493059850,-288,880,464
4,1562493059858,-976,-176,272
4,1562493059859,-976,-176,272
6,1562493059863,-736,-528,-448
6,1562493059865,-736,-528,-448
2,1562493059894,-288,880,464
2,1562493059895,-288,880,464
4,1562493059902,-976,-176,272
4,1562493059903,-992,-192,256
6,1562493059914,-720,-544,-464
6,1562493059917,-720,-528,-480
2,1562493059940,-288,880,480
2,1562493059942,-288,880,464
4,1562493059948,-992,-176,240
4,1562493059951,-992,-176,240
4,1562493059954,-992,-176,240
6,1562493059962,-720,-528,-480
6,1562493059964,-720,-528,-480
6,1562493059968,-720,-528,-464
2,1562493059985,-288,880,464
2,1562493059986,-288,880,464
2,1562493059988,-288,880,448
4,1562493059992,-976,-176,224
4,1562493059993,-992,-176,224
6,1562493059998,-720,-544,-480
6,1562493059999,-720,-528,-480
2,1562493060029,-288,880,448
2,1562493060030,-288,880,448
4,1562493060037,-992,-176,224
4,1562493060040,-992,-176,208
6,1562493060048,-720,-528,-480
2,1562493060073,-304,864,448
2,1562493060074,-304,864,448
4,1562493060082,-992,-176,208
4,1562493060085,-992,-192,192
6,1562493060093,-720,-528,-496
6,1562493060094,-704,-512,-496
6,1562493060095,-704,-528,-496
2,1562493060119,-304,864,448
2,1562493060120,-304,880,448
4,1562493060127,-992,-192,192
4,1562493060129,-992,-192,176
4,1562493060130,-1008,-192,176
6,1562493060139,-704,-528,-512
6,1562493060140,-688,-528,-512
6,1562493060141,-704,-512,-528
2,1562493060164,-304,880,432
2,1562493060167,-320,880,432
2,1562493060168,-304,880,416
4,1562493060177,-1008,-192,160
4,1562493060180,-1008,-176,144
6,1562493060184,-688,-512,-528
6,1562493060187,-688,-512,-544
2,1562493060210,-320,880,432
2,1562493060213,-336,896,432
4,1562493060225,-1008,-176,128
4,1562493060226,-1008,-176,128
6,1562493060229,-688,-528,-544
6,1562493060232,-688,-512,-512
2,1562493060257,-320,896,432
2,1562493060265,-336,896,416
4,1562493060269,-992,-160,112
4,1562493060271,-1008,-176,96
4,1562493060273,-1008,-176,80
6,1562493060281,-688,-512,-528
6,1562493060283,-672,-512,-544
6,1562493060285,-672,-528,-560
2,1562493060299,-320,896,400
2,1562493060300,-336,880,400
4,1562493060307,-1008,-176,80
4,1562493060309,-992,-176,64
6,1562493060314,-672,-512,-544
6,1562493060315,-672,-512,-560
2,1562493060345,-336,880,400
2,1562493060348,-336,880,384
2,1562493060350,-352,880,384
4,1562493060358,-1008,-176,64
4,1562493060359,-1008,-176,64
6,1562493060362,-656,-512,-576
6,1562493060364,-672,-512,-560
2,1562493060389,-352,896,384
2,1562493060390,-352,896,384
4,1562493060396,-1008,-176,48
4,1562493060399,-1008,-160,48
6,1562493060409,-672,-496,-576
6,1562493060413,-656,-496,-560
2,1562493060437,-336,896,368
2,1562493060438,-352,880,368
2,1562493060439,-352,896,368
6,1562493060449,-656,-512,-560
6,1562493060451,-656,-512,-576
2,1562493060478,-352,896,384
2,1562493060479,-352,880,384
4,1562493060487,-1008,-176,32
6,1562493060495,-656,-512,-576
6,1562493060497,-656,-512,-576
6,1562493060499,-656,-496,-576
2,1562493060525,-352,896,368
2,1562493060526,-352,880,384
4,1562493060534,-1008,-176,32
4,1562493060535,-1008,-176,32
4,1562493060537,-1008,-176,16
4,1562493060539,-1008,-176,16
4,1562493060542,-1008,-176,16
4,1562493060543,-1008,-176,16
6,1562493060552,-656,-512,-576
6,1562493060554,-656,-512,-576
2,1562493060571,-352,880,384
2,1562493060575,-352,896,368
4,1562493060592,-1008,-160,16
4,1562493060594,-1008,-176,16
6,1562493060596,-656,-496,-576
6,1562493060599,-656,-496,-576
6,1562493060602,-656,-496,-592
2,1562493060613,-352,896,368
2,1562493060614,-352,896,368
2,1562493060621,-352,896,368
4,1562493060624,-1008,-160,0
4,1562493060625,-1008,-160,16
4,1562493060627,-1008,-160,0
6,1562493060640,-656,-496,-576
2,1562493060658,-352,880,368
2,1562493060660,-352,880,368
4,1562493060666,-1008,-160,16
4,1562493060673,-1008,-160,0
6,1562493060674,-656,-512,-576
6,1562493060676,-656,-496,-576
6,1562493060677,-656,-496,-576
2,1562493060716,-352,880,368
2,1562493060717,-352,896,368
4,1562493060719,-1008,-176,0
4,1562493060721,-1008,-160,16
6,1562493060732,-656,-496,-576
6,1562493060733,-656,-496,-576
2,1562493060748,-352,896,384
2,1562493060749,-352,896,368
4,1562493060794,-1008,-160,0
4,1562493060798,-1008,-160,16
6,1562493060799,-672,-496,-592
6,1562493060800,-672,-496,-560
6,1562493060801,-656,-496,-576
2,1562493060805,-352,896,368
2,1562493060806,-352,896,368
2,1562493060806,-352,896,368
6,1562493060811,-656,-496,-576
6,1562493060812,-656,-496,-576
2,1562493060844,-352,896,368
2,1562493060845,-352,896,368
4,1562493060849,-1008,-160,16
4,1562493060850,-1008,-176,0
4,1562493060850,-1008,-160,16
4,1562493060851,-1008,-160,16
4,1562493060853,-1008,-176,16
6,1562493060857,-656,-496,-576
6,1562493060858,-656,-496,-576
2,1562493060887,-352,896,368
2,1562493060888,-352,880,368
4,1562493060892,-1008,-176,32
4,1562493060893,-1008,-176,48
6,1562493060898,-672,-512,-576
6,1562493060899,-656,-512,-576
2,1562493060930,-352,896,384
2,1562493060934,-336,880,384
4,1562493060952,-1008,-176,48
4,1562493060955,-1008,-176,48
4,1562493060957,-1008,-176,64
6,1562493060960,-656,-512,-576
6,1562493060962,-672,-512,-576
6,1562493060964,-656,-512,-560
2,1562493060976,-352,880,384
2,1562493060978,-352,880,384
2,1562493060979,-336,880,384
4,1562493060988,-1008,-176,64
4,1562493060990,-1008,-176,80
6,1562493060992,-672,-512,-560
6,1562493060994,-672,-496,-560
2,1562493061022,-336,880,400
2,1562493061023,-336,880,400
4,1562493061033,-1008,-160,80
4,1562493061035,-1008,-176,96
6,1562493061044,-672,-512,-560
6,1562493061046,-672,-512,-560
2,1562493061063,-336,880,400
2,1562493061065,-336,880,400
4,1562493061073,-1008,-176,112
4,1562493061074,-1008,-176,128
6,1562493061078,-672,-512,-560
6,1562493061079,-672,-512,-560
2,1562493061109,-336,880,400
2,1562493061110,-336,880,416
4,1562493061116,-1008,-176,128
4,1562493061123,-1008,-176,144
4,1562493061125,-1008,-176,160
6,1562493061127,-688,-512,-544
6,1562493061131,-688,-512,-544
6,1562493061134,-688,-512,-544
2,1562493061154,-320,880,432
2,1562493061155,-320,880,432
2,1562493061160,-304,880,432
4,1562493061161,-1008,-176,160
4,1562493061165,-1008,-176,160
6,1562493061177,-672,-512,-544
6,1562493061178,-688,-512,-544
2,1562493061199,-304,880,448
2,1562493061205,-304,880,464
4,1562493061206,-1008,-176,192
4,1562493061208,-1008,-176,192
6,1562493061214,-688,-528,-544
6,1562493061215,-688,-528,-512
2,1562493061245,-304,880,464
2,1562493061246,-304,880,464
4,1562493061253,-992,-176,224
4,1562493061254,-976,-176,224
6,1562493061261,-704,-528,-512
6,1562493061263,-704,-512,-496
2,1562493061288,-288,880,464
2,1562493061289,-288,880,464
4,1562493061297,-976,-176,240
4,1562493061300,-992,-176,240
4,1562493061303,-992,-176,240
6,1562493061313,-704,-528,-496
6,1562493061315,-704,-528,-496
6,1562493061319,-704,-528,-496
2,1562493061336,-288,880,448
2,1562493061338,-288,864,464
2,1562493061341,-288,864,464
4,1562493061349,-992,-176,256
4,1562493061351,-976,-176,256
6,1562493061353,-720,-512,-480
6,1562493061361,-720,-528,-480
2,1562493061379,-288,880,464
2,1562493061380,-288,880,464
4,1562493061391,-976,-176,256
4,1562493061392,-992,-176,272
6,1562493061394,-720,-528,-480
6,1562493061396,-720,-528,-480
2,1562493061424,-288,880,480
2,1562493061426,-288,880,480
4,1562493061432,-992,-176,272
4,1562493061435,-976,-176,272
6,1562493061446,-720,-528,-480
6,1562493061447,-736,-528,-464
2,1562493061469,-288,880,480
2,1562493061470,-288,880,480
4,1562493061477,-976,-176,272
4,1562493061479,-976,-176,272
4,1562493061480,-976,-176,272
6,1562493061488,-736,-528,-464
6,1562493061490,-720,-528,-464
6,1562493061492,-720,-528,-464
2,1562493061514,-288,864,480
2,1562493061516,-288,880,480
2,1562493061518,-272,864,480
4,1562493061526,-976,-176,288
4,1562493061527,-976,-176,272
6,1562493061530,-736,-528,-464
6,1562493061533,-736,-528,-464
2,1562493061559,-272,880,496
2,1562493061560,-288,880,480
4,1562493061569,-976,-176,288
4,1562493061571,-976,-176,288
6,1562493061579,-736,-528,-448
6,1562493061581,-736,-528,-448
2,1562493061603,-272,880,496
2,1562493061604,-288,880,480
4,1562493061611,-976,-160,288
4,1562493061613,-976,-176,288
4,1562493061617,-976,-176,288
6,1562493061625,-736,-544,-448
6,1562493061626,-736,-528,-448
2,1562493061648,-288,880,480
2,1562493061650,-288,880,480
4,1562493061657,-976,-176,288
4,1562493061658,-976,-176,272
6,1562493061664,-736,-528,-448
6,1562493061665,-720,-528,-464
6,1562493061668,-720,-528,-464
2,1562493061694,-288,880,480
2,1562493061696,-288,880,464
2,1562493061698,-288,880,464
4,1562493061709,-976,-176,272
4,1562493061710,-992,-176,256
6,1562493061712,-736,-528,-464
6,1562493061714,-720,-528,-480
2,1562493061738,-272,880,464
2,1562493061740,-272,880,464
4,1562493061748,-992,-176,256
4,1562493061751,-976,-176,256
6,1562493061760,-720,-528,-480
6,1562493061762,-720,-528,-464
6,1562493061764,-720,-528,-464
2,1562493061786,-288,880,464
2,1562493061786,-288,880,448
4,1562493061793,-976,-176,272
4,1562493061795,-976,-176,272
4,1562493061797,-976,-176,272
6,1562493061800,-720,-528,-464
6,1562493061803,-720,-528,-464
2,1562493061829,-288,864,464
2,1562493061830,-288,880,464
2,1562493061830,-288,880,448
4,1562493061838,-976,-176,256
4,1562493061842,-976,-192,256
6,1562493061858,-736,-528,-464
6,1562493061860,-720,-528,-464
2,1562493061874,-288,880,448
2,1562493061876,-288,880,432
4,1562493061884,-992,-176,240
4,1562493061886,-992,-192,240
6,1562493061894,-720,-528,-480
6,1562493061896,-720,-528,-480
2,1562493061920,-288,880,432
2,1562493061921,-288,880,432
4,1562493061929,-976,-176,240
4,1562493061931,-992,-176,224
6,1562493061941,-720,-528,-480
6,1562493061943,-720,-528,-480
6,1562493061945,-720,-512,-480
2,1562493061963,-288,880,432
2,1562493061965,-304,896,448
2,1562493061967,-304,896,448
4,1562493061974,-992,-176,208
4,1562493061976,-992,-176,208
4,1562493061978,-992,-192,192
6,1562493061980,-720,-528,-496
6,1562493061983,-720,-512,-512
2,1562493062009,-304,880,432
2,1562493062010,-304,880,448
4,1562493062020,-992,-192,192
4,1562493062022,-992,-176,176
6,1562493062030,-704,-528,-512
6,1562493062032,-704,-528,-512
2,1562493062054,-304,880,448
2,1562493062055,-304,864,448
4,1562493062064,-992,-192,176
4,1562493062067,-1008,-192,176
6,1562493062076,-704,-528,-512
6,1562493062077,-704,-528,-512
2,1562493062098,-304,864,432
2,1562493062099,-320,864,432
4,1562493062107,-1008,-192,160
4,1562493062108,-992,-176,160
6,1562493062114,-704,-528,-512
6,1562493062114,-704,-528,-528
6,1562493062115,-688,-512,-528
2,1562493062145,-320,864,432
2,1562493062147,-304,880,432
2,1562493062148,-320,880,432
4,1562493062155,-1008,-192,144
4,1562493062156,-1008,-176,128
4,1562493062158,-1024,-160,112
6,1562493062165,-688,-512,-544
6,1562493062167,-688,-512,-528
2,1562493062188,-320,896,432
2,1562493062189,-336,896,400
4,1562493062196,-992,-144,112
4,1562493062197,-1008,-160,96
6,1562493062204,-704,-512,-512
6,1562493062207,-672,-512,-560
2,1562493062236,-336,896,400
2,1562493062239,-336,896,400
6,1562493062253,-656,-512,-560
6,1562493062254,-656,-512,-544
2,1562493062281,-336,880,400
2,1562493062289,-352,880,384
4,1562493062297,-1008,-176,64
4,1562493062298,-1008,-176,80
4,1562493062307,-1008,-176,80
4,1562493062309,-1008,-176,80
2,1562493062325,-352,880,400
2,1562493062327,-352,896,384
2,1562493062330,-352,896,384
4,1562493062339,-1008,-176,48
4,1562493062341,-1008,-176,64
4,1562493062343,-1008,-176,48
6,1562493062354,-672,-512,-544
6,1562493062356,-672,-512,-560
6,1562493062357,-672,-496,-560
6,1562493062358,-672,-512,-576
6,1562493062359,-672,-496,-560
2,1562493062370,-352,880,368
2,1562493062371,-352,896,368
6,1562493062387,-672,-512,-576
6,1562493062388,-672,-512,-560
2,1562493062416,-352,896,384
2,1562493062417,-352,880,384
4,1562493062429,-1008,-176,48
4,1562493062431,-1008,-176,48
4,1562493062433,-1008,-176,48
4,1562493062442,-1008,-160,48
6,1562493062444,-672,-496,-576
6,1562493062446,-656,-496,-560
2,1562493062460,-352,912,384
2,1562493062461,-368,960,432
4,1562493062473,-1088,-80,32
4,1562493062474,-1104,-128,16
4,1562493062475,-992,-208,16
6,1562493062476,-688,-432,-592
6,1562493062477,-688,-480,-608
6,1562493062478,-656,-512,-592
2,1562493062503,-368,928,368
2,1562493062506,-336,864,368
2,1562493062507,-336,864,400
4,1562493062512,-976,-192,16
4,1562493062512,-992,-176,96
6,1562493062524,-640,-544,-544
6,1562493062527,-688,-528,-528
2,1562493062554,-352,896,368
2,1562493062556,-336,896,368
4,1562493062558,-1008,-192,96
4,1562493062560,-1008,-192,48
6,1562493062563,-688,-528,-528
6,1562493062564,-656,-544,-560
2,1562493062594,-320,880,384
2,1562493062595,-336,880,368
4,1562493062606,-992,-176,32
4,1562493062608,-976,-192,48
6,1562493062610,-656,-544,-544
6,1562493062612,-640,-544,-544
2,1562493062639,-336,880,368
2,1562493062642,-336,880,368
4,1562493062646,-976,-192,48
4,1562493062649,-976,-192,64
4,1562493062652,-976,-192,64
6,1562493062661,-640,-544,-544
6,1562493062663,-656,-544,-528
6,1562493062665,-656,-544,-528
2,1562493062689,-336,880,368
2,1562493062690,-336,864,352
2,1562493062692,-336,864,368
4,1562493062693,-976,-192,64
4,1562493062694,-976,-176,64
6,1562493062698,-656,-544,-528
6,1562493062705,-640,-560,-512
2,1562493062729,-320,864,368
2,1562493062731,-320,864,368
6,1562493062745,-640,-544,-544
6,1562493062747,-640,-544,-544
6,1562493062748,-656,-496,-528
2,1562493062773,-336,864,368
2,1562493062775,-320,864,368
4,1562493062782,-976,-192,64
4,1562493062785,-976,-192,64
4,1562493062787,-976,-192,80
4,1562493062788,-976,-176,80
6,1562493062795,-656,-528,-528
2,1562493062819,-320,880,384
2,1562493062820,-336,896,384
4,1562493062826,-992,-192,96
4,1562493062827,-1040,-160,112
4,1562493062827,-1120,-144,112
6,1562493062837,-656,-544,-544
6,1562493062838,-720,-496,-576
6,1562493062839,-688,-480,-608
2,1562493062863,-352,960,432
2,1562493062865,-368,960,416
2,1562493062867,-352,896,400
4,1562493062875,-1088,-176,80
4,1562493062876,-1008,-176,128
6,1562493062878,-656,-496,-608
6,1562493062879,-672,-512,-560
2,1562493062908,-320,848,416
2,1562493062909,-336,848,416
4,1562493062920,-992,-176,144
4,1562493062920,-976,-176,160
6,1562493062923,-704,-528,-496
6,1562493062925,-704,-528,-496
6,1562493062927,-688,-528,-496
2,1562493062955,-336,864,416
2,1562493062956,-320,880,432
6,1562493062973,-688,-528,-512
6,1562493062975,-704,-528,-512
2,1562493062999,-320,880,448
2,1562493063002,-320,880,448
4,1562493063010,-992,-192,176
4,1562493063012,-1008,-176,176
4,1562493063015,-1008,-176,192
4,1562493063018,-1008,-176,192
4,1562493063020,-1008,-176,208
6,1562493063023,-704,-512,-512
6,1562493063026,-704,-512,-512
2,1562493063044,-304,896,464
2,1562493063045,-304,864,464
2,1562493063046,-304,864,480
4,1562493063058,-1008,-192,208
4,1562493063060,-1008,-192,208
6,1562493063063,-704,-528,-496
6,1562493063066,-704,-528,-496
2,1562493063088,-304,880,464
2,1562493063090,-304,880,464
6,1562493063104,-720,-528,-480
6,1562493063106,-736,-528,-464
6,1562493063107,-720,-528,-464
2,1562493063136,-304,880,480
2,1562493063139,-304,864,480
4,1562493063152,-992,-176,224
4,1562493063157,-976,-176,256
4,1562493063160,-992,-176,240
4,1562493063163,-992,-176,240
4,1562493063165,-992,-176,256
6,1562493063170,-720,-544,-464
6,1562493063172,-736,-528,-448
2,1562493063181,-288,864,480
2,1562493063186,-288,864,480
4,1562493063195,-976,-176,272
4,1562493063197,-976,-192,272
6,1562493063200,-736,-544,-432
6,1562493063202,-736,-544,-432
2,1562493063226,-288,864,480
2,1562493063227,-288,864,496
2,1562493063228,-288,864,496
4,1562493063234,-976,-176,272
4,1562493063236,-976,-176,272
6,1562493063245,-736,-544,-432
6,1562493063247,-752,-544,-416
2,1562493063270,-288,864,512
2,1562493063271,-288,880,496
4,1562493063280,-976,-192,288
4,1562493063283,-976,-176,288
6,1562493063293,-752,-544,-416
6,1562493063294,-752,-544,-400
6,1562493063296,-784,-544,-384
2,1562493063314,-288,864,496
2,1562493063315,-288,864,496
4,1562493063323,-976,-160,304
6,1562493063328,-784,-528,-368
6,1562493063330,-784,-528,-352
2,1562493063358,-288,864,496
2,1562493063360,-288,848,496
4,1562493063373,-960,-176,320
4,1562493063374,-944,-176,336
4,1562493063375,-944,-192,320
4,1562493063377,-960,-176,320
6,1562493063385,-784,-544,-336
6,1562493063388,-768,-544,-352
2,1562493063405,-288,848,496
2,1562493063407,-288,848,512
2,1562493063408,-288,848,496
4,1562493063416,-960,-176,320
4,1562493063417,-944,-176,336
6,1562493063423,-784,-544,-352
6,1562493063424,-800,-528,-336
2,1562493063451,-288,848,496
2,1562493063452,-288,848,496
4,1562493063457,-944,-176,352
4,1562493063459,-944,-176,352
6,1562493063464,-800,-528,-320
6,1562493063465,-800,-528,-320
6,1562493063467,-800,-528,-320
2,1562493063494,-288,848,512
2,1562493063497,-288,848,512
2,1562493063503,-288,864,512
4,1562493063515,-928,-176,368
4,1562493063517,-928,-176,368
4,1562493063519,-944,-176,352
6,1562493063522,-800,-528,-336
6,1562493063524,-800,-528,-336
2,1562493063539,-288,864,512
2,1562493063540,-288,864,528
4,1562493063547,-960,-192,352
4,1562493063548,-976,-208,352
6,1562493063557,-784,-528,-368
6,1562493063560,-768,-528,-368
2,1562493063586,-272,880,528
2,1562493063587,-272,880,544
4,1562493063596,-1008,-208,320
4,1562493063601,-1008,-208,320
6,1562493063612,-768,-544,-400
6,1562493063614,-768,-544,-384
2,1562493063628,-272,864,560
2,1562493063630,-272,864,528
4,1562493063637,-976,-176,336
4,1562493063638,-944,-176,368
6,1562493063643,-768,-544,-368
6,1562493063644,-800,-528,-352
6,1562493063645,-816,-528,-320
2,1562493063676,-288,864,528
2,1562493063677,-288,848,512
2,1562493063678,-288,832,496
4,1562493063687,-928,-176,400
4,1562493063688,-928,-192,400
4,1562493063689,-912,-192,384
6,1562493063691,-800,-528,-320
6,1562493063697,-800,-544,-320
2,1562493063720,-288,848,496
2,1562493063721,-288,848,496
6,1562493063739,-800,-544,-336
6,1562493063740,-784,-544,-336
2,1562493063767,-272,864,512
2,1562493063768,-272,880,512
4,1562493063780,-928,-192,368
4,1562493063783,-944,-192,352
4,1562493063792,-960,-176,336
4,1562493063794,-976,-176,336
6,1562493063796,-784,-544,-368
6,1562493063798,-784,-528,-368
2,1562493063809,-272,864,512
2,1562493063811,-272,864,512
4,1562493063822,-976,-176,336
4,1562493063825,-960,-176,352
4,1562493063826,-944,-176,352
6,1562493063828,-784,-528,-368
6,1562493063831,-784,-528,-352
6,1562493063839,-784,-528,-352
2,1562493063856,-272,864,512
2,1562493063857,-272,848,512
2,1562493063858,-272,848,512
4,1562493063862,-944,-192,352
4,1562493063863,-928,-176,352
6,1562493063872,-784,-528,-352
6,1562493063873,-784,-528,-352
2,1562493063902,-272,848,512
2,1562493063902,-272,848,512
4,1562493063909,-944,-176,336
4,1562493063910,-960,-192,320
6,1562493063913,-784,-528,-368
6,1562493063917,-768,-528,-384
6,1562493063919,-768,-528,-384
2,1562493063944,-272,864,512
2,1562493063945,-272,864,512
4,1562493063952,-976,-176,320
4,1562493063954,-976,-192,304
6,1562493063960,-768,-544,-400
6,1562493063963,-768,-528,-400
2,1562493063989,-272,864,512
2,1562493063995,-288,864,496
4,1562493063998,-976,-192,304
4,1562493064002,-976,-176,304
4,1562493064006,-976,-176,288
6,1562493064018,-752,-512,-432
6,1562493064020,-752,-528,-448
2,1562493064038,-288,864,496
2,1562493064040,-288,864,496
2,1562493064041,-288,864,480
4,1562493064049,-976,-192,272
4,1562493064051,-992,-192,240
6,1562493064058,-736,-528,-448
6,1562493064059,-720,-544,-464
2,1562493064079,-304,864,480
2,1562493064081,-304,880,480
4,1562493064088,-992,-192,240
6,1562493064095,-720,-528,-496
6,1562493064096,-720,-512,-480
6,1562493064099,-720,-528,-496
2,1562493064122,-304,864,464
2,1562493064123,-304,864,464
4,1562493064132,-992,-192,240
4,1562493064134,-992,-192,208
4,1562493064138,-992,-192,192
6,1562493064148,-704,-528,-496
6,1562493064151,-704,-528,-512
2,1562493064171,-320,848,448
2,1562493064172,-320,848,448
4,1562493064179,-992,-192,192
4,1562493064180,-992,-192,176
4,1562493064184,-992,-192,160
6,1562493064194,-704,-528,-512
6,1562493064195,-688,-528,-512
2,1562493064214,-320,848,432
2,1562493064215,-320,864,432
2,1562493064216,-336,880,448
4,1562493064222,-1008,-176,144
4,1562493064223,-1024,-176,112
6,1562493064228,-688,-512,-560
6,1562493064230,-672,-512,-560
2,1562493064259,-336,896,448
2,1562493064260,-336,896,432
4,1562493064273,-1008,-176,128
4,1562493064281,-976,-144,112
6,1562493064282,-688,-512,-544
6,1562493064284,-704,-512,-512
6,1562493064285,-672,-512,-560
2,1562493064303,-336,896,400
2,1562493064305,-352,880,416
4,1562493064312,-1008,-160,80
4,1562493064313,-1008,-176,48
6,1562493064321,-656,-512,-576
6,1562493064323,-656,-512,-576
2,1562493064353,-352,880,400
2,1562493064356,-352,880,384
4,1562493064371,-1008,-192,48
4,1562493064374,-1008,-176,48
4,1562493064376,-1008,-176,48
6,1562493064378,-672,-512,-560
6,1562493064380,-672,-496,-576
2,1562493064394,-352,880,368
2,1562493064395,-352,880,368
2,1562493064397,-368,896,384
4,1562493064408,-1008,-176,32
6,1562493064416,-672,-512,-576
6,1562493064418,-656,-512,-576
2,1562493064439,-368,880,368
2,1562493064440,-352,880,368
4,1562493064447,-1008,-176,16
4,1562493064448,-1008,-160,16
4,1562493064450,-1008,-160,16
6,1562493064458,-656,-512,-576
6,1562493064459,-656,-496,-576
6,1562493064460,-656,-496,-576
2,1562493064485,-352,896,368
2,1562493064486,-352,880,368
4,1562493064492,-1024,-176,0
4,1562493064493,-1008,-160,0
4,1562493064494,-1008,-160,-16
6,1562493064499,-672,-496,-576
6,1562493064505,-656,-496,-592
2,1562493064529,-368,880,384
2,1562493064530,-384,880,352
4,1562493064537,-1008,-160,-32
4,1562493064538,-1008,-160,-16
6,1562493064544,-640,-496,-592
6,1562493064546,-656,-496,-576
2,1562493064574,-368,880,352
2,1562493064574,-368,896,352
2,1562493064575,-384,896,336
4,1562493064581,-1008,-160,-16
4,1562493064586,-1008,-176,-32
6,1562493064597,-656,-496,-576
6,1562493064597,-640,-496,-592
2,1562493064622,-384,896,368
2,1562493064623,-368,880,352
4,1562493064627,-1008,-160,-32
4,1562493064628,-1008,-160,-32
6,1562493064639,-640,-496,-592
6,1562493064641,-656,-496,-576
6,1562493064642,-640,-496,-592
2,1562493064663,-368,880,368
2,1562493064664,-368,880,368
4,1562493064673,-1008,-160,-32
4,1562493064673,-1008,-160,-32
6,1562493064679,-640,-496,-592
6,1562493064680,-656,-496,-592
2,1562493064710,-368,880,368
2,1562493064712,-368,896,352
4,1562493064724,-1008,-160,-32
4,1562493064725,-1008,-160,-32
4,1562493064727,-992,-160,-32
6,1562493064737,-640,-496,-592
6,1562493064738,-640,-496,-592
2,1562493064753,-352,880,352
2,1562493064755,-352,896,368
2,1562493064756,-352,896,368
6,1562493064770,-656,-496,-592
6,1562493064771,-656,-496,-576
2,1562493064799,-368,880,368
2,1562493064806,-368,880,368
4,1562493064809,-1008,-160,-32
4,1562493064810,-1008,-160,-16
4,1562493064811,-1008,-160,-16
4,1562493064816,-1008,-160,-16
6,1562493064820,-656,-496,-592
6,1562493064822,-656,-496,-592
6,1562493064823,-656,-496,-592
2,1562493064844,-368,896,368
