2,1562493080418,-992,128,80
2,1562493080419,-992,128,80
4,1562493080426,-1008,128,48
4,1562493080435,-1008,128,48
4,1562493080436,-1024,128,48
6,1562493080437,-640,-480,-608
6,1562493080438,-640,-480,-608
2,1562493080458,-992,128,80
2,1562493080459,-992,128,80
4,1562493080469,-1024,128,48
4,1562493080470,-1024,128,48
6,1562493080474,-656,-480,-608
6,1562493080475,-640,-496,-608
2,1562493080504,-992,128,80
4,1562493080520,-1024,128,48
4,1562493080521,-1024,128,48
6,1562493080522,-640,-480,-592
6,1562493080523,-640,-496,-608
2,1562493080556,-992,144,80
2,1562493080557,-992,128,80
2,1562493080558,-992,128,80
2,1562493080560,-992,128,80
4,1562493080564,-1008,128,32
4,1562493080567,-1008,128,32
6,1562493080579,-640,-496,-592
6,1562493080581,-640,-496,-608
6,1562493080583,-656,-496,-608
2,1562493080597,-992,128,80
2,1562493080600,-992,128,80
4,1562493080609,-1024,128,32
4,1562493080610,-1024,128,48
4,1562493080611,-1024,128,48
6,1562493080612,-640,-496,-592
6,1562493080613,-640,-480,-592
2,1562493080639,-992,128,80
2,1562493080640,-992,128,80
4,1562493080647,-1008,128,48
4,1562493080652,-1024,128,48
6,1562493080657,-640,-496,-592
6,1562493080658,-640,-480,-608
2,1562493080683,-992,128,80
2,1562493080684,-992,128,80
2,1562493080693,-992,128,80
4,1562493080696,-1008,128,32
4,1562493080698,-1008,112,48
6,1562493080708,-640,-496,-592
6,1562493080710,-640,-496,-592
4,1562493080737,-1024,128,48
4,1562493080738,-1024,128,48
6,1562493080748,-640,-496,-592
6,1562493080749,-640,-496,-592
6,1562493080751,-640,-496,-592
2,1562493080774,-992,128,80
2,1562493080777,-1008,128,80
2,1562493080779,-992,128,80
2,1562493080781,-992,128,80
4,1562493080789,-1024,128,48
4,1562493080790,-1024,112,48
4,1562493080793,-1008,112,64
4,1562493080828,-1008,128,48
4,1562493080831,-1024,112,48
6,1562493080834,-640,-496,-608
6,1562493080835,-640,-480,-592
6,1562493080836,-640,-480,-608
6,1562493080837,-640,-496,-592
2,1562493080868,-992,128,80
2,1562493080870,-992,128,80
2,1562493080872,-992,128,80
2,1562493080875,-1008,128,80
2,1562493080876,-992,112,80
4,1562493080888,-1024,128,32
4,1562493080891,-1024,112,48
6,1562493080893,-640,-496,-592
6,1562493080895,-640,-496,-592
2,1562493080910,-1008,128,80
2,1562493080913,-1008,128,80
4,1562493080922,-1024,112,48
4,1562493080923,-1024,128,48
6,1562493080970,-640,-496,-608
6,1562493080972,-640,-496,-592
6,1562493080973,-640,-496,-592
6,1562493080975,-640,-480,-592
6,1562493080976,-640,-496,-592
2,1562493081003,-992,128,80
2,1562493081007,-992,128,80
2,1562493081011,-1008,128,80
2,1562493081014,-1008,128,80
4,1562493081026,-1024,128,48
4,1562493081030,-1024,128,48
4,1562493081032,-1008,112,48
4,1562493081033,-1024,112,48
4,1562493081034,-1024,128,48
6,1562493081035,-640,-496,-592
6,1562493081036,-640,-480,-592
2,1562493081048,-992,112,80
2,1562493081050,-992,128,80
2,1562493081052,-992,128,80
4,1562493081061,-1008,112,48
4,1562493081062,-1024,128,48
6,1562493081064,-640,-496,-592
6,1562493081065,-640,-496,-592
2,1562493081088,-1008,128,80
2,1562493081090,-992,128,80
4,1562493081096,-1024,128,48
4,1562493081099,-1024,128,48
4,1562493081111,-1008,128,32
6,1562493081112,-640,-496,-592
6,1562493081114,-640,-496,-608
6,1562493081115,-640,-480,-592
6,1562493081150,-640,-496,-608
6,1562493081151,-640,-496,-592
2,1562493081179,-992,128,80
2,1562493081182,-992,128,80
2,1562493081184,-992,128,80
2,1562493081186,-992,128,80
4,1562493081187,-1024,112,48
4,1562493081189,-1024,128,48
4,1562493081190,-1024,128,48
4,1562493081192,-1008,128,48
6,1562493081199,-640,-496,-608
6,1562493081200,-640,-496,-592
2,1562493081224,-1008,128,80
2,1562493081226,-992,128,80
2,1562493081229,-1008,128,80
4,1562493081239,-1008,128,48
4,1562493081242,-1024,128,48
6,1562493081244,-640,-496,-608
6,1562493081247,-640,-496,-608
6,1562493081248,-640,-496,-592
2,1562493081270,-1008,128,80
2,1562493081271,-992,128,80
4,1562493081278,-1008,128,48
4,1562493081281,-1024,112,48
4,1562493081283,-1008,112,48
6,1562493081294,-640,-480,-592
6,1562493081295,-640,-496,-608
2,1562493081315,-1008,128,80
2,1562493081316,-992,112,80
4,1562493081322,-1008,128,48
4,1562493081323,-1008,128,48
6,1562493081332,-640,-480,-592
6,1562493081333,-640,-496,-608
2,1562493081358,-992,112,80
2,1562493081359,-1008,128,80
4,1562493081366,-1024,128,48
4,1562493081367,-1008,128,48
6,1562493081373,-640,-496,-608
6,1562493081374,-640,-480,-592
6,1562493081375,-640,-496,-592
2,1562493081404,-992,128,96
2,1562493081406,-1008,128,96
2,1562493081409,-1008,128,80
4,1562493081420,-1008,128,48
4,1562493081421,-1024,128,48
6,1562493081423,-640,-496,-608
6,1562493081425,-640,-496,-608
2,1562493081449,-992,128,80
2,1562493081450,-992,128,80
4,1562493081458,-1024,128,48
4,1562493081460,-1024,128,48
4,1562493081462,-1024,112,48
6,1562493081471,-640,-496,-592
6,1562493081472,-640,-496,-608
2,1562493081496,-1008,128,80
2,1562493081497,-992,112,80
4,1562493081507,-1024,128,48
4,1562493081510,-1008,112,48
6,1562493081513,-640,-496,-608
6,1562493081516,-640,-496,-592
2,1562493081538,-992,112,80
2,1562493081540,-1008,112,80
4,1562493081547,-1024,128,48
4,1562493081549,-1024,128,48
6,1562493081558,-640,-480,-608
6,1562493081560,-640,-480,-608
6,1562493081561,-656,-480,-592
2,1562493081585,-992,128,80
2,1562493081587,-1008,128,80
2,1562493081589,-992,128,80
4,1562493081597,-1008,128,48
4,1562493081600,-1008,128,48
6,1562493081611,-640,-496,-592
6,1562493081614,-640,-496,-592
2,1562493081630,-992,112,80
2,1562493081631,-992,128,80
4,1562493081639,-1008,112,48
4,1562493081640,-1008,112,48
4,1562493081641,-1024,128,48
6,1562493081643,-640,-480,-592
6,1562493081653,-640,-496,-592
2,1562493081673,-992,128,80
2,1562493081674,-992,128,80
4,1562493081684,-1008,128,48
4,1562493081685,-1008,128,48
6,1562493081688,-640,-496,-608
6,1562493081689,-640,-496,-608
2,1562493081719,-1008,128,80
2,1562493081721,-992,128,96
4,1562493081730,-1008,128,48
4,1562493081733,-1024,128,48
6,1562493081742,-640,-480,-608
6,1562493081745,-640,-496,-592
6,1562493081747,-656,-480,-608
2,1562493081766,-992,112,80
2,1562493081767,-1008,112,80
2,1562493081768,-992,112,80
4,1562493081774,-1024,112,48
4,1562493081775,-1024,112,48
4,1562493081776,-1024,128,48
6,1562493081784,-656,-496,-592
6,1562493081785,-640,-496,-592
2,1562493081808,-992,112,80
2,1562493081811,-1008,128,80
4,1562493081819,-1024,112,48
4,1562493081820,-1008,112,48
6,1562493081823,-640,-496,-592
6,1562493081824,-640,-480,-608
2,1562493081854,-992,112,96
2,1562493081855,-992,128,80
2,1562493081856,-1008,128,96
4,1562493081864,-1024,128,48
4,1562493081865,-1024,112,48
6,1562493081870,-640,-496,-592
6,1562493081871,-640,-496,-592
2,1562493081898,-1008,128,80
2,1562493081899,-992,112,80
4,1562493081907,-1024,128,48
4,1562493081908,-1008,112,48
6,1562493081918,-640,-496,-592
6,1562493081919,-640,-496,-592
6,1562493081921,-640,-480,-592
4,1562493081952,-1024,112,48
4,1562493081955,-1008,112,48
4,1562493081958,-1024,128,48
6,1562493081972,-640,-496,-592
6,1562493081976,-640,-496,-592
2,1562493081991,-992,112,80
2,1562493081993,-992,128,80
2,1562493081996,-992,128,80
2,1562493081998,-1008,128,96
4,1562493082008,-1024,128,48
4,1562493082009,-1024,112,48
6,1562493082013,-640,-496,-592
6,1562493082015,-640,-496,-592
2,1562493082035,-992,128,80
2,1562493082037,-992,112,80
2,1562493082038,-992,112,96
4,1562493082046,-1008,112,48
4,1562493082048,-1024,112,48
6,1562493082051,-640,-496,-608
6,1562493082052,-640,-496,-592
2,1562493082083,-992,112,80
2,1562493082084,-992,128,96
4,1562493082093,-1024,112,32
4,1562493082097,-1024,128,48
6,1562493082106,-640,-496,-608
6,1562493082107,-640,-496,-592
6,1562493082108,-640,-496,-592
2,1562493082124,-992,128,80
2,1562493082125,-992,112,80
4,1562493082136,-1024,112,48
4,1562493082138,-1008,128,48
4,1562493082140,-1024,128,48
6,1562493082142,-656,-496,-592
6,1562493082144,-656,-496,-592
2,1562493082169,-992,128,80
4,1562493082176,-1024,128,48
4,1562493082187,-1024,112,48
6,1562493082189,-640,-496,-592
6,1562493082190,-640,-480,-608
2,1562493082215,-992,112,80
2,1562493082217,-992,112,80
2,1562493082219,-992,112,96
2,1562493082227,-992,128,96
4,1562493082229,-1024,112,48
4,1562493082232,-1024,112,48
6,1562493082241,-640,-496,-608
6,1562493082242,-640,-496,-608
2,1562493082259,-992,128,96
2,1562493082266,-992,128,96
4,1562493082268,-1024,112,48
4,1562493082269,-1008,112,48
6,1562493082273,-656,-496,-608
6,1562493082274,-640,-496,-608
6,1562493082276,-640,-496,-592
2,1562493082303,-1008,112,80
2,1562493082304,-992,128,80
4,1562493082314,-1024,128,32
4,1562493082316,-1008,112,48
4,1562493082318,-1024,128,48
6,1562493082326,-640,-496,-592
6,1562493082329,-640,-496,-608
2,1562493082350,-992,128,80
2,1562493082351,-1008,128,80
4,1562493082356,-1024,128,48
4,1562493082358,-1008,128,48
6,1562493082368,-640,-496,-592
6,1562493082369,-640,-496,-592
6,1562493082371,-640,-496,-592
2,1562493082396,-992,112,80
2,1562493082398,-992,128,80
2,1562493082399,-992,112,80
4,1562493082407,-1008,128,48
4,1562493082410,-1008,112,48
6,1562493082413,-640,-496,-608
2,1562493082439,-992,128,80
2,1562493082440,-992,128,80
4,1562493082448,-1008,112,48
4,1562493082450,-1008,112,48
4,1562493082451,-1024,128,48
6,1562493082461,-640,-496,-592
6,1562493082462,-640,-480,-592
6,1562493082464,-640,-480,-592
2,1562493082484,-992,128,80
2,1562493082485,-992,128,80
4,1562493082491,-1024,128,48
4,1562493082492,-1024,128,48
6,1562493082500,-640,-480,-592
6,1562493082501,-640,-496,-592
2,1562493082529,-992,128,80
2,1562493082530,-992,128,80
4,1562493082539,-1024,128,64
4,1562493082541,-1024,128,48
6,1562493082543,-640,-480,-608
6,1562493082551,-640,-480,-592
6,1562493082552,-640,-496,-592
2,1562493082575,-992,128,80
2,1562493082577,-1008,128,96
2,1562493082578,-992,112,96
6,1562493082588,-640,-480,-592
6,1562493082590,-640,-480,-592
2,1562493082618,-1008,112,80
2,1562493082620,-992,128,80
4,1562493082632,-1024,112,48
4,1562493082634,-1024,128,48
4,1562493082635,-1024,128,48
4,1562493082636,-1024,128,48
4,1562493082638,-1024,128,48
6,1562493082647,-640,-480,-592
6,1562493082648,-640,-496,-592
2,1562493082663,-992,128,80
2,1562493082666,-1008,112,80
4,1562493082674,-1024,128,32
4,1562493082675,-1024,112,48
6,1562493082682,-640,-496,-608
6,1562493082684,-640,-496,-592
2,1562493082710,-992,112,80
2,1562493082712,-992,128,80
4,1562493082724,-1024,112,48
4,1562493082726,-1024,112,48
6,1562493082728,-640,-480,-608
6,1562493082731,-656,-480,-608
6,1562493082733,-640,-480,-592
2,1562493082754,-992,128,96
2,1562493082755,-992,112,80
2,1562493082757,-992,128,80
4,1562493082765,-1024,128,32
4,1562493082766,-1024,128,48
6,1562493082774,-640,-480,-608
6,1562493082775,-656,-480,-608
2,1562493082798,-992,128,80
2,1562493082800,-992,128,80
4,1562493082808,-1024,112,48
4,1562493082812,-1024,128,48
4,1562493082815,-1024,128,48
6,1562493082824,-640,-496,-592
6,1562493082825,-640,-480,-592
2,1562493082846,-992,144,80
2,1562493082848,-992,144,80
4,1562493082856,-1024,128,32
4,1562493082858,-1008,128,32
6,1562493082860,-640,-480,-608
6,1562493082862,-640,-496,-592
2,1562493082889,-992,128,80
2,1562493082890,-992,128,80
4,1562493082897,-1024,128,48
4,1562493082900,-1024,112,32
6,1562493082913,-640,-480,-592
6,1562493082915,-656,-496,-608
6,1562493082918,-656,-496,-608
2,1562493082935,-992,128,64
2,1562493082937,-992,128,64
2,1562493082938,-992,144,64
4,1562493082949,-1024,128,32
4,1562493082952,-1008,128,32
6,1562493082953,-640,-496,-608
6,1562493082955,-640,-496,-592
2,1562493082979,-992,144,64
2,1562493082985,-1008,128,64
4,1562493082987,-1024,112,32
4,1562493082988,-1024,112,32
4,1562493082990,-1024,112,32
6,1562493082999,-640,-496,-592
6,1562493083000,-640,-480,-592
2,1562493083024,-992,128,80
2,1562493083026,-1008,128,64
4,1562493083031,-1024,112,32
4,1562493083034,-1008,112,32
6,1562493083038,-640,-496,-608
6,1562493083039,-640,-496,-592
2,1562493083070,-992,128,64
2,1562493083071,-992,128,64
6,1562493083084,-640,-496,-592
6,1562493083085,-640,-496,-608
6,1562493083085,-640,-480,-592
2,1562493083115,-1008,112,64
2,1562493083117,-992,112,96
2,1562493083121,-992,112,80
4,1562493083136,-1008,112,16
4,1562493083138,-1024,112,32
4,1562493083140,-1024,112,48
4,1562493083143,-1024,96,48
6,1562493083145,-640,-496,-608
6,1562493083147,-640,-496,-592
2,1562493083158,-992,96,112
2,1562493083160,-992,80,112
4,1562493083172,-1024,80,48
4,1562493083173,-1024,80,48
4,1562493083176,-1024,64,48
6,1562493083184,-640,-496,-592
6,1562493083186,-640,-496,-608
2,1562493083203,-1008,80,96
2,1562493083204,-992,48,128
4,1562493083213,-1024,48,64
4,1562493083214,-1024,48,64
6,1562493083219,-640,-496,-608
6,1562493083220,-640,-496,-592
2,1562493083249,-1008,48,128
2,1562493083249,-1008,64,112
4,1562493083256,-1024,64,48
4,1562493083257,-1024,64,48
6,1562493083269,-640,-496,-592
6,1562493083270,-640,-496,-608
6,1562493083272,-640,-496,-592
2,1562493083296,-1008,64,112
2,1562493083299,-1008,64,112
2,1562493083303,-1008,64,96
4,1562493083314,-1024,48,48
4,1562493083317,-1024,48,32
4,1562493083319,-1024,64,32
6,1562493083321,-640,-496,-608
6,1562493083324,-640,-496,-592
2,1562493083339,-1008,80,96
2,1562493083339,-1008,80,80
4,1562493083346,-1024,64,32
4,1562493083348,-1024,64,32
6,1562493083355,-640,-496,-592
6,1562493083356,-640,-496,-592
2,1562493083384,-992,80,96
2,1562493083385,-992,96,80
2,1562493083386,-1008,80,96
4,1562493083391,-1024,64,32
4,1562493083392,-1024,64,32
6,1562493083402,-640,-496,-592
6,1562493083402,-640,-496,-608
2,1562493083430,-1008,80,80
2,1562493083432,-1008,96,64
4,1562493083439,-1024,80,32
4,1562493083441,-1024,80,16
6,1562493083451,-640,-496,-592
6,1562493083453,-640,-496,-592
6,1562493083456,-640,-480,-608
2,1562493083473,-1008,96,80
4,1562493083482,-1024,80,32
4,1562493083485,-1024,64,32
4,1562493083487,-1024,80,32
6,1562493083490,-640,-496,-608
6,1562493083492,-640,-496,-592
2,1562493083518,-1008,96,96
2,1562493083519,-1008,96,80
2,1562493083520,-1008,112,80
4,1562493083527,-1024,80,16
4,1562493083538,-1024,64,32
6,1562493083540,-640,-496,-608
6,1562493083542,-640,-480,-608
6,1562493083546,-656,-480,-592
2,1562493083565,-1008,96,80
2,1562493083566,-1008,96,96
2,1562493083571,-992,96,80
4,1562493083573,-1024,64,32
4,1562493083574,-1024,64,16
6,1562493083587,-640,-496,-608
6,1562493083589,-640,-480,-608
2,1562493083609,-1008,112,80
2,1562493083610,-992,96,96
4,1562493083616,-1024,64,32
4,1562493083617,-1024,64,32
6,1562493083623,-640,-496,-592
6,1562493083624,-656,-480,-608
2,1562493083654,-992,96,80
2,1562493083656,-992,96,80
4,1562493083662,-1024,64,16
4,1562493083672,-1024,64,16
4,1562493083673,-1024,64,16
6,1562493083676,-640,-496,-592
6,1562493083677,-640,-496,-608
2,1562493083700,-1008,80,64
2,1562493083702,-1008,64,64
4,1562493083712,-1024,48,16
4,1562493083713,-1024,64,0
6,1562493083715,-640,-496,-608
6,1562493083717,-640,-496,-608
6,1562493083719,-640,-496,-592
2,1562493083746,-1008,80,64
2,1562493083747,-1008,80,64
2,1562493083748,-1008,64,64
4,1562493083755,-1024,48,16
4,1562493083757,-1024,48,0
6,1562493083760,-640,-496,-608
6,1562493083762,-640,-496,-608
4,1562493083797,-1024,32,0
4,1562493083798,-1024,48,0
6,1562493083804,-640,-496,-608
6,1562493083806,-640,-496,-592
2,1562493083837,-1008,64,80
2,1562493083842,-1008,80,64
2,1562493083848,-1008,64,80
2,1562493083852,-1008,48,80
4,1562493083861,-1024,32,0
4,1562493083865,-1024,32,16
4,1562493083868,-1024,32,16
6,1562493083870,-640,-496,-608
6,1562493083873,-640,-496,-592
2,1562493083886,-1008,64,96
2,1562493083889,-1008,64,80
4,1562493083893,-1024,32,16
4,1562493083896,-1024,32,16
6,1562493083907,-640,-496,-608
6,1562493083908,-640,-496,-608
6,1562493083910,-640,-496,-592
2,1562493083925,-1008,64,96
2,1562493083926,-1008,80,96
2,1562493083928,-1008,80,80
4,1562493083933,-1024,32,0
4,1562493083935,-1024,32,16
6,1562493083941,-640,-496,-592
6,1562493083943,-640,-496,-592
2,1562493083968,-1008,80,80
2,1562493083969,-992,80,64
4,1562493083976,-1024,32,0
4,1562493083977,-1024,32,0
4,1562493083983,-1024,32,0
6,1562493083986,-640,-512,-592
6,1562493083988,-640,-496,-608
2,1562493084015,-992,80,80
2,1562493084018,-1008,64,80
4,1562493084030,-1040,16,0
6,1562493084032,-640,-496,-608
6,1562493084033,-640,-496,-592
2,1562493084060,-992,64,80
2,1562493084063,-992,64,64
4,1562493084071,-1024,16,0
4,1562493084073,-1024,16,0
4,1562493084075,-1024,16,0
6,1562493084078,-640,-512,-608
6,1562493084080,-640,-512,-592
6,1562493084082,-640,-496,-592
2,1562493084104,-992,48,80
2,1562493084110,-1008,48,96
2,1562493084112,-1008,48,80
4,1562493084122,-1024,16,16
4,1562493084124,-1024,16,0
6,1562493084126,-640,-512,-592
6,1562493084129,-640,-512,-592
2,1562493084149,-1008,48,64
2,1562493084152,-1008,48,80
4,1562493084159,-1024,16,-16
4,1562493084160,-1024,0,0
4,1562493084163,-1024,16,-16
6,1562493084170,-640,-512,-592
6,1562493084172,-624,-512,-592
2,1562493084196,-1008,32,80
2,1562493084197,-1008,32,80
4,1562493084205,-1024,0,0
6,1562493084208,-640,-512,-592
6,1562493084210,-640,-512,-576
2,1562493084239,-1008,16,80
2,1562493084240,-992,16,96
4,1562493084250,-1008,0,16
4,1562493084252,-1008,0,16
4,1562493084254,-1024,-16,16
6,1562493084264,-640,-512,-576
6,1562493084266,-640,-512,-576
6,1562493084268,-640,-528,-576
2,1562493084283,-1008,16,96
2,1562493084285,-992,16,96
2,1562493084285,-1008,16,80
4,1562493084291,-1008,0,0
4,1562493084292,-1008,-16,16
6,1562493084299,-640,-512,-576
6,1562493084301,-640,-512,-576
2,1562493084330,-1008,16,80
2,1562493084332,-992,32,64
4,1562493084344,-1024,-16,16
4,1562493084347,-1024,-16,0
4,1562493084349,-1024,-16,16
6,1562493084353,-640,-512,-592
6,1562493084355,-640,-512,-592
2,1562493084374,-1008,16,96
2,1562493084376,-1008,16,112
6,1562493084390,-640,-512,-592
6,1562493084392,-640,-512,-592
2,1562493084419,-1008,0,112
2,1562493084420,-992,48,80
6,1562493084434,-640,-512,-592
6,1562493084435,-640,-512,-576
6,1562493084436,-640,-512,-592
2,1562493084464,-1008,48,64
2,1562493084466,-1008,32,80
2,1562493084468,-1008,48,96
4,1562493084479,-1024,-16,16
4,1562493084481,-1024,-16,16
4,1562493084483,-1024,0,0
4,1562493084486,-1024,16,0
4,1562493084488,-1024,0,16
4,1562493084491,-1040,0,16
6,1562493084494,-640,-512,-592
6,1562493084503,-640,-512,-592
2,1562493084511,-992,48,80
2,1562493084513,-992,48,80
4,1562493084518,-1024,16,32
4,1562493084520,-1024,16,16
4,1562493084523,-1024,16,16
6,1562493084525,-640,-512,-592
6,1562493084527,-640,-512,-592
2,1562493084553,-1008,48,64
2,1562493084554,-1008,48,48
4,1562493084563,-1024,16,0
4,1562493084564,-1024,16,0
6,1562493084570,-640,-512,-592
6,1562493084572,-624,-512,-592
2,1562493084599,-1008,48,48
2,1562493084600,-992,48,48
6,1562493084615,-640,-512,-592
6,1562493084617,-640,-512,-592
6,1562493084620,-640,-512,-592
2,1562493084645,-992,48,80
4,1562493084653,-1024,16,0
4,1562493084656,-1008,16,16
4,1562493084658,-1024,0,32
4,1562493084660,-1024,0,16
4,1562493084662,-1024,0,32
6,1562493084664,-640,-512,-592
6,1562493084666,-640,-512,-592
2,1562493084690,-1008,16,96
2,1562493084703,-1008,16,96
2,1562493084705,-992,16,96
2,1562493084707,-992,32,112
4,1562493084710,-1024,16,32
4,1562493084713,-1024,16,32
6,1562493084721,-640,-512,-592
6,1562493084723,-640,-512,-592
6,1562493084726,-640,-512,-592
2,1562493084735,-1008,32,96
2,1562493084737,-1008,48,96
4,1562493084748,-1024,16,32
4,1562493084749,-1024,16,32
6,1562493084751,-640,-512,-592
6,1562493084753,-624,-512,-592
2,1562493084779,-1008,48,96
2,1562493084782,-1008,48,112
4,1562493084791,-1024,16,48
4,1562493084792,-1024,32,64
6,1562493084799,-640,-512,-592
6,1562493084800,-640,-512,-592
2,1562493084823,-1008,48,112
2,1562493084825,-992,48,112
2,1562493084828,-1008,48,112
4,1562493084836,-1024,32,64
4,1562493084838,-1024,32,64
4,1562493084840,-1024,32,64
2,1562493084868,-992,48,112
2,1562493084869,-1008,64,112
4,1562493084876,-1024,32,80
4,1562493084886,-1024,32,80
6,1562493084889,-640,-496,-592
6,1562493084891,-640,-496,-592
6,1562493084893,-640,-496,-592
6,1562493084895,-640,-496,-608
6,1562493084897,-640,-496,-592
2,1562493084914,-1008,80,128
2,1562493084916,-992,80,128
2,1562493084917,-992,96,144
6,1562493084929,-640,-496,-592
6,1562493084932,-640,-512,-592
2,1562493084959,-992,112,128
2,1562493084961,-992,128,128
4,1562493084967,-1024,48,80
4,1562493084969,-1024,48,80
4,1562493084969,-1024,48,96
4,1562493084970,-1024,64,80
6,1562493084973,-656,-496,-592
6,1562493084974,-640,-496,-592
2,1562493085003,-992,112,128
2,1562493085004,-992,96,128
4,1562493085013,-1024,64,96
4,1562493085014,-1024,48,96
4,1562493085016,-1024,48,96
6,1562493085024,-640,-496,-592
6,1562493085028,-640,-496,-592
2,1562493085050,-992,96,144
2,1562493085053,-1008,80,144
4,1562493085104,-1024,32,96
4,1562493085106,-1024,32,96
4,1562493085108,-1024,32,96
4,1562493085110,-1024,32,80
6,1562493085112,-656,-496,-592
6,1562493085113,-640,-496,-592
4,1562493085147,-1024,32,80
4,1562493085150,-1024,32,80
6,1562493085154,-640,-496,-592
6,1562493085157,-640,-496,-592
6,1562493085160,-640,-496,-592
2,1562493085184,-992,80,128
2,1562493085195,-992,80,128
2,1562493085198,-992,80,128
2,1562493085200,-1008,80,128
2,1562493085202,-1008,80,128
2,1562493085204,-992,80,128
4,1562493085206,-1024,48,96
4,1562493085209,-1024,32,96
4,1562493085210,-1024,48,96
6,1562493085218,-624,-512,-576
6,1562493085220,-640,-496,-592
6,1562493085221,-640,-496,-592
6,1562493085223,-640,-496,-592
2,1562493085232,-992,80,144
2,1562493085234,-992,80,144
4,1562493085239,-1024,48,112
4,1562493085241,-1024,48,112
6,1562493085249,-640,-496,-592
6,1562493085250,-640,-496,-592
6,1562493085253,-640,-496,-592
2,1562493085275,-1008,80,160
2,1562493085277,-992,96,160
2,1562493085278,-992,112,160
4,1562493085283,-1024,48,112
6,1562493085289,-656,-496,-592
6,1562493085290,-656,-496,-592
2,1562493085320,-992,96,160
2,1562493085322,-992,112,160
4,1562493085334,-1024,48,128
4,1562493085336,-1024,48,128
4,1562493085338,-1024,64,128
4,1562493085340,-1024,48,112
6,1562493085343,-656,-496,-592
6,1562493085346,-656,-496,-608
2,1562493085364,-992,128,160
2,1562493085365,-976,112,192
4,1562493085372,-1024,48,128
4,1562493085374,-1024,48,128
6,1562493085383,-656,-496,-592
6,1562493085384,-656,-496,-592
2,1562493085409,-992,96,176
2,1562493085412,-992,96,176
4,1562493085422,-1008,48,128
4,1562493085426,-1024,48,128
6,1562493085429,-656,-496,-576
6,1562493085431,-656,-496,-576
6,1562493085434,-656,-496,-592
2,1562493085454,-992,80,160
2,1562493085456,-1008,64,160
2,1562493085457,-992,64,160
4,1562493085470,-1024,48,128
4,1562493085473,-1024,32,128
6,1562493085475,-656,-496,-592
6,1562493085477,-656,-496,-592
2,1562493085499,-992,80,144
2,1562493085500,-992,80,128
4,1562493085508,-1024,32,112
4,1562493085512,-1008,48,112
4,1562493085514,-1008,48,112
6,1562493085521,-640,-496,-592
6,1562493085523,-656,-496,-592
2,1562493085544,-992,64,144
2,1562493085545,-1008,64,144
4,1562493085552,-1008,32,128
4,1562493085553,-1024,32,128
6,1562493085558,-656,-496,-592
6,1562493085560,-656,-496,-592
2,1562493085588,-1008,64,144
2,1562493085590,-992,80,144
4,1562493085598,-1008,32,128
4,1562493085601,-1008,48,128
6,1562493085607,-640,-496,-592
6,1562493085609,-640,-496,-592
6,1562493085611,-640,-496,-592
2,1562493085634,-992,112,128
2,1562493085636,-1008,112,128
2,1562493085637,-1008,144,160
4,1562493085645,-1024,64,128
4,1562493085648,-1024,64,128
6,1562493085657,-640,-496,-592
6,1562493085659,-656,-496,-592
4,1562493085688,-1024,80,144
4,1562493085689,-1024,96,160
4,1562493085692,-1008,80,160
6,1562493085703,-656,-496,-592
6,1562493085704,-656,-480,-592
6,1562493085706,-656,-496,-576
2,1562493085724,-992,160,160
2,1562493085726,-992,160,176
2,1562493085729,-976,176,160
2,1562493085731,-976,160,160
4,1562493085739,-1008,80,160
4,1562493085740,-1008,80,144
6,1562493085742,-656,-496,-592
6,1562493085744,-656,-496,-592
2,1562493085769,-976,144,160
4,1562493085778,-1008,80,144
6,1562493085789,-656,-496,-592
2,1562493085815,-976,128,176
4,1562493085823,-1008,64,160
6,1562493085831,-656,-496,-608
2,1562493085860,-992,112,176
2,1562493085869,-992,96,192
2,1562493085871,-992,80,192
2,1562493085873,-992,80,176
2,1562493085875,-992,80,192
4,1562493085877,-1008,48,160
4,1562493085879,-1008,48,160
4,1562493085882,-1008,48,160
4,1562493085884,-1008,48,160
4,1562493085886,-1008,48,160
6,1562493085888,-656,-496,-576
6,1562493085890,-656,-496,-592
6,1562493085893,-656,-496,-576
6,1562493085895,-656,-496,-592
6,1562493085896,-656,-496,-576
2,1562493085904,-992,80,208
2,1562493085905,-992,96,208
4,1562493085914,-1024,32,176
4,1562493085915,-1024,48,160
6,1562493085920,-656,-496,-592
6,1562493085921,-656,-496,-576
2,1562493085948,-992,96,208
2,1562493085949,-992,96,208
4,1562493085955,-1008,48,160
4,1562493085956,-1024,32,160
6,1562493085965,-656,-496,-592
6,1562493085966,-656,-496,-592
2,1562493085995,-992,96,208
2,1562493085996,-976,112,208
2,1562493085998,-992,112,208
4,1562493086013,-1008,48,160
4,1562493086016,-1008,48,176
6,1562493086019,-656,-496,-576
6,1562493086021,-656,-480,-576
2,1562493086039,-992,112,208
2,1562493086040,-992,96,208
4,1562493086050,-1008,64,160
4,1562493086052,-1024,48,160
4,1562493086055,-1024,48,160
6,1562493086063,-656,-496,-592
6,1562493086065,-656,-496,-592
6,1562493086067,-656,-480,-576
2,1562493086084,-992,96,192
2,1562493086086,-992,96,192
4,1562493086091,-1024,48,160
4,1562493086092,-1008,48,160
6,1562493086100,-656,-496,-592
6,1562493086101,-656,-496,-592
2,1562493086128,-992,96,208
4,1562493086136,-1008,48,160
4,1562493086137,-1024,48,176
2,1562493086175,-992,96,208
2,1562493086179,-992,96,208
2,1562493086182,-992,96,208
2,1562493086192,-992,96,192
4,1562493086196,-1008,48,160
4,1562493086198,-1008,48,160
4,1562493086201,-1008,48,160
6,1562493086203,-656,-496,-592
6,1562493086206,-656,-496,-592
6,1562493086208,-656,-496,-592
6,1562493086209,-656,-496,-592
2,1562493086221,-992,96,192
2,1562493086223,-992,96,176
4,1562493086232,-1008,48,144
4,1562493086235,-1024,48,144
6,1562493086242,-656,-496,-576
6,1562493086244,-656,-496,-592
6,1562493086246,-672,-496,-592
4,1562493086270,-1008,48,144
4,1562493086272,-1008,48,144
6,1562493086279,-656,-496,-592
6,1562493086280,-656,-496,-592
2,1562493086311,-992,80,176
2,1562493086311,-992,96,176
2,1562493086312,-992,96,176
2,1562493086312,-992,96,176
4,1562493086325,-1008,64,144
4,1562493086329,-1008,48,144
6,1562493086332,-656,-496,-592
6,1562493086342,-656,-496,-608
2,1562493086354,-992,96,160
2,1562493086356,-992,112,176
2,1562493086359,-992,112,160
4,1562493086367,-1008,48,144
6,1562493086370,-656,-480,-592
6,1562493086372,-656,-496,-592
2,1562493086398,-992,96,160
2,1562493086402,-992,96,160
4,1562493086406,-1024,64,144
4,1562493086407,-1008,64,144
4,1562493086409,-1008,64,144
4,1562493086410,-1024,64,144
6,1562493086417,-656,-496,-592
6,1562493086418,-656,-496,-592
6,1562493086419,-656,-480,-592
2,1562493086445,-992,96,176
2,1562493086446,-992,96,160
2,1562493086447,-992,96,160
6,1562493086458,-640,-480,-608
6,1562493086463,-656,-480,-592
2,1562493086489,-992,112,144
2,1562493086491,-992,96,144
4,1562493086500,-1024,64,128
4,1562493086502,-1008,64,144
4,1562493086504,-1024,64,128
4,1562493086506,-1024,64,112
6,1562493086511,-656,-480,-608
6,1562493086513,-656,-496,-592
2,1562493086534,-992,96,144
2,1562493086535,-1008,96,144
4,1562493086540,-1008,64,128
4,1562493086544,-1024,64,128
4,1562493086552,-1008,64,128
6,1562493086553,-656,-496,-592
6,1562493086554,-640,-496,-592
6,1562493086556,-640,-480,-592
2,1562493086579,-992,80,160
2,1562493086581,-992,80,160
4,1562493086589,-1024,64,128
4,1562493086590,-1024,80,112
6,1562493086600,-656,-496,-592
6,1562493086601,-656,-496,-608
2,1562493086625,-992,112,128
2,1562493086628,-992,112,128
2,1562493086630,-992,112,128
6,1562493086639,-656,-480,-592
6,1562493086641,-640,-496,-592
2,1562493086668,-992,112,128
2,1562493086669,-992,112,128
4,1562493086676,-1024,80,112
4,1562493086679,-1024,80,112
4,1562493086684,-1024,80,112
4,1562493086686,-1008,80,112
6,1562493086694,-640,-480,-592
6,1562493086696,-656,-480,-592
2,1562493086713,-992,112,128
2,1562493086715,-992,96,128
4,1562493086722,-1024,80,112
4,1562493086724,-1024,64,128
4,1562493086728,-1024,64,112
6,1562493086736,-656,-496,-592
6,1562493086738,-640,-496,-608
2,1562493086758,-992,96,128
4,1562493086766,-1024,80,96
4,1562493086767,-1024,80,96
6,1562493086774,-656,-480,-592
6,1562493086775,-656,-480,-592
6,1562493086776,-656,-480,-592
2,1562493086805,-992,96,128
2,1562493086806,-992,96,112
2,1562493086807,-992,112,112
2,1562493086808,-1008,112,112
4,1562493086816,-1008,80,96
4,1562493086818,-1024,96,96
6,1562493086828,-640,-480,-592
6,1562493086830,-656,-496,-592
2,1562493086850,-992,112,112
2,1562493086852,-992,112,112
4,1562493086861,-1024,96,96
4,1562493086863,-1024,96,96
4,1562493086866,-1008,96,96
6,1562493086874,-640,-496,-592
6,1562493086875,-656,-480,-592
6,1562493086876,-656,-480,-608
2,1562493086897,-992,112,112
2,1562493086898,-992,112,112
4,1562493086907,-1024,96,96
4,1562493086908,-1024,96,96
6,1562493086910,-656,-496,-592
6,1562493086911,-640,-480,-608
2,1562493086939,-992,112,112
2,1562493086941,-992,112,112
4,1562493086949,-1024,96,96
4,1562493086952,-1024,80,80
6,1562493086960,-656,-496,-592
6,1562493086962,-640,-480,-592
2,1562493086984,-992,96,112
2,1562493086985,-992,96,96
2,1562493086986,-1008,96,112
4,1562493086992,-1024,80,80
4,1562493086994,-1024,96,80
6,1562493087001,-640,-480,-592
6,1562493087002,-640,-480,-608
2,1562493087029,-992,80,96
2,1562493087030,-992,80,112
4,1562493087036,-1024,80,80
4,1562493087038,-1024,80,80
4,1562493087042,-1024,80,80
6,1562493087053,-640,-496,-592
6,1562493087054,-640,-480,-608
6,1562493087055,-656,-496,-592
2,1562493087073,-1008,80,96
2,1562493087075,-992,96,96
4,1562493087084,-1024,80,64
4,1562493087086,-1024,80,64
6,1562493087088,-640,-496,-608
6,1562493087089,-640,-496,-592
2,1562493087120,-992,80,80
2,1562493087122,-1008,80,112
4,1562493087130,-1024,80,64
4,1562493087131,-1024,80,64
6,1562493087139,-656,-480,-592
6,1562493087140,-640,-496,-592
2,1562493087164,-1008,96,96
4,1562493087171,-1008,80,64
4,1562493087172,-1024,80,64
6,1562493087181,-640,-496,-592
6,1562493087182,-640,-496,-608
2,1562493087212,-992,96,96
2,1562493087213,-992,96,96
2,1562493087215,-992,96,96
2,1562493087217,-1008,80,96
4,1562493087225,-1024,80,64
4,1562493087229,-1008,80,64
4,1562493087232,-1024,96,64
6,1562493087234,-656,-496,-592
6,1562493087236,-640,-496,-608
6,1562493087238,-640,-496,-592
2,1562493087254,-992,80,96
2,1562493087256,-1008,80,96
4,1562493087264,-1024,80,64
4,1562493087266,-1024,80,64
6,1562493087273,-640,-480,-592
2,1562493087299,-1008,96,96
2,1562493087300,-1008,96,96
4,1562493087308,-1024,96,48
4,1562493087311,-1024,80,48
6,1562493087319,-640,-496,-608
6,1562493087320,-640,-496,-608
6,1562493087322,-640,-496,-592
2,1562493087348,-992,96,96
2,1562493087350,-1008,96,96
2,1562493087352,-992,96,96
4,1562493087362,-1024,96,48
4,1562493087364,-1024,96,48
6,1562493087366,-640,-496,-592
6,1562493087367,-640,-496,-592
2,1562493087389,-992,128,80
2,1562493087391,-992,112,96
4,1562493087400,-1024,96,48
4,1562493087404,-1024,96,48
4,1562493087406,-1024,96,48
6,1562493087415,-640,-496,-592
6,1562493087417,-640,-496,-608
6,1562493087418,-640,-496,-592
2,1562493087435,-992,112,96
2,1562493087437,-992,112,80
4,1562493087443,-1024,96,48
4,1562493087446,-1024,96,48
6,1562493087454,-640,-496,-592
6,1562493087455,-640,-480,-592
2,1562493087478,-992,96,96
2,1562493087480,-992,96,96
4,1562493087488,-1024,96,48
4,1562493087490,-1024,96,48
6,1562493087500,-640,-496,-592
6,1562493087501,-640,-480,-608
2,1562493087525,-1008,80,80
2,1562493087530,-1008,80,80
2,1562493087533,-992,96,80
4,1562493087543,-1024,80,32
4,1562493087545,-1024,80,32
4,1562493087547,-1024,80,32
6,1562493087550,-640,-496,-608
6,1562493087553,-640,-496,-592
2,1562493087569,-1008,80,96
2,1562493087574,-1008,80,80
4,1562493087585,-1024,80,32
4,1562493087586,-1024,80,32
6,1562493087587,-640,-496,-592
6,1562493087589,-640,-496,-608
6,1562493087590,-640,-496,-608
2,1562493087614,-992,80,80
2,1562493087616,-1008,96,80
4,1562493087623,-1024,96,32
4,1562493087624,-1024,96,32
6,1562493087632,-640,-496,-608
6,1562493087634,-640,-496,-592
2,1562493087661,-1008,96,80
2,1562493087662,-1008,96,80
4,1562493087667,-1024,96,48
6,1562493087674,-640,-496,-608
6,1562493087675,-640,-496,-608
2,1562493087705,-992,96,96
2,1562493087707,-992,96,80
2,1562493087707,-992,112,80
4,1562493087715,-1024,96,32
4,1562493087716,-1024,96,32
4,1562493087717,-1024,96,32
4,1562493087719,-1024,80,16
6,1562493087725,-640,-496,-592
6,1562493087728,-640,-496,-608
2,1562493087748,-1008,112,80
2,1562493087749,-992,96,64
4,1562493087755,-1024,80,16
4,1562493087756,-1024,80,16
6,1562493087764,-640,-496,-608
6,1562493087766,-640,-496,-592
6,1562493087767,-640,-496,-608
2,1562493087795,-1008,96,80
2,1562493087796,-992,96,80
4,1562493087804,-1024,80,16
4,1562493087806,-1024,80,16
6,1562493087809,-640,-496,-592
6,1562493087810,-640,-496,-608
2,1562493087839,-992,80,80
2,1562493087840,-1008,80,80
4,1562493087851,-1024,80,0
4,1562493087854,-1024,80,0
6,1562493087864,-640,-496,-608
6,1562493087866,-640,-496,-608
6,1562493087868,-640,-496,-608
2,1562493087883,-1008,96,80
2,1562493087885,-1008,80,80
2,1562493087885,-1008,64,64
4,1562493087891,-1024,80,0
4,1562493087893,-1024,80,0
4,1562493087901,-1024,80,0
6,1562493087902,-640,-496,-608
2,1562493087929,-1008,64,80
2,1562493087931,-1008,64,64
4,1562493087939,-1024,64,0
4,1562493087940,-1024,80,0
6,1562493087951,-640,-496,-608
6,1562493087953,-640,-496,-608
6,1562493087955,-640,-496,-608
2,1562493087973,-1008,80,64
2,1562493087974,-1008,64,64
2,1562493087975,-1008,64,64
4,1562493087982,-1024,80,0
4,1562493087984,-1024,80,-16
6,1562493087988,-640,-496,-608
6,1562493087990,-640,-496,-608
2,1562493088019,-1008,64,64
2,1562493088020,-1008,96,48
4,1562493088031,-1024,80,-16
4,1562493088034,-1024,80,-16
6,1562493088043,-640,-496,-608
6,1562493088044,-640,-496,-608
6,1562493088045,-640,-496,-592
2,1562493088066,-1008,96,48
2,1562493088067,-992,96,48
4,1562493088074,-1024,80,-16
4,1562493088075,-1008,96,-16
4,1562493088077,-1024,96,-16
6,1562493088086,-640,-496,-608
6,1562493088087,-640,-496,-608
2,1562493088114,-992,96,48
2,1562493088116,-1008,96,48
4,1562493088129,-1008,96,-16
4,1562493088132,-1008,96,-32
6,1562493088134,-640,-496,-592
6,1562493088136,-640,-496,-608
2,1562493088153,-992,96,48
2,1562493088154,-1008,96,48
2,1562493088155,-1008,96,48
4,1562493088163,-1024,96,-32
4,1562493088173,-1024,96,-32
6,1562493088176,-624,-496,-624
6,1562493088178,-640,-496,-608
2,1562493088198,-992,96,48
2,1562493088199,-1008,80,48
4,1562493088205,-1024,96,-16
4,1562493088207,-1024,96,-16
4,1562493088208,-1024,96,-32
6,1562493088216,-640,-496,-608
6,1562493088217,-640,-496,-608
6,1562493088219,-624,-496,-608
2,1562493088246,-992,80,48
2,1562493088246,-1008,96,48
4,1562493088254,-1024,96,-32
4,1562493088255,-1024,96,-32
6,1562493088263,-640,-496,-608
6,1562493088264,-640,-496,-608
2,1562493088289,-1008,96,32
2,1562493088290,-1008,96,48
4,1562493088302,-1024,96,-48
4,1562493088304,-1024,112,-32
6,1562493088306,-640,-496,-592
6,1562493088310,-624,-496,-608
2,1562493088334,-1008,96,32
2,1562493088335,-1008,96,32
2,1562493088336,-992,96,32
4,1562493088340,-1008,96,-32
4,1562493088351,-1024,112,-32
6,1562493088353,-624,-496,-608
6,1562493088354,-640,-480,-608
2,1562493088379,-992,96,32
2,1562493088383,-1008,96,32
4,1562493088386,-1024,96,-32
4,1562493088388,-1024,112,-32
4,1562493088388,-1024,112,-32
6,1562493088398,-640,-496,-608
6,1562493088400,-624,-496,-608
6,1562493088402,-640,-496,-608
2,1562493088425,-1008,96,32
2,1562493088426,-992,96,32
4,1562493088432,-1024,112,-32
4,1562493088435,-1008,112,-32
6,1562493088438,-640,-496,-608
6,1562493088440,-640,-496,-608
2,1562493088469,-1008,96,32
2,1562493088470,-1008,96,32
4,1562493088480,-1024,112,-32
4,1562493088484,-1024,112,-32
6,1562493088496,-640,-496,-608
6,1562493088497,-640,-496,-608
2,1562493088514,-1008,96,32
2,1562493088516,-1008,96,32
2,1562493088518,-1008,96,32
4,1562493088526,-1024,112,-48
4,1562493088529,-1024,112,-32
6,1562493088532,-640,-496,-608
6,1562493088540,-640,-496,-608
2,1562493088562,-1008,96,32
2,1562493088563,-992,112,32
4,1562493088573,-1024,112,-48
4,1562493088576,-1024,112,-48
4,1562493088578,-1008,112,-48
6,1562493088581,-640,-496,-608
6,1562493088583,-624,-496,-608
6,1562493088585,-640,-496,-608
2,1562493088604,-1008,112,32
2,1562493088604,-1008,112,32
4,1562493088612,-1008,128,-48
4,1562493088614,-1024,128,-48
6,1562493088622,-640,-496,-608
6,1562493088623,-640,-496,-608
2,1562493088649,-1008,112,32
2,1562493088650,-992,128,16
4,1562493088655,-1008,128,-48
6,1562493088667,-640,-496,-608
6,1562493088669,-640,-496,-608
2,1562493088695,-1008,112,32
2,1562493088695,-1008,112,16
2,1562493088696,-992,96,16
6,1562493088711,-640,-496,-608
6,1562493088713,-640,-496,-592
2,1562493088740,-1008,96,16
2,1562493088741,-1008,96,32
4,1562493088751,-1024,112,-48
4,1562493088754,-1008,112,-48
4,1562493088756,-1008,112,-48
4,1562493088759,-1008,112,-48
4,1562493088762,-1024,112,-64
4,1562493088764,-1008,112,-64
6,1562493088774,-640,-496,-608
6,1562493088775,-640,-496,-608
6,1562493088778,-640,-496,-608
2,1562493088785,-1008,96,32
2,1562493088786,-1008,80,16
4,1562493088796,-1008,112,-64
4,1562493088797,-1008,96,-64
6,1562493088798,-640,-496,-608
6,1562493088799,-624,-496,-624
2,1562493088829,-1008,96,16
2,1562493088830,-1008,96,0
4,1562493088836,-1008,112,-64
4,1562493088838,-1008,112,-64
6,1562493088846,-624,-496,-608
6,1562493088848,-640,-496,-608
2,1562493088874,-1008,96,0
2,1562493088877,-1008,96,16
2,1562493088880,-1008,96,16
4,1562493088889,-1008,112,-64
6,1562493088892,-640,-512,-608
6,1562493088895,-624,-496,-608
2,1562493088918,-992,96,16
2,1562493088919,-992,112,0
4,1562493088934,-1008,112,-64
4,1562493088935,-1008,112,-80
4,1562493088937,-1008,112,-80
4,1562493088938,-1008,112,-64
6,1562493088940,-624,-496,-592
6,1562493088942,-640,-496,-608
6,1562493088944,-624,-496,-608
2,1562493088965,-992,112,16
2,1562493088966,-1008,96,16
4,1562493088972,-1024,128,-64
4,1562493088974,-1008,112,-64
6,1562493088981,-624,-496,-608
6,1562493088982,-640,-496,-608
2,1562493089011,-1008,96,16
4,1562493089020,-1008,112,-64
4,1562493089023,-1008,112,-80
6,1562493089025,-640,-496,-608
6,1562493089028,-624,-496,-608
6,1562493089030,-624,-496,-608
2,1562493089054,-992,112,16
2,1562493089056,-992,112,0
2,1562493089056,-992,112,0
2,1562493089057,-1008,96,16
4,1562493089068,-1008,112,-64
4,1562493089071,-1024,128,-64
4,1562493089072,-1024,112,-64
6,1562493089075,-640,-496,-608
6,1562493089077,-640,-496,-608
2,1562493089099,-1024,112,16
2,1562493089101,-1008,112,16
4,1562493089109,-1024,128,-64
4,1562493089112,-1024,128,-80
6,1562493089120,-640,-496,-592
6,1562493089122,-640,-496,-608
2,1562493089145,-992,112,32
2,1562493089146,-992,128,16
4,1562493089154,-1024,128,-64
4,1562493089155,-1024,128,-64
6,1562493089158,-640,-496,-608
6,1562493089168,-640,-496,-608
2,1562493089189,-1008,128,16
2,1562493089190,-992,128,32
4,1562493089200,-1024,144,-64
4,1562493089203,-1008,144,-64
6,1562493089204,-640,-496,-608
6,1562493089206,-640,-496,-608
6,1562493089207,-640,-496,-608
2,1562493089235,-992,176,16
2,1562493089236,-976,176,16
2,1562493089238,-992,160,32
4,1562493089243,-1024,144,-64
4,1562493089245,-1024,128,-48
4,1562493089248,-1024,160,-64
6,1562493089259,-640,-480,-608
6,1562493089260,-624,-496,-608
2,1562493089279,-1008,192,32
2,1562493089280,-992,224,0
4,1562493089289,-1024,144,-80
4,1562493089290,-1024,144,-64
6,1562493089297,-640,-496,-608
6,1562493089299,-640,-496,-608
2,1562493089325,-992,208,16
2,1562493089328,-992,176,32
6,1562493089338,-624,-496,-608
6,1562493089340,-624,-512,-608
2,1562493089370,-1008,144,16
2,1562493089372,-1008,128,16
4,1562493089383,-1024,128,-64
4,1562493089386,-1024,112,-64
4,1562493089389,-1024,96,-80
4,1562493089393,-1008,96,-112
6,1562493089395,-624,-512,-608
6,1562493089403,-624,-512,-608
6,1562493089406,-624,-512,-608
2,1562493089417,-992,144,0
2,1562493089419,-1008,144,0
2,1562493089421,-1008,144,0
4,1562493089429,-1024,96,-96
4,1562493089432,-1008,80,-96
4,1562493089434,-1024,80,-96
6,1562493089436,-624,-512,-592
6,1562493089438,-624,-512,-608
2,1562493089460,-992,128,16
2,1562493089461,-1008,128,16
6,1562493089477,-640,-512,-592
6,1562493089478,-640,-512,-592
2,1562493089505,-1008,144,0
2,1562493089506,-1008,144,0
2,1562493089508,-1008,144,0
4,1562493089519,-1008,64,-96
6,1562493089521,-624,-512,-592
6,1562493089523,-624,-528,-608
2,1562493089551,-1008,144,-16
2,1562493089555,-1008,160,-16
4,1562493089566,-1024,64,-112
4,1562493089568,-1008,80,-128
4,1562493089570,-1024,80,-128
4,1562493089571,-1008,64,-144
4,1562493089573,-1008,64,-128
2,1562493089595,-992,176,-16
2,1562493089596,-944,224,0
4,1562493089609,-1008,48,-112
4,1562493089612,-1008,64,-112
4,1562493089614,-1024,128,-144
6,1562493089623,-608,-528,-608
6,1562493089625,-624,-528,-592
6,1562493089626,-624,-544,-592
6,1562493089628,-624,-528,-576
6,1562493089630,-624,-528,-592
2,1562493089638,-960,352,-16
2,1562493089640,-992,352,-16
4,1562493089648,-1040,128,-128
4,1562493089649,-1056,112,-128
6,1562493089656,-640,-528,-608
6,1562493089656,-672,-528,-608
2,1562493089684,-1008,320,0
2,1562493089685,-1008,288,-32
2,1562493089687,-992,288,-32
4,1562493089694,-1056,112,-128
4,1562493089695,-1056,96,-144
6,1562493089705,-640,-544,-608
6,1562493089707,-624,-560,-608
2,1562493089728,-976,304,-32
2,1562493089730,-960,304,0
4,1562493089736,-1040,48,-96
4,1562493089737,-1040,64,-96
4,1562493089738,-1056,32,-64
6,1562493089747,-608,-560,-576
6,1562493089749,-624,-576,-560
6,1562493089751,-640,-592,-544
2,1562493089774,-992,288,32
2,1562493089776,-1008,272,-16
4,1562493089788,-1040,32,-32
4,1562493089790,-1024,-32,-32
6,1562493089792,-672,-624,-512
6,1562493089795,-640,-624,-496
2,1562493089819,-1008,224,-80
2,1562493089821,-1008,176,-64
4,1562493089830,-1008,-64,-80
4,1562493089832,-976,-64,-112
6,1562493089840,-592,-640,-496
6,1562493089842,-656,-688,-480
2,1562493089863,-976,144,0
2,1562493089865,-928,144,16
2,1562493089875,-928,128,48
4,1562493089878,-960,-64,-176
4,1562493089882,-912,-32,-224
6,1562493089891,-624,-656,-544
6,1562493089894,-672,-544,-544
2,1562493089911,-960,112,32
2,1562493089913,-944,128,0
4,1562493089923,-880,64,-304
4,1562493089925,-864,32,-256
4,1562493089928,-848,-48,-112
6,1562493089930,-640,-400,-464
6,1562493089933,-528,-512,-496
6,1562493089942,-512,-576,-544
2,1562493089954,-960,176,-32
2,1562493089955,-944,192,-64
4,1562493089965,-848,-32,-48
4,1562493089968,-896,-64,-64
6,1562493089970,-464,-576,-560
6,1562493089973,-368,-592,-656
2,1562493089998,-928,192,-16
2,1562493090000,-944,192,48
4,1562493090006,-960,-96,-48
4,1562493090009,-992,-64,-32
6,1562493090020,-416,-640,-672
6,1562493090021,-512,-656,-656
6,1562493090022,-528,-608,-608
2,1562493090045,-944,192,64
2,1562493090053,-944,208,96
2,1562493090054,-928,240,96
4,1562493090058,-1008,-48,-32
4,1562493090062,-1008,0,-96
6,1562493090071,-496,-560,-576
6,1562493090073,-624,-544,-512
2,1562493090088,-944,288,128
2,1562493090090,-944,288,48
4,1562493090098,-1024,48,-96
4,1562493090100,-1040,48,-96
4,1562493090102,-1056,48,-96
6,1562493090104,-672,-560,-480
6,1562493090105,-656,-560,-480
2,1562493090134,-992,320,144
2,1562493090140,-928,336,96
4,1562493090143,-1040,16,-48
4,1562493090154,-1168,144,-128
2,1562493090179,-928,384,64
2,1562493090183,-1024,576,0
4,1562493090194,-1040,368,-128
4,1562493090195,-1120,368,-96
6,1562493090197,-656,-592,-496
6,1562493090198,-720,-624,-832
6,1562493090199,-816,-448,-640
6,1562493090208,-720,-224,-576
6,1562493090212,-688,-416,-640
2,1562493090225,-992,736,-144
2,1562493090227,-928,816,-96
2,1562493090229,-880,656,-16
4,1562493090237,-1072,272,-80
4,1562493090238,-1056,224,-96
2,1562493090269,-880,496,16
2,1562493090270,-864,400,48
4,1562493090279,-1008,208,-64
4,1562493090281,-992,192,-48
4,1562493090282,-1008,128,-64
6,1562493090289,-624,-432,-640
6,1562493090294,-672,-448,-592
6,1562493090295,-656,-464,-576
6,1562493090297,-656,-576,-608
2,1562493090314,-896,352,128
2,1562493090322,-928,288,112
4,1562493090324,-1008,144,-48
4,1562493090326,-992,144,-32
6,1562493090335,-656,-480,-592
6,1562493090337,-672,-464,-576
2,1562493090361,-960,240,112
2,1562493090362,-976,224,96
4,1562493090367,-1008,112,-32
4,1562493090371,-1008,96,-48
6,1562493090374,-656,-480,-592
6,1562493090376,-656,-496,-608
6,1562493090377,-640,-480,-608
2,1562493090405,-976,240,48
2,1562493090407,-1008,304,16
2,1562493090408,-1008,352,0
4,1562493090415,-1024,112,-80
4,1562493090416,-1024,128,-80
4,1562493090419,-1024,128,-96
6,1562493090425,-640,-480,-624
6,1562493090426,-640,-480,-624
2,1562493090450,-976,352,16
2,1562493090452,-960,352,48
4,1562493090459,-1024,112,-64
4,1562493090463,-1008,112,-48
6,1562493090474,-640,-480,-608
6,1562493090475,-656,-480,-608
2,1562493090494,-960,336,80
2,1562493090496,-976,304,96
4,1562493090502,-1008,112,-32
4,1562493090504,-1024,112,-16
6,1562493090517,-656,-480,-592
6,1562493090518,-656,-480,-592
2,1562493090539,-960,288,112
2,1562493090540,-960,272,112
6,1562493090554,-656,-480,-608
6,1562493090555,-640,-480,-608
6,1562493090556,-640,-496,-608
2,1562493090583,-960,304,96
2,1562493090585,-960,320,80
2,1562493090585,-960,304,80
4,1562493090592,-1024,112,-16
4,1562493090596,-1008,112,-16
4,1562493090599,-1024,128,-16
4,1562493090601,-1024,128,-32
4,1562493090602,-1008,128,-32
6,1562493090614,-640,-464,-608
6,1562493090616,-640,-480,-608
2,1562493090628,-960,288,80
2,1562493090629,-976,304,96
4,1562493090636,-1024,112,-32
4,1562493090638,-1024,112,0
6,1562493090648,-656,-480,-608
6,1562493090649,-656,-480,-608
2,1562493090674,-960,304,96
2,1562493090676,-944,304,112
4,1562493090687,-1024,112,0
4,1562493090691,-1024,112,16
6,1562493090694,-656,-480,-608
6,1562493090695,-656,-480,-608
2,1562493090719,-976,288,112
2,1562493090720,-976,272,112
4,1562493090728,-1024,112,16
4,1562493090730,-1008,96,16
6,1562493090739,-656,-480,-592
6,1562493090740,-640,-480,-608
6,1562493090743,-656,-480,-608
2,1562493090764,-976,272,112
2,1562493090766,-976,240,112
2,1562493090774,-992,240,112
4,1562493090775,-1024,96,16
4,1562493090779,-1024,96,16
4,1562493090781,-1024,96,16
6,1562493090791,-640,-480,-624
6,1562493090792,-640,-480,-608
2,1562493090810,-976,224,128
2,1562493090812,-960,224,144
4,1562493090820,-1024,96,32
4,1562493090822,-1024,96,32
6,1562493090824,-640,-480,-608
6,1562493090826,-640,-480,-608
2,1562493090854,-960,224,128
2,1562493090855,-976,208,144
4,1562493090862,-1024,96,48
4,1562493090863,-1008,80,48
6,1562493090872,-640,-480,-592
6,1562493090875,-640,-480,-608
6,1562493090878,-640,-480,-608
2,1562493090899,-960,224,144
2,1562493090900,-976,224,144
4,1562493090912,-1024,96,48
4,1562493090914,-1008,96,64
6,1562493090919,-640,-480,-608
6,1562493090921,-656,-480,-608
2,1562493090945,-960,224,128
2,1562493090946,-960,192,144
2,1562493090946,-976,208,144
4,1562493090952,-1008,96,64
4,1562493090953,-1024,96,80
4,1562493090956,-1024,112,96
6,1562493090965,-656,-480,-608
6,1562493090966,-656,-480,-624
2,1562493090988,-976,208,160
2,1562493090990,-960,208,144
4,1562493090997,-1024,128,112
4,1562493090998,-1024,112,96
6,1562493091004,-656,-480,-592
6,1562493091005,-656,-480,-592
2,1562493091036,-960,192,160
2,1562493091038,-976,192,160
2,1562493091040,-960,208,144
4,1562493091053,-1024,96,112
4,1562493091055,-1024,112,128
6,1562493091057,-656,-496,-608
6,1562493091060,-656,-480,-592
2,1562493091080,-960,208,160
2,1562493091083,-960,192,176
4,1562493091092,-1008,112,128
4,1562493091095,-1008,112,128
4,1562493091097,-1024,112,144
6,1562493091105,-656,-480,-592
6,1562493091108,-656,-480,-592
6,1562493091110,-656,-480,-592
2,1562493091124,-976,192,176
2,1562493091125,-976,176,176
4,1562493091132,-1008,112,144
4,1562493091133,-1008,112,144
6,1562493091139,-656,-480,-592
6,1562493091140,-656,-480,-592
2,1562493091169,-976,176,176
2,1562493091170,-976,160,176
4,1562493091178,-1008,112,160
4,1562493091181,-1008,112,160
6,1562493091195,-640,-464,-592
6,1562493091198,-656,-480,-592
6,1562493091200,-672,-480,-592
2,1562493091214,-976,160,176
2,1562493091216,-976,128,192
2,1562493091225,-976,128,192
4,1562493091229,-1008,96,160
4,1562493091231,-1008,80,176
6,1562493091240,-656,-480,-592
6,1562493091242,-656,-480,-576
2,1562493091260,-976,144,192
2,1562493091261,-992,128,208
4,1562493091267,-1008,80,176
4,1562493091268,-1008,96,176
4,1562493091269,-1008,80,192
6,1562493091274,-656,-480,-592
6,1562493091275,-672,-480,-592
2,1562493091305,-976,112,192
2,1562493091306,-960,112,208
4,1562493091315,-1008,80,208
4,1562493091316,-1008,80,208
6,1562493091323,-656,-480,-592
6,1562493091326,-672,-480,-592
2,1562493091352,-976,128,208
2,1562493091356,-992,112,192
4,1562493091365,-1008,96,208
4,1562493091366,-1008,80,192
6,1562493091369,-672,-480,-592
6,1562493091371,-656,-496,-592
2,1562493091394,-992,112,208
2,1562493091396,-976,112,208
2,1562493091397,-976,96,224
4,1562493091404,-1008,80,224
4,1562493091406,-1008,80,224
6,1562493091415,-656,-480,-576
6,1562493091417,-672,-480,-576
6,1562493091418,-656,-480,-576
2,1562493091440,-992,80,224
2,1562493091446,-976,80,240
4,1562493091448,-1008,80,224
4,1562493091451,-1008,64,240
4,1562493091454,-1008,64,240
6,1562493091456,-672,-480,-592
6,1562493091459,-672,-480,-592
2,1562493091484,-992,64,240
2,1562493091486,-992,80,240
4,1562493091491,-1008,64,240
4,1562493091498,-1008,80,240
6,1562493091500,-688,-480,-608
6,1562493091501,-672,-480,-576
2,1562493091529,-976,80,240
2,1562493091533,-992,64,256
4,1562493091542,-992,64,256
4,1562493091543,-992,64,256
6,1562493091554,-672,-480,-576
6,1562493091555,-672,-480,-576
6,1562493091556,-672,-480,-576
2,1562493091574,-992,64,256
2,1562493091581,-992,64,256
2,1562493091583,-992,64,272
4,1562493091585,-1008,64,256
4,1562493091587,-992,64,256
6,1562493091589,-672,-480,-576
6,1562493091592,-672,-480,-576
2,1562493091619,-976,80,256
2,1562493091620,-992,64,256
4,1562493091630,-992,64,256
4,1562493091632,-992,64,256
4,1562493091633,-992,64,256
6,1562493091642,-672,-480,-592
6,1562493091643,-672,-496,-576
2,1562493091665,-976,64,272
2,1562493091667,-976,48,256
4,1562493091675,-992,48,272
4,1562493091677,-1008,48,272
6,1562493091687,-672,-480,-576
6,1562493091688,-672,-480,-576
2,1562493091712,-992,48,272
2,1562493091713,-976,64,272
4,1562493091717,-992,64,272
4,1562493091720,-992,64,256
6,1562493091731,-672,-480,-576
6,1562493091733,-672,-480,-576
6,1562493091734,-672,-480,-576
2,1562493091753,-976,64,256
2,1562493091756,-992,64,256
2,1562493091757,-976,64,256
4,1562493091767,-992,64,272
4,1562493091769,-992,64,272
6,1562493091771,-672,-480,-576
6,1562493091773,-672,-480,-576
2,1562493091798,-976,48,256
2,1562493091801,-976,64,256
4,1562493091810,-992,48,272
4,1562493091811,-992,48,272
4,1562493091813,-992,64,272
6,1562493091821,-672,-496,-576
6,1562493091823,-672,-480,-576
2,1562493091843,-976,80,256
2,1562493091845,-976,80,256
4,1562493091851,-992,64,272
4,1562493091853,-992,64,272
6,1562493091864,-672,-480,-576
6,1562493091866,-672,-480,-576
2,1562493091889,-976,96,256
2,1562493091890,-976,80,272
4,1562493091899,-992,64,272
4,1562493091900,-992,80,288
6,1562493091904,-672,-496,-576
6,1562493091905,-672,-480,-576
6,1562493091907,-672,-480,-560
2,1562493091934,-992,80,272
2,1562493091936,-992,80,272
2,1562493091937,-976,80,256
4,1562493091946,-992,80,288
4,1562493091948,-992,80,288
4,1562493091950,-992,64,272
6,1562493091963,-688,-480,-576
6,1562493091966,-672,-480,-576
2,1562493091979,-976,64,272
2,1562493091980,-992,32,256
4,1562493091987,-992,64,272
4,1562493091988,-1008,64,272
6,1562493091997,-672,-480,-576
6,1562493091999,-672,-480,-576
2,1562493092024,-992,64,240
2,1562493092026,-992,64,240
4,1562493092035,-992,64,272
4,1562493092036,-992,80,256
6,1562493092039,-672,-480,-576
6,1562493092040,-672,-480,-576
2,1562493092069,-976,64,224
2,1562493092070,-976,80,240
4,1562493092080,-992,80,256
4,1562493092081,-992,80,272
6,1562493092086,-672,-480,-576
6,1562493092087,-672,-480,-576
6,1562493092088,-672,-480,-576
2,1562493092114,-976,96,240
2,1562493092117,-976,96,224
2,1562493092122,-976,96,224
4,1562493092134,-992,80,272
4,1562493092135,-992,80,256
4,1562493092137,-992,96,256
6,1562493092139,-672,-480,-576
6,1562493092140,-672,-480,-576
2,1562493092160,-992,80,224
2,1562493092161,-992,80,240
4,1562493092167,-1008,96,256
4,1562493092168,-992,80,256
6,1562493092173,-672,-480,-576
6,1562493092174,-672,-480,-576
6,1562493092176,-672,-480,-576
6,1562493092220,-688,-480,-576
2,1562493092251,-976,80,240
2,1562493092254,-976,96,224
2,1562493092257,-976,96,224
2,1562493092259,-976,96,224
4,1562493092273,-992,96,256
4,1562493092276,-992,112,256
4,1562493092278,-992,112,256
4,1562493092280,-1008,96,240
6,1562493092282,-672,-480,-576
6,1562493092285,-672,-480,-576
6,1562493092286,-656,-480,-576
2,1562493092295,-992,80,224
2,1562493092297,-992,64,224
2,1562493092298,-992,64,224
4,1562493092305,-1008,96,240
4,1562493092307,-992,80,256
4,1562493092308,-1008,80,240
6,1562493092315,-672,-480,-576
6,1562493092316,-672,-480,-576
2,1562493092338,-992,64,224
2,1562493092340,-992,64,208
4,1562493092346,-992,96,240
4,1562493092348,-992,96,224
6,1562493092354,-672,-464,-576
6,1562493092355,-656,-480,-576
6,1562493092356,-656,-480,-592
6,1562493092404,-672,-480,-592
6,1562493092405,-672,-480,-592
2,1562493092432,-992,64,192
2,1562493092434,-992,64,192
2,1562493092441,-992,64,208
2,1562493092444,-1008,48,224
4,1562493092456,-1008,96,224
4,1562493092460,-1008,80,224
4,1562493092462,-1008,80,224
4,1562493092464,-1008,96,224
6,1562493092466,-656,-480,-592
6,1562493092467,-672,-480,-592
2,1562493092479,-992,64,208
2,1562493092482,-992,64,208
2,1562493092484,-992,80,192
4,1562493092492,-1008,96,224
4,1562493092494,-1008,112,208
4,1562493092495,-1008,112,192
6,1562493092497,-672,-480,-592
6,1562493092498,-656,-480,-576
2,1562493092519,-992,80,176
2,1562493092520,-992,80,160
6,1562493092535,-656,-480,-592
6,1562493092536,-672,-480,-592
6,1562493092537,-672,-480,-592
2,1562493092566,-992,48,144
2,1562493092567,-992,80,160
2,1562493092568,-960,96,112
4,1562493092577,-1008,112,192
4,1562493092579,-1008,112,192
4,1562493092581,-1008,112,176
4,1562493092584,-1008,112,176
6,1562493092596,-656,-480,-592
6,1562493092597,-672,-480,-592
2,1562493092613,-992,112,176
2,1562493092615,-960,128,192
4,1562493092624,-1008,128,160
4,1562493092626,-1008,112,176
4,1562493092628,-1008,144,192
6,1562493092635,-656,-480,-608
6,1562493092637,-672,-480,-592
2,1562493092654,-976,112,208
2,1562493092655,-1008,32,160
4,1562493092663,-1008,112,160
4,1562493092664,-1024,80,112
6,1562493092668,-672,-480,-576
6,1562493092670,-656,-480,-608
2,1562493092698,-1024,0,160
2,1562493092699,-1008,16,144
4,1562493092705,-1024,80,128
4,1562493092707,-1008,80,128
6,1562493092716,-656,-480,-608
6,1562493092717,-656,-480,-592
6,1562493092719,-656,-480,-592
2,1562493092744,-992,64,128
2,1562493092745,-992,112,144
2,1562493092753,-976,144,112
4,1562493092755,-1008,112,128
4,1562493092758,-1008,144,112
6,1562493092768,-656,-464,-608
6,1562493092769,-656,-464,-592
2,1562493092791,-976,160,128
2,1562493092792,-992,160,112
4,1562493092800,-1008,144,112
4,1562493092803,-1008,160,112
4,1562493092806,-1008,160,112
6,1562493092809,-656,-464,-592
6,1562493092811,-672,-480,-592
2,1562493092833,-992,160,112
2,1562493092834,-992,144,112
4,1562493092844,-1008,160,96
4,1562493092846,-1008,160,80
6,1562493092853,-656,-464,-592
6,1562493092854,-656,-464,-592
2,1562493092878,-992,144,112
2,1562493092882,-992,128,96
4,1562493092886,-1008,160,80
4,1562493092887,-1008,160,64
6,1562493092898,-656,-464,-592
6,1562493092899,-672,-480,-592
6,1562493092901,-656,-480,-592
2,1562493092924,-992,128,96
2,1562493092928,-992,128,80
2,1562493092929,-992,144,80
6,1562493092939,-656,-480,-592
6,1562493092940,-656,-480,-592
2,1562493092970,-992,160,64
2,1562493092972,-992,160,96
4,1562493092985,-1008,160,64
4,1562493092986,-1008,160,64
4,1562493092988,-1008,176,64
4,1562493092989,-1008,176,48
4,1562493092990,-1008,176,64
6,1562493092994,-672,-464,-592
6,1562493092996,-656,-480,-592
2,1562493093013,-992,144,96
2,1562493093014,-992,160,80
4,1562493093024,-1008,176,48
4,1562493093027,-1008,176,48
6,1562493093036,-656,-464,-592
6,1562493093037,-656,-480,-592
6,1562493093039,-656,-464,-608
2,1562493093062,-992,176,96
2,1562493093063,-992,160,96
4,1562493093066,-1008,192,32
4,1562493093067,-1008,192,32
6,1562493093073,-656,-464,-592
6,1562493093076,-656,-464,-608
2,1562493093105,-992,160,64
2,1562493093109,-992,192,64
2,1562493093112,-976,176,64
4,1562493093122,-1008,176,32
4,1562493093127,-1008,192,16
6,1562493093130,-656,-464,-592
6,1562493093132,-656,-464,-592
2,1562493093150,-992,192,48
2,1562493093152,-992,192,32
4,1562493093160,-1008,208,16
4,1562493093163,-1008,208,0
4,1562493093166,-1008,208,0
6,1562493093176,-656,-464,-592
6,1562493093178,-656,-464,-608
2,1562493093194,-992,176,32
2,1562493093203,-992,176,16
4,1562493093205,-1008,208,0
4,1562493093208,-992,192,-32
6,1562493093216,-656,-464,-592
6,1562493093217,-656,-464,-608
2,1562493093238,-992,176,16
2,1562493093240,-992,176,32
4,1562493093248,-1008,192,-16
4,1562493093250,-1008,208,-16
6,1562493093254,-656,-464,-592
6,1562493093255,-656,-480,-608
6,1562493093256,-672,-480,-592
2,1562493093284,-992,192,16
2,1562493093286,-992,224,16
2,1562493093287,-976,240,-16
4,1562493093293,-1008,208,-16
4,1562493093296,-992,224,-32
4,1562493093298,-992,240,-48
6,1562493093308,-656,-480,-592
6,1562493093309,-656,-480,-592
2,1562493093330,-992,240,-32
4,1562493093339,-992,256,-48
6,1562493093349,-656,-480,-608
2,1562493093373,-976,272,-16
4,1562493093383,-992,256,-48
6,1562493093388,-656,-480,-592
2,1562493093419,-976,272,-32
2,1562493093422,-976,272,-32
2,1562493093425,-976,256,-32
2,1562493093428,-976,256,-32
4,1562493093437,-992,256,-48
4,1562493093438,-992,256,-64
4,1562493093441,-992,240,-64
4,1562493093445,-992,240,-64
6,1562493093448,-656,-480,-592
6,1562493093450,-656,-480,-592
6,1562493093453,-656,-480,-608
6,1562493093455,-656,-480,-592
6,1562493093457,-656,-480,-592
2,1562493093466,-976,256,-48
2,1562493093467,-976,240,-48
2,1562493093469,-976,256,-64
4,1562493093477,-992,256,-80
4,1562493093478,-992,256,-96
4,1562493093479,-992,256,-96
6,1562493093484,-640,-480,-608
6,1562493093485,-640,-480,-608
2,1562493093510,-960,272,-64
2,1562493093510,-976,256,-64
4,1562493093515,-976,256,-96
4,1562493093517,-992,272,-80
6,1562493093528,-640,-480,-608
6,1562493093529,-640,-480,-608
6,1562493093530,-640,-480,-608
2,1562493093555,-976,256,-48
2,1562493093556,-992,240,-32
4,1562493093564,-992,240,-80
4,1562493093565,-992,240,-80
6,1562493093569,-640,-480,-608
6,1562493093571,-656,-464,-624
2,1562493093600,-976,240,-48
2,1562493093600,-960,240,-48
4,1562493093609,-976,256,-96
4,1562493093610,-976,272,-96
6,1562493093619,-640,-464,-624
6,1562493093620,-640,-464,-624
2,1562493093645,-960,256,-64
2,1562493093648,-976,272,-48
2,1562493093651,-992,256,-48
4,1562493093659,-992,256,-96
4,1562493093661,-992,240,-80
4,1562493093663,-992,240,-80
6,1562493093674,-656,-480,-608
6,1562493093676,-672,-480,-608
2,1562493093688,-992,240,-48
2,1562493093690,-976,240,-48
4,1562493093697,-992,224,-112
4,1562493093699,-992,224,-112
6,1562493093704,-672,-496,-592
6,1562493093705,-624,-496,-608
6,1562493093706,-640,-480,-608
2,1562493093734,-992,240,-64
2,1562493093736,-992,240,-64
6,1562493093749,-640,-480,-624
6,1562493093749,-640,-480,-624
2,1562493093778,-976,240,-64
2,1562493093780,-976,240,-64
4,1562493093792,-992,240,-96
4,1562493093796,-992,240,-112
4,1562493093797,-992,240,-96
4,1562493093800,-976,240,-96
6,1562493093814,-640,-480,-624
6,1562493093816,-608,-464,-624
2,1562493093829,-976,240,-64
2,1562493093832,-960,240,-64
2,1562493093833,-976,240,-64
4,1562493093835,-976,240,-128
4,1562493093843,-992,240,-128
4,1562493093844,-992,240,-112
6,1562493093847,-608,-464,-640
6,1562493093849,-624,-480,-640
2,1562493093869,-976,240,-48
2,1562493093870,-976,240,-48
4,1562493093878,-992,224,-96
4,1562493093879,-992,240,-112
6,1562493093884,-624,-480,-624
6,1562493093885,-624,-480,-608
6,1562493093887,-624,-480,-624
2,1562493093914,-976,240,-48
2,1562493093915,-976,256,-64
4,1562493093920,-992,240,-112
4,1562493093922,-992,240,-112
6,1562493093932,-640,-480,-608
6,1562493093933,-640,-480,-608
2,1562493093960,-992,256,-64
2,1562493093961,-976,256,-64
4,1562493093968,-992,240,-96
4,1562493093972,-992,240,-112
4,1562493093974,-992,240,-112
6,1562493093976,-624,-480,-624
6,1562493093985,-624,-480,-624
2,1562493094003,-976,240,-64
2,1562493094005,-992,240,-64
2,1562493094006,-976,240,-64
4,1562493094015,-992,240,-112
4,1562493094016,-992,240,-96
6,1562493094018,-640,-480,-608
6,1562493094021,-640,-480,-624
6,1562493094023,-640,-480,-608
2,1562493094048,-976,224,-48
2,1562493094050,-992,224,-32
4,1562493094056,-992,208,-96
4,1562493094057,-992,224,-96
6,1562493094068,-640,-480,-608
6,1562493094069,-640,-480,-608
2,1562493094095,-976,224,-48
2,1562493094097,-976,240,-64
2,1562493094105,-976,240,-48
4,1562493094110,-992,240,-112
4,1562493094113,-992,240,-112
6,1562493094122,-624,-480,-608
6,1562493094125,-640,-480,-624
2,1562493094139,-976,240,-64
2,1562493094140,-992,240,-48
4,1562493094148,-992,240,-96
4,1562493094148,-992,240,-96
4,1562493094149,-992,224,-80
6,1562493094155,-640,-480,-608
6,1562493094156,-656,-480,-608
2,1562493094183,-992,224,-32
2,1562493094184,-976,224,-48
4,1562493094195,-992,224,-80
4,1562493094198,-992,224,-96
6,1562493094208,-656,-496,-608
6,1562493094211,-640,-480,-608
6,1562493094213,-640,-480,-608
2,1562493094229,-976,224,-48
2,1562493094232,-976,240,-48
4,1562493094240,-992,224,-96
4,1562493094242,-992,224,-96
6,1562493094247,-640,-480,-624
6,1562493094249,-640,-480,-624
2,1562493094278,-976,224,-48
2,1562493094280,-992,240,-16
2,1562493094281,-992,224,-16
4,1562493094288,-1008,224,-80
4,1562493094291,-1008,224,-48
6,1562493094294,-656,-480,-608
6,1562493094297,-656,-480,-608
2,1562493094320,-976,224,-32
2,1562493094323,-992,208,-48
4,1562493094331,-1008,224,-80
4,1562493094333,-992,224,-96
4,1562493094334,-1008,224,-96
6,1562493094335,-640,-480,-624
6,1562493094337,-640,-480,-624
6,1562493094339,-640,-480,-608
2,1562493094363,-992,224,-48
2,1562493094365,-992,224,-48
4,1562493094372,-992,208,-80
4,1562493094375,-1008,208,-80
6,1562493094384,-640,-480,-608
2,1562493094409,-976,224,-16
2,1562493094418,-992,208,-16
4,1562493094420,-992,208,-64
4,1562493094421,-992,208,-64
6,1562493094431,-640,-480,-608
6,1562493094433,-640,-480,-608
6,1562493094434,-656,-480,-608
2,1562493094454,-992,192,-16
2,1562493094458,-992,176,-16
2,1562493094461,-992,192,0
4,1562493094469,-1008,208,-64
4,1562493094471,-1008,192,-64
6,1562493094472,-640,-480,-608
6,1562493094473,-640,-480,-608
2,1562493094498,-992,176,0
2,1562493094499,-1008,176,-16
4,1562493094509,-1008,192,-48
4,1562493094512,-1008,192,-48
4,1562493094514,-1008,192,-48
6,1562493094521,-640,-480,-608
6,1562493094523,-640,-480,-608
6,1562493094526,-656,-480,-592
2,1562493094544,-992,160,0
2,1562493094549,-992,160,16
4,1562493094551,-1008,176,-48
4,1562493094552,-1008,176,-32
6,1562493094562,-640,-480,-608
6,1562493094563,-640,-480,-608
2,1562493094590,-992,176,16
2,1562493094591,-992,176,16
4,1562493094598,-1008,176,-32
4,1562493094601,-1008,192,-32
6,1562493094604,-656,-480,-608
6,1562493094606,-656,-480,-608
2,1562493094634,-992,176,32
2,1562493094635,-976,192,32
2,1562493094635,-992,176,16
4,1562493094645,-1008,176,-32
4,1562493094649,-1008,192,-16
6,1562493094657,-640,-480,-608
6,1562493094658,-640,-480,-592
2,1562493094681,-992,176,32
2,1562493094682,-992,176,32
4,1562493094691,-1008,176,-32
4,1562493094695,-1008,176,0
6,1562493094705,-640,-480,-608
6,1562493094706,-640,-480,-608
6,1562493094708,-640,-480,-608
2,1562493094732,-992,160,48
2,1562493094733,-992,160,48
4,1562493094735,-1008,176,0
4,1562493094736,-1008,160,0
4,1562493094737,-1008,176,16
6,1562493094745,-640,-480,-608
6,1562493094747,-656,-480,-608
2,1562493094769,-992,176,64
2,1562493094771,-992,160,48
4,1562493094781,-1008,176,16
4,1562493094784,-1008,160,16
6,1562493094795,-640,-480,-608
6,1562493094797,-640,-480,-608
2,1562493094814,-992,144,64
2,1562493094815,-992,160,48
2,1562493094815,-992,160,48
4,1562493094822,-1008,160,16
4,1562493094825,-1008,160,16
4,1562493094828,-1008,160,32
6,1562493094837,-640,-496,-608
6,1562493094838,-640,-496,-608
2,1562493094860,-992,160,64
2,1562493094862,-992,160,80
4,1562493094869,-1008,160,48
4,1562493094870,-1008,160,64
6,1562493094878,-640,-480,-608
6,1562493094879,-656,-480,-608
6,1562493094880,-656,-496,-576
2,1562493094903,-992,144,112
2,1562493094904,-992,144,112
4,1562493094912,-1024,160,64
4,1562493094914,-1008,160,64
6,1562493094918,-656,-480,-608
6,1562493094919,-656,-480,-608
2,1562493094949,-976,144,112
4,1562493094956,-1024,144,80
4,1562493094968,-1008,160,80
6,1562493094969,-656,-480,-608
6,1562493094971,-656,-480,-592
2,1562493094996,-992,160,112
2,1562493095007,-992,160,112
2,1562493095009,-992,160,112
2,1562493095010,-992,160,112
4,1562493095013,-1008,160,80
4,1562493095015,-1008,160,80
4,1562493095017,-1008,160,96
6,1562493095026,-640,-480,-608
6,1562493095028,-656,-480,-608
6,1562493095030,-656,-480,-592
2,1562493095039,-992,160,112
2,1562493095041,-992,176,128
4,1562493095050,-1008,160,96
4,1562493095051,-1008,160,112
6,1562493095053,-656,-480,-592
6,1562493095054,-656,-480,-592
2,1562493095085,-992,160,128
2,1562493095087,-992,144,144
4,1562493095092,-1008,144,112
4,1562493095102,-1008,144,128
6,1562493095104,-656,-480,-592
6,1562493095105,-656,-480,-592
2,1562493095128,-992,128,144
2,1562493095138,-992,128,144
4,1562493095142,-1008,144,128
4,1562493095145,-1008,144,128
6,1562493095154,-656,-480,-592
6,1562493095155,-656,-480,-592
2,1562493095175,-992,112,144
2,1562493095177,-992,112,144
2,1562493095178,-992,128,144
4,1562493095182,-1008,128,128
4,1562493095184,-1008,144,144
4,1562493095185,-1008,144,144
6,1562493095188,-656,-480,-592
6,1562493095189,-656,-480,-592
2,1562493095220,-992,144,128
2,1562493095221,-992,144,144
4,1562493095228,-1008,128,144
4,1562493095229,-1008,144,160
6,1562493095239,-656,-480,-592
6,1562493095240,-656,-480,-592
6,1562493095242,-656,-480,-592
2,1562493095264,-992,144,144
2,1562493095273,-976,144,144
4,1562493095275,-1008,144,160
4,1562493095277,-1008,144,160
6,1562493095286,-656,-480,-576
6,1562493095288,-656,-480,-592
2,1562493095313,-992,144,160
2,1562493095314,-992,144,160
4,1562493095325,-1008,144,176
4,1562493095327,-1008,128,176
6,1562493095330,-656,-480,-592
6,1562493095332,-656,-480,-592
2,1562493095354,-992,128,160
2,1562493095355,-992,128,176
2,1562493095356,-992,128,176
4,1562493095363,-1008,128,176
4,1562493095365,-992,128,176
4,1562493095368,-1008,128,192
6,1562493095376,-656,-480,-592
6,1562493095378,-656,-480,-576
6,1562493095379,-656,-480,-576
2,1562493095398,-976,144,176
2,1562493095399,-1008,128,192
4,1562493095405,-1008,144,192
4,1562493095407,-992,144,192
6,1562493095417,-672,-480,-576
6,1562493095418,-656,-480,-576
2,1562493095444,-976,144,192
2,1562493095448,-976,128,192
4,1562493095450,-992,128,208
4,1562493095452,-1008,128,208
6,1562493095462,-672,-480,-592
6,1562493095463,-672,-480,-592
4,1562493095496,-1008,112,208
4,1562493095497,-1008,112,208
4,1562493095499,-1008,128,224
6,1562493095505,-672,-480,-592
6,1562493095507,-672,-480,-592
6,1562493095511,-672,-480,-576
2,1562493095534,-992,112,208
2,1562493095535,-992,96,208
2,1562493095535,-992,96,208
2,1562493095536,-992,112,208
2,1562493095537,-992,112,192
4,1562493095545,-992,128,224
4,1562493095548,-1008,112,240
6,1562493095553,-672,-480,-592
6,1562493095554,-672,-480,-576
2,1562493095580,-992,96,208
2,1562493095583,-992,96,208
4,1562493095592,-992,112,224
4,1562493095593,-992,112,240
6,1562493095595,-672,-480,-576
4,1562493095630,-992,112,240
4,1562493095632,-992,112,240
6,1562493095640,-672,-496,-576
6,1562493095643,-672,-480,-576
6,1562493095646,-672,-480,-576
2,1562493095670,-992,96,224
2,1562493095672,-992,96,224
2,1562493095674,-992,96,224
2,1562493095676,-992,96,224
2,1562493095679,-992,96,208
4,1562493095694,-1008,112,240
4,1562493095697,-992,112,240
4,1562493095699,-1008,112,240
6,1562493095701,-672,-480,-576
6,1562493095703,-672,-480,-592
6,1562493095705,-672,-480,-576
2,1562493095716,-992,80,208
2,1562493095718,-1008,64,224
4,1562493095727,-1008,96,224
4,1562493095730,-1008,96,240
6,1562493095739,-672,-480,-592
6,1562493095742,-672,-480,-576
2,1562493095761,-992,64,208
2,1562493095763,-992,64,208
4,1562493095771,-1008,96,240
4,1562493095772,-992,96,240
6,1562493095778,-672,-480,-592
6,1562493095779,-672,-480,-576
2,1562493095805,-992,64,208
2,1562493095807,-992,64,208
2,1562493095810,-992,64,224
4,1562493095819,-1008,96,224
4,1562493095821,-1008,96,240
6,1562493095824,-672,-480,-592
6,1562493095827,-672,-480,-576
2,1562493095850,-992,64,208
2,1562493095851,-992,64,208
4,1562493095860,-1008,96,240
4,1562493095863,-992,96,240
4,1562493095865,-1008,96,240
6,1562493095874,-672,-480,-592
6,1562493095876,-672,-480,-592
6,1562493095878,-672,-480,-592
2,1562493095894,-992,64,208
2,1562493095897,-992,48,208
6,1562493095909,-672,-480,-576
6,1562493095911,-672,-480,-592
2,1562493095940,-992,48,208
2,1562493095943,-992,64,208
4,1562493095951,-992,96,240
4,1562493095953,-1008,96,240
4,1562493095956,-992,112,240
4,1562493095958,-1008,96,240
6,1562493095960,-672,-480,-576
6,1562493095963,-656,-480,-576
2,1562493095984,-992,64,208
2,1562493095985,-992,64,208
2,1562493095986,-992,64,208
4,1562493095993,-992,112,240
4,1562493095996,-1008,96,240
6,1562493096006,-672,-480,-576
6,1562493096008,-656,-496,-592
6,1562493096010,-656,-480,-576
2,1562493096028,-992,64,208
4,1562493096037,-1008,96,240
6,1562493096047,-672,-480,-576
2,1562493096076,-992,64,208
4,1562493096082,-1008,112,240
6,1562493096089,-656,-480,-576
2,1562493096120,-992,48,208
2,1562493096124,-992,32,192
2,1562493096126,-992,32,192
2,1562493096129,-992,32,192
4,1562493096138,-1008,112,240
4,1562493096140,-1008,96,240
4,1562493096143,-1008,96,224
4,1562493096145,-1008,96,224
4,1562493096147,-1008,96,224
6,1562493096148,-656,-480,-592
6,1562493096150,-656,-496,-592
6,1562493096152,-656,-480,-592
6,1562493096154,-656,-480,-592
2,1562493096165,-992,32,192
2,1562493096167,-992,48,192
2,1562493096169,-992,64,192
4,1562493096175,-1008,112,224
4,1562493096176,-1008,112,224
4,1562493096177,-1008,112,208
6,1562493096179,-672,-480,-592
6,1562493096180,-672,-480,-592
6,1562493096181,-656,-480,-592
2,1562493096210,-992,48,192
2,1562493096211,-992,48,176
4,1562493096219,-1008,112,208
4,1562493096220,-1008,112,208
6,1562493096229,-656,-480,-592
6,1562493096230,-656,-480,-592
2,1562493096255,-992,48,176
2,1562493096258,-992,48,160
4,1562493096266,-1008,112,208
4,1562493096268,-1008,112,192
6,1562493096271,-656,-480,-592
6,1562493096273,-656,-480,-592
2,1562493096302,-1008,32,160
2,1562493096303,-992,48,160
4,1562493096312,-1008,112,176
4,1562493096316,-1008,112,192
6,1562493096329,-656,-480,-592
6,1562493096331,-656,-480,-592
2,1562493096345,-992,48,144
2,1562493096348,-992,48,144
2,1562493096357,-1008,64,144
4,1562493096360,-1008,112,192
4,1562493096361,-1008,112,176
4,1562493096363,-1008,112,176
6,1562493096370,-656,-480,-592
6,1562493096371,-656,-480,-592
6,1562493096373,-656,-480,-592
2,1562493096388,-1008,48,144
2,1562493096389,-992,64,128
4,1562493096397,-1008,128,176
4,1562493096398,-1008,128,160
6,1562493096403,-656,-480,-592
6,1562493096404,-656,-496,-592
2,1562493096433,-992,64,112
2,1562493096434,-1008,32,128
4,1562493096444,-1008,112,160
4,1562493096447,-1008,128,160
6,1562493096457,-656,-480,-592
6,1562493096458,-656,-480,-592
2,1562493096479,-1008,48,128
2,1562493096481,-992,64,128
4,1562493096489,-1008,128,160
4,1562493096491,-1008,128,160
6,1562493096499,-656,-480,-592
6,1562493096502,-656,-480,-592
2,1562493096527,-992,80,112
2,1562493096528,-1008,64,96
2,1562493096529,-1008,64,96
4,1562493096538,-1008,144,144
6,1562493096547,-656,-480,-592
6,1562493096548,-656,-480,-592
6,1562493096550,-656,-480,-592
2,1562493096569,-1008,64,96
2,1562493096571,-992,64,80
4,1562493096581,-1008,144,144
4,1562493096585,-1008,144,144
4,1562493096587,-1008,144,128
4,1562493096589,-1008,144,128
6,1562493096593,-656,-480,-592
6,1562493096595,-656,-480,-592
2,1562493096614,-992,64,80
2,1562493096615,-992,64,80
4,1562493096620,-1024,144,128
4,1562493096624,-1008,144,112
6,1562493096633,-656,-480,-608
6,1562493096634,-656,-480,-592
2,1562493096660,-992,48,64
2,1562493096661,-1008,48,64
4,1562493096667,-1008,144,112
4,1562493096668,-1008,144,96
6,1562493096677,-640,-496,-592
6,1562493096678,-656,-480,-592
6,1562493096679,-640,-496,-592
2,1562493096704,-992,48,64
2,1562493096705,-1008,48,64
2,1562493096705,-992,48,64
4,1562493096716,-1008,128,96
4,1562493096716,-1008,144,80
4,1562493096717,-1008,144,96
6,1562493096719,-656,-480,-592
6,1562493096720,-656,-480,-592
2,1562493096748,-992,48,64
2,1562493096749,-1008,64,64
4,1562493096755,-1008,144,96
4,1562493096758,-1008,144,80
6,1562493096768,-656,-480,-592
6,1562493096770,-640,-480,-592
2,1562493096793,-1008,64,64
2,1562493096796,-992,64,64
4,1562493096806,-1008,144,96
4,1562493096809,-1008,160,80
6,1562493096817,-656,-480,-592
6,1562493096820,-656,-480,-592
2,1562493096839,-1008,80,64
2,1562493096842,-1008,80,64
4,1562493096850,-1008,160,80
4,1562493096852,-1008,176,80
4,1562493096854,-1008,176,96
6,1562493096856,-656,-480,-592
6,1562493096858,-656,-480,-592
6,1562493096861,-656,-480,-592
2,1562493096884,-992,96,64
2,1562493096885,-992,96,48
2,1562493096886,-1008,80,64
4,1562493096893,-1008,176,80
4,1562493096895,-1008,176,80
6,1562493096902,-656,-480,-592
6,1562493096904,-656,-496,-592
2,1562493096930,-1008,80,64
2,1562493096931,-1008,80,64
4,1562493096939,-1024,160,96
4,1562493096944,-1008,176,64
6,1562493096956,-656,-480,-592
6,1562493096957,-656,-480,-592
2,1562493096976,-992,80,80
2,1562493096977,-1008,80,64
4,1562493096987,-1008,176,64
4,1562493096989,-1008,160,64
6,1562493096991,-656,-480,-592
6,1562493096994,-656,-480,-592
2,1562493097020,-1008,64,48
2,1562493097021,-1008,80,32
4,1562493097031,-1008,192,64
4,1562493097034,-1008,192,48
4,1562493097036,-1008,192,48
6,1562493097045,-656,-480,-608
6,1562493097046,-656,-480,-608
6,1562493097048,-640,-480,-592
2,1562493097064,-1008,96,48
2,1562493097067,-1008,112,48
2,1562493097069,-1008,112,48
4,1562493097078,-1008,192,48
4,1562493097080,-1008,208,48
6,1562493097086,-656,-480,-608
6,1562493097088,-656,-480,-592
2,1562493097111,-1008,128,48
2,1562493097113,-1008,144,32
4,1562493097118,-1008,208,48
4,1562493097119,-1008,208,48
6,1562493097131,-640,-480,-592
6,1562493097132,-656,-480,-592
2,1562493097155,-992,160,48
2,1562493097160,-976,192,48
2,1562493097162,-992,176,64
4,1562493097175,-992,224,48
4,1562493097177,-992,240,64
6,1562493097178,-656,-480,-592
6,1562493097180,-656,-480,-592
6,1562493097182,-656,-480,-592
2,1562493097199,-992,144,80
2,1562493097202,-992,128,64
4,1562493097209,-1008,192,48
4,1562493097212,-1008,208,48
4,1562493097214,-1008,208,48
6,1562493097221,-656,-480,-592
6,1562493097222,-656,-480,-592
2,1562493097243,-992,128,48
2,1562493097245,-1008,128,48
4,1562493097251,-1008,192,32
4,1562493097254,-992,208,32
6,1562493097263,-656,-480,-592
6,1562493097265,-656,-480,-608
2,1562493097289,-992,128,32
2,1562493097291,-992,128,48
4,1562493097298,-1008,208,32
4,1562493097301,-992,208,32
6,1562493097303,-656,-480,-592
6,1562493097306,-640,-480,-592
2,1562493097334,-992,128,32
2,1562493097335,-1024,128,48
2,1562493097336,-1024,128,64
4,1562493097348,-992,208,48
4,1562493097350,-1008,208,32
6,1562493097360,-656,-480,-592
6,1562493097363,-656,-480,-608
6,1562493097364,-656,-480,-608
2,1562493097381,-1008,144,64
2,1562493097383,-992,160,64
4,1562493097392,-1008,208,32
4,1562493097393,-1008,208,48
4,1562493097394,-992,208,64
6,1562493097396,-656,-480,-592
6,1562493097397,-656,-480,-592
2,1562493097427,-976,176,80
2,1562493097430,-992,160,80
4,1562493097438,-992,208,64
4,1562493097440,-1008,208,48
6,1562493097443,-656,-480,-592
6,1562493097445,-656,-480,-592
2,1562493097471,-1008,160,64
2,1562493097474,-992,176,64
4,1562493097483,-1008,224,48
4,1562493097485,-1008,224,64
6,1562493097487,-656,-480,-592
6,1562493097490,-656,-480,-592
2,1562493097514,-960,208,64
2,1562493097515,-960,240,64
2,1562493097515,-1008,240,96
4,1562493097521,-992,224,48
4,1562493097523,-1008,240,48
6,1562493097533,-640,-496,-576
6,1562493097534,-656,-480,-592
6,1562493097536,-656,-480,-592
2,1562493097561,-1040,224,128
2,1562493097563,-976,208,96
4,1562493097570,-1008,224,64
4,1562493097572,-1008,208,64
4,1562493097575,-992,208,64
6,1562493097584,-656,-480,-592
6,1562493097585,-656,-480,-592
2,1562493097603,-960,240,64
2,1562493097605,-1008,240,80
4,1562493097612,-1008,224,48
4,1562493097614,-1008,208,48
6,1562493097619,-656,-480,-592
6,1562493097619,-656,-480,-592
2,1562493097648,-1008,192,80
2,1562493097649,-976,160,112
4,1562493097656,-1008,192,64
4,1562493097658,-1008,192,80
6,1562493097667,-656,-480,-592
6,1562493097669,-656,-480,-592
6,1562493097671,-656,-480,-576
2,1562493097695,-992,176,128
2,1562493097695,-992,192,128
2,1562493097696,-992,192,112
4,1562493097702,-992,192,80
4,1562493097705,-1008,176,80
4,1562493097709,-1008,176,64
6,1562493097718,-640,-496,-592
6,1562493097719,-640,-496,-608
2,1562493097738,-992,208,80
2,1562493097739,-976,208,96
4,1562493097746,-1008,192,64
4,1562493097748,-1008,192,80
6,1562493097753,-640,-496,-592
6,1562493097754,-656,-496,-592
2,1562493097785,-992,208,128
4,1562493097795,-1008,176,96
4,1562493097797,-992,176,96
6,1562493097811,-656,-480,-592
6,1562493097812,-656,-496,-592
2,1562493097832,-976,208,128
2,1562493097835,-944,192,112
2,1562493097837,-960,208,112
4,1562493097847,-992,176,80
4,1562493097849,-1008,176,64
6,1562493097851,-656,-496,-592
6,1562493097854,-656,-480,-592
6,1562493097856,-656,-496,-592
2,1562493097876,-976,208,96
2,1562493097877,-992,192,96
2,1562493097878,-1008,144,144
4,1562493097886,-1008,160,80
4,1562493097887,-1008,144,80
4,1562493097890,-1008,144,96
6,1562493097893,-656,-480,-592
6,1562493097895,-656,-496,-592
2,1562493097918,-1008,144,144
2,1562493097919,-992,144,160
4,1562493097925,-1008,144,96
4,1562493097926,-992,144,112
6,1562493097933,-656,-496,-592
6,1562493097934,-656,-496,-592
2,1562493097965,-960,176,144
2,1562493097967,-960,208,160
4,1562493097975,-992,144,112
4,1562493097978,-1008,144,112
6,1562493097980,-656,-496,-592
6,1562493097983,-656,-496,-592
2,1562493098009,-960,224,144
2,1562493098017,-928,256,112
4,1562493098019,-992,160,112
4,1562493098021,-1024,160,96
6,1562493098031,-656,-496,-576
6,1562493098033,-640,-480,-608
2,1562493098054,-1008,256,128
2,1562493098056,-992,208,128
2,1562493098058,-1008,176,160
4,1562493098066,-1024,144,112
4,1562493098068,-1024,144,112
4,1562493098070,-1008,112,112
6,1562493098073,-640,-496,-592
6,1562493098075,-656,-480,-592
6,1562493098077,-640,-496,-592
2,1562493098101,-992,144,176
2,1562493098103,-976,128,192
4,1562493098110,-1008,112,128
4,1562493098113,-1008,128,144
6,1562493098121,-656,-496,-592
6,1562493098122,-656,-496,-576
2,1562493098144,-960,176,208
2,1562493098145,-944,224,192
4,1562493098155,-1008,144,160
4,1562493098159,-1008,144,144
6,1562493098169,-656,-496,-576
6,1562493098170,-656,-496,-592
6,1562493098172,-656,-496,-592
2,1562493098190,-960,272,160
2,1562493098198,-960,288,160
4,1562493098200,-1008,144,128
4,1562493098201,-1008,144,144
6,1562493098204,-656,-496,-592
6,1562493098207,-656,-496,-592
2,1562493098234,-960,256,176
2,1562493098235,-976,240,192
2,1562493098240,-992,192,160
4,1562493098243,-1008,128,144
4,1562493098244,-1008,112,144
4,1562493098248,-1008,112,144
6,1562493098260,-656,-496,-592
6,1562493098261,-640,-496,-592
2,1562493098278,-960,176,208
2,1562493098280,-944,208,224
4,1562493098286,-992,112,160
4,1562493098287,-1008,128,176
6,1562493098295,-656,-496,-576
6,1562493098296,-672,-480,-576
2,1562493098326,-944,224,224
2,1562493098327,-976,256,224
4,1562493098331,-1008,128,176
4,1562493098333,-1008,128,160
6,1562493098347,-656,-480,-576
6,1562493098349,-656,-496,-592
6,1562493098351,-656,-496,-592
2,1562493098368,-960,240,208
2,1562493098369,-944,256,224
4,1562493098378,-1008,112,176
4,1562493098380,-1008,96,192
4,1562493098382,-1008,112,192
6,1562493098384,-672,-496,-576
6,1562493098386,-672,-480,-576
2,1562493098414,-960,208,224
2,1562493098423,-960,208,240
2,1562493098425,-976,240,272
4,1562493098427,-1008,128,192
4,1562493098428,-1008,96,192
6,1562493098433,-672,-480,-576
6,1562493098434,-656,-480,-592
2,1562493098460,-960,208,240
2,1562493098462,-960,208,240
4,1562493098471,-1008,96,192
4,1562493098473,-1008,112,192
6,1562493098484,-656,-480,-592
6,1562493098486,-656,-480,-592
2,1562493098503,-944,224,240
2,1562493098505,-944,240,240
4,1562493098514,-1008,112,192
4,1562493098516,-1008,112,208
6,1562493098519,-656,-480,-592
6,1562493098520,-672,-480,-592
6,1562493098521,-672,-480,-576
2,1562493098549,-960,240,256
2,1562493098551,-944,240,272
4,1562493098557,-992,112,208
4,1562493098560,-1008,112,208
4,1562493098562,-1008,112,208
6,1562493098577,-656,-480,-576
6,1562493098578,-672,-496,-592
2,1562493098595,-944,240,256
2,1562493098596,-944,240,256
2,1562493098606,-944,240,256
4,1562493098608,-992,112,208
4,1562493098611,-1008,112,224
6,1562493098620,-672,-480,-576
6,1562493098623,-672,-496,-576
2,1562493098639,-944,224,272
2,1562493098644,-944,224,288
4,1562493098647,-1008,96,224
4,1562493098649,-1008,112,240
6,1562493098653,-672,-480,-592
6,1562493098654,-672,-480,-576
2,1562493098684,-928,272,288
2,1562493098685,-928,272,288
2,1562493098686,-928,272,304
4,1562493098691,-992,128,240
4,1562493098693,-1008,112,240
6,1562493098705,-672,-480,-576
6,1562493098708,-672,-480,-576
6,1562493098710,-672,-480,-576
2,1562493098731,-928,272,304
2,1562493098733,-912,256,320
4,1562493098746,-992,128,256
4,1562493098748,-992,112,256
4,1562493098750,-992,112,256
6,1562493098752,-672,-496,-576
6,1562493098754,-672,-480,-576
2,1562493098775,-928,256,320
2,1562493098778,-944,256,304
4,1562493098790,-992,96,256
4,1562493098792,-992,96,240
6,1562493098802,-672,-496,-576
6,1562493098803,-672,-496,-576
2,1562493098821,-928,224,304
2,1562493098822,-944,224,304
4,1562493098830,-992,80,256
4,1562493098833,-992,80,272
6,1562493098835,-688,-496,-576
6,1562493098837,-672,-496,-576
6,1562493098840,-672,-480,-576
2,1562493098864,-944,224,304
2,1562493098865,-944,224,304
2,1562493098870,-928,224,304
4,1562493098871,-992,96,256
4,1562493098872,-992,112,256
6,1562493098880,-672,-480,-576
6,1562493098882,-672,-480,-576
2,1562493098909,-944,224,320
2,1562493098911,-944,208,320
4,1562493098919,-992,96,256
4,1562493098921,-1008,80,256
4,1562493098924,-992,80,256
6,1562493098934,-672,-480,-576
6,1562493098935,-672,-496,-576
2,1562493098954,-944,224,320
2,1562493098955,-944,224,304
4,1562493098963,-992,80,256
4,1562493098965,-992,80,256
6,1562493098969,-672,-480,-576
6,1562493098972,-672,-480,-576
2,1562493098999,-928,240,320
2,1562493099001,-928,256,336
4,1562493099010,-992,96,272
4,1562493099011,-992,96,272
6,1562493099020,-672,-496,-576
6,1562493099022,-672,-480,-576
6,1562493099024,-688,-480,-576
2,1562493099044,-928,256,336
2,1562493099045,-912,272,336
2,1562493099051,-912,256,336
4,1562493099053,-992,112,272
4,1562493099056,-992,112,272
4,1562493099058,-992,112,272
6,1562493099067,-688,-480,-576
6,1562493099068,-688,-480,-560
2,1562493099091,-928,256,320
2,1562493099093,-928,256,304
4,1562493099102,-992,96,256
4,1562493099104,-992,96,256
6,1562493099107,-672,-480,-576
6,1562493099109,-672,-480,-576
2,1562493099134,-928,240,304
2,1562493099138,-944,224,304
4,1562493099150,-992,96,256
4,1562493099152,-992,112,256
6,1562493099155,-688,-480,-576
6,1562493099158,-688,-480,-576
2,1562493099179,-944,224,304
2,1562493099181,-944,240,320
4,1562493099189,-992,112,256
6,1562493099199,-672,-480,-576
6,1562493099200,-688,-480,-576
6,1562493099201,-688,-480,-576
2,1562493099226,-944,208,320
2,1562493099228,-944,208,320
2,1562493099230,-944,208,304
4,1562493099238,-992,96,256
4,1562493099241,-992,96,256
4,1562493099243,-992,80,240
4,1562493099245,-992,96,240
6,1562493099247,-672,-496,-576
6,1562493099256,-672,-480,-576
2,1562493099268,-944,208,304
2,1562493099269,-944,224,304
4,1562493099278,-992,96,240
4,1562493099280,-992,112,256
6,1562493099284,-672,-496,-576
6,1562493099285,-672,-480,-576
2,1562493099314,-944,240,304
2,1562493099315,-944,224,304
4,1562493099320,-992,112,240
4,1562493099321,-992,112,256
6,1562493099335,-672,-480,-576
6,1562493099337,-688,-480,-576
6,1562493099339,-672,-480,-576
2,1562493099358,-928,240,304
2,1562493099359,-944,240,288
4,1562493099366,-992,128,256
4,1562493099367,-992,144,240
6,1562493099379,-672,-480,-592
6,1562493099381,-688,-480,-576
2,1562493099403,-944,256,288
2,1562493099404,-928,272,288
2,1562493099406,-928,256,272
4,1562493099414,-992,144,240
4,1562493099415,-992,144,240
4,1562493099417,-992,144,256
6,1562493099418,-688,-480,-576
6,1562493099420,-688,-480,-576
2,1562493099449,-928,272,256
2,1562493099450,-928,272,256
4,1562493099458,-992,160,240
4,1562493099460,-992,160,224
6,1562493099469,-672,-480,-576
6,1562493099473,-672,-480,-576
2,1562493099495,-928,272,272
2,1562493099497,-928,272,272
4,1562493099510,-992,160,240
4,1562493099512,-992,160,224
6,1562493099513,-688,-480,-576
6,1562493099516,-688,-480,-576
6,1562493099517,-672,-480,-592
2,1562493099539,-944,272,272
2,1562493099542,-944,240,272
4,1562493099550,-992,160,240
4,1562493099552,-992,144,240
6,1562493099554,-672,-480,-576
6,1562493099557,-672,-480,-576
2,1562493099585,-944,240,272
2,1562493099586,-944,240,256
2,1562493099587,-944,240,272
4,1562493099596,-992,144,224
4,1562493099597,-992,160,224
4,1562493099599,-992,160,240
2,1562493099629,-928,256,288
2,1562493099631,-928,272,272
4,1562493099639,-992,160,240
4,1562493099645,-992,160,224
6,1562493099653,-672,-480,-576
6,1562493099655,-688,-480,-576
6,1562493099656,-688,-480,-576
6,1562493099658,-672,-480,-576
2,1562493099676,-944,288,256
2,1562493099677,-944,288,256
4,1562493099686,-992,176,208
4,1562493099687,-992,176,224
6,1562493099690,-672,-464,-576
6,1562493099699,-672,-480,-576
6,1562493099700,-688,-480,-576
2,1562493099719,-928,288,256
2,1562493099720,-928,288,256
4,1562493099727,-992,176,224
4,1562493099729,-992,176,224
4,1562493099731,-992,160,208
6,1562493099733,-656,-464,-576
6,1562493099735,-672,-480,-592
2,1562493099764,-928,320,224
2,1562493099765,-944,288,240
2,1562493099766,-928,272,240
4,1562493099771,-992,176,208
4,1562493099772,-992,192,208
6,1562493099783,-672,-480,-576
6,1562493099787,-688,-480,-576
2,1562493099809,-944,304,240
2,1562493099814,-944,288,240
4,1562493099817,-1008,176,192
4,1562493099818,-992,160,192
6,1562493099827,-672,-480,-576
6,1562493099828,-672,-480,-592
6,1562493099829,-672,-480,-576
2,1562493099854,-944,256,224
2,1562493099855,-960,272,208
4,1562493099862,-992,160,192
4,1562493099864,-1008,160,176
6,1562493099869,-656,-480,-592
6,1562493099871,-672,-480,-592
2,1562493099899,-960,256,224
2,1562493099900,-960,224,224
2,1562493099901,-960,224,224
4,1562493099909,-1008,144,176
4,1562493099912,-1008,128,176
4,1562493099914,-1008,144,160
6,1562493099923,-672,-480,-592
6,1562493099925,-656,-480,-576
2,1562493099944,-976,240,208
2,1562493099946,-960,240,192
4,1562493099951,-1008,160,160
4,1562493099954,-1008,144,160
6,1562493099961,-672,-480,-592
2,1562493099992,-960,240,208
2,1562493099993,-944,240,208
4,1562493100000,-1008,144,160
4,1562493100004,-1008,144,160
6,1562493100008,-656,-480,-592
6,1562493100017,-672,-480,-592
6,1562493100017,-656,-480,-592
6,1562493100018,-656,-480,-592
2,1562493100033,-944,272,192
2,1562493100034,-960,272,192
4,1562493100043,-1008,160,144
6,1562493100048,-656,-480,-608
6,1562493100050,-656,-480,-592
2,1562493100079,-960,256,192
2,1562493100080,-960,256,192
4,1562493100086,-1008,160,128
4,1562493100087,-1008,160,144
4,1562493100090,-1008,160,144
4,1562493100093,-1008,160,128
6,1562493100102,-656,-480,-592
6,1562493100103,-656,-480,-592
2,1562493100126,-944,256,176
2,1562493100127,-960,256,176
2,1562493100127,-960,256,176
4,1562493100132,-1008,176,112
4,1562493100133,-1008,160,128
6,1562493100143,-656,-480,-608
6,1562493100145,-656,-480,-592
2,1562493100169,-960,256,176
2,1562493100171,-960,256,160
4,1562493100178,-1008,160,112
4,1562493100180,-1008,160,96
6,1562493100183,-656,-480,-592
6,1562493100185,-656,-480,-592
6,1562493100187,-656,-480,-592
2,1562493100214,-960,240,144
2,1562493100216,-960,256,144
4,1562493100222,-1008,160,96
4,1562493100226,-1008,176,80
6,1562493100236,-656,-480,-592
6,1562493100237,-656,-480,-592
2,1562493100261,-960,256,128
2,1562493100263,-992,240,128
2,1562493100264,-992,224,144
4,1562493100273,-1008,160,80
4,1562493100274,-1008,160,64
4,1562493100276,-1024,160,64
6,1562493100285,-656,-480,-592
6,1562493100286,-656,-480,-592
2,1562493100304,-992,240,128
2,1562493100306,-976,256,128
4,1562493100313,-1008,176,80
4,1562493100314,-992,176,80
6,1562493100318,-656,-480,-592
6,1562493100320,-656,-480,-592
2,1562493100350,-944,272,128
2,1562493100351,-944,272,112
4,1562493100359,-992,176,64
4,1562493100362,-1008,192,48
6,1562493100373,-656,-480,-592
6,1562493100375,-656,-480,-592
6,1562493100377,-656,-480,-592
2,1562493100396,-960,272,112
2,1562493100398,-976,272,96
2,1562493100399,-960,256,80
4,1562493100407,-1008,192,32
