2,1562829870865,-976,0,224
2,1562829870866,-976,64,272
4,1562829870870,-880,-288,432
4,1562829870871,-880,-256,448
4,1562829870873,-864,-256,480
6,1562829870884,-512,-128,-848
6,1562829870885,-528,-112,-832
2,1562829870919,-960,64,288
2,1562829870920,-960,16,272
4,1562829870921,-864,-288,464
4,1562829870922,-880,-336,432
6,1562829870933,-544,-112,-832
2,1562829870952,-976,-32,288
2,1562829870954,-976,-64,272
4,1562829870967,-864,-320,432
4,1562829870968,-880,-336,448
6,1562829870970,-528,-160,-848
6,1562829870971,-512,-176,-848
6,1562829870973,-496,-176,-848
6,1562829870974,-512,-144,-848
2,1562829871000,-976,-48,256
2,1562829871000,-976,16,304
2,1562829871001,-1008,-96,256
4,1562829871012,-864,-272,448
4,1562829871013,-880,-256,416
6,1562829871023,-512,-144,-832
6,1562829871025,-512,-144,-848
4,1562829871049,-880,-288,400
4,1562829871051,-880,-320,384
4,1562829871052,-896,-288,400
6,1562829871060,-496,-176,-864
6,1562829871061,-512,-176,-848
6,1562829871062,-512,-160,-848
2,1562829871088,-992,-64,224
2,1562829871089,-976,-112,272
4,1562829871099,-880,-288,400
4,1562829871102,-896,-272,400
6,1562829871113,-512,-144,-848
6,1562829871115,-512,-144,-848
2,1562829871132,-976,-32,224
2,1562829871134,-992,-16,256
2,1562829871140,-992,0,240
2,1562829871142,-992,16,256
4,1562829871145,-896,-272,416
4,1562829871147,-896,-256,400
6,1562829871155,-512,-144,-848
6,1562829871156,-512,-144,-848
2,1562829871177,-992,16,240
2,1562829871179,-992,16,224
2,1562829871184,-992,-112,272
4,1562829871185,-896,-256,384
4,1562829871187,-896,-272,384
6,1562829871196,-496,-144,-848
6,1562829871197,-496,-144,-848
2,1562829871223,-1008,-96,240
2,1562829871224,-976,-64,208
4,1562829871231,-880,-320,400
4,1562829871232,-896,-336,368
4,1562829871233,-912,-272,336
6,1562829871237,-496,-160,-848
6,1562829871238,-480,-176,-864
6,1562829871239,-480,-176,-864
2,1562829871268,-976,-16,176
2,1562829871270,-992,-32,208
4,1562829871279,-928,-304,320
4,1562829871281,-912,-320,336
6,1562829871291,-496,-192,-848
6,1562829871294,-496,-192,-880
2,1562829871312,-992,48,192
2,1562829871316,-992,96,224
2,1562829871318,-976,224,208
4,1562829871328,-912,-320,352
4,1562829871330,-912,-304,352
6,1562829871331,-496,-176,-864
6,1562829871333,-496,-176,-864
2,1562829871360,-944,208,160
2,1562829871362,-1024,304,208
4,1562829871369,-928,-304,352
4,1562829871372,-960,-272,352
6,1562829871376,-512,-160,-864
6,1562829871379,-528,-128,-880
4,1562829871411,-1024,-288,368
4,1562829871412,-1104,-320,368
4,1562829871413,-1184,-320,432
6,1562829871422,-544,-144,-912
6,1562829871424,-592,-144,-896
6,1562829871427,-608,-48,-864
2,1562829871447,-1008,336,128
2,1562829871449,-1072,416,272
2,1562829871451,-1168,288,160
2,1562829871459,-1168,-160,160
4,1562829871461,-1136,-288,336
4,1562829871464,-976,-288,368
6,1562829871473,-560,96,-992
6,1562829871474,-592,272,-1072
2,1562829871496,-1008,-496,0
2,1562829871498,-1008,-736,400
2,1562829871499,-896,-736,384
4,1562829871508,-784,-128,240
4,1562829871511,-672,240,288
6,1562829871513,-272,480,-1344
6,1562829871516,80,704,-1008
2,1562829871538,-880,-544,256
2,1562829871541,-896,-400,96
4,1562829871552,-656,80,256
4,1562829871553,-768,-160,272
6,1562829871557,96,480,-1248
6,1562829871567,-384,80,-816
6,1562829871569,-480,-128,-640
2,1562829871583,-960,-192,80
2,1562829871585,-928,-128,32
4,1562829871591,-848,-448,288
4,1562829871593,-800,-736,304
4,1562829871594,-752,-880,240
6,1562829871603,-496,-464,-416
6,1562829871605,-528,-640,-96
2,1562829871626,-928,-160,128
2,1562829871631,-880,-144,48
4,1562829871634,-688,-1008,160
4,1562829871636,-464,-1568,208
6,1562829871645,-608,-736,48
2,1562829871672,-880,16,128
2,1562829871674,-960,-224,240
2,1562829871676,-1088,-448,416
4,1562829871685,-720,-1248,-64
4,1562829871687,-976,160,304
6,1562829871689,-1584,-1600,-2048
6,1562829871690,-512,-1616,816
6,1562829871693,32,640,-1616
2,1562829871716,-1088,304,144
2,1562829871718,-1104,192,16
4,1562829871729,-976,-192,736
4,1562829871732,-1056,-672,256
4,1562829871735,-960,-448,112
6,1562829871745,-320,-496,-848
6,1562829871746,-960,-288,-560
6,1562829871749,-496,64,-1088
2,1562829871762,-1152,-192,208
2,1562829871765,-1008,-32,-16
4,1562829871774,-976,-320,272
4,1562829871777,-896,-320,256
6,1562829871786,-624,272,-912
6,1562829871788,-576,-48,-816
2,1562829871811,-944,0,176
2,1562829871812,-912,-112,176
4,1562829871818,-864,-384,320
4,1562829871820,-864,-400,336
6,1562829871823,-608,-288,-720
6,1562829871826,-272,-368,-880
2,1562829871852,-976,-128,384
2,1562829871853,-976,-64,304
2,1562829871857,-976,48,272
4,1562829871868,-864,-368,400
4,1562829871869,-896,-352,352
6,1562829871871,-384,-304,-864
6,1562829871872,-560,-128,-832
2,1562829871898,-976,80,208
2,1562829871898,-992,64,208
4,1562829871907,-912,-304,336
4,1562829871910,-912,-288,368
4,1562829871920,-912,-288,368
6,1562829871921,-576,-96,-816
6,1562829871922,-560,-64,-880
2,1562829871944,-992,-48,240
2,1562829871944,-976,-96,256
4,1562829871952,-896,-336,368
4,1562829871953,-880,-336,384
6,1562829871965,-528,-160,-816
6,1562829871967,-416,-240,-848
6,1562829871968,-464,-208,-848
2,1562829871989,-976,-64,256
2,1562829871992,-976,16,240
4,1562829872001,-880,-288,400
4,1562829872004,-896,-272,400
6,1562829872006,-528,-128,-832
6,1562829872009,-528,-112,-848
2,1562829872033,-976,48,240
2,1562829872034,-976,16,240
2,1562829872034,-976,-64,208
4,1562829872041,-880,-272,400
4,1562829872043,-864,-304,400
6,1562829872053,-512,-160,-848
6,1562829872056,-496,-176,-848
6,1562829872058,-496,-176,-864
2,1562829872079,-976,-96,160
2,1562829872080,-992,-128,256
4,1562829872090,-880,-304,336
4,1562829872093,-896,-336,352
4,1562829872095,-864,-368,384
6,1562829872103,-496,-176,-848
6,1562829872104,-480,-192,-848
2,1562829872123,-944,-192,288
2,1562829872124,-976,-192,352
4,1562829872132,-864,-384,432
4,1562829872133,-864,-352,432
6,1562829872138,-512,-176,-848
6,1562829872139,-512,-160,-832
2,1562829872168,-976,-96,320
2,1562829872169,-976,-32,320
2,1562829872171,-976,-64,352
6,1562829872182,-496,-160,-848
6,1562829872183,-496,-160,-848
2,1562829872213,-960,-80,368
2,1562829872215,-976,-96,352
4,1562829872228,-880,-320,432
4,1562829872230,-864,-336,464
4,1562829872233,-848,-336,496
4,1562829872235,-848,-336,464
6,1562829872245,-512,-160,-832
6,1562829872246,-512,-160,-848
6,1562829872247,-512,-160,-848
2,1562829872259,-976,-64,320
2,1562829872261,-976,-32,288
4,1562829872271,-864,-336,448
4,1562829872273,-864,-304,448
4,1562829872275,-864,-304,448
6,1562829872278,-512,-160,-848
6,1562829872279,-512,-144,-832
2,1562829872303,-976,-16,272
2,1562829872304,-992,-48,256
4,1562829872313,-864,-304,432
4,1562829872314,-864,-320,416
6,1562829872319,-512,-160,-848
6,1562829872320,-512,-176,-848
2,1562829872351,-976,-80,256
2,1562829872352,-992,-96,256
2,1562829872354,-976,-32,240
4,1562829872362,-864,-320,400
4,1562829872365,-880,-304,416
6,1562829872368,-528,-176,-848
6,1562829872371,-528,-144,-848
2,1562829872394,-976,0,240
2,1562829872405,-992,16,304
4,1562829872408,-864,-272,432
4,1562829872410,-864,-288,448
4,1562829872412,-864,-288,480
6,1562829872421,-528,-144,-848
6,1562829872422,-528,-144,-848
6,1562829872424,-528,-128,-848
2,1562829872438,-976,0,336
2,1562829872439,-960,-16,352
4,1562829872447,-864,-304,480
4,1562829872448,-864,-304,480
6,1562829872452,-528,-144,-832
6,1562829872453,-528,-144,-848
2,1562829872482,-960,-48,336
2,1562829872483,-976,-96,304
4,1562829872490,-864,-320,448
4,1562829872492,-864,-336,416
6,1562829872497,-512,-160,-848
6,1562829872499,-496,-160,-848
2,1562829872528,-976,-128,272
2,1562829872529,-960,-144,272
2,1562829872530,-960,-128,288
4,1562829872534,-864,-336,416
4,1562829872537,-864,-336,432
6,1562829872544,-512,-160,-848
6,1562829872545,-512,-144,-848
6,1562829872546,-528,-160,-848
2,1562829872572,-960,-112,304
2,1562829872574,-960,-96,320
4,1562829872585,-864,-336,432
4,1562829872588,-864,-336,448
4,1562829872590,-864,-320,448
6,1562829872592,-512,-160,-848
6,1562829872594,-512,-144,-848
2,1562829872618,-960,-112,288
2,1562829872619,-976,-96,256
4,1562829872628,-880,-320,432
4,1562829872630,-880,-320,416
6,1562829872640,-512,-160,-848
6,1562829872643,-512,-160,-848
2,1562829872664,-976,-80,224
2,1562829872665,-976,-64,240
4,1562829872674,-864,-320,400
4,1562829872676,-864,-336,416
6,1562829872686,-512,-160,-848
6,1562829872687,-512,-176,-848
2,1562829872711,-976,-48,256
2,1562829872712,-976,-64,272
2,1562829872713,-976,-64,288
4,1562829872722,-864,-320,432
4,1562829872723,-864,-304,432
6,1562829872734,-512,-160,-848
6,1562829872736,-512,-128,-832
6,1562829872737,-528,-128,-832
2,1562829872752,-960,-96,272
2,1562829872753,-976,-112,272
4,1562829872762,-864,-320,432
4,1562829872764,-864,-336,416
6,1562829872767,-528,-160,-832
6,1562829872769,-512,-160,-848
2,1562829872796,-976,-96,256
2,1562829872798,-976,-96,256
4,1562829872810,-864,-336,384
4,1562829872813,-880,-336,400
4,1562829872816,-864,-320,416
6,1562829872824,-512,-160,-848
6,1562829872826,-512,-144,-848
2,1562829872843,-960,-96,272
2,1562829872844,-960,-112,288
2,1562829872851,-976,-128,272
4,1562829872853,-880,-304,416
4,1562829872854,-864,-352,416
6,1562829872862,-528,-128,-848
6,1562829872863,-512,-160,-848
2,1562829872888,-976,-112,272
2,1562829872890,-960,-96,240
4,1562829872900,-864,-352,400
4,1562829872901,-864,-320,416
6,1562829872903,-512,-160,-848
6,1562829872904,-512,-160,-848
6,1562829872906,-512,-144,-848
2,1562829872933,-976,-112,240
2,1562829872934,-976,-112,272
4,1562829872940,-864,-320,400
4,1562829872942,-880,-336,400
4,1562829872952,-864,-352,416
6,1562829872954,-512,-160,-848
6,1562829872955,-512,-144,-848
2,1562829872978,-976,-144,304
2,1562829872980,-960,-128,304
4,1562829872989,-864,-368,416
4,1562829872991,-864,-352,400
6,1562829872999,-512,-160,-848
6,1562829873001,-512,-160,-848
2,1562829873022,-960,-112,288
2,1562829873024,-976,-96,288
2,1562829873025,-976,-80,272
4,1562829873032,-880,-336,400
4,1562829873033,-864,-352,400
6,1562829873037,-496,-160,-848
6,1562829873039,-512,-160,-848
6,1562829873040,-512,-160,-848
2,1562829873068,-976,-96,288
2,1562829873069,-976,-96,272
4,1562829873079,-864,-352,416
4,1562829873079,-864,-336,416
6,1562829873087,-512,-144,-848
6,1562829873088,-512,-144,-848
2,1562829873112,-976,-96,240
2,1562829873113,-976,-96,240
4,1562829873120,-880,-336,400
4,1562829873121,-880,-336,384
4,1562829873123,-880,-336,384
6,1562829873135,-512,-144,-848
6,1562829873136,-496,-144,-848
2,1562829873160,-976,-96,240
2,1562829873160,-976,-128,256
4,1562829873165,-864,-352,384
4,1562829873167,-864,-352,400
6,1562829873172,-512,-160,-848
6,1562829873173,-512,-144,-848
2,1562829873205,-976,-128,256
2,1562829873207,-976,-112,240
2,1562829873212,-960,-112,240
4,1562829873226,-880,-336,384
4,1562829873230,-880,-352,384
6,1562829873232,-512,-144,-848
6,1562829873234,-512,-160,-848
6,1562829873237,-512,-160,-848
2,1562829873251,-976,-96,240
2,1562829873253,-976,-96,240
4,1562829873262,-880,-352,384
4,1562829873265,-880,-336,384
4,1562829873268,-880,-336,384
6,1562829873270,-512,-160,-848
6,1562829873272,-512,-144,-848
2,1562829873295,-976,-96,240
2,1562829873296,-976,-96,240
4,1562829873303,-864,-336,384
4,1562829873306,-864,-352,384
6,1562829873313,-512,-144,-848
6,1562829873315,-512,-160,-848
2,1562829873339,-976,-128,240
2,1562829873342,-976,-128,240
4,1562829873353,-864,-352,368
4,1562829873354,-864,-352,368
6,1562829873357,-496,-144,-848
6,1562829873360,-512,-160,-848
2,1562829873382,-976,-112,240
2,1562829873388,-976,-112,240
2,1562829873390,-960,-96,256
4,1562829873399,-880,-352,368
4,1562829873400,-864,-352,384
6,1562829873402,-512,-160,-848
6,1562829873403,-512,-160,-848
6,1562829873404,-512,-160,-848
2,1562829873429,-976,-112,288
2,1562829873431,-960,-128,288
4,1562829873438,-864,-368,384
4,1562829873442,-864,-368,400
4,1562829873444,-864,-368,400
6,1562829873453,-512,-144,-848
6,1562829873454,-512,-144,-848
2,1562829873472,-960,-144,304
2,1562829873478,-960,-144,288
4,1562829873481,-864,-368,400
4,1562829873484,-864,-368,384
6,1562829873487,-512,-144,-848
6,1562829873489,-512,-144,-848
2,1562829873518,-960,-128,272
2,1562829873519,-960,-144,272
2,1562829873519,-960,-144,288
4,1562829873525,-864,-368,384
4,1562829873527,-864,-384,384
6,1562829873539,-512,-160,-848
6,1562829873540,-496,-176,-848
6,1562829873541,-496,-160,-848
2,1562829873562,-960,-160,304
2,1562829873563,-960,-144,304
4,1562829873569,-848,-384,400
4,1562829873570,-848,-384,416
6,1562829873579,-512,-144,-848
6,1562829873580,-512,-160,-848
2,1562829873611,-960,-144,288
2,1562829873612,-960,-160,272
4,1562829873617,-864,-384,400
4,1562829873618,-864,-384,384
4,1562829873619,-864,-384,384
6,1562829873622,-496,-176,-848
6,1562829873625,-496,-176,-848
2,1562829873654,-976,-144,272
2,1562829873658,-960,-144,272
4,1562829873667,-864,-384,384
4,1562829873668,-864,-368,400
6,1562829873670,-496,-176,-848
6,1562829873672,-512,-160,-848
2,1562829873697,-960,-128,272
2,1562829873698,-960,-144,272
2,1562829873698,-976,-144,288
4,1562829873705,-864,-384,384
4,1562829873708,-864,-384,400
6,1562829873720,-496,-176,-848
6,1562829873722,-480,-176,-864
6,1562829873726,-496,-176,-848
2,1562829873744,-960,-144,288
2,1562829873745,-960,-144,288
4,1562829873751,-848,-384,400
4,1562829873754,-848,-368,400
6,1562829873764,-496,-160,-848
6,1562829873765,-496,-176,-848
2,1562829873789,-960,-144,288
2,1562829873790,-976,-144,272
4,1562829873798,-848,-384,400
4,1562829873800,-864,-384,400
4,1562829873803,-848,-368,400
6,1562829873806,-496,-176,-848
2,1562829873835,-960,-128,272
2,1562829873836,-960,-128,272
4,1562829873844,-848,-384,400
4,1562829873846,-864,-384,400
6,1562829873855,-496,-176,-848
6,1562829873857,-496,-176,-848
6,1562829873858,-480,-176,-848
2,1562829873877,-976,-144,272
2,1562829873879,-960,-160,304
2,1562829873880,-960,-160,304
4,1562829873888,-848,-384,400
4,1562829873889,-848,-400,400
6,1562829873897,-496,-176,-848
6,1562829873898,-496,-176,-848
6,1562829873899,-496,-176,-848
2,1562829873923,-960,-144,288
2,1562829873928,-976,-128,288
4,1562829873930,-848,-400,384
4,1562829873931,-864,-384,400
4,1562829873932,-864,-368,400
6,1562829873936,-496,-176,-848
6,1562829873937,-496,-176,-848
2,1562829873968,-960,-112,272
2,1562829873969,-960,-112,288
4,1562829873975,-864,-368,400
4,1562829873976,-848,-384,400
6,1562829873985,-480,-176,-848
6,1562829873986,-480,-176,-848
2,1562829874012,-960,-112,288
2,1562829874016,-960,-112,288
4,1562829874019,-864,-384,400
4,1562829874020,-864,-368,384
6,1562829874028,-496,-176,-848
6,1562829874031,-496,-176,-848
6,1562829874033,-496,-176,-848
2,1562829874060,-960,-112,272
2,1562829874064,-960,-128,288
2,1562829874075,-960,-128,272
4,1562829874078,-848,-368,384
4,1562829874080,-848,-368,416
6,1562829874083,-496,-176,-848
6,1562829874086,-480,-192,-864
2,1562829874102,-976,-128,272
2,1562829874110,-976,-128,288
4,1562829874119,-864,-400,400
4,1562829874122,-864,-384,416
4,1562829874124,-848,-384,416
6,1562829874126,-480,-176,-848
6,1562829874128,-480,-176,-848
2,1562829874148,-960,-112,288
2,1562829874150,-976,-80,288
4,1562829874159,-848,-384,416
4,1562829874160,-848,-352,432
6,1562829874162,-480,-176,-848
6,1562829874171,-480,-176,-864
2,1562829874192,-976,-48,304
2,1562829874193,-960,-32,320
2,1562829874197,-960,-48,304
4,1562829874199,-848,-368,448
4,1562829874200,-848,-368,432
6,1562829874214,-496,-160,-848
6,1562829874215,-480,-176,-848
6,1562829874215,-480,-160,-848
2,1562829874238,-960,-80,320
2,1562829874240,-960,-128,320
4,1562829874246,-848,-368,432
4,1562829874247,-848,-384,416
6,1562829874252,-480,-176,-848
6,1562829874254,-480,-176,-848
2,1562829874282,-976,-112,320
2,1562829874283,-960,-112,304
4,1562829874293,-864,-384,400
4,1562829874294,-848,-384,416
4,1562829874296,-848,-384,400
6,1562829874305,-496,-176,-848
6,1562829874306,-496,-176,-848
2,1562829874327,-944,-96,304
2,1562829874330,-960,-96,304
4,1562829874339,-848,-384,400
4,1562829874342,-848,-384,416
6,1562829874351,-496,-176,-848
6,1562829874352,-496,-176,-848
2,1562829874376,-960,-96,304
2,1562829874378,-960,-96,288
2,1562829874380,-976,-80,288
4,1562829874387,-848,-384,400
4,1562829874389,-864,-368,400
6,1562829874393,-480,-176,-848
6,1562829874396,-480,-176,-848
6,1562829874398,-496,-176,-848
2,1562829874418,-960,-80,288
2,1562829874419,-976,-64,288
4,1562829874426,-864,-368,400
4,1562829874428,-864,-368,400
6,1562829874434,-496,-176,-848
6,1562829874435,-496,-176,-848
2,1562829874462,-960,-64,288
2,1562829874464,-960,-64,288
4,1562829874470,-864,-368,400
4,1562829874471,-848,-368,400
4,1562829874472,-864,-368,400
6,1562829874481,-480,-176,-848
6,1562829874482,-480,-176,-848
2,1562829874510,-976,-64,272
2,1562829874511,-960,-64,288
4,1562829874516,-848,-368,400
4,1562829874518,-864,-368,400
6,1562829874522,-496,-176,-848
6,1562829874523,-480,-176,-848
6,1562829874526,-480,-176,-848
2,1562829874553,-976,-64,272
2,1562829874555,-976,-64,272
2,1562829874558,-960,-64,256
4,1562829874569,-864,-368,400
4,1562829874572,-864,-368,400
6,1562829874575,-480,-176,-848
6,1562829874578,-480,-176,-864
2,1562829874597,-976,-64,272
2,1562829874599,-960,-64,256
4,1562829874608,-864,-368,384
4,1562829874610,-864,-352,400
6,1562829874621,-480,-176,-864
6,1562829874623,-480,-176,-848
2,1562829874643,-960,-64,272
2,1562829874646,-976,-48,272
4,1562829874654,-864,-368,384
4,1562829874656,-864,-368,400
4,1562829874659,-864,-336,400
6,1562829874667,-480,-176,-848
6,1562829874668,-480,-160,-864
2,1562829874688,-976,-48,272
2,1562829874689,-976,-48,272
4,1562829874698,-864,-368,400
6,1562829874702,-480,-160,-848
6,1562829874703,-480,-176,-848
6,1562829874704,-480,-176,-848
2,1562829874733,-976,-96,288
2,1562829874734,-960,-96,272
2,1562829874735,-976,-96,272
4,1562829874745,-864,-368,384
4,1562829874747,-848,-400,368
4,1562829874748,-864,-384,368
6,1562829874755,-464,-192,-864
6,1562829874758,-480,-192,-864
2,1562829874778,-976,-96,288
2,1562829874781,-960,-96,288
4,1562829874790,-864,-384,368
4,1562829874793,-864,-400,384
4,1562829874795,-864,-400,384
6,1562829874803,-480,-176,-864
6,1562829874804,-480,-176,-864
2,1562829874822,-960,-80,288
2,1562829874824,-960,-80,304
6,1562829874838,-480,-176,-864
6,1562829874844,-480,-176,-864
2,1562829874870,-976,-80,288
2,1562829874872,-960,-96,288
4,1562829874880,-864,-400,384
4,1562829874883,-864,-400,384
4,1562829874884,-864,-400,352
4,1562829874887,-848,-416,368
6,1562829874889,-480,-192,-864
6,1562829874892,-480,-192,-848
6,1562829874894,-480,-192,-848
2,1562829874913,-976,-128,288
2,1562829874920,-944,-112,304
2,1562829874921,-944,-96,304
4,1562829874922,-848,-416,368
4,1562829874923,-848,-416,368
6,1562829874930,-480,-176,-848
6,1562829874932,-496,-176,-848
2,1562829874960,-944,-80,304
2,1562829874963,-944,-112,304
4,1562829874974,-848,-416,368
4,1562829874976,-848,-416,368
4,1562829874978,-832,-448,336
6,1562829874979,-496,-176,-848
6,1562829874980,-496,-192,-864
4,1562829875010,-816,-464,352
4,1562829875012,-816,-432,352
2,1562829875048,-944,-160,304
2,1562829875049,-944,-144,304
2,1562829875053,-928,-112,304
2,1562829875057,-960,-96,304
2,1562829875062,-992,-80,288
4,1562829875067,-832,-432,384
4,1562829875069,-864,-416,384
6,1562829875085,-496,-192,-848
6,1562829875087,-496,-192,-848
6,1562829875089,-496,-192,-864
6,1562829875091,-480,-192,-864
2,1562829875102,-992,-64,272
2,1562829875103,-976,-64,288
4,1562829875107,-880,-416,368
4,1562829875110,-864,-416,384
6,1562829875122,-480,-192,-864
6,1562829875124,-464,-192,-864
6,1562829875126,-464,-176,-864
2,1562829875140,-960,-80,304
2,1562829875142,-960,-96,304
4,1562829875148,-848,-416,384
4,1562829875150,-832,-416,400
4,1562829875151,-832,-432,400
6,1562829875153,-480,-160,-848
6,1562829875155,-496,-160,-848
2,1562829875183,-960,-112,320
2,1562829875185,-976,-112,304
4,1562829875195,-848,-448,384
4,1562829875197,-848,-432,384
6,1562829875208,-480,-176,-848
6,1562829875210,-480,-176,-864
6,1562829875211,-480,-176,-864
2,1562829875229,-976,-96,288
2,1562829875230,-976,-80,304
2,1562829875231,-960,-80,304
4,1562829875240,-832,-432,368
4,1562829875243,-832,-432,384
6,1562829875252,-480,-192,-864
6,1562829875253,-480,-192,-864
2,1562829875272,-960,-64,288
2,1562829875273,-960,-80,288
4,1562829875279,-832,-448,384
4,1562829875280,-832,-448,384
6,1562829875287,-480,-192,-864
6,1562829875288,-480,-176,-848
2,1562829875318,-960,-80,320
2,1562829875319,-960,-96,320
4,1562829875325,-832,-448,400
4,1562829875329,-832,-448,400
4,1562829875341,-816,-448,384
6,1562829875342,-496,-176,-848
6,1562829875343,-528,-176,-848
2,1562829875363,-976,-96,320
4,1562829875373,-832,-448,384
6,1562829875381,-496,-176,-848
2,1562829875408,-976,-96,304
4,1562829875417,-832,-448,384
6,1562829875430,-496,-176,-848
2,1562829875453,-976,-96,304
2,1562829875456,-976,-96,304
2,1562829875458,-976,-96,320
2,1562829875460,-960,-80,320
2,1562829875462,-976,-64,304
4,1562829875472,-832,-432,384
4,1562829875473,-832,-448,384
4,1562829875477,-832,-448,400
4,1562829875479,-832,-432,384
4,1562829875481,-832,-448,384
6,1562829875483,-496,-176,-848
6,1562829875485,-512,-192,-848
6,1562829875488,-528,-176,-848
6,1562829875490,-512,-192,-832
6,1562829875492,-512,-176,-864
2,1562829875501,-960,-80,304
2,1562829875502,-960,-64,320
4,1562829875511,-832,-432,400
4,1562829875513,-832,-416,384
6,1562829875521,-496,-192,-848
6,1562829875522,-480,-144,-848
2,1562829875543,-976,-64,320
2,1562829875545,-960,-80,320
4,1562829875552,-832,-432,384
4,1562829875554,-848,-432,384
6,1562829875562,-512,-160,-832
6,1562829875564,-528,-144,-848
6,1562829875565,-528,-160,-832
2,1562829875588,-976,-80,304
2,1562829875590,-960,-80,304
2,1562829875590,-976,-96,304
4,1562829875595,-832,-432,384
4,1562829875596,-848,-432,384
6,1562829875602,-496,-144,-848
6,1562829875604,-480,-160,-848
2,1562829875632,-976,-80,304
2,1562829875633,-960,-64,320
4,1562829875644,-848,-416,384
4,1562829875645,-848,-416,400
4,1562829875649,-832,-416,416
6,1562829875659,-480,-160,-848
6,1562829875661,-512,-144,-832
2,1562829875677,-944,-64,320
2,1562829875687,-960,-48,320
4,1562829875690,-832,-400,416
4,1562829875695,-848,-384,416
6,1562829875706,-512,-112,-816
6,1562829875708,-512,-80,-816
6,1562829875710,-512,-80,-864
2,1562829875722,-960,-80,320
2,1562829875729,-960,-96,320
2,1562829875731,-976,-96,304
4,1562829875732,-848,-400,416
4,1562829875734,-848,-448,384
6,1562829875737,-528,-224,-864
6,1562829875738,-496,-256,-864
2,1562829875768,-976,-80,288
2,1562829875769,-960,-64,304
4,1562829875775,-848,-416,384
4,1562829875777,-848,-368,416
6,1562829875785,-448,-208,-864
6,1562829875787,-496,-176,-848
2,1562829875812,-944,-48,304
2,1562829875813,-944,-64,304
4,1562829875820,-832,-384,432
4,1562829875821,-848,-384,432
4,1562829875823,-848,-368,432
6,1562829875831,-544,-128,-832
6,1562829875833,-544,-128,-832
2,1562829875859,-960,-64,304
2,1562829875860,-960,-64,288
4,1562829875865,-864,-368,416
4,1562829875866,-864,-368,400
6,1562829875872,-528,-144,-848
6,1562829875873,-480,-160,-848
6,1562829875874,-496,-176,-848
2,1562829875903,-976,-80,272
2,1562829875906,-976,-80,272
2,1562829875909,-976,-80,256
4,1562829875920,-864,-368,400
4,1562829875921,-864,-368,384
6,1562829875922,-512,-160,-848
6,1562829875925,-512,-192,-864
2,1562829875947,-992,-80,256
2,1562829875949,-976,-80,256
4,1562829875959,-880,-368,384
4,1562829875961,-864,-352,384
6,1562829875969,-496,-160,-864
6,1562829875971,-496,-160,-848
2,1562829875993,-976,-80,272
2,1562829875995,-976,-64,272
4,1562829876003,-864,-352,400
4,1562829876005,-864,-352,400
4,1562829876009,-880,-352,400
6,1562829876019,-512,-144,-848
6,1562829876020,-512,-160,-848
2,1562829876037,-976,-64,256
2,1562829876038,-976,-64,240
4,1562829876047,-880,-352,400
4,1562829876047,-880,-320,384
6,1562829876052,-512,-160,-848
6,1562829876054,-512,-144,-848
6,1562829876057,-496,-160,-848
2,1562829876082,-976,-48,240
2,1562829876083,-976,-32,240
2,1562829876084,-976,-32,240
4,1562829876096,-880,-320,384
4,1562829876097,-880,-320,384
6,1562829876102,-496,-160,-848
6,1562829876104,-496,-160,-848
2,1562829876129,-992,-48,240
2,1562829876131,-976,-64,256
4,1562829876137,-880,-320,384
4,1562829876139,-880,-320,384
6,1562829876151,-496,-160,-848
6,1562829876153,-496,-160,-848
2,1562829876172,-976,-80,256
2,1562829876176,-976,-80,272
4,1562829876181,-880,-320,400
4,1562829876181,-880,-320,400
4,1562829876182,-880,-320,400
6,1562829876187,-512,-144,-848
6,1562829876188,-512,-144,-848
6,1562829876190,-528,-144,-848
2,1562829876218,-976,-80,272
2,1562829876220,-976,-48,272
4,1562829876232,-880,-336,400
4,1562829876233,-880,-304,400
6,1562829876235,-512,-160,-848
6,1562829876241,-512,-144,-848
2,1562829876263,-976,-32,256
2,1562829876272,-976,-16,256
2,1562829876274,-976,-16,256
4,1562829876277,-880,-288,400
4,1562829876279,-880,-304,400
6,1562829876289,-512,-144,-832
6,1562829876289,-512,-144,-848
2,1562829876312,-976,-16,240
2,1562829876314,-992,-16,240
4,1562829876322,-880,-320,384
4,1562829876327,-896,-304,368
4,1562829876330,-896,-288,368
6,1562829876340,-512,-160,-832
6,1562829876341,-512,-176,-848
2,1562829876352,-992,0,224
2,1562829876354,-976,0,208
4,1562829876363,-896,-288,384
4,1562829876364,-896,-288,384
6,1562829876367,-512,-176,-848
6,1562829876369,-512,-144,-848
6,1562829876369,-512,-144,-848
2,1562829876397,-976,-16,224
2,1562829876398,-992,-32,240
2,1562829876399,-976,-48,224
4,1562829876404,-896,-304,384
4,1562829876405,-880,-336,384
6,1562829876416,-512,-160,-848
6,1562829876417,-512,-176,-848
2,1562829876445,-976,-64,240
2,1562829876447,-976,-64,240
4,1562829876456,-880,-320,384
4,1562829876457,-880,-320,384
6,1562829876462,-512,-176,-848
6,1562829876463,-512,-176,-848
2,1562829876487,-992,-64,240
2,1562829876488,-976,-96,256
4,1562829876494,-896,-320,368
4,1562829876496,-880,-320,384
4,1562829876497,-880,-336,368
6,1562829876502,-496,-176,-848
6,1562829876503,-496,-160,-848
2,1562829876532,-976,-112,256
2,1562829876533,-976,-128,256
4,1562829876542,-880,-352,368
4,1562829876543,-880,-352,368
6,1562829876550,-496,-176,-848
6,1562829876553,-496,-176,-848
6,1562829876555,-496,-176,-864
2,1562829876577,-976,-128,240
2,1562829876579,-976,-128,240
2,1562829876580,-960,-160,240
4,1562829876588,-880,-336,368
4,1562829876588,-880,-336,368
6,1562829876599,-480,-176,-848
6,1562829876600,-496,-176,-848
2,1562829876622,-976,-160,256
2,1562829876627,-976,-160,256
4,1562829876629,-880,-352,352
4,1562829876630,-880,-352,352
6,1562829876638,-480,-176,-848
6,1562829876638,-480,-176,-848
2,1562829876668,-960,-160,256
2,1562829876669,-960,-144,272
4,1562829876677,-880,-352,368
4,1562829876679,-880,-352,384
4,1562829876681,-880,-352,368
6,1562829876691,-496,-176,-848
6,1562829876693,-496,-176,-848
2,1562829876714,-960,-144,256
2,1562829876715,-976,-128,256
4,1562829876722,-880,-352,352
4,1562829876723,-880,-352,352
6,1562829876730,-496,-176,-848
6,1562829876733,-496,-176,-848
6,1562829876735,-496,-176,-848
2,1562829876759,-976,-144,272
2,1562829876760,-960,-144,256
2,1562829876762,-976,-128,256
4,1562829876772,-880,-352,368
4,1562829876774,-880,-352,368
6,1562829876776,-512,-160,-864
6,1562829876777,-496,-176,-848
2,1562829876803,-976,-112,256
2,1562829876804,-976,-96,256
4,1562829876812,-880,-352,368
4,1562829876813,-880,-336,384
6,1562829876819,-496,-176,-848
6,1562829876820,-496,-176,-848
2,1562829876849,-976,-64,272
2,1562829876850,-992,-64,272
4,1562829876859,-880,-336,384
4,1562829876860,-880,-336,400
4,1562829876861,-880,-336,400
6,1562829876867,-496,-160,-848
6,1562829876868,-496,-160,-848
2,1562829876893,-992,-80,272
2,1562829876894,-960,-96,288
4,1562829876900,-880,-336,400
4,1562829876901,-864,-352,400
6,1562829876918,-496,-160,-848
6,1562829876919,-496,-160,-848
6,1562829876919,-512,-160,-848
2,1562829876937,-944,-144,288
2,1562829876938,-944,-160,272
2,1562829876941,-976,-144,256
4,1562829876950,-864,-352,384
4,1562829876952,-880,-352,368
6,1562829876953,-496,-176,-848
6,1562829876955,-496,-176,-848
2,1562829876983,-992,-128,256
2,1562829876984,-976,-112,224
4,1562829876996,-896,-352,368
4,1562829877005,-880,-336,384
6,1562829877007,-496,-176,-848
6,1562829877008,-496,-176,-848
2,1562829877029,-976,-96,240
2,1562829877030,-976,-112,240
4,1562829877038,-880,-336,384
4,1562829877039,-880,-336,384
4,1562829877040,-880,-352,384
2,1562829877076,-976,-112,240
2,1562829877079,-976,-128,240
2,1562829877082,-976,-112,240
4,1562829877098,-880,-336,384
4,1562829877100,-880,-336,384
6,1562829877103,-496,-160,-848
6,1562829877106,-496,-176,-848
6,1562829877109,-480,-176,-848
6,1562829877111,-496,-176,-848
6,1562829877113,-496,-176,-848
2,1562829877127,-976,-112,240
2,1562829877129,-976,-112,240
4,1562829877131,-880,-336,384
4,1562829877133,-880,-336,368
6,1562829877142,-496,-160,-848
6,1562829877144,-496,-176,-848
2,1562829877162,-976,-128,256
2,1562829877163,-976,-128,240
4,1562829877169,-880,-336,368
4,1562829877172,-880,-336,384
4,1562829877174,-880,-336,368
6,1562829877183,-496,-176,-848
6,1562829877185,-496,-160,-848
6,1562829877187,-496,-160,-848
2,1562829877209,-976,-128,240
2,1562829877210,-992,-112,224
4,1562829877215,-880,-336,368
4,1562829877215,-880,-320,368
6,1562829877222,-512,-160,-848
6,1562829877223,-496,-160,-848
2,1562829877253,-976,-96,224
2,1562829877254,-976,-64,208
2,1562829877256,-992,-64,240
4,1562829877270,-880,-320,368
4,1562829877273,-896,-320,368
6,1562829877277,-512,-160,-848
6,1562829877279,-512,-160,-848
2,1562829877297,-976,-64,240
2,1562829877299,-976,-64,224
4,1562829877310,-880,-320,384
4,1562829877313,-880,-320,384
6,1562829877321,-512,-160,-848
6,1562829877323,-512,-160,-848
2,1562829877344,-992,-80,224
2,1562829877345,-976,-96,224
4,1562829877354,-896,-336,368
4,1562829877356,-880,-320,368
4,1562829877358,-880,-336,384
6,1562829877368,-496,-160,-848
6,1562829877369,-512,-160,-848
6,1562829877370,-512,-160,-848
2,1562829877389,-976,-96,240
2,1562829877395,-976,-96,240
4,1562829877398,-880,-320,384
4,1562829877399,-880,-336,384
6,1562829877402,-512,-160,-848
6,1562829877403,-496,-160,-832
2,1562829877432,-976,-112,224
2,1562829877433,-976,-112,240
2,1562829877439,-976,-112,240
4,1562829877441,-880,-320,384
4,1562829877453,-880,-336,368
6,1562829877455,-512,-160,-848
6,1562829877456,-512,-160,-848
2,1562829877478,-976,-112,224
2,1562829877480,-976,-96,224
4,1562829877487,-880,-320,368
4,1562829877489,-880,-320,368
6,1562829877497,-512,-160,-848
6,1562829877498,-512,-160,-848
2,1562829877522,-976,-80,224
2,1562829877523,-976,-96,240
4,1562829877530,-880,-320,384
4,1562829877531,-880,-320,384
4,1562829877532,-880,-320,384
6,1562829877537,-512,-160,-848
6,1562829877538,-512,-160,-848
6,1562829877539,-512,-160,-848
2,1562829877571,-976,-96,240
2,1562829877573,-992,-96,224
4,1562829877584,-880,-320,384
4,1562829877588,-896,-320,384
6,1562829877593,-512,-160,-848
6,1562829877596,-512,-160,-848
2,1562829877612,-976,-96,224
2,1562829877613,-976,-96,240
2,1562829877614,-976,-112,240
4,1562829877619,-880,-320,368
4,1562829877621,-880,-336,384
6,1562829877629,-496,-160,-848
6,1562829877631,-512,-160,-848
2,1562829877660,-976,-112,240
2,1562829877661,-976,-112,224
4,1562829877668,-880,-336,368
4,1562829877672,-880,-336,384
6,1562829877684,-512,-160,-848
6,1562829877685,-512,-160,-848
2,1562829877703,-976,-112,224
2,1562829877704,-976,-112,224
4,1562829877712,-880,-336,368
4,1562829877714,-880,-320,368
4,1562829877715,-880,-336,368
6,1562829877717,-496,-176,-848
6,1562829877718,-512,-160,-848
6,1562829877719,-512,-160,-848
2,1562829877746,-976,-112,224
2,1562829877751,-976,-96,224
4,1562829877753,-880,-336,384
4,1562829877755,-880,-320,368
6,1562829877764,-496,-160,-848
6,1562829877765,-512,-160,-848
2,1562829877791,-976,-96,240
2,1562829877797,-976,-96,240
2,1562829877800,-992,-96,224
4,1562829877803,-880,-320,384
4,1562829877806,-880,-336,368
6,1562829877816,-512,-160,-848
6,1562829877818,-496,-160,-848
2,1562829877838,-976,-96,224
2,1562829877839,-976,-96,224
4,1562829877844,-896,-320,368
4,1562829877846,-896,-320,384
4,1562829877847,-896,-320,368
6,1562829877852,-512,-160,-848
6,1562829877853,-512,-160,-848
4,1562829877894,-896,-320,384
4,1562829877895,-880,-320,384
6,1562829877908,-512,-160,-848
6,1562829877909,-512,-160,-848
6,1562829877911,-512,-160,-848
2,1562829877929,-976,-96,224
2,1562829877932,-976,-80,224
2,1562829877934,-976,-96,224
2,1562829877936,-976,-96,224
2,1562829877939,-976,-96,224
4,1562829877947,-896,-320,384
4,1562829877950,-880,-320,384
6,1562829877953,-512,-160,-848
6,1562829877956,-512,-160,-848
2,1562829877977,-976,-112,240
2,1562829877978,-976,-112,240
4,1562829877985,-880,-320,384
4,1562829877986,-880,-336,368
6,1562829877988,-512,-176,-848
6,1562829877990,-512,-176,-848
2,1562829878018,-976,-112,240
2,1562829878019,-976,-96,240
4,1562829878024,-880,-336,368
4,1562829878026,-880,-336,384
4,1562829878028,-896,-320,368
6,1562829878039,-512,-160,-848
6,1562829878042,-512,-160,-848
2,1562829878062,-976,-96,224
2,1562829878074,-976,-96,224
4,1562829878077,-880,-320,368
4,1562829878079,-896,-320,384
6,1562829878087,-512,-176,-848
6,1562829878089,-512,-160,-848
6,1562829878090,-512,-176,-848
2,1562829878109,-976,-80,240
2,1562829878110,-992,-96,240
2,1562829878111,-992,-80,240
4,1562829878117,-880,-320,384
4,1562829878119,-896,-320,384
6,1562829878128,-512,-160,-848
6,1562829878130,-512,-160,-848
2,1562829878153,-976,-80,240
2,1562829878155,-976,-96,240
4,1562829878166,-880,-320,384
4,1562829878168,-880,-320,384
6,1562829878171,-512,-160,-832
6,1562829878173,-512,-160,-848
6,1562829878176,-512,-160,-848
2,1562829878197,-976,-112,240
2,1562829878198,-976,-96,240
4,1562829878205,-880,-336,368
4,1562829878216,-880,-336,368
4,1562829878219,-880,-320,384
6,1562829878221,-512,-160,-848
6,1562829878223,-512,-160,-848
2,1562829878242,-976,-96,224
2,1562829878244,-976,-96,240
4,1562829878249,-880,-320,384
4,1562829878250,-880,-320,400
6,1562829878260,-512,-160,-848
6,1562829878262,-512,-144,-848
2,1562829878289,-976,-80,240
2,1562829878290,-976,-96,240
2,1562829878300,-976,-96,240
4,1562829878302,-880,-320,400
4,1562829878303,-880,-336,384
6,1562829878306,-512,-160,-848
6,1562829878318,-512,-160,-848
2,1562829878333,-992,-96,240
2,1562829878334,-976,-80,240
4,1562829878344,-880,-320,384
4,1562829878346,-880,-320,384
6,1562829878349,-512,-160,-848
6,1562829878351,-512,-160,-848
6,1562829878353,-512,-160,-848
2,1562829878380,-976,-80,240
2,1562829878390,-992,-96,256
4,1562829878394,-896,-320,384
4,1562829878396,-880,-320,384
4,1562829878397,-880,-320,400
6,1562829878405,-512,-160,-848
6,1562829878407,-512,-160,-848
2,1562829878426,-992,-80,256
2,1562829878427,-976,-96,256
4,1562829878436,-880,-320,384
4,1562829878437,-880,-336,384
6,1562829878438,-512,-160,-848
6,1562829878442,-512,-160,-848
2,1562829878467,-976,-96,256
2,1562829878468,-976,-80,256
2,1562829878469,-976,-80,256
4,1562829878477,-880,-320,384
4,1562829878479,-880,-320,400
6,1562829878489,-512,-160,-864
6,1562829878490,-512,-160,-848
2,1562829878512,-976,-96,256
2,1562829878514,-976,-96,256
4,1562829878521,-880,-320,400
4,1562829878523,-880,-320,400
4,1562829878524,-880,-320,384
6,1562829878531,-512,-160,-848
6,1562829878531,-512,-160,-848
6,1562829878532,-512,-160,-848
2,1562829878559,-992,-80,240
2,1562829878560,-976,-80,240
4,1562829878568,-880,-320,384
4,1562829878569,-880,-320,384
6,1562829878577,-512,-160,-848
6,1562829878578,-512,-160,-848
2,1562829878603,-976,-80,240
2,1562829878604,-976,-80,240
2,1562829878605,-976,-80,240
4,1562829878612,-880,-320,384
4,1562829878614,-880,-320,400
6,1562829878616,-512,-160,-832
6,1562829878617,-512,-160,-848
4,1562829878655,-880,-320,400
4,1562829878667,-880,-320,384
6,1562829878670,-512,-160,-848
6,1562829878672,-512,-160,-832
2,1562829878695,-976,-80,240
2,1562829878696,-976,-96,240
2,1562829878697,-976,-96,240
2,1562829878699,-976,-96,240
4,1562829878705,-880,-320,384
4,1562829878707,-880,-320,384
4,1562829878709,-880,-320,384
6,1562829878716,-512,-160,-832
6,1562829878717,-512,-160,-848
6,1562829878717,-512,-160,-848
4,1562829878745,-880,-336,384
4,1562829878745,-880,-320,384
6,1562829878752,-512,-160,-848
6,1562829878753,-512,-160,-848
2,1562829878782,-976,-96,240
2,1562829878784,-976,-96,256
2,1562829878786,-976,-96,256
2,1562829878789,-976,-96,240
2,1562829878799,-976,-96,256
4,1562829878801,-880,-320,400
4,1562829878803,-880,-320,384
6,1562829878808,-512,-160,-848
6,1562829878811,-528,-160,-864
2,1562829878829,-976,-96,240
2,1562829878830,-976,-96,240
4,1562829878837,-880,-320,384
4,1562829878839,-880,-320,384
6,1562829878847,-512,-160,-848
6,1562829878848,-512,-160,-848
2,1562829878872,-976,-80,240
2,1562829878873,-992,-96,240
4,1562829878880,-880,-320,384
4,1562829878882,-880,-320,384
4,1562829878884,-880,-320,400
6,1562829878887,-512,-160,-864
6,1562829878889,-512,-160,-848
6,1562829878892,-512,-160,-848
2,1562829878916,-976,-96,256
2,1562829878919,-976,-96,240
4,1562829878929,-880,-336,400
4,1562829878931,-880,-320,384
6,1562829878944,-512,-160,-848
6,1562829878946,-512,-160,-848
2,1562829878962,-976,-96,240
2,1562829878963,-976,-80,240
2,1562829878966,-992,-80,256
4,1562829878973,-880,-320,384
4,1562829878974,-880,-320,384
6,1562829878981,-512,-160,-848
6,1562829878982,-512,-160,-848
4,1562829879014,-880,-320,400
4,1562829879016,-880,-320,400
6,1562829879023,-512,-160,-848
6,1562829879026,-512,-160,-848
2,1562829879051,-976,-80,240
2,1562829879053,-976,-80,256
2,1562829879056,-960,-96,256
2,1562829879065,-976,-80,256
4,1562829879068,-880,-320,400
4,1562829879070,-880,-320,384
4,1562829879072,-880,-320,384
6,1562829879080,-512,-160,-848
6,1562829879081,-512,-160,-848
6,1562829879083,-512,-160,-848
2,1562829879096,-976,-80,240
2,1562829879098,-976,-80,240
4,1562829879107,-880,-320,384
4,1562829879108,-880,-304,384
6,1562829879113,-512,-160,-848
6,1562829879114,-512,-160,-848
2,1562829879142,-992,-80,240
2,1562829879143,-976,-80,240
2,1562829879150,-976,-80,240
4,1562829879152,-880,-320,384
4,1562829879156,-880,-320,400
6,1562829879166,-512,-160,-848
6,1562829879169,-512,-160,-848
6,1562829879171,-512,-160,-832
2,1562829879187,-976,-80,256
2,1562829879189,-976,-96,240
4,1562829879199,-880,-320,400
4,1562829879201,-880,-320,400
6,1562829879204,-512,-160,-848
6,1562829879206,-512,-160,-832
2,1562829879231,-976,-112,240
2,1562829879233,-976,-112,240
4,1562829879243,-880,-320,400
4,1562829879247,-880,-320,384
6,1562829879253,-512,-160,-848
6,1562829879256,-512,-160,-848
2,1562829879278,-992,-112,240
2,1562829879279,-992,-112,240
2,1562829879281,-976,-96,240
4,1562829879287,-880,-336,384
4,1562829879290,-880,-336,384
4,1562829879292,-880,-320,400
6,1562829879301,-512,-160,-848
6,1562829879302,-512,-160,-848
2,1562829879324,-976,-96,256
2,1562829879325,-976,-80,256
4,1562829879332,-880,-320,400
4,1562829879333,-880,-320,400
6,1562829879337,-512,-160,-848
6,1562829879340,-512,-160,-848
6,1562829879349,-528,-144,-848
2,1562829879368,-992,-48,224
2,1562829879369,-992,-32,240
4,1562829879376,-880,-304,400
4,1562829879378,-880,-288,400
4,1562829879379,-880,-304,416
6,1562829879382,-528,-144,-848
6,1562829879383,-528,-144,-848
2,1562829879412,-992,-32,240
2,1562829879413,-976,-32,256
4,1562829879421,-880,-304,416
4,1562829879424,-880,-304,416
6,1562829879432,-528,-160,-832
6,1562829879434,-528,-160,-848
2,1562829879459,-976,-64,240
2,1562829879461,-976,-80,256
2,1562829879463,-976,-80,256
4,1562829879471,-880,-304,416
4,1562829879474,-880,-304,416
6,1562829879482,-512,-144,-848
6,1562829879484,-512,-160,-848
2,1562829879503,-976,-80,256
2,1562829879504,-976,-80,256
4,1562829879512,-880,-320,400
4,1562829879514,-880,-304,400
6,1562829879517,-528,-160,-848
6,1562829879518,-512,-160,-832
6,1562829879519,-512,-160,-848
2,1562829879547,-976,-80,256
2,1562829879548,-976,-80,272
4,1562829879559,-880,-320,400
4,1562829879560,-880,-304,416
4,1562829879561,-864,-320,416
6,1562829879567,-512,-160,-832
6,1562829879569,-528,-160,-848
2,1562829879594,-976,-96,272
2,1562829879595,-976,-96,256
4,1562829879603,-864,-320,400
4,1562829879604,-880,-320,400
6,1562829879610,-512,-160,-848
6,1562829879613,-512,-160,-848
2,1562829879637,-976,-96,256
2,1562829879646,-976,-64,256
2,1562829879647,-976,-64,256
4,1562829879651,-880,-320,400
4,1562829879653,-864,-304,400
6,1562829879655,-512,-160,-848
6,1562829879657,-512,-160,-832
4,1562829879691,-880,-304,416
4,1562829879692,-880,-320,416
6,1562829879700,-528,-160,-832
6,1562829879702,-528,-160,-832
6,1562829879703,-512,-160,-848
2,1562829879727,-976,-80,272
2,1562829879729,-976,-80,272
2,1562829879731,-976,-80,272
2,1562829879737,-976,-80,256
4,1562829879740,-864,-320,432
4,1562829879742,-864,-320,416
4,1562829879745,-864,-304,416
6,1562829879753,-512,-160,-848
6,1562829879756,-512,-160,-848
2,1562829879774,-976,-80,256
2,1562829879776,-992,-64,256
4,1562829879783,-880,-304,416
4,1562829879786,-880,-304,432
6,1562829879788,-512,-160,-848
6,1562829879791,-528,-160,-832
2,1562829879818,-976,-64,256
2,1562829879820,-976,-64,256
2,1562829879822,-976,-64,256
4,1562829879829,-880,-320,432
4,1562829879831,-864,-304,432
6,1562829879837,-528,-144,-832
6,1562829879838,-528,-144,-832
2,1562829879862,-976,-80,256
2,1562829879864,-976,-96,256
4,1562829879872,-864,-320,432
4,1562829879874,-880,-320,432
6,1562829879882,-528,-144,-832
6,1562829879883,-528,-144,-848
6,1562829879884,-512,-160,-848
4,1562829879914,-864,-320,416
4,1562829879916,-864,-320,416
4,1562829879917,-864,-320,416
6,1562829879925,-512,-144,-832
6,1562829879926,-512,-160,-848
2,1562829879952,-992,-96,256
2,1562829879963,-976,-96,256
2,1562829879966,-976,-96,272
2,1562829879968,-976,-96,256
4,1562829879972,-864,-320,416
4,1562829879974,-864,-320,432
6,1562829879976,-528,-160,-848
6,1562829879978,-528,-144,-832
2,1562829879997,-976,-96,256
2,1562829879999,-976,-80,256
2,1562829880000,-976,-80,240
4,1562829880008,-880,-320,416
4,1562829880009,-880,-304,416
6,1562829880019,-528,-160,-848
6,1562829880020,-512,-160,-848
2,1562829880044,-976,-64,240
2,1562829880045,-976,-64,256
4,1562829880054,-880,-304,432
4,1562829880056,-864,-304,432
4,1562829880058,-864,-304,432
6,1562829880067,-528,-160,-848
6,1562829880068,-528,-144,-832
6,1562829880070,-528,-144,-832
2,1562829880086,-976,-64,256
2,1562829880088,-976,-64,240
4,1562829880096,-864,-304,432
4,1562829880097,-864,-320,400
6,1562829880101,-528,-144,-832
6,1562829880102,-528,-160,-832
2,1562829880133,-992,-64,240
2,1562829880147,-992,-64,224
2,1562829880151,-976,-64,256
4,1562829880155,-880,-304,400
4,1562829880157,-880,-304,416
6,1562829880159,-512,-160,-848
6,1562829880161,-528,-160,-848
6,1562829880171,-528,-160,-848
2,1562829880179,-976,-64,240
2,1562829880181,-976,-64,256
4,1562829880184,-880,-304,416
4,1562829880185,-880,-304,432
6,1562829880194,-528,-160,-848
4,1562829880229,-864,-320,432
6,1562829880237,-528,-160,-848
2,1562829880266,-976,-80,272
4,1562829880276,-864,-320,432
6,1562829880283,-528,-160,-848
6,1562829880286,-512,-160,-848
6,1562829880288,-512,-144,-848
6,1562829880290,-528,-160,-832
2,1562829880312,-976,-96,272
4,1562829880319,-864,-320,416
4,1562829880322,-880,-304,416
4,1562829880324,-880,-304,416
4,1562829880327,-880,-320,416
4,1562829880329,-880,-320,416
6,1562829880336,-512,-160,-848
6,1562829880337,-512,-160,-848
6,1562829880338,-512,-160,-832
2,1562829880363,-976,-80,256
2,1562829880364,-976,-64,240
2,1562829880365,-976,-80,240
2,1562829880366,-976,-80,240
2,1562829880367,-976,-80,256
2,1562829880368,-976,-80,256
4,1562829880373,-880,-320,416
4,1562829880374,-880,-304,416
6,1562829880377,-512,-160,-848
6,1562829880379,-512,-160,-848
2,1562829880402,-992,-96,240
2,1562829880404,-976,-96,240
4,1562829880410,-880,-320,400
4,1562829880412,-880,-320,400
4,1562829880419,-880,-320,400
6,1562829880421,-512,-160,-848
6,1562829880423,-512,-160,-848
2,1562829880448,-976,-96,240
2,1562829880449,-992,-96,240
4,1562829880457,-864,-320,416
4,1562829880458,-880,-304,400
6,1562829880466,-512,-160,-848
6,1562829880467,-512,-160,-848
2,1562829880491,-976,-96,240
2,1562829880493,-976,-80,240
2,1562829880494,-976,-80,240
4,1562829880498,-880,-304,416
4,1562829880499,-880,-320,416
6,1562829880509,-512,-160,-848
6,1562829880510,-528,-160,-848
6,1562829880511,-528,-160,-832
2,1562829880538,-976,-80,240
2,1562829880553,-976,-64,240
4,1562829880557,-880,-320,400
4,1562829880560,-880,-304,416
6,1562829880564,-528,-160,-848
6,1562829880566,-528,-160,-832
2,1562829880583,-976,-64,240
2,1562829880584,-976,-80,240
4,1562829880596,-880,-304,416
6,1562829880604,-512,-160,-832
6,1562829880606,-512,-160,-848
2,1562829880629,-976,-80,240
2,1562829880631,-976,-64,240
4,1562829880638,-880,-304,416
4,1562829880641,-880,-304,400
4,1562829880643,-880,-304,400
4,1562829880644,-880,-304,416
6,1562829880653,-512,-160,-848
6,1562829880654,-512,-144,-848
2,1562829880674,-976,-64,240
2,1562829880675,-976,-64,240
2,1562829880676,-992,-64,240
4,1562829880682,-880,-304,416
4,1562829880683,-880,-304,400
2,1562829880719,-976,-64,240
2,1562829880726,-976,-64,224
4,1562829880739,-880,-304,416
4,1562829880742,-880,-304,400
6,1562829880745,-528,-160,-848
6,1562829880747,-512,-160,-848
6,1562829880749,-512,-144,-832
6,1562829880751,-528,-160,-832
6,1562829880753,-512,-160,-848
2,1562829880764,-992,-64,224
2,1562829880766,-992,-80,240
4,1562829880776,-880,-304,400
4,1562829880777,-880,-304,400
4,1562829880778,-880,-320,416
2,1562829880808,-976,-80,256
2,1562829880810,-976,-96,256
2,1562829880812,-976,-96,256
4,1562829880820,-880,-320,416
4,1562829880821,-880,-320,400
6,1562829880830,-528,-160,-848
6,1562829880831,-512,-160,-832
6,1562829880835,-512,-160,-832
6,1562829880838,-528,-160,-848
2,1562829880851,-992,-96,240
2,1562829880852,-992,-112,256
4,1562829880862,-880,-320,400
4,1562829880863,-880,-320,400
6,1562829880867,-496,-160,-848
6,1562829880868,-512,-160,-848
6,1562829880870,-512,-160,-848
2,1562829880896,-976,-112,256
2,1562829880897,-976,-112,272
4,1562829880907,-880,-336,400
4,1562829880908,-880,-336,400
4,1562829880909,-880,-320,416
6,1562829880914,-512,-160,-848
6,1562829880915,-512,-160,-848
2,1562829880942,-976,-96,256
2,1562829880943,-976,-96,240
4,1562829880953,-880,-320,400
4,1562829880956,-880,-320,400
6,1562829880964,-512,-160,-848
6,1562829880967,-512,-160,-848
2,1562829880988,-976,-96,240
2,1562829880989,-992,-96,240
2,1562829880990,-976,-80,240
4,1562829880997,-880,-320,400
4,1562829880998,-880,-320,400
6,1562829881002,-512,-160,-848
6,1562829881003,-512,-160,-848
2,1562829881033,-992,-64,240
2,1562829881034,-992,-64,240
4,1562829881043,-880,-304,400
4,1562829881045,-880,-304,400
6,1562829881052,-512,-160,-848
6,1562829881057,-512,-160,-848
6,1562829881059,-512,-160,-848
2,1562829881078,-976,-64,240
2,1562829881079,-976,-64,256
4,1562829881084,-880,-320,400
4,1562829881085,-880,-304,384
4,1562829881086,-880,-320,400
6,1562829881094,-512,-160,-832
6,1562829881096,-512,-160,-848
2,1562829881124,-976,-80,256
2,1562829881125,-976,-80,240
4,1562829881130,-880,-320,400
4,1562829881130,-880,-320,384
6,1562829881137,-512,-160,-848
6,1562829881138,-528,-160,-848
6,1562829881143,-512,-160,-848
2,1562829881168,-976,-80,240
2,1562829881169,-976,-80,240
2,1562829881170,-992,-80,224
4,1562829881178,-880,-320,384
4,1562829881180,-880,-304,384
6,1562829881182,-512,-160,-848
2,1562829881212,-976,-80,240
2,1562829881213,-992,-80,240
4,1562829881219,-880,-320,384
4,1562829881223,-880,-320,384
6,1562829881234,-512,-160,-848
6,1562829881235,-512,-160,-848
6,1562829881237,-512,-176,-848
2,1562829881259,-976,-80,240
2,1562829881261,-976,-80,240
4,1562829881269,-880,-320,384
4,1562829881271,-880,-320,384
4,1562829881273,-880,-320,384
6,1562829881281,-512,-160,-848
6,1562829881283,-512,-160,-848
2,1562829881302,-976,-80,240
2,1562829881303,-976,-80,240
4,1562829881309,-880,-304,384
4,1562829881311,-880,-304,384
6,1562829881317,-512,-176,-848
6,1562829881318,-512,-160,-848
6,1562829881319,-512,-160,-848
2,1562829881348,-992,-80,240
2,1562829881348,-976,-80,240
2,1562829881349,-976,-96,240
4,1562829881353,-880,-320,384
4,1562829881363,-896,-320,384
6,1562829881366,-512,-176,-848
6,1562829881369,-512,-176,-848
2,1562829881394,-976,-112,240
2,1562829881395,-976,-112,240
4,1562829881401,-880,-320,384
4,1562829881402,-880,-320,384
2,1562829881441,-976,-96,224
2,1562829881443,-992,-96,208
4,1562829881453,-880,-320,384
4,1562829881455,-896,-320,368
4,1562829881457,-896,-304,368
6,1562829881459,-512,-160,-848
6,1562829881461,-512,-160,-848
6,1562829881462,-512,-160,-848
6,1562829881464,-512,-160,-848
2,1562829881485,-976,-80,208
2,1562829881487,-992,-64,208
2,1562829881489,-976,-64,208
4,1562829881496,-896,-304,384
4,1562829881498,-896,-304,384
6,1562829881510,-512,-160,-848
6,1562829881511,-512,-160,-848
6,1562829881513,-512,-160,-848
2,1562829881527,-992,-64,208
2,1562829881534,-976,-80,208
4,1562829881536,-896,-304,384
4,1562829881537,-896,-304,384
6,1562829881547,-512,-160,-848
6,1562829881549,-512,-160,-848
2,1562829881573,-976,-80,208
2,1562829881574,-992,-80,224
4,1562829881582,-880,-304,384
4,1562829881583,-896,-304,384
4,1562829881584,-896,-304,384
6,1562829881587,-512,-176,-848
6,1562829881589,-512,-160,-848
2,1562829881617,-992,-80,224
2,1562829881618,-976,-96,224
4,1562829881629,-880,-304,384
4,1562829881633,-896,-304,384
6,1562829881645,-512,-160,-848
6,1562829881647,-512,-160,-848
2,1562829881662,-976,-96,240
2,1562829881663,-976,-96,224
2,1562829881664,-992,-112,224
4,1562829881670,-896,-304,368
4,1562829881671,-896,-320,368
6,1562829881682,-512,-160,-848
6,1562829881683,-496,-176,-848
6,1562829881683,-512,-160,-848
2,1562829881708,-992,-128,224
2,1562829881709,-992,-112,208
4,1562829881716,-880,-320,384
4,1562829881718,-880,-320,384
2,1562829881753,-992,-96,208
2,1562829881754,-992,-96,208
4,1562829881766,-896,-304,368
4,1562829881769,-896,-304,384
4,1562829881772,-896,-304,368
6,1562829881783,-512,-160,-848
6,1562829881784,-512,-176,-848
6,1562829881787,-496,-176,-848
6,1562829881789,-512,-160,-848
2,1562829881798,-976,-96,192
2,1562829881800,-992,-96,192
4,1562829881810,-896,-304,368
4,1562829881811,-896,-304,368
6,1562829881813,-496,-176,-848
6,1562829881814,-496,-176,-848
2,1562829881844,-992,-64,192
2,1562829881844,-992,-48,208
2,1562829881845,-992,-48,208
4,1562829881851,-896,-288,384
4,1562829881852,-896,-288,400
6,1562829881862,-512,-160,-848
6,1562829881862,-512,-160,-832
6,1562829881863,-528,-144,-848
2,1562829881890,-992,0,208
2,1562829881891,-992,0,208
4,1562829881897,-896,-272,384
4,1562829881899,-896,-256,384
6,1562829881901,-512,-144,-848
6,1562829881902,-512,-144,-848
2,1562829881932,-976,0,208
2,1562829881934,-992,-32,240
4,1562829881946,-896,-272,384
4,1562829881948,-896,-288,400
4,1562829881949,-880,-288,400
6,1562829881961,-528,-160,-848
6,1562829881963,-528,-160,-832
2,1562829881978,-976,-48,240
2,1562829881979,-976,-80,240
4,1562829881992,-880,-288,400
4,1562829881994,-896,-320,400
6,1562829882002,-512,-160,-832
6,1562829882004,-512,-160,-848
2,1562829882024,-992,-112,240
2,1562829882026,-992,-112,208
2,1562829882028,-992,-80,224
4,1562829882036,-896,-304,368
4,1562829882037,-896,-304,384
6,1562829882040,-512,-176,-848
6,1562829882048,-512,-160,-848
6,1562829882050,-512,-176,-848
2,1562829882067,-992,-80,224
2,1562829882069,-976,-96,240
4,1562829882077,-896,-288,384
4,1562829882078,-880,-304,400
6,1562829882081,-512,-160,-848
6,1562829882083,-528,-144,-864
2,1562829882112,-976,-112,240
2,1562829882113,-976,-96,240
4,1562829882120,-880,-304,384
4,1562829882122,-880,-304,400
4,1562829882124,-880,-304,384
6,1562829882131,-512,-160,-848
6,1562829882133,-512,-160,-848
2,1562829882158,-976,-96,240
2,1562829882159,-976,-96,224
2,1562829882161,-976,-96,240
4,1562829882169,-896,-304,384
4,1562829882171,-880,-304,400
6,1562829882181,-512,-160,-848
6,1562829882182,-512,-160,-848
2,1562829882202,-976,-80,240
2,1562829882203,-992,-80,240
4,1562829882212,-880,-304,400
4,1562829882216,-880,-304,384
6,1562829882218,-528,-160,-848
6,1562829882219,-512,-160,-848
6,1562829882221,-512,-160,-848
2,1562829882248,-976,-64,224
2,1562829882249,-992,-48,208
4,1562829882257,-896,-288,384
4,1562829882260,-896,-288,400
6,1562829882270,-512,-176,-848
6,1562829882271,-512,-144,-832
2,1562829882292,-992,-32,208
2,1562829882293,-976,-48,224
4,1562829882301,-896,-288,416
4,1562829882302,-880,-288,400
4,1562829882303,-880,-304,384
6,1562829882310,-512,-160,-848
6,1562829882313,-512,-160,-848
6,1562829882315,-512,-160,-848
2,1562829882340,-992,-80,224
2,1562829882342,-992,-96,224
2,1562829882344,-992,-96,224
4,1562829882353,-880,-304,384
4,1562829882354,-896,-304,384
6,1562829882357,-512,-176,-848
6,1562829882358,-512,-176,-848
2,1562829882383,-976,-96,224
2,1562829882384,-976,-112,224
4,1562829882391,-896,-304,400
4,1562829882393,-880,-304,400
6,1562829882399,-512,-160,-848
6,1562829882400,-512,-160,-848
2,1562829882427,-976,-112,240
2,1562829882428,-992,-96,240
4,1562829882434,-880,-304,384
4,1562829882437,-896,-304,384
4,1562829882440,-880,-304,400
6,1562829882450,-512,-160,-848
6,1562829882453,-512,-160,-848
2,1562829882473,-976,-96,240
2,1562829882474,-976,-112,240
4,1562829882479,-880,-320,400
6,1562829882487,-512,-160,-848
6,1562829882498,-512,-176,-848
6,1562829882499,-512,-160,-848
2,1562829882517,-976,-112,240
2,1562829882518,-976,-96,240
2,1562829882519,-976,-96,240
4,1562829882527,-880,-320,384
4,1562829882528,-880,-320,384
4,1562829882529,-880,-320,384
6,1562829882531,-512,-160,-848
6,1562829882532,-528,-176,-848
2,1562829882562,-976,-96,240
4,1562829882570,-880,-320,400
4,1562829882571,-880,-304,400
6,1562829882581,-512,-160,-848
2,1562829882609,-976,-96,240
2,1562829882610,-992,-112,240
2,1562829882610,-976,-112,224
4,1562829882616,-880,-320,384
4,1562829882617,-880,-320,384
4,1562829882618,-880,-304,384
6,1562829882626,-512,-160,-848
6,1562829882627,-512,-160,-848
6,1562829882628,-512,-160,-848
2,1562829882652,-976,-80,224
2,1562829882653,-992,-80,224
4,1562829882659,-896,-320,384
4,1562829882660,-880,-304,384
6,1562829882667,-512,-160,-848
6,1562829882668,-512,-160,-848
6,1562829882669,-512,-160,-848
2,1562829882697,-976,-80,240
2,1562829882699,-992,-80,240
2,1562829882700,-976,-48,240
4,1562829882706,-880,-320,400
4,1562829882707,-880,-288,400
6,1562829882714,-528,-160,-832
6,1562829882715,-528,-144,-832
2,1562829882742,-976,-16,240
2,1562829882747,-976,-16,240
4,1562829882749,-880,-288,400
4,1562829882751,-880,-288,400
6,1562829882762,-528,-144,-848
6,1562829882764,-528,-144,-848
2,1562829882789,-976,-48,256
2,1562829882790,-992,-64,256
4,1562829882795,-880,-304,400
4,1562829882796,-896,-304,400
4,1562829882797,-880,-320,400
6,1562829882802,-512,-160,-832
6,1562829882803,-528,-160,-848
2,1562829882832,-976,-96,256
2,1562829882833,-976,-112,240
4,1562829882841,-880,-336,384
4,1562829882842,-880,-336,384
6,1562829882848,-512,-160,-848
6,1562829882849,-512,-160,-848
6,1562829882851,-512,-160,-848
2,1562829882878,-976,-128,240
2,1562829882879,-976,-128,240
2,1562829882880,-976,-128,240
4,1562829882886,-880,-336,368
4,1562829882888,-880,-336,384
6,1562829882896,-528,-160,-848
6,1562829882897,-528,-160,-848
2,1562829882923,-976,-112,256
2,1562829882927,-976,-96,240
4,1562829882934,-880,-336,400
4,1562829882936,-880,-320,400
6,1562829882938,-512,-160,-848
6,1562829882940,-528,-160,-848
2,1562829882966,-992,-64,240
2,1562829882968,-992,-48,224
4,1562829882974,-896,-320,384
4,1562829882982,-896,-304,384
4,1562829882983,-896,-304,384
6,1562829882984,-512,-160,-848
6,1562829882985,-512,-160,-848
2,1562829883012,-992,-32,208
2,1562829883013,-992,-32,256
2,1562829883014,-976,-48,256
4,1562829883019,-880,-288,400
4,1562829883021,-880,-304,400
6,1562829883033,-512,-160,-832
6,1562829883034,-528,-160,-832
6,1562829883035,-512,-144,-848
2,1562829883057,-976,-48,240
2,1562829883058,-992,-48,224
4,1562829883066,-880,-304,400
4,1562829883067,-880,-288,384
6,1562829883075,-512,-160,-848
6,1562829883077,-512,-144,-848
2,1562829883102,-992,-32,240
2,1562829883103,-992,-48,240
4,1562829883110,-880,-288,400
4,1562829883112,-880,-288,400
4,1562829883115,-896,-304,400
6,1562829883117,-512,-160,-848
6,1562829883118,-512,-160,-832
2,1562829883148,-992,-48,240
2,1562829883150,-976,-64,240
4,1562829883161,-880,-304,400
4,1562829883163,-896,-320,400
6,1562829883173,-512,-160,-848
6,1562829883176,-512,-160,-848
2,1562829883193,-992,-80,256
2,1562829883195,-992,-80,240
2,1562829883197,-976,-96,240
4,1562829883209,-880,-320,384
4,1562829883211,-880,-320,384
6,1562829883213,-512,-160,-848
6,1562829883216,-528,-144,-848
6,1562829883217,-512,-160,-848
2,1562829883240,-976,-96,240
2,1562829883241,-976,-112,256
4,1562829883248,-864,-320,384
4,1562829883249,-880,-320,384
6,1562829883252,-512,-176,-848
6,1562829883256,-512,-160,-848
2,1562829883282,-976,-112,256
2,1562829883284,-976,-112,256
4,1562829883293,-880,-336,400
4,1562829883294,-880,-320,384
4,1562829883296,-880,-320,384
6,1562829883304,-512,-160,-848
6,1562829883314,-512,-160,-848
6,1562829883315,-512,-160,-848
2,1562829883328,-960,-80,256
2,1562829883330,-960,-96,256
4,1562829883336,-864,-320,400
4,1562829883338,-896,-336,384
6,1562829883350,-512,-160,-848
6,1562829883351,-512,-160,-848
2,1562829883375,-1008,-128,256
2,1562829883376,-976,-112,208
2,1562829883377,-992,-96,224
4,1562829883386,-880,-336,368
4,1562829883388,-912,-320,384
6,1562829883392,-496,-176,-848
6,1562829883394,-512,-176,-848
2,1562829883418,-992,-112,240
2,1562829883419,-976,-80,240
6,1562829883432,-496,-176,-848
6,1562829883433,-512,-160,-848
2,1562829883463,-976,-16,272
2,1562829883465,-976,-32,240
4,1562829883473,-880,-336,384
4,1562829883474,-880,-304,384
6,1562829883481,-528,-144,-848
6,1562829883483,-512,-160,-832
6,1562829883484,-512,-160,-848
2,1562829883507,-992,-48,240
2,1562829883509,-976,-64,240
4,1562829883517,-880,-304,400
4,1562829883519,-880,-304,400
6,1562829883530,-528,-160,-848
6,1562829883531,-512,-160,-848
2,1562829883553,-976,-96,240
2,1562829883555,-976,-112,240
2,1562829883557,-976,-112,240
4,1562829883566,-880,-304,384
4,1562829883569,-896,-304,400
4,1562829883571,-880,-320,384
4,1562829883573,-880,-336,400
4,1562829883576,-880,-336,384
6,1562829883577,-512,-160,-848
6,1562829883579,-512,-160,-848
2,1562829883597,-976,-112,240
2,1562829883598,-992,-112,256
4,1562829883609,-880,-320,384
6,1562829883616,-512,-160,-848
6,1562829883619,-512,-160,-848
2,1562829883642,-976,-112,240
2,1562829883643,-976,-112,240
4,1562829883651,-880,-320,384
4,1562829883653,-880,-320,384
4,1562829883657,-880,-320,384
4,1562829883659,-896,-320,384
6,1562829883667,-512,-160,-848
6,1562829883668,-512,-160,-848
6,1562829883669,-512,-160,-848
2,1562829883689,-992,-112,224
2,1562829883690,-976,-96,240
2,1562829883691,-976,-96,240
4,1562829883697,-896,-320,384
4,1562829883698,-880,-304,384
6,1562829883702,-512,-160,-848
6,1562829883703,-528,-144,-848
2,1562829883732,-976,-64,224
2,1562829883733,-976,-48,224
4,1562829883742,-896,-304,384
4,1562829883745,-880,-304,384
6,1562829883755,-512,-160,-848
6,1562829883756,-512,-144,-848
2,1562829883777,-992,-32,208
2,1562829883786,-976,-16,208
4,1562829883788,-880,-288,384
4,1562829883791,-896,-288,384
6,1562829883801,-512,-144,-848
6,1562829883802,-512,-144,-832
2,1562829883823,-992,-16,208
2,1562829883824,-992,-16,224
4,1562829883832,-896,-288,384
4,1562829883833,-896,-288,384
4,1562829883835,-896,-288,400
6,1562829883843,-528,-160,-848
6,1562829883845,-528,-160,-848
6,1562829883846,-512,-160,-848
2,1562829883867,-992,-16,224
2,1562829883868,-992,-32,224
2,1562829883869,-992,-32,224
4,1562829883877,-896,-288,384
4,1562829883880,-896,-288,384
6,1562829883881,-512,-144,-848
6,1562829883883,-512,-160,-848
2,1562829883917,-992,-48,224
2,1562829883919,-976,-64,240
4,1562829883932,-896,-288,384
4,1562829883934,-880,-304,384
6,1562829883936,-512,-160,-848
6,1562829883939,-512,-160,-848
2,1562829883959,-976,-80,240
2,1562829883960,-976,-80,240
4,1562829883967,-880,-304,384
4,1562829883969,-880,-320,384
4,1562829883972,-880,-304,384
6,1562829883980,-512,-160,-848
6,1562829883981,-512,-160,-848
2,1562829884002,-976,-96,224
2,1562829884006,-976,-96,224
4,1562829884015,-880,-304,384
4,1562829884016,-880,-320,384
6,1562829884017,-512,-160,-848
6,1562829884018,-512,-160,-832
6,1562829884019,-512,-176,-848
2,1562829884047,-976,-96,240
2,1562829884048,-992,-112,240
2,1562829884049,-992,-112,240
4,1562829884053,-880,-320,384
4,1562829884061,-880,-320,384
6,1562829884063,-512,-160,-848
6,1562829884065,-512,-176,-848
2,1562829884092,-992,-80,240
2,1562829884093,-976,-80,240
4,1562829884100,-880,-320,384
4,1562829884100,-880,-320,400
6,1562829884109,-512,-160,-848
6,1562829884110,-512,-160,-848
2,1562829884139,-976,-80,240
2,1562829884139,-992,-80,240
4,1562829884145,-880,-320,384
4,1562829884147,-880,-304,384
4,1562829884149,-896,-320,384
6,1562829884153,-512,-160,-848
6,1562829884154,-512,-160,-848
2,1562829884181,-976,-80,256
2,1562829884182,-976,-96,256
4,1562829884192,-880,-320,400
4,1562829884195,-880,-320,384
6,1562829884204,-512,-160,-848
6,1562829884206,-528,-160,-848
6,1562829884207,-512,-160,-848
2,1562829884227,-976,-96,256
2,1562829884228,-976,-112,256
2,1562829884229,-976,-128,240
4,1562829884235,-880,-336,384
4,1562829884236,-880,-336,384
6,1562829884244,-512,-160,-848
6,1562829884245,-512,-160,-848
2,1562829884275,-976,-112,240
2,1562829884276,-976,-112,240
4,1562829884285,-880,-336,384
6,1562829884287,-512,-160,-848
6,1562829884291,-512,-160,-848
6,1562829884301,-512,-160,-848
2,1562829884317,-976,-96,240
2,1562829884319,-976,-96,256
4,1562829884327,-880,-320,384
4,1562829884328,-880,-320,400
4,1562829884330,-880,-320,384
4,1562829884332,-880,-320,384
6,1562829884334,-512,-160,-848
6,1562829884335,-512,-160,-848
2,1562829884361,-992,-80,240
2,1562829884363,-976,-80,240
2,1562829884364,-976,-64,256
4,1562829884375,-880,-304,400
4,1562829884377,-880,-320,400
6,1562829884386,-512,-144,-848
6,1562829884388,-512,-176,-848
2,1562829884408,-976,-64,240
2,1562829884410,-992,-64,240
4,1562829884418,-880,-304,400
4,1562829884420,-880,-304,400
6,1562829884429,-512,-160,-848
6,1562829884430,-512,-160,-848
2,1562829884451,-976,-64,240
2,1562829884452,-976,-80,240
4,1562829884460,-880,-304,384
4,1562829884462,-880,-304,384
6,1562829884467,-512,-160,-848
6,1562829884468,-512,-160,-848
6,1562829884468,-512,-160,-848
2,1562829884498,-976,-80,240
2,1562829884500,-976,-96,256
4,1562829884510,-880,-320,400
4,1562829884512,-880,-320,384
4,1562829884514,-880,-320,400
6,1562829884523,-512,-160,-848
6,1562829884524,-512,-160,-848
2,1562829884545,-976,-112,256
2,1562829884546,-976,-96,256
2,1562829884548,-976,-96,256
4,1562829884557,-880,-320,384
4,1562829884559,-880,-320,400
6,1562829884560,-512,-160,-848
6,1562829884563,-528,-160,-848
2,1562829884589,-976,-80,256
2,1562829884589,-976,-64,240
4,1562829884594,-880,-304,400
4,1562829884596,-880,-304,400
6,1562829884602,-512,-160,-832
6,1562829884603,-528,-144,-832
2,1562829884634,-992,-48,240
2,1562829884635,-992,-32,240
4,1562829884642,-880,-304,400
4,1562829884644,-880,-288,400
6,1562829884654,-512,-160,-832
6,1562829884655,-528,-160,-832
6,1562829884657,-512,-144,-848
2,1562829884678,-976,-32,240
2,1562829884680,-992,-48,240
6,1562829884695,-528,-160,-832
6,1562829884696,-512,-160,-848
2,1562829884724,-976,-48,240
2,1562829884725,-976,-64,240
2,1562829884732,-976,-80,256
4,1562829884735,-880,-288,400
4,1562829884738,-880,-304,400
4,1562829884740,-880,-304,384
4,1562829884743,-880,-304,400
4,1562829884745,-880,-304,400
6,1562829884756,-528,-160,-848
6,1562829884757,-512,-160,-832
4,1562829884775,-880,-320,400
4,1562829884777,-880,-320,384
6,1562829884786,-512,-160,-832
6,1562829884789,-528,-160,-848
2,1562829884812,-976,-80,240
2,1562829884813,-976,-96,256
2,1562829884814,-976,-96,240
2,1562829884815,-976,-96,240
4,1562829884820,-880,-320,384
4,1562829884821,-880,-320,384
6,1562829884833,-512,-160,-848
6,1562829884835,-512,-160,-848
6,1562829884839,-512,-160,-832
2,1562829884861,-976,-96,240
2,1562829884862,-976,-96,240
6,1562829884874,-512,-160,-848
6,1562829884876,-512,-160,-832
2,1562829884903,-976,-96,240
2,1562829884915,-992,-96,240
2,1562829884918,-992,-80,224
4,1562829884920,-880,-320,384
4,1562829884923,-880,-320,384
4,1562829884926,-880,-336,384
4,1562829884929,-880,-320,384
4,1562829884932,-896,-320,384
6,1562829884935,-512,-160,-848
6,1562829884937,-512,-160,-848
2,1562829884949,-992,-80,224
2,1562829884951,-976,-96,224
6,1562829884962,-512,-160,-848
6,1562829884964,-512,-160,-848
2,1562829884996,-976,-96,224
2,1562829885000,-976,-96,240
4,1562829885010,-880,-320,384
4,1562829885011,-880,-320,384
4,1562829885013,-880,-320,384
4,1562829885015,-880,-320,384
4,1562829885017,-880,-320,384
6,1562829885019,-528,-160,-848
6,1562829885021,-512,-160,-848
6,1562829885023,-512,-160,-848
2,1562829885039,-976,-96,240
2,1562829885040,-992,-112,240
2,1562829885041,-976,-96,240
4,1562829885049,-880,-320,384
4,1562829885050,-880,-336,384
6,1562829885059,-512,-160,-848
6,1562829885060,-512,-160,-848
2,1562829885083,-976,-96,240
2,1562829885084,-992,-96,240
4,1562829885092,-880,-336,384
4,1562829885096,-896,-320,384
6,1562829885098,-512,-160,-848
6,1562829885100,-512,-160,-848
2,1562829885129,-976,-96,240
2,1562829885129,-976,-96,240
4,1562829885134,-880,-320,384
4,1562829885137,-880,-320,384
6,1562829885149,-512,-160,-832
6,1562829885150,-512,-160,-848
2,1562829885174,-976,-80,240
2,1562829885175,-976,-96,240
4,1562829885179,-880,-320,384
4,1562829885181,-880,-320,384
4,1562829885183,-880,-320,384
6,1562829885194,-512,-160,-832
6,1562829885196,-512,-160,-848
6,1562829885197,-512,-160,-848
2,1562829885217,-976,-96,240
2,1562829885219,-976,-96,224
2,1562829885221,-976,-96,240
4,1562829885229,-880,-320,384
4,1562829885230,-880,-336,368
6,1562829885232,-512,-160,-848
6,1562829885233,-512,-160,-848
2,1562829885263,-976,-96,224
2,1562829885264,-976,-112,240
4,1562829885275,-880,-336,384
4,1562829885278,-880,-336,384
6,1562829885291,-512,-176,-848
6,1562829885294,-512,-160,-848
6,1562829885296,-512,-160,-848
2,1562829885307,-976,-96,240
2,1562829885309,-976,-112,240
4,1562829885319,-880,-336,384
4,1562829885322,-880,-336,384
6,1562829885329,-512,-160,-848
6,1562829885332,-512,-160,-848
2,1562829885355,-976,-112,224
2,1562829885357,-976,-112,240
4,1562829885367,-896,-336,368
4,1562829885369,-880,-336,384
4,1562829885370,-880,-336,384
6,1562829885373,-512,-160,-848
6,1562829885376,-512,-160,-864
2,1562829885397,-976,-112,240
2,1562829885399,-992,-96,240
2,1562829885401,-976,-112,240
4,1562829885409,-880,-352,368
4,1562829885411,-880,-336,368
6,1562829885420,-512,-160,-848
6,1562829885422,-512,-176,-848
2,1562829885442,-976,-112,240
2,1562829885443,-976,-112,224
4,1562829885454,-880,-336,368
4,1562829885457,-880,-336,368
6,1562829885466,-496,-160,-848
6,1562829885468,-512,-160,-848
6,1562829885470,-512,-160,-848
2,1562829885490,-992,-96,240
2,1562829885491,-992,-112,240
4,1562829885499,-880,-336,368
4,1562829885502,-880,-336,368
4,1562829885502,-880,-352,368
6,1562829885506,-512,-176,-848
6,1562829885508,-496,-176,-848
2,1562829885534,-976,-128,240
2,1562829885536,-976,-128,240
4,1562829885548,-880,-336,368
4,1562829885550,-880,-352,384
6,1562829885552,-512,-160,-848
6,1562829885557,-496,-160,-848
2,1562829885579,-992,-128,240
2,1562829885583,-976,-144,240
2,1562829885584,-976,-144,240
4,1562829885594,-880,-352,368
4,1562829885596,-880,-352,368
6,1562829885597,-512,-176,-848
6,1562829885598,-496,-176,-848
2,1562829885624,-976,-160,240
2,1562829885626,-976,-160,240
4,1562829885636,-880,-352,368
4,1562829885637,-880,-352,368
6,1562829885646,-512,-176,-848
6,1562829885647,-512,-160,-848
6,1562829885650,-512,-176,-848
2,1562829885669,-976,-160,240
2,1562829885673,-976,-144,224
4,1562829885681,-880,-352,352
4,1562829885682,-880,-352,368
4,1562829885684,-880,-336,368
6,1562829885687,-512,-160,-848
6,1562829885690,-496,-160,-848
2,1562829885712,-976,-128,240
2,1562829885713,-976,-112,224
4,1562829885720,-880,-352,368
4,1562829885726,-880,-336,368
6,1562829885728,-496,-176,-848
6,1562829885729,-496,-160,-848
2,1562829885760,-976,-112,224
2,1562829885762,-976,-96,224
2,1562829885764,-992,-96,224
4,1562829885776,-880,-336,368
4,1562829885777,-880,-336,368
6,1562829885779,-512,-160,-848
6,1562829885781,-512,-176,-848
2,1562829885802,-976,-96,224
2,1562829885811,-976,-96,224
4,1562829885814,-880,-336,368
4,1562829885817,-880,-336,368
6,1562829885826,-512,-160,-848
6,1562829885828,-496,-160,-848
6,1562829885829,-512,-160,-848
2,1562829885847,-976,-96,240
2,1562829885848,-976,-96,240
4,1562829885855,-880,-336,368
4,1562829885857,-880,-336,368
4,1562829885860,-880,-336,384
6,1562829885871,-512,-176,-848
6,1562829885873,-512,-160,-848
2,1562829885894,-976,-96,240
2,1562829885895,-976,-96,240
2,1562829885896,-976,-96,240
4,1562829885906,-880,-336,384
4,1562829885908,-880,-336,384
6,1562829885910,-512,-160,-848
6,1562829885912,-512,-160,-848
2,1562829885941,-976,-96,240
2,1562829885942,-976,-96,240
4,1562829885945,-880,-336,384
4,1562829885946,-880,-336,368
6,1562829885953,-512,-160,-848
6,1562829885956,-512,-160,-848
2,1562829885982,-976,-96,240
2,1562829885984,-976,-96,240
4,1562829885993,-880,-336,384
4,1562829885996,-880,-352,368
6,1562829886004,-512,-160,-848
6,1562829886007,-512,-160,-848
6,1562829886009,-512,-160,-848
2,1562829886028,-976,-112,240
2,1562829886030,-976,-112,240
4,1562829886037,-880,-352,384
4,1562829886039,-880,-352,384
4,1562829886041,-880,-352,384
6,1562829886051,-512,-160,-848
6,1562829886054,-512,-160,-848
2,1562829886073,-976,-112,256
2,1562829886075,-976,-112,256
2,1562829886076,-960,-128,256
4,1562829886083,-880,-352,384
4,1562829886084,-880,-352,384
6,1562829886093,-512,-160,-848
6,1562829886095,-512,-160,-848
2,1562829886117,-976,-112,256
2,1562829886118,-976,-128,256
4,1562829886126,-880,-352,384
4,1562829886129,-880,-352,384
6,1562829886133,-512,-160,-848
6,1562829886134,-512,-160,-848
6,1562829886137,-512,-160,-848
2,1562829886162,-976,-112,256
2,1562829886163,-976,-112,256
4,1562829886170,-880,-352,384
4,1562829886179,-880,-352,384
4,1562829886180,-880,-352,384
6,1562829886181,-512,-160,-848
6,1562829886183,-496,-176,-848
2,1562829886208,-960,-128,256
2,1562829886210,-960,-112,256
4,1562829886216,-880,-352,384
4,1562829886217,-880,-352,384
6,1562829886228,-512,-160,-848
6,1562829886229,-512,-160,-848
2,1562829886253,-976,-128,256
2,1562829886256,-976,-128,256
2,1562829886257,-976,-128,256
4,1562829886267,-864,-352,384
4,1562829886269,-880,-352,384
6,1562829886272,-512,-160,-848
6,1562829886274,-512,-176,-848
6,1562829886276,-496,-160,-848
2,1562829886297,-976,-144,256
2,1562829886298,-976,-144,240
4,1562829886306,-880,-352,384
4,1562829886307,-880,-352,384
6,1562829886313,-512,-176,-848
6,1562829886314,-496,-176,-848
2,1562829886344,-976,-128,256
2,1562829886346,-976,-128,256
4,1562829886352,-880,-352,384
4,1562829886354,-880,-352,384
4,1562829886357,-880,-352,368
6,1562829886365,-512,-160,-848
6,1562829886366,-496,-160,-848
2,1562829886388,-976,-128,256
2,1562829886389,-976,-128,256
4,1562829886396,-880,-352,384
4,1562829886397,-880,-352,384
6,1562829886402,-496,-160,-848
6,1562829886410,-496,-160,-848
2,1562829886432,-976,-128,240
2,1562829886433,-976,-128,256
2,1562829886434,-976,-128,256
4,1562829886441,-880,-352,384
4,1562829886443,-880,-352,384
6,1562829886447,-512,-160,-848
6,1562829886448,-512,-176,-848
6,1562829886449,-512,-176,-848
2,1562829886478,-976,-112,256
2,1562829886479,-976,-112,256
4,1562829886489,-880,-352,384
4,1562829886491,-880,-352,384
6,1562829886501,-512,-160,-848
6,1562829886503,-512,-160,-848
2,1562829886524,-976,-112,256
2,1562829886526,-976,-112,240
4,1562829886535,-880,-352,384
4,1562829886536,-864,-352,384
4,1562829886538,-880,-352,384
2,1562829886567,-976,-128,256
2,1562829886569,-976,-128,240
2,1562829886570,-976,-128,256
4,1562829886577,-880,-352,384
4,1562829886580,-880,-352,384
6,1562829886588,-512,-160,-848
6,1562829886591,-512,-160,-848
6,1562829886593,-496,-160,-832
6,1562829886596,-512,-160,-848
2,1562829886614,-960,-128,240
2,1562829886615,-976,-128,256
4,1562829886625,-880,-352,368
4,1562829886627,-880,-352,368
6,1562829886635,-512,-160,-848
6,1562829886637,-512,-176,-848
6,1562829886638,-512,-160,-848
2,1562829886658,-976,-128,256
2,1562829886659,-976,-128,256
4,1562829886666,-864,-352,384
4,1562829886667,-880,-352,384
6,1562829886675,-512,-160,-848
6,1562829886676,-512,-160,-848
2,1562829886702,-976,-112,240
2,1562829886703,-976,-112,256
4,1562829886708,-880,-352,384
4,1562829886709,-880,-336,384
6,1562829886717,-496,-160,-848
6,1562829886718,-496,-160,-832
2,1562829886748,-976,-112,240
2,1562829886750,-976,-112,256
2,1562829886754,-976,-112,256
4,1562829886763,-880,-352,384
4,1562829886764,-880,-352,384
4,1562829886766,-880,-336,384
6,1562829886768,-512,-160,-848
6,1562829886770,-528,-144,-848
2,1562829886791,-976,-96,240
2,1562829886793,-976,-96,240
4,1562829886799,-880,-336,384
4,1562829886801,-880,-336,384
6,1562829886808,-512,-160,-848
6,1562829886809,-512,-160,-848
6,1562829886810,-512,-160,-848
2,1562829886840,-992,-96,240
2,1562829886841,-976,-80,256
4,1562829886849,-880,-336,384
6,1562829886852,-512,-160,-848
6,1562829886861,-512,-160,-848
2,1562829886882,-976,-80,240
2,1562829886883,-976,-80,240
4,1562829886895,-880,-336,384
4,1562829886897,-880,-336,384
4,1562829886899,-880,-336,384
4,1562829886901,-880,-336,384
6,1562829886904,-512,-160,-848
6,1562829886906,-496,-160,-848
2,1562829886928,-976,-96,240
2,1562829886929,-976,-96,240
2,1562829886932,-976,-96,240
4,1562829886940,-880,-352,400
4,1562829886943,-880,-336,384
6,1562829886955,-512,-160,-848
6,1562829886957,-512,-176,-848
2,1562829886974,-976,-112,240
2,1562829886976,-976,-112,240
4,1562829886983,-880,-352,368
4,1562829886985,-880,-352,368
6,1562829886994,-512,-160,-848
6,1562829886996,-512,-160,-848
6,1562829886997,-496,-160,-848
2,1562829887017,-976,-112,240
2,1562829887019,-976,-112,272
4,1562829887027,-880,-352,384
4,1562829887029,-880,-352,384
4,1562829887029,-880,-352,384
6,1562829887032,-512,-176,-848
6,1562829887034,-496,-160,-848
2,1562829887062,-976,-128,256
2,1562829887063,-976,-128,256
4,1562829887072,-880,-352,368
4,1562829887073,-880,-352,384
6,1562829887083,-512,-160,-848
6,1562829887084,-512,-160,-848
2,1562829887108,-960,-128,256
2,1562829887110,-960,-144,272
2,1562829887111,-976,-160,256
4,1562829887120,-880,-368,368
4,1562829887122,-880,-368,368
6,1562829887130,-512,-160,-848
6,1562829887132,-496,-176,-848
2,1562829887157,-976,-144,256
2,1562829887159,-976,-128,256
4,1562829887171,-880,-368,384
4,1562829887176,-864,-352,368
6,1562829887178,-496,-160,-848
6,1562829887179,-496,-176,-848
6,1562829887181,-496,-160,-848
2,1562829887198,-976,-128,256
2,1562829887199,-976,-128,256
4,1562829887208,-880,-352,384
4,1562829887210,-880,-352,384
4,1562829887212,-880,-352,384
6,1562829887218,-512,-176,-848
6,1562829887220,-512,-176,-848
2,1562829887242,-960,-128,240
2,1562829887246,-976,-112,240
2,1562829887247,-976,-112,240
4,1562829887248,-880,-352,368
4,1562829887250,-880,-336,368
6,1562829887260,-496,-160,-848
6,1562829887261,-496,-160,-848
2,1562829887292,-992,-96,240
2,1562829887293,-992,-96,240
4,1562829887298,-880,-336,368
4,1562829887299,-880,-352,384
6,1562829887302,-512,-160,-848
6,1562829887303,-496,-160,-848
2,1562829887332,-976,-96,240
2,1562829887334,-976,-112,256
4,1562829887342,-880,-352,384
4,1562829887344,-880,-352,384
6,1562829887356,-496,-160,-848
6,1562829887359,-512,-160,-848
6,1562829887361,-512,-160,-848
2,1562829887378,-976,-112,256
2,1562829887379,-976,-144,240
4,1562829887387,-880,-352,368
4,1562829887397,-880,-368,368
4,1562829887399,-880,-352,368
6,1562829887401,-512,-160,-832
6,1562829887403,-512,-176,-848
2,1562829887424,-976,-144,240
2,1562829887427,-976,-128,240
2,1562829887428,-976,-128,240
4,1562829887434,-880,-352,368
4,1562829887436,-880,-352,368
6,1562829887445,-496,-176,-848
6,1562829887446,-512,-160,-848
6,1562829887447,-512,-160,-848
2,1562829887468,-976,-112,256
2,1562829887469,-976,-96,256
4,1562829887477,-880,-352,384
4,1562829887479,-880,-336,384
6,1562829887481,-512,-160,-848
6,1562829887483,-512,-160,-848
2,1562829887514,-976,-80,256
2,1562829887515,-976,-96,256
4,1562829887522,-864,-336,384
4,1562829887524,-880,-336,384
6,1562829887531,-512,-160,-848
6,1562829887533,-512,-160,-848
2,1562829887560,-976,-112,256
2,1562829887561,-992,-128,240
4,1562829887569,-880,-336,384
4,1562829887571,-880,-352,384
4,1562829887575,-880,-336,368
6,1562829887583,-512,-160,-848
6,1562829887584,-512,-176,-848
2,1562829887606,-992,-128,240
2,1562829887607,-976,-128,240
2,1562829887607,-976,-128,256
4,1562829887615,-880,-352,384
4,1562829887617,-880,-352,384
6,1562829887618,-496,-160,-848
6,1562829887619,-512,-160,-848
6,1562829887620,-512,-160,-848
2,1562829887647,-976,-112,256
2,1562829887648,-976,-112,256
4,1562829887655,-880,-352,384
4,1562829887657,-880,-352,384
6,1562829887664,-512,-160,-848
6,1562829887666,-512,-160,-848
2,1562829887693,-976,-96,256
2,1562829887694,-976,-96,256
4,1562829887698,-880,-336,384
4,1562829887700,-880,-352,384
4,1562829887701,-880,-336,384
6,1562829887715,-512,-160,-848
6,1562829887716,-512,-160,-848
2,1562829887739,-976,-96,240
2,1562829887739,-976,-96,256
4,1562829887745,-880,-336,384
4,1562829887746,-880,-352,384
6,1562829887753,-512,-160,-848
6,1562829887755,-496,-160,-848
2,1562829887783,-976,-96,240
2,1562829887784,-976,-112,240
2,1562829887785,-976,-128,240
4,1562829887795,-880,-352,384
4,1562829887797,-880,-352,368
6,1562829887810,-512,-176,-848
6,1562829887812,-496,-176,-848
6,1562829887813,-512,-160,-848
2,1562829887826,-976,-128,240
2,1562829887828,-976,-128,240
4,1562829887834,-880,-336,368
4,1562829887835,-880,-352,384
6,1562829887842,-512,-176,-848
6,1562829887843,-512,-160,-848
2,1562829887872,-976,-112,240
2,1562829887873,-976,-112,256
4,1562829887880,-880,-352,384
4,1562829887881,-880,-352,384
6,1562829887890,-512,-160,-848
6,1562829887892,-496,-160,-848
2,1562829887918,-976,-112,240
2,1562829887922,-976,-112,240
2,1562829887925,-976,-128,240
4,1562829887935,-880,-336,384
4,1562829887937,-880,-352,384
4,1562829887939,-880,-352,368
6,1562829887942,-496,-160,-848
6,1562829887944,-496,-160,-848
2,1562829887962,-976,-128,240
2,1562829887969,-976,-128,256
4,1562829887978,-880,-352,368
4,1562829887979,-880,-352,384
6,1562829887981,-512,-176,-848
6,1562829887982,-496,-160,-848
6,1562829887982,-512,-160,-848
2,1562829888007,-976,-128,240
2,1562829888008,-976,-128,240
4,1562829888014,-864,-352,384
4,1562829888015,-880,-352,384
6,1562829888027,-528,-176,-832
6,1562829888028,-512,-160,-848
2,1562829888054,-976,-128,240
2,1562829888057,-976,-128,240
4,1562829888068,-864,-352,368
4,1562829888072,-880,-352,368
4,1562829888075,-880,-352,368
6,1562829888077,-496,-176,-848
6,1562829888078,-512,-160,-848
2,1562829888098,-976,-128,256
2,1562829888099,-976,-128,256
2,1562829888100,-976,-112,256
4,1562829888107,-880,-352,384
4,1562829888109,-880,-352,384
6,1562829888117,-512,-160,-848
6,1562829888118,-512,-160,-848
2,1562829888144,-976,-96,256
2,1562829888145,-992,-80,240
4,1562829888153,-880,-352,384
4,1562829888154,-880,-336,384
6,1562829888164,-512,-160,-848
6,1562829888165,-512,-160,-848
6,1562829888166,-496,-160,-848
2,1562829888188,-976,-64,240
2,1562829888189,-976,-80,256
4,1562829888195,-880,-336,384
4,1562829888196,-864,-336,384
6,1562829888202,-512,-160,-848
6,1562829888204,-512,-160,-848
2,1562829888233,-976,-112,272
2,1562829888234,-976,-112,256
4,1562829888241,-880,-352,384
4,1562829888244,-880,-352,384
4,1562829888247,-880,-336,384
6,1562829888257,-512,-160,-848
6,1562829888259,-512,-176,-848
2,1562829888277,-976,-96,256
2,1562829888279,-976,-96,256
2,1562829888280,-976,-96,256
4,1562829888285,-880,-336,384
4,1562829888288,-880,-336,400
6,1562829888298,-496,-160,-848
6,1562829888299,-512,-160,-848
6,1562829888301,-512,-160,-848
2,1562829888322,-976,-96,256
2,1562829888323,-976,-96,256
4,1562829888330,-880,-336,384
4,1562829888331,-880,-352,384
6,1562829888341,-512,-160,-848
6,1562829888343,-512,-160,-848
2,1562829888368,-976,-96,256
2,1562829888369,-976,-96,256
4,1562829888379,-880,-336,400
4,1562829888381,-880,-336,400
6,1562829888383,-512,-160,-848
6,1562829888386,-512,-160,-848
2,1562829888412,-976,-96,256
2,1562829888413,-976,-96,256
4,1562829888419,-880,-336,384
4,1562829888421,-880,-336,384
4,1562829888430,-880,-352,384
6,1562829888432,-512,-160,-832
6,1562829888433,-512,-160,-848
6,1562829888434,-512,-160,-848
2,1562829888459,-976,-112,256
2,1562829888461,-976,-96,256
2,1562829888462,-976,-112,256
4,1562829888471,-880,-336,384
4,1562829888473,-880,-352,384
6,1562829888483,-512,-160,-832
6,1562829888484,-512,-160,-848
2,1562829888501,-976,-112,256
2,1562829888507,-976,-112,256
4,1562829888510,-864,-336,384
4,1562829888511,-864,-336,384
6,1562829888517,-512,-160,-848
6,1562829888517,-512,-160,-848
2,1562829888548,-976,-112,240
2,1562829888551,-976,-96,240
4,1562829888563,-880,-336,384
4,1562829888567,-880,-336,384
4,1562829888571,-880,-336,384
6,1562829888575,-512,-160,-848
6,1562829888577,-496,-160,-848
2,1562829888592,-992,-96,224
2,1562829888593,-992,-96,240
4,1562829888601,-880,-336,384
4,1562829888603,-880,-336,384
6,1562829888613,-512,-160,-848
6,1562829888614,-512,-160,-848
6,1562829888615,-512,-160,-848
2,1562829888640,-976,-96,240
2,1562829888641,-960,-96,240
2,1562829888642,-976,-96,240
4,1562829888647,-880,-336,384
4,1562829888648,-880,-336,384
6,1562829888652,-512,-160,-848
6,1562829888659,-512,-160,-848
2,1562829888682,-976,-96,240
2,1562829888683,-976,-96,240
4,1562829888691,-880,-336,384
4,1562829888693,-880,-336,384
6,1562829888697,-512,-160,-848
6,1562829888698,-496,-160,-848
2,1562829888726,-976,-96,224
2,1562829888728,-992,-96,240
4,1562829888734,-880,-336,384
4,1562829888737,-880,-336,384
6,1562829888747,-512,-160,-848
6,1562829888748,-512,-160,-848
2,1562829888773,-976,-96,240
2,1562829888775,-976,-112,240
2,1562829888776,-976,-112,256
4,1562829888783,-880,-336,384
4,1562829888785,-880,-336,384
6,1562829888796,-496,-160,-848
6,1562829888797,-512,-160,-848
6,1562829888799,-512,-176,-848
2,1562829888818,-976,-112,240
2,1562829888821,-976,-96,240
4,1562829888830,-880,-336,384
4,1562829888831,-880,-336,384
4,1562829888832,-880,-336,384
6,1562829888835,-496,-160,-848
6,1562829888837,-496,-176,-848
2,1562829888862,-976,-112,224
2,1562829888863,-976,-112,240
4,1562829888872,-880,-336,368
4,1562829888874,-880,-336,384
6,1562829888883,-496,-160,-848
6,1562829888886,-512,-160,-848
2,1562829888907,-976,-112,256
2,1562829888909,-976,-112,240
4,1562829888918,-880,-336,384
4,1562829888920,-880,-336,384
4,1562829888922,-880,-336,384
6,1562829888930,-496,-160,-848
6,1562829888931,-496,-160,-848
2,1562829888956,-976,-128,240
2,1562829888958,-976,-128,240
2,1562829888959,-976,-128,240
4,1562829888966,-880,-352,368
4,1562829888968,-880,-336,368
6,1562829888972,-512,-176,-848
6,1562829888974,-512,-160,-848
6,1562829888977,-512,-160,-848
2,1562829888997,-976,-128,240
2,1562829888998,-976,-112,240
4,1562829889007,-880,-352,368
4,1562829889010,-880,-336,384
6,1562829889018,-496,-160,-848
6,1562829889019,-496,-160,-848
2,1562829889042,-976,-112,240
2,1562829889045,-976,-96,240
4,1562829889053,-880,-336,384
4,1562829889055,-880,-336,384
6,1562829889063,-512,-160,-848
6,1562829889064,-512,-160,-848
2,1562829889090,-976,-96,240
2,1562829889091,-976,-96,240
4,1562829889098,-880,-336,384
4,1562829889099,-880,-336,384
4,1562829889102,-880,-336,384
6,1562829889106,-496,-160,-848
6,1562829889116,-512,-160,-848
2,1562829889131,-976,-96,240
2,1562829889132,-976,-96,240
2,1562829889134,-976,-96,240
4,1562829889144,-880,-336,384
4,1562829889147,-880,-336,384
6,1562829889149,-496,-160,-848
6,1562829889150,-512,-160,-848
6,1562829889152,-496,-176,-848
2,1562829889176,-976,-80,240
2,1562829889178,-992,-64,240
4,1562829889184,-880,-336,368
4,1562829889186,-880,-336,384
6,1562829889195,-496,-160,-848
6,1562829889197,-496,-160,-848
2,1562829889223,-976,-48,240
2,1562829889228,-976,-64,240
4,1562829889229,-880,-320,384
4,1562829889231,-880,-336,384
6,1562829889240,-512,-160,-848
6,1562829889241,-496,-160,-848
2,1562829889267,-976,-64,240
2,1562829889270,-976,-96,256
4,1562829889278,-880,-336,384
4,1562829889279,-880,-352,384
6,1562829889284,-512,-160,-848
6,1562829889287,-512,-176,-848
2,1562829889312,-976,-112,256
2,1562829889313,-992,-128,272
2,1562829889314,-992,-160,272
4,1562829889324,-880,-352,384
4,1562829889328,-880,-352,384
4,1562829889331,-864,-368,384
6,1562829889333,-496,-160,-848
6,1562829889336,-496,-176,-848
6,1562829889339,-496,-176,-848
2,1562829889358,-992,-192,288
2,1562829889363,-1008,-208,288
4,1562829889372,-864,-384,384
4,1562829889374,-864,-384,384
6,1562829889376,-496,-176,-848
6,1562829889378,-496,-176,-848
2,1562829889407,-1040,-224,304
2,1562829889409,-1024,-208,288
4,1562829889417,-880,-384,368
4,1562829889419,-864,-400,368
6,1562829889422,-496,-176,-848
6,1562829889424,-496,-176,-864
6,1562829889426,-496,-176,-848
2,1562829889447,-896,-192,224
2,1562829889449,-816,-176,160
2,1562829889452,-816,-128,192
4,1562829889459,-864,-384,368
4,1562829889460,-848,-384,384
4,1562829889462,-848,-384,400
6,1562829889474,-512,-160,-848
6,1562829889475,-512,-160,-848
2,1562829889492,-912,-128,224
2,1562829889500,-976,-112,208
4,1562829889501,-864,-352,400
4,1562829889502,-880,-352,384
6,1562829889508,-512,-160,-848
6,1562829889510,-496,-176,-848
2,1562829889538,-1024,-80,224
2,1562829889540,-1040,-32,240
4,1562829889546,-896,-352,368
4,1562829889547,-880,-320,384
6,1562829889552,-496,-176,-848
6,1562829889557,-512,-160,-848
2,1562829889582,-1008,-16,240
2,1562829889583,-1008,-64,256
4,1562829889590,-880,-336,400
4,1562829889592,-880,-336,384
4,1562829889593,-880,-352,384
6,1562829889596,-512,-160,-848
6,1562829889597,-496,-176,-848
6,1562829889599,-496,-160,-848
2,1562829889627,-992,-96,256
2,1562829889629,-992,-112,256
2,1562829889630,-976,-144,256
4,1562829889637,-880,-352,384
4,1562829889639,-880,-352,368
6,1562829889646,-496,-160,-848
2,1562829889672,-976,-144,240
4,1562829889678,-880,-368,368
6,1562829889693,-496,-160,-848
2,1562829889718,-976,-144,224
4,1562829889727,-880,-352,368
6,1562829889732,-496,-176,-848
6,1562829889734,-496,-176,-848
6,1562829889736,-496,-176,-848
6,1562829889739,-496,-176,-848
2,1562829889762,-976,-144,224
2,1562829889771,-976,-144,240
2,1562829889773,-960,-176,256
2,1562829889776,-976,-160,256
4,1562829889779,-880,-352,368
4,1562829889780,-880,-368,368
4,1562829889782,-864,-368,384
4,1562829889783,-864,-368,368
4,1562829889785,-880,-368,368
6,1562829889793,-512,-160,-848
6,1562829889794,-496,-176,-848
6,1562829889796,-496,-176,-848
2,1562829889806,-976,-144,240
2,1562829889808,-976,-128,240
2,1562829889811,-976,-128,240
4,1562829889819,-864,-352,368
4,1562829889820,-880,-368,384
6,1562829889829,-496,-176,-848
6,1562829889830,-496,-176,-848
2,1562829889852,-976,-128,256
2,1562829889853,-976,-112,256
4,1562829889861,-880,-352,384
4,1562829889862,-880,-368,384
6,1562829889867,-496,-160,-848
6,1562829889868,-496,-160,-848
2,1562829889898,-976,-128,256
2,1562829889899,-976,-128,256
4,1562829889907,-880,-352,384
4,1562829889908,-864,-368,368
6,1562829889916,-496,-160,-848
6,1562829889917,-512,-176,-848
2,1562829889943,-976,-128,240
2,1562829889945,-976,-128,240
4,1562829889953,-880,-368,384
4,1562829889956,-880,-368,368
4,1562829889958,-880,-368,368
6,1562829889966,-496,-176,-848
6,1562829889967,-496,-176,-848
6,1562829889968,-496,-176,-848
2,1562829889988,-960,-128,224
2,1562829889989,-976,-128,240
2,1562829889994,-976,-128,240
4,1562829889996,-880,-368,368
4,1562829889997,-880,-368,368
6,1562829890005,-496,-176,-848
6,1562829890006,-496,-176,-848
2,1562829890031,-976,-128,240
2,1562829890032,-976,-144,240
4,1562829890041,-880,-368,368
4,1562829890042,-864,-368,384
6,1562829890048,-496,-176,-848
6,1562829890049,-496,-176,-848
2,1562829890079,-976,-144,240
2,1562829890080,-976,-144,240
4,1562829890088,-864,-368,368
4,1562829890089,-880,-368,368
4,1562829890091,-880,-368,368
6,1562829890098,-496,-176,-848
6,1562829890099,-496,-176,-848
2,1562829890123,-976,-160,240
2,1562829890123,-976,-160,240
2,1562829890125,-976,-160,256
4,1562829890134,-864,-368,368
4,1562829890137,-864,-368,368
6,1562829890148,-496,-176,-848
6,1562829890150,-496,-176,-848
6,1562829890150,-496,-160,-848
2,1562829890167,-976,-160,240
2,1562829890168,-976,-144,240
4,1562829890176,-880,-368,368
4,1562829890178,-880,-368,368
6,1562829890181,-496,-176,-848
6,1562829890183,-496,-176,-848
2,1562829890213,-960,-144,240
2,1562829890215,-976,-144,240
4,1562829890227,-880,-368,368
4,1562829890229,-864,-368,368
6,1562829890237,-496,-176,-848
6,1562829890238,-496,-176,-848
2,1562829890258,-976,-144,240
2,1562829890259,-976,-160,240
4,1562829890265,-880,-368,368
4,1562829890266,-880,-368,368
4,1562829890267,-864,-368,368
6,1562829890275,-480,-160,-848
6,1562829890276,-496,-176,-848
2,1562829890304,-976,-144,240
2,1562829890305,-960,-160,240
2,1562829890306,-976,-160,240
4,1562829890311,-864,-368,368
4,1562829890311,-880,-368,368
6,1562829890318,-496,-176,-848
6,1562829890319,-496,-160,-848
6,1562829890321,-496,-176,-848
2,1562829890346,-976,-160,240
2,1562829890348,-976,-160,224
4,1562829890356,-880,-368,368
4,1562829890359,-880,-368,368
6,1562829890367,-496,-176,-848
6,1562829890369,-496,-176,-848
2,1562829890391,-976,-160,240
2,1562829890392,-976,-160,224
4,1562829890398,-880,-368,368
4,1562829890399,-880,-368,368
6,1562829890410,-496,-176,-848
6,1562829890411,-496,-176,-848
6,1562829890413,-496,-160,-848
2,1562829890437,-976,-144,224
2,1562829890438,-976,-144,240
4,1562829890445,-880,-352,368
4,1562829890447,-880,-368,368
6,1562829890458,-496,-176,-848
6,1562829890459,-496,-176,-848
2,1562829890482,-976,-128,240
2,1562829890483,-976,-128,256
2,1562829890485,-976,-112,272
4,1562829890494,-880,-352,384
4,1562829890496,-880,-352,384
4,1562829890499,-880,-352,384
6,1562829890502,-496,-176,-848
6,1562829890504,-496,-176,-864
2,1562829890529,-960,-112,272
2,1562829890530,-960,-128,272
4,1562829890536,-864,-352,400
4,1562829890537,-864,-352,384
6,1562829890544,-512,-176,-848
6,1562829890546,-496,-176,-848
2,1562829890572,-976,-112,256
2,1562829890573,-976,-96,240
4,1562829890579,-880,-352,384
4,1562829890580,-880,-352,368
6,1562829890590,-512,-176,-848
6,1562829890591,-496,-176,-848
6,1562829890593,-496,-176,-848
2,1562829890617,-976,-96,224
2,1562829890626,-976,-80,224
4,1562829890630,-880,-336,368
4,1562829890631,-880,-352,368
4,1562829890633,-880,-336,368
6,1562829890634,-496,-160,-848
6,1562829890636,-512,-160,-848
2,1562829890661,-992,-80,208
2,1562829890662,-992,-80,224
2,1562829890663,-992,-80,224
4,1562829890670,-880,-336,384
4,1562829890671,-880,-336,384
6,1562829890680,-496,-160,-848
6,1562829890680,-496,-160,-848
2,1562829890706,-976,-112,224
2,1562829890710,-976,-144,240
4,1562829890714,-880,-352,368
4,1562829890715,-880,-352,368
6,1562829890725,-496,-176,-848
6,1562829890726,-496,-176,-848
2,1562829890752,-976,-176,240
2,1562829890753,-976,-176,240
4,1562829890760,-864,-368,368
4,1562829890761,-880,-368,368
4,1562829890762,-880,-368,368
6,1562829890767,-496,-176,-848
6,1562829890768,-496,-176,-848
6,1562829890778,-480,-176,-848
2,1562829890798,-960,-176,240
2,1562829890799,-960,-160,240
4,1562829890811,-880,-368,368
4,1562829890813,-880,-384,368
6,1562829890815,-496,-176,-864
6,1562829890817,-496,-176,-848
2,1562829890842,-976,-160,240
2,1562829890844,-976,-160,240
2,1562829890852,-976,-144,240
