1,1563792043090,0,432,880
1,1563792043095,0,432,880
5,1563792043099,224,-672,-672
5,1563792043104,192,-624,-688
3,1563792043108,-128,960,128
3,1563792043113,-176,960,96
1,1563792043118,0,432,880
1,1563792043124,-16,448,896
5,1563792043130,176,-624,-688
5,1563792043134,160,-656,-736
3,1563792043139,-160,976,80
1,1563792043150,-16,448,912
1,1563792043155,0,448,928
5,1563792043165,160,-672,-768
5,1563792043170,112,-656,-800
3,1563792043176,-160,1008,32
3,1563792043181,-192,1024,0
3,1563792043186,-192,1024,-32
1,1563792043191,0,464,944
1,1563792043195,16,480,944
5,1563792043204,128,-672,-816
5,1563792043209,96,-624,-832
3,1563792043213,-208,1024,-32
3,1563792043218,-240,1008,-48
1,1563792043225,16,480,944
1,1563792043230,-16,480,928
5,1563792043249,48,-624,-800
5,1563792043254,96,-624,-784
3,1563792043261,-224,992,-32
3,1563792043266,-224,976,-32
1,1563792043271,-48,480,912
1,1563792043276,-64,480,896
1,1563792043281,-48,464,880
5,1563792043286,96,-608,-784
5,1563792043290,96,-640,-784
3,1563792043295,-176,960,-64
3,1563792043299,-176,976,-32
1,1563792043306,-32,480,880
1,1563792043310,0,496,880
5,1563792043329,128,-608,-784
5,1563792043334,112,-576,-768
3,1563792043339,-192,976,-16
3,1563792043344,-192,992,-16
1,1563792043349,16,512,896
1,1563792043353,16,512,912
5,1563792043365,112,-608,-784
5,1563792043371,112,-672,-816
5,1563792043375,112,-688,-816
3,1563792043380,-176,1008,-16
3,1563792043384,-160,1040,-32
1,1563792043389,0,512,928
1,1563792043393,0,528,944
5,1563792043404,112,-688,-816
3,1563792043409,-176,1056,-16
3,1563792043414,-144,1056,-16
1,1563792043425,-32,528,944
1,1563792043430,-32,528,928
5,1563792043447,144,-672,-784
5,1563792043452,160,-624,-768
5,1563792043456,144,-592,-768
3,1563792043461,-160,1040,0
3,1563792043466,-160,1040,-16
1,1563792043473,-16,512,928
1,1563792043478,0,496,912
5,1563792043485,144,-592,-752
5,1563792043489,128,-624,-752
3,1563792043495,-144,1024,-32
3,1563792043499,-128,1008,-32
1,1563792043505,16,480,912
1,1563792043510,16,464,896
5,1563792043524,128,-640,-768
5,1563792043529,128,-608,-752
3,1563792043534,-128,992,-32
3,1563792043538,-144,992,-16
1,1563792043546,16,480,896
1,1563792043551,16,464,880
5,1563792043563,112,-592,-752
5,1563792043569,128,-608,-752
3,1563792043574,-144,976,-16
3,1563792043579,-144,976,-16
1,1563792043584,16,464,880
1,1563792043589,32,480,896
5,1563792043603,128,-608,-768
5,1563792043608,128,-640,-768
3,1563792043612,-144,976,-16
3,1563792043616,-144,992,-16
1,1563792043625,16,480,896
1,1563792043630,0,480,896
5,1563792043648,144,-624,-768
5,1563792043653,144,-608,-768
3,1563792043657,-128,992,0
3,1563792043662,-160,992,-16
1,1563792043666,0,480,896
1,1563792043670,0,480,912
5,1563792043686,112,-592,-784
5,1563792043694,112,-608,-768
3,1563792043699,-160,992,-16
3,1563792043703,-176,1008,-16
1,1563792043708,0,496,912
1,1563792043713,0,480,912
5,1563792043723,96,-688,-768
5,1563792043729,112,-672,-768
3,1563792043734,-128,1008,-32
3,1563792043738,-112,1008,-32
1,1563792043743,0,480,912
1,1563792043748,16,480,896
5,1563792043764,96,-656,-768
5,1563792043771,64,-656,-752
3,1563792043779,-112,1008,-48
3,1563792043784,-112,1008,-48
3,1563792043788,-112,1008,-64
1,1563792043793,32,480,912
1,1563792043797,32,496,912
5,1563792043806,64,-704,-736
5,1563792043810,96,-736,-752
3,1563792043815,-64,1024,-64
3,1563792043820,-48,1024,-96
1,1563792043824,16,496,912
1,1563792043828,16,496,896
5,1563792043850,112,-704,-752
5,1563792043855,128,-656,-752
3,1563792043860,-48,1008,-112
1,1563792043873,32,496,896
1,1563792043878,16,496,880
5,1563792043887,112,-640,-752
5,1563792043893,128,-640,-752
3,1563792043900,-64,1008,-80
3,1563792043906,-48,1008,-64
3,1563792043911,-80,1008,-64
1,1563792043920,-16,496,880
1,1563792043926,-32,496,896
5,1563792043931,96,-656,-736
5,1563792043937,80,-672,-752
3,1563792043942,-80,1008,-48
3,1563792043947,-64,1008,-80
1,1563792043952,-64,512,896
1,1563792043957,-64,512,896
5,1563792043964,112,-704,-752
5,1563792043968,160,-608,-768
3,1563792043974,-80,1024,-32
3,1563792043980,-128,1024,-32
1,1563792043987,-32,512,912
1,1563792043993,-32,528,912
5,1563792044005,144,-576,-784
5,1563792044012,192,-576,-816
3,1563792044021,-112,1040,-16
5,1563792044029,192,-560,-816
3,1563792044033,-144,1040,0
1,1563792044039,-16,528,928
1,1563792044044,-16,528,912
5,1563792044050,208,-544,-832
3,1563792044055,-144,1040,16
5,1563792044060,160,-544,-816
3,1563792044069,-160,1008,16
1,1563792044074,-16,528,912
1,1563792044079,0,528,896
5,1563792044085,208,-496,-816
5,1563792044090,272,-480,-832
3,1563792044095,-176,992,16
3,1563792044100,-176,992,64
1,1563792044105,0,512,896
1,1563792044110,0,512,896
1,1563792044115,-16,512,912
5,1563792044124,288,-512,-832
5,1563792044129,240,-608,-800
3,1563792044134,-176,1008,96
3,1563792044139,-176,1024,96
1,1563792044147,-16,528,928
1,1563792044153,-32,512,928
5,1563792044164,192,-688,-704
5,1563792044171,192,-752,-688
3,1563792044176,-64,1024,16
3,1563792044180,16,1040,0
1,1563792044186,-32,496,912
1,1563792044191,-16,496,880
5,1563792044206,176,-688,-688
5,1563792044212,192,-672,-704
3,1563792044217,-32,1008,16
3,1563792044223,-48,992,48
1,1563792044228,0,496,880
1,1563792044233,16,496,880
5,1563792044244,192,-672,-720
5,1563792044251,144,-656,-736
3,1563792044255,-32,992,16
3,1563792044261,-48,1008,-48
1,1563792044266,16,496,880
1,1563792044270,32,480,896
5,1563792044284,48,-688,-768
5,1563792044290,-48,-672,-768
3,1563792044296,-64,1008,-112
3,1563792044302,-64,1008,-192
1,1563792044307,64,480,880
1,1563792044312,64,480,880
5,1563792044324,-32,-640,-784
5,1563792044328,0,-656,-768
3,1563792044334,-64,1008,-160
3,1563792044339,-48,992,-128
1,1563792044347,64,480,896
1,1563792044352,16,480,912
5,1563792044364,64,-672,-736
5,1563792044370,176,-672,-736
3,1563792044375,-64,1008,-64
3,1563792044380,-64,1024,16
1,1563792044386,-16,480,912
1,1563792044390,-32,480,912
5,1563792044403,208,-688,-688
5,1563792044411,288,-672,-704
3,1563792044418,-64,1024,64
3,1563792044424,-48,1024,128
1,1563792044429,-32,480,912
1,1563792044435,0,464,896
5,1563792044444,304,-672,-688
5,1563792044449,288,-672,-688
3,1563792044454,-32,1008,160
3,1563792044460,-32,992,144
1,1563792044465,32,480,896
1,1563792044471,64,464,896
5,1563792044484,272,-656,-704
5,1563792044490,224,-656,-720
3,1563792044495,-48,992,96
3,1563792044502,-64,1008,80
3,1563792044508,-80,1024,32
1,1563792044515,96,480,912
1,1563792044520,112,480,912
5,1563792044528,176,-672,-736
5,1563792044534,192,-672,-736
3,1563792044539,-80,1040,48
3,1563792044548,-80,1040,80
1,1563792044554,96,496,928
1,1563792044558,64,480,928
5,1563792044569,256,-656,-720
3,1563792044575,-64,1024,128
5,1563792044582,304,-656,-720
1,1563792044588,64,496,928
1,1563792044593,80,496,912
5,1563792044605,288,-672,-704
5,1563792044612,256,-672,-688
3,1563792044617,-64,1024,96
3,1563792044623,-48,1024,128
3,1563792044630,-32,1008,112
1,1563792044638,80,480,912
1,1563792044645,80,480,896
5,1563792044652,240,-688,-688
5,1563792044658,288,-672,-656
3,1563792044665,-48,992,128
3,1563792044671,-32,992,144
1,1563792044677,96,464,896
1,1563792044686,112,464,912
5,1563792044692,272,-688,-688
5,1563792044698,288,-704,-656
5,1563792044704,304,-720,-640
3,1563792044709,-16,1008,128
3,1563792044715,0,1008,160
1,1563792044721,128,464,896
1,1563792044727,128,464,896
5,1563792044735,320,-720,-624
5,1563792044741,352,-704,-624
3,1563792044747,0,992,176
3,1563792044754,0,976,192
1,1563792044759,144,448,896
1,1563792044766,160,432,896
5,1563792044773,368,-704,-608
5,1563792044778,384,-720,-592
3,1563792044784,0,976,208
3,1563792044790,16,976,224
1,1563792044796,160,432,896
1,1563792044802,176,432,896
5,1563792044813,384,-720,-592
5,1563792044819,368,-704,-608
3,1563792044826,0,960,224
3,1563792044831,0,976,224
1,1563792044837,176,416,912
1,1563792044843,192,416,896
5,1563792044849,352,-704,-608
5,1563792044855,352,-720,-624
3,1563792044860,0,976,208
3,1563792044866,0,976,208
1,1563792044872,208,432,912
1,1563792044878,208,432,928
3,1563792044886,-16,992,208
3,1563792044892,-16,992,208
1,1563792044902,208,432,928
1,1563792044908,208,432,928
5,1563792044924,352,-704,-624
5,1563792044931,336,-704,-640
5,1563792044937,352,-704,-640
5,1563792044943,352,-704,-640
3,1563792044950,-32,992,224
3,1563792044955,-16,992,240
1,1563792044962,192,448,928
1,1563792044968,192,448,928
1,1563792044975,192,448,928
5,1563792044985,368,-688,-640
5,1563792044991,368,-688,-640
3,1563792044997,-16,992,240
3,1563792045003,-16,992,240
1,1563792045010,192,448,912
1,1563792045015,192,448,912
5,1563792045022,352,-672,-640
5,1563792045028,352,-688,-640
3,1563792045033,-16,992,224
3,1563792045039,-16,992,224
1,1563792045045,176,448,912
1,1563792045050,176,448,912
5,1563792045057,352,-688,-640
5,1563792045062,352,-704,-640
3,1563792045072,-16,992,240
3,1563792045077,-16,992,224
1,1563792045084,176,464,912
1,1563792045092,176,464,912
5,1563792045097,352,-688,-640
5,1563792045103,352,-688,-640
3,1563792045109,0,992,224
3,1563792045115,-16,992,224
1,1563792045123,176,448,912
1,1563792045130,160,464,912
5,1563792045136,336,-688,-640
5,1563792045142,336,-688,-656
3,1563792045148,-16,992,208
3,1563792045154,-32,992,208
1,1563792045162,160,464,912
1,1563792045169,144,448,912
5,1563792045216,336,-672,-656
5,1563792045221,320,-672,-656
3,1563792045226,-32,992,208
3,1563792045231,-32,1008,208
1,1563792045236,144,464,912
1,1563792045241,128,464,912
5,1563792045248,320,-688,-656
5,1563792045255,336,-672,-656
3,1563792045260,-16,992,208
3,1563792045265,-16,992,208
3,1563792045270,0,992,224
1,1563792045275,128,464,912
1,1563792045279,128,448,896
5,1563792045287,352,-688,-656
5,1563792045292,352,-688,-656
3,1563792045297,-16,992,224
3,1563792045302,-16,992,208
1,1563792045308,128,464,896
1,1563792045313,128,464,896
5,1563792045318,336,-672,-672
5,1563792045323,304,-672,-672
3,1563792045329,-16,992,192
1,1563792045334,144,464,912
1,1563792045339,144,464,912
5,1563792045345,288,-672,-672
5,1563792045350,256,-672,-704
5,1563792045355,224,-672,-704
3,1563792045360,-32,992,176
3,1563792045366,-32,992,144
3,1563792045372,-48,1008,112
1,1563792045377,144,464,912
1,1563792045383,128,480,912
5,1563792045390,224,-672,-704
5,1563792045396,240,-656,-720
3,1563792045401,-48,1008,112
3,1563792045407,-32,1024,128
1,1563792045412,128,480,912
1,1563792045418,112,496,912
5,1563792045429,240,-672,-720
5,1563792045436,256,-672,-704
3,1563792045442,-48,1008,144
3,1563792045447,-32,1008,160
1,1563792045451,96,496,912
1,1563792045456,80,496,896
5,1563792045461,256,-672,-704
5,1563792045466,256,-672,-704
3,1563792045470,-32,1008,160
3,1563792045474,-32,1008,160
1,1563792045483,80,480,896
1,1563792045488,80,480,896
5,1563792045493,240,-672,-704
5,1563792045497,224,-672,-720
3,1563792045504,-32,1008,128
3,1563792045508,-32,1008,128
1,1563792045513,96,480,896
1,1563792045517,96,480,896
5,1563792045524,208,-672,-720
5,1563792045529,192,-672,-720
3,1563792045533,-32,1008,112
3,1563792045537,-32,1008,112
1,1563792045543,96,480,896
1,1563792045547,96,496,896
5,1563792045564,192,-656,-736
5,1563792045569,176,-656,-736
3,1563792045575,-32,1008,112
3,1563792045580,-48,1008,96
1,1563792045585,80,480,896
1,1563792045589,96,496,896
5,1563792045603,144,-656,-752
5,1563792045609,112,-640,-768
3,1563792045614,-48,1008,80
3,1563792045618,-64,1024,48
1,1563792045626,80,496,912
1,1563792045631,80,496,912
5,1563792045644,80,-624,-784
5,1563792045649,64,-640,-784
3,1563792045654,-80,1040,16
3,1563792045659,-80,1056,16
1,1563792045665,96,496,928
1,1563792045669,80,512,928
5,1563792045683,96,-656,-752
5,1563792045690,128,-656,-736
3,1563792045697,-48,1040,32
3,1563792045702,-32,1008,64
1,1563792045707,48,496,896
1,1563792045712,32,496,880
1,1563792045716,32,496,880
5,1563792045724,160,-672,-736
5,1563792045730,112,-656,-752
3,1563792045734,-48,976,48
3,1563792045739,-48,992,32
1,1563792045744,48,496,880
5,1563792045764,96,-656,-736
5,1563792045769,80,-640,-752
3,1563792045774,-48,1008,16
3,1563792045778,-48,1024,16
1,1563792045784,48,512,896
1,1563792045789,64,512,896
1,1563792045793,48,512,912
5,1563792045804,80,-656,-768
5,1563792045808,64,-640,-768
3,1563792045814,-64,1024,0
3,1563792045819,-32,1008,0
1,1563792045824,48,512,896
1,1563792045829,32,512,896
5,1563792045846,96,-640,-768
5,1563792045851,80,-640,-752
3,1563792045856,-64,1008,0
3,1563792045861,-64,1024,16
1,1563792045866,32,512,896
5,1563792045883,96,-656,-768
5,1563792045888,80,-656,-768
3,1563792045893,-64,1024,0
3,1563792045897,-64,1024,0
1,1563792045904,32,512,896
1,1563792045910,32,512,912
1,1563792045914,16,512,912
5,1563792045924,48,-624,-768
5,1563792045932,16,-608,-800
3,1563792045936,-80,1008,-32
3,1563792045941,-112,1024,-32
3,1563792045946,-64,1040,-32
1,1563792045951,32,528,912
1,1563792045956,16,512,912
5,1563792045965,48,-640,-784
5,1563792045969,32,-640,-784
5,1563792045974,32,-640,-784
3,1563792045978,-80,1024,-32
3,1563792045983,-80,1024,-48
1,1563792045988,16,512,896
1,1563792045992,16,512,896
5,1563792046005,0,-640,-768
5,1563792046010,-32,-624,-752
3,1563792046014,-64,1008,-64
1,1563792046024,16,512,880
1,1563792046029,16,528,896
5,1563792046044,-48,-608,-784
5,1563792046049,-32,-672,-768
3,1563792046054,-80,992,-80
3,1563792046058,-96,1008,-80
3,1563792046063,-64,1024,-96
1,1563792046070,0,528,912
1,1563792046075,-16,512,896
5,1563792046084,-16,-656,-768
5,1563792046089,-16,-672,-752
3,1563792046094,-80,1024,-80
3,1563792046099,-80,1008,-80
1,1563792046104,-32,512,896
1,1563792046109,-32,496,880
5,1563792046127,-48,-656,-736
5,1563792046132,-48,-656,-720
3,1563792046137,-64,992,-96
3,1563792046144,-64,976,-96
5,1563792046165,-64,-672,-720
5,1563792046170,-64,-672,-720
3,1563792046174,-64,976,-112
3,1563792046178,-64,992,-96
1,1563792046186,-32,512,880
1,1563792046190,-32,496,880
1,1563792046194,-32,496,880
1,1563792046199,-32,512,880
5,1563792046207,-64,-656,-736
5,1563792046213,-64,-656,-752
3,1563792046218,-80,992,-96
3,1563792046225,-80,1008,-96
1,1563792046229,-32,512,880
1,1563792046234,-32,512,896
5,1563792046244,-64,-656,-736
5,1563792046249,-64,-672,-752
3,1563792046254,-96,1008,-96
3,1563792046258,-96,1008,-112
1,1563792046263,-32,512,896
1,1563792046268,-32,512,896
5,1563792046286,-64,-656,-752
5,1563792046292,-48,-656,-752
3,1563792046296,-96,1008,-112
3,1563792046301,-80,1008,-112
1,1563792046306,-32,512,896
1,1563792046311,-32,512,896
5,1563792046325,-96,-640,-736
5,1563792046330,-80,-672,-736
3,1563792046334,-80,992,-128
3,1563792046339,-80,992,-128
1,1563792046344,-32,512,880
1,1563792046349,-48,512,880
5,1563792046365,-64,-656,-736
5,1563792046370,-64,-656,-736
3,1563792046374,-80,992,-112
3,1563792046379,-80,992,-112
1,1563792046384,-64,512,880
1,1563792046388,-32,512,896
5,1563792046404,-64,-656,-736
5,1563792046411,-64,-656,-736
3,1563792046422,-80,992,-112
3,1563792046427,-80,1008,-112
1,1563792046432,-32,528,880
1,1563792046437,-48,512,880
5,1563792046444,-64,-656,-736
5,1563792046449,-64,-672,-736
3,1563792046454,-80,992,-112
3,1563792046459,-48,976,-128
1,1563792046465,-48,512,880
1,1563792046471,-48,496,864
5,1563792046486,-96,-656,-720
5,1563792046491,-144,-624,-720
3,1563792046495,-32,976,-160
3,1563792046499,-96,960,-160
1,1563792046506,-48,496,848
1,1563792046511,-32,512,880
5,1563792046524,-144,-592,-768
5,1563792046528,-48,-608,-800
3,1563792046534,-112,992,-160
3,1563792046539,-128,1056,-112
1,1563792046544,-32,544,912
1,1563792046549,-32,560,944
1,1563792046554,-48,560,944
5,1563792046565,32,-624,-832
5,1563792046570,96,-640,-816
3,1563792046578,-112,1072,-48
3,1563792046583,-96,1072,-32
1,1563792046588,-32,560,912
5,1563792046605,96,-640,-816
5,1563792046610,48,-640,-784
5,1563792046615,0,-624,-768
3,1563792046620,-80,1040,-32
3,1563792046624,-64,1008,-64
5,1563792046645,0,-624,-752
5,1563792046650,32,-640,-768
3,1563792046655,-80,992,-80
3,1563792046660,-64,976,-80
1,1563792046665,-16,544,880
1,1563792046671,16,512,864
1,1563792046675,32,512,864
1,1563792046680,32,528,880
1,1563792046690,32,512,896
5,1563792046694,48,-624,-768
5,1563792046699,80,-640,-784
3,1563792046706,-48,992,-48
3,1563792046711,-64,1008,-32
3,1563792046715,-80,1024,-16
1,1563792046719,16,528,896
1,1563792046724,16,528,912
5,1563792046731,80,-640,-784
5,1563792046737,80,-640,-800
3,1563792046742,-64,1040,-32
1,1563792046747,16,528,912
1,1563792046752,48,528,928
5,1563792046763,128,-656,-816
5,1563792046769,176,-656,-816
3,1563792046774,-80,1056,-16
3,1563792046778,-48,1072,32
3,1563792046783,-48,1056,16
1,1563792046794,80,528,944
1,1563792046799,80,512,912
5,1563792046805,64,-720,-768
5,1563792046812,-32,-736,-736
3,1563792046817,0,1024,-80
3,1563792046823,16,992,-160
1,1563792046828,64,480,896
1,1563792046832,48,464,848
5,1563792046844,-32,-688,-704
5,1563792046848,96,-656,-736
3,1563792046854,-16,944,-96
1,1563792046866,48,464,832
1,1563792046871,64,480,864
5,1563792046884,176,-704,-720
5,1563792046890,64,-768,-736
3,1563792046894,0,960,16
3,1563792046899,64,992,64
3,1563792046907,32,1008,-48
1,1563792046911,96,496,880
1,1563792046916,112,512,896
5,1563792046923,-32,-768,-768
5,1563792046932,32,-688,-848
3,1563792046936,-32,1056,-96
3,1563792046948,0,1088,-128
1,1563792046953,144,544,896
1,1563792046958,176,544,912
5,1563792046965,48,-576,-848
5,1563792046971,64,-560,-848
3,1563792046975,-32,1056,-112
3,1563792046980,-32,1024,-80
1,1563792046985,144,528,912
1,1563792046989,80,512,912
5,1563792047004,48,-560,-864
5,1563792047010,48,-576,-864
3,1563792047014,-80,1024,-80
3,1563792047020,-96,1024,-80
1,1563792047025,16,512,912
1,1563792047030,-16,512,912
5,1563792047043,32,-560,-864
5,1563792047049,64,-560,-864
3,1563792047053,-112,1056,-64
3,1563792047058,-96,1040,-64
1,1563792047066,-16,544,912
1,1563792047071,-16,528,912
5,1563792047083,80,-528,-864
5,1563792047088,96,-512,-864
3,1563792047093,-80,1040,-64
3,1563792047098,-80,1024,-64
1,1563792047104,0,512,912
1,1563792047108,0,512,912
5,1563792047124,80,-512,-816
5,1563792047128,48,-560,-848
3,1563792047136,-80,1008,-64
3,1563792047140,-80,1008,-80
1,1563792047146,0,512,896
1,1563792047151,32,496,896
5,1563792047166,32,-528,-848
5,1563792047171,16,-528,-864
3,1563792047176,-64,992,-96
3,1563792047180,-48,992,-112
1,1563792047185,64,496,896
1,1563792047190,64,480,880
5,1563792047204,32,-528,-848
5,1563792047209,16,-512,-832
3,1563792047214,-32,976,-112
3,1563792047219,-48,976,-112
1,1563792047225,48,480,896
1,1563792047230,16,464,896
5,1563792047243,0,-544,-816
5,1563792047249,-16,-560,-816
3,1563792047253,-32,992,-112
3,1563792047258,-32,992,-128
1,1563792047268,-16,464,896
1,1563792047272,-32,464,896
5,1563792047286,-16,-576,-800
5,1563792047291,0,-576,-800
5,1563792047296,-16,-576,-752
3,1563792047302,0,1008,-128
3,1563792047307,32,992,-144
1,1563792047312,-48,480,896
1,1563792047316,-48,480,896
5,1563792047323,-32,-592,-768
5,1563792047328,-32,-560,-768
3,1563792047333,16,992,-144
3,1563792047337,16,992,-160
1,1563792047347,-48,480,896
1,1563792047352,-64,496,880
1,1563792047356,-32,496,880
5,1563792047364,-48,-512,-752
5,1563792047369,-48,-416,-736
3,1563792047373,0,992,-160
3,1563792047378,-16,976,-160
1,1563792047385,-16,496,896
1,1563792047390,-48,480,880
5,1563792047404,-64,-544,-752
5,1563792047409,-112,-848,-768
3,1563792047414,-32,992,-176
3,1563792047418,48,992,-208
3,1563792047423,176,976,-160
1,1563792047428,-64,464,864
5,1563792047443,-64,-848,-784
5,1563792047453,-112,-640,-720
3,1563792047458,32,1024,-128
1,1563792047465,-48,496,896
1,1563792047473,-32,512,912
1,1563792047478,-48,576,1056
5,1563792047486,-128,32,-1312
5,1563792047491,928,-496,-800
3,1563792047496,-16,1024,-192
3,1563792047502,-976,1120,608
3,1563792047508,-256,1040,96
1,1563792047512,-64,720,1104
1,1563792047517,-96,432,880
5,1563792047529,224,-272,-752
5,1563792047533,-208,-368,-560
3,1563792047538,96,1072,-368
3,1563792047543,-32,912,-352
1,1563792047547,64,400,896
5,1563792047563,-272,-944,-576
5,1563792047569,0,-1296,-576
3,1563792047573,288,976,-160
1,1563792047584,64,432,864
1,1563792047588,-48,448,864
1,1563792047593,-64,464,864
5,1563792047604,128,-1024,-672
5,1563792047612,-32,-688,-688
3,1563792047616,416,976,-48
3,1563792047620,48,976,-112
3,1563792047625,-144,960,-192
1,1563792047632,-16,480,880
1,1563792047637,-32,464,880
5,1563792047644,-112,-576,-656
5,1563792047649,-128,-560,-624
3,1563792047654,-144,960,-224
3,1563792047658,-80,944,-208
1,1563792047665,-32,448,880
1,1563792047669,-32,464,880
5,1563792047684,-96,-592,-608
5,1563792047692,-80,-672,-608
3,1563792047700,-80,944,-192
3,1563792047704,-16,960,-176
1,1563792047714,-48,448,880
1,1563792047718,-64,464,896
5,1563792047727,-64,-752,-576
5,1563792047732,-16,-784,-576
3,1563792047737,16,976,-176
3,1563792047742,-48,1008,-144
1,1563792047746,-80,480,912
1,1563792047751,-64,496,976
5,1563792047763,-336,-1024,-576
5,1563792047771,-288,-1312,-688
3,1563792047776,32,1024,-256
3,1563792047780,112,1248,-256
1,1563792047784,-64,528,1056
1,1563792047789,-48,576,1024
5,1563792047805,464,-928,-672
5,1563792047811,144,-864,-752
3,1563792047817,-96,1184,-128
3,1563792047822,-176,1152,-64
1,1563792047828,16,560,1072
1,1563792047832,64,544,1072
5,1563792047846,-96,-816,-688
5,1563792047851,112,-960,-656
3,1563792047855,-160,1168,-144
3,1563792047860,-48,1216,-128
1,1563792047865,32,544,1104
1,1563792047869,32,528,1088
5,1563792047883,80,-1040,-576
5,1563792047888,-144,-1008,-416
3,1563792047894,16,1216,-192
3,1563792047899,16,1184,-288
1,1563792047905,64,496,1056
1,1563792047910,16,432,1008
5,1563792047928,-224,-1056,-304
5,1563792047937,-144,-1136,-176
5,1563792047942,-208,-1152,-32
3,1563792047949,144,1104,-304
3,1563792047953,320,1008,-288
1,1563792047960,-16,368,928
1,1563792047965,-32,320,864
5,1563792047971,-272,-1104,32
5,1563792047975,-240,-960,16
3,1563792047980,400,928,-320
3,1563792047985,384,864,-272
1,1563792047990,-64,304,800
1,1563792047994,-112,288,752
5,1563792048004,-240,-816,-32
5,1563792048010,-240,-784,-48
3,1563792048015,176,800,-224
3,1563792048020,80,736,-208
1,1563792048027,-112,256,720
1,1563792048032,-128,224,704
5,1563792048047,-192,-816,-80
5,1563792048052,-128,-816,-128
3,1563792048064,128,704,-240
3,1563792048069,144,720,-208
1,1563792048073,-128,208,704
1,1563792048078,-144,224,720
5,1563792048086,-96,-768,-160
5,1563792048095,-224,-976,-240
3,1563792048102,80,752,-160
3,1563792048107,64,768,-176
1,1563792048112,-128,240,752
1,1563792048117,-112,272,816
5,1563792048125,32,-896,-416
5,1563792048130,960,-1760,-1328
3,1563792048134,48,848,-160
3,1563792048139,-128,912,-64
3,1563792048144,-640,1184,496
1,1563792048149,-112,320,912
1,1563792048154,-48,448,1280
5,1563792048164,432,-384,-432
5,1563792048170,-320,-1024,-560
3,1563792048174,-352,1536,96
1,1563792048199,-32,576,1344
1,1563792048204,0,512,1216
1,1563792048208,64,368,1008
5,1563792048214,-352,-832,-320
5,1563792048219,-400,-880,-224
1,1563792048224,112,272,816
1,1563792048229,128,272,736
5,1563792048246,-240,-864,-128
5,1563792048252,-144,-992,-48
3,1563792048257,48,1488,-208
3,1563792048263,-80,1024,-352
3,1563792048268,128,736,-304
3,1563792048273,304,656,-208
3,1563792048278,368,768,-176
1,1563792048283,80,288,784
5,1563792048288,-48,-1152,-48
5,1563792048293,-48,-1152,-112
3,1563792048298,384,976,-144
1,1563792048307,32,352,928
1,1563792048312,0,480,1056
1,1563792048317,-48,544,1088
5,1563792048325,-112,-976,-272
5,1563792048330,-336,-704,-464
3,1563792048334,304,1184,-112
3,1563792048339,16,1184,-192
3,1563792048344,-320,1152,-240
1,1563792048349,16,528,1120
1,1563792048353,64,496,1072
3,1563792048367,-256,1120,-368
3,1563792048372,96,1024,-352
1,1563792048384,0,400,992
5,1563792048406,-512,-688,-528
5,1563792048412,-464,-800,-384
5,1563792048417,-368,-1024,-144
5,1563792048421,-192,-1008,-128
3,1563792048427,352,928,-304
3,1563792048432,240,896,-240
1,1563792048437,-48,336,912
1,1563792048441,-64,336,880
1,1563792048447,-48,368,864
5,1563792048452,-96,-1008,-128
5,1563792048459,-128,-992,-128
3,1563792048465,192,880,-224
3,1563792048470,208,912,-224
1,1563792048475,-16,368,912
1,1563792048480,-16,384,944
5,1563792048485,-112,-1024,-96
5,1563792048490,-48,-1040,-96
1,1563792048503,-32,384,960
1,1563792048508,-80,384,944
5,1563792048524,64,-1056,-128
5,1563792048532,-48,-992,-96
3,1563792048537,208,976,-208
3,1563792048542,208,992,-144
3,1563792048546,176,992,-160
3,1563792048551,176,944,-240
1,1563792048556,-48,368,912
1,1563792048561,-80,384,928
5,1563792048565,-192,-992,-80
5,1563792048571,-96,-1008,-80
5,1563792048575,-32,-1024,-80
3,1563792048580,144,944,-256
3,1563792048585,176,960,-224
1,1563792048589,-112,384,928
1,1563792048593,-144,368,928
5,1563792048603,-128,-1008,-48
5,1563792048609,-96,-1008,0
3,1563792048615,192,944,-240
3,1563792048620,176,928,-240
1,1563792048625,-176,352,928
1,1563792048630,-176,352,960
5,1563792048644,80,-1008,-112
5,1563792048649,48,-976,-208
3,1563792048654,192,976,-192
3,1563792048659,32,1024,-144
1,1563792048664,-112,400,1024
1,1563792048669,-64,416,1040
5,1563792048685,-16,-992,-208
5,1563792048690,-48,-1008,-144
3,1563792048695,48,1088,-192
3,1563792048700,96,1024,-240
1,1563792048705,-16,416,992
1,1563792048710,-32,368,928
5,1563792048723,-80,-1008,-80
5,1563792048728,-64,-992,-48
3,1563792048734,176,944,-256
3,1563792048738,192,896,-272
1,1563792048743,-32,368,896
1,1563792048747,-64,368,912
5,1563792048764,-48,-1008,-48
5,1563792048772,0,-1040,-80
3,1563792048778,208,912,-256
3,1563792048783,160,960,-224
1,1563792048788,-96,400,944
1,1563792048792,-96,432,976
5,1563792048805,0,-1024,-96
5,1563792048811,0,-1008,-112
3,1563792048815,160,1008,-240
3,1563792048822,144,1008,-240
1,1563792048829,-80,448,976
1,1563792048835,-80,448,944
5,1563792048844,0,-1008,-96
5,1563792048853,16,-1024,-80
3,1563792048857,160,976,-240
3,1563792048863,176,960,-224
3,1563792048867,176,944,-240
1,1563792048873,-112,416,944
1,1563792048877,-112,400,928
5,1563792048884,0,-1024,-80
5,1563792048889,-32,-1008,-96
3,1563792048894,160,944,-256
1,1563792048907,-96,384,928
1,1563792048912,-80,400,944
5,1563792048924,-64,-1008,-112
5,1563792048929,-48,-1008,-128
3,1563792048934,144,960,-272
3,1563792048939,112,976,-272
3,1563792048945,144,976,-272
1,1563792048949,-80,416,944
1,1563792048953,-112,400,944
5,1563792048963,-32,-1008,-128
5,1563792048968,-16,-1008,-112
3,1563792048973,128,976,-256
3,1563792048978,128,976,-272
1,1563792048988,-144,400,944
1,1563792048992,-160,400,960
5,1563792049004,-16,-992,-112
5,1563792049010,-96,-976,-144
3,1563792049015,112,960,-288
1,1563792049023,-144,400,944
1,1563792049028,-112,400,944
1,1563792049032,-112,416,944
5,1563792049044,-128,-976,-160
5,1563792049049,-112,-992,-144
3,1563792049054,80,960,-320
3,1563792049060,96,960,-320
3,1563792049065,112,960,-304
1,1563792049070,-112,400,944
1,1563792049074,-112,416,944
5,1563792049084,-80,-992,-144
5,1563792049088,-48,-1008,-144
3,1563792049093,112,960,-288
3,1563792049098,128,976,-272
1,1563792049103,-112,416,944
5,1563792049125,-32,-1008,-144
5,1563792049131,-32,-992,-144
3,1563792049136,144,976,-256
3,1563792049141,128,976,-272
1,1563792049147,-96,432,928
1,1563792049152,-80,432,944
1,1563792049156,-64,432,944
5,1563792049164,-32,-1008,-160
5,1563792049169,-16,-1008,-144
3,1563792049174,128,976,-256
3,1563792049178,128,976,-256
1,1563792049183,-64,432,944
1,1563792049187,-96,416,944
5,1563792049202,0,-1008,-144
5,1563792049212,32,-1008,-144
5,1563792049217,16,-1008,-160
3,1563792049222,128,976,-240
3,1563792049227,128,976,-224
1,1563792049232,-112,400,960
1,1563792049237,-112,400,960
5,1563792049243,16,-992,-176
5,1563792049248,0,-992,-176
3,1563792049253,96,976,-240
3,1563792049258,80,992,-240
1,1563792049265,-96,400,960
1,1563792049269,-80,400,960
5,1563792049283,-16,-992,-160
5,1563792049288,-32,-992,-160
3,1563792049303,96,976,-256
3,1563792049309,96,960,-256
1,1563792049313,-80,400,944
1,1563792049318,-64,384,928
5,1563792049323,-48,-992,-160
5,1563792049329,-48,-976,-160
3,1563792049334,112,976,-272
3,1563792049338,96,976,-272
1,1563792049346,-64,384,944
1,1563792049351,-48,384,944
5,1563792049364,-48,-976,-176
5,1563792049368,-48,-992,-176
3,1563792049381,80,976,-256
3,1563792049386,80,992,-256
1,1563792049390,-48,384,944
1,1563792049394,-48,400,944
5,1563792049403,-16,-976,-176
5,1563792049408,-16,-992,-144
3,1563792049415,96,976,-240
3,1563792049421,112,976,-240
1,1563792049426,-48,384,944
1,1563792049430,-48,384,944
5,1563792049445,0,-1008,-144
5,1563792049450,0,-1008,-144
3,1563792049454,128,976,-224
3,1563792049459,112,976,-224
1,1563792049464,-32,384,944
1,1563792049469,-32,384,944
5,1563792049483,16,-1008,-144
5,1563792049488,16,-992,-160
3,1563792049493,112,976,-224
3,1563792049498,112,976,-208
1,1563792049503,-32,384,960
1,1563792049507,-32,384,960
5,1563792049522,32,-1008,-160
5,1563792049527,32,-992,-160
3,1563792049532,112,992,-208
3,1563792049537,112,992,-192
1,1563792049545,-32,384,960
1,1563792049552,-32,384,944
5,1563792049565,48,-1008,-144
5,1563792049569,32,-992,-160
3,1563792049574,112,992,-192
3,1563792049580,96,976,-208
1,1563792049585,-32,384,960
1,1563792049589,-32,384,960
5,1563792049603,48,-992,-160
5,1563792049611,48,-992,-160
3,1563792049620,96,992,-192
3,1563792049624,96,992,-192
1,1563792049629,-32,384,960
1,1563792049634,-32,368,960
5,1563792049643,64,-992,-144
5,1563792049648,48,-992,-144
3,1563792049654,112,992,-176
3,1563792049659,112,992,-176
3,1563792049664,96,992,-176
1,1563792049668,-32,368,960
1,1563792049673,-16,368,944
5,1563792049685,64,-992,-160
5,1563792049690,64,-992,-144
3,1563792049695,96,992,-176
3,1563792049699,96,992,-176
1,1563792049705,-16,368,960
1,1563792049710,-16,368,960
5,1563792049724,64,-992,-160
5,1563792049729,48,-992,-144
3,1563792049734,96,992,-176
5,1563792049764,48,-992,-144
5,1563792049771,64,-992,-144
3,1563792049775,96,992,-176
3,1563792049780,96,976,-176
3,1563792049785,96,992,-176
1,1563792049791,0,368,960
1,1563792049795,0,368,960
1,1563792049804,0,352,960
1,1563792049809,0,352,960
5,1563792049813,64,-992,-144
5,1563792049818,64,-992,-144
3,1563792049823,96,992,-160
3,1563792049827,96,992,-160
1,1563792049831,0,352,960
1,1563792049836,0,368,976
5,1563792049847,80,-992,-144
5,1563792049852,80,-992,-144
3,1563792049858,96,992,-160
3,1563792049863,96,992,-160
1,1563792049873,-16,352,960
1,1563792049878,-16,352,976
1,1563792049882,0,352,960
5,1563792049887,80,-1008,-144
5,1563792049892,96,-1008,-144
5,1563792049897,96,-992,-144
3,1563792049902,96,1008,-144
3,1563792049907,96,992,-144
1,1563792049911,0,352,960
1,1563792049916,0,352,976
5,1563792049925,96,-992,-144
5,1563792049931,96,-992,-144
3,1563792049935,96,992,-144
3,1563792049939,96,992,-144
1,1563792049943,0,352,960
5,1563792049962,96,-992,-144
5,1563792049972,96,-992,-144
3,1563792049977,80,1008,-144
3,1563792049981,96,992,-144
1,1563792049987,0,352,960
1,1563792049992,0,352,976
1,1563792049996,16,352,960
5,1563792050003,112,-992,-144
5,1563792050009,96,-992,-144
3,1563792050013,96,992,-144
3,1563792050018,96,992,-144
1,1563792050026,16,352,976
1,1563792050030,16,352,960
5,1563792050042,112,-992,-144
5,1563792050047,128,-992,-144
3,1563792050052,96,1008,-144
3,1563792050057,80,1008,-128
1,1563792050063,0,352,960
1,1563792050067,0,352,976
5,1563792050083,128,-992,-144
5,1563792050088,128,-992,-144
3,1563792050095,96,1008,-128
3,1563792050100,96,1008,-128
1,1563792050105,0,352,960
1,1563792050110,0,336,976
5,1563792050127,112,-992,-144
5,1563792050132,112,-992,-144
3,1563792050137,80,992,-144
3,1563792050142,80,1008,-144
1,1563792050158,0,352,976
1,1563792050164,0,352,976
5,1563792050171,112,-992,-128
5,1563792050175,112,-992,-128
3,1563792050180,96,992,-144
3,1563792050185,96,992,-128
1,1563792050190,0,352,960
1,1563792050195,16,352,976
5,1563792050202,112,-992,-144
5,1563792050207,112,-992,-144
3,1563792050211,80,1008,-144
3,1563792050216,96,1008,-128
1,1563792050225,0,352,960
1,1563792050230,16,352,976
5,1563792050242,112,-992,-144
5,1563792050247,128,-992,-144
3,1563792050252,80,992,-144
3,1563792050257,96,1008,-112
1,1563792050265,16,336,976
1,1563792050269,0,352,976
5,1563792050282,144,-992,-144
5,1563792050287,128,-992,-144
3,1563792050291,96,992,-112
3,1563792050295,80,1008,-128
1,1563792050304,0,352,976
1,1563792050309,16,336,960
5,1563792050324,128,-976,-144
5,1563792050330,128,-992,-144
3,1563792050334,80,992,-128
3,1563792050339,80,992,-128
1,1563792050344,16,352,960
1,1563792050348,0,352,976
5,1563792050364,112,-1008,-128
5,1563792050368,128,-992,-144
3,1563792050373,96,992,-128
3,1563792050378,96,1008,-128
3,1563792050383,80,1008,-128
1,1563792050388,0,352,976
1,1563792050393,16,352,976
5,1563792050402,96,-1008,-144
5,1563792050409,112,-976,-144
3,1563792050413,80,1008,-144
3,1563792050417,96,1008,-144
1,1563792050437,16,352,976
5,1563792050442,96,-992,-144
5,1563792050447,112,-992,-144
3,1563792050451,80,1008,-128
1,1563792050465,0,352,976
1,1563792050469,0,352,960
1,1563792050473,0,352,976
5,1563792050483,96,-992,-144
5,1563792050488,96,-992,-144
3,1563792050492,80,992,-144
3,1563792050496,96,992,-144
3,1563792050501,80,1008,-144
1,1563792050508,0,352,976
1,1563792050513,0,352,960
5,1563792050524,96,-1008,-144
5,1563792050530,96,-992,-144
5,1563792050534,96,-992,-144
3,1563792050538,80,1008,-144
3,1563792050543,80,992,-144
1,1563792050547,0,352,960
1,1563792050552,0,352,960
5,1563792050566,96,-992,-144
5,1563792050571,96,-992,-144
3,1563792050576,80,1008,-144
3,1563792050580,80,992,-144
1,1563792050586,0,352,976
1,1563792050591,0,352,960
5,1563792050603,96,-1008,-144
5,1563792050608,96,-992,-144
3,1563792050612,80,992,-144
3,1563792050616,80,992,-144
1,1563792050623,0,368,960
1,1563792050628,0,352,960
5,1563792050644,80,-1008,-128
5,1563792050649,80,-1008,-144
3,1563792050654,80,992,-160
3,1563792050658,80,992,-160
1,1563792050664,0,352,960
1,1563792050668,0,352,960
5,1563792050683,80,-992,-144
5,1563792050688,96,-1008,-128
3,1563792050692,80,992,-160
1,1563792050704,0,352,960
1,1563792050708,0,352,960
1,1563792050713,-16,368,960
5,1563792050723,112,-992,-144
5,1563792050730,112,-992,-144
3,1563792050735,96,992,-144
3,1563792050739,96,1008,-144
3,1563792050744,96,1008,-144
1,1563792050748,-16,368,960
1,1563792050753,-16,368,960
5,1563792050765,112,-1008,-144
5,1563792050769,96,-992,-144
1,1563792050782,-16,352,960
5,1563792050803,96,-992,-144
5,1563792050807,80,-992,-144
3,1563792050813,96,992,-144
3,1563792050818,80,992,-144
3,1563792050822,80,1008,-160
3,1563792050826,80,992,-160
1,1563792050830,-16,368,960
1,1563792050834,-16,368,960
1,1563792050838,-16,368,960
5,1563792050848,80,-992,-144
3,1563792050853,80,992,-176
5,1563792050858,80,-992,-144
3,1563792050864,80,992,-176
1,1563792050868,-16,368,960
1,1563792050872,-16,368,960
5,1563792050883,80,-992,-144
5,1563792050888,80,-1008,-128
3,1563792050892,80,992,-176
3,1563792050897,80,992,-176
1,1563792050903,-32,368,960
1,1563792050907,-16,368,960
5,1563792050923,80,-992,-144
5,1563792050927,80,-992,-144
3,1563792050936,80,992,-176
3,1563792050940,80,992,-176
1,1563792050946,-32,368,960
1,1563792050951,-16,368,960
5,1563792050962,64,-992,-144
5,1563792050968,64,-992,-144
3,1563792050972,80,992,-176
3,1563792050977,96,992,-176
1,1563792050985,-16,368,976
1,1563792050989,-32,368,960
5,1563792051003,64,-992,-144
5,1563792051008,64,-992,-144
3,1563792051012,80,992,-176
3,1563792051017,80,992,-192
1,1563792051023,-32,368,960
1,1563792051027,-32,368,960
5,1563792051042,64,-992,-144
5,1563792051046,64,-992,-144
3,1563792051051,80,992,-176
3,1563792051055,80,992,-176
1,1563792051065,-48,368,960
1,1563792051070,-32,368,960
5,1563792051086,64,-1008,-144
5,1563792051090,64,-992,-144
3,1563792051095,80,992,-192
3,1563792051099,80,992,-176
3,1563792051104,80,992,-192
1,1563792051108,-32,368,960
1,1563792051112,-32,368,960
5,1563792051123,64,-992,-144
5,1563792051127,64,-992,-144
3,1563792051132,80,992,-192
1,1563792051142,-32,368,960
1,1563792051148,-32,384,960
5,1563792051172,64,-992,-144
5,1563792051178,48,-992,-144
5,1563792051182,48,-1008,-144
3,1563792051187,96,992,-192
3,1563792051191,80,992,-192
1,1563792051198,-32,368,960
1,1563792051203,-32,384,960
5,1563792051208,64,-1008,-144
5,1563792051213,48,-992,-160
3,1563792051218,96,992,-192
3,1563792051223,80,992,-208
3,1563792051228,80,992,-208
1,1563792051232,-32,368,960
1,1563792051236,-32,384,960
5,1563792051242,48,-992,-144
5,1563792051247,48,-992,-144
3,1563792051251,80,992,-208
3,1563792051255,96,992,-208
1,1563792051266,-32,384,960
1,1563792051270,-48,384,960
5,1563792051292,48,-992,-160
5,1563792051298,32,-992,-144
3,1563792051303,96,992,-224
3,1563792051310,96,976,-208
1,1563792051314,-32,368,960
1,1563792051319,-48,384,960
5,1563792051332,32,-992,-160
5,1563792051336,32,-992,-160
3,1563792051341,80,992,-208
3,1563792051345,80,992,-208
1,1563792051349,-48,384,960
1,1563792051353,-48,384,944
5,1563792051363,32,-992,-144
5,1563792051369,32,-992,-160
3,1563792051374,80,992,-224
3,1563792051378,80,992,-224
1,1563792051384,-48,384,960
1,1563792051389,-48,384,960
5,1563792051402,32,-992,-144
5,1563792051408,32,-1008,-144
3,1563792051413,96,992,-224
3,1563792051417,96,976,-208
1,1563792051427,-48,384,960
1,1563792051431,-48,384,960
5,1563792051442,32,-992,-160
5,1563792051447,32,-992,-160
3,1563792051452,96,992,-224
3,1563792051457,96,976,-224
1,1563792051464,-48,384,960
1,1563792051468,-48,384,960
1,1563792051473,-48,384,944
3,1563792051487,96,976,-224
3,1563792051491,96,976,-224
1,1563792051505,-48,384,960
5,1563792051526,16,-992,-160
5,1563792051532,16,-992,-160
3,1563792051537,96,976,-224
5,1563792051542,16,-992,-160
5,1563792051547,16,-992,-160
3,1563792051551,96,976,-224
1,1563792051556,-48,384,944
1,1563792051561,-64,384,960
1,1563792051566,-48,384,944
5,1563792051574,16,-992,-160
5,1563792051578,16,-992,-160
3,1563792051583,80,992,-240
3,1563792051589,96,992,-224
1,1563792051593,-48,384,944
1,1563792051597,-48,384,944
5,1563792051604,16,-992,-160
5,1563792051608,16,-992,-160
3,1563792051612,96,976,-240
3,1563792051616,96,976,-240
1,1563792051622,-48,384,944
5,1563792051647,0,-992,-160
5,1563792051652,0,-992,-160
3,1563792051657,96,976,-240
3,1563792051662,96,976,-240
1,1563792051668,-64,384,944
1,1563792051673,-64,400,944
1,1563792051677,-64,400,944
5,1563792051682,16,-992,-160
5,1563792051687,0,-992,-160
3,1563792051692,96,976,-240
3,1563792051696,96,976,-240
1,1563792051702,-64,400,944
1,1563792051707,-48,400,944
5,1563792051723,0,-992,-160
5,1563792051727,0,-992,-160
3,1563792051732,96,976,-256
3,1563792051737,96,976,-240
1,1563792051743,-64,400,944
1,1563792051747,-64,400,944
5,1563792051763,0,-992,-160
5,1563792051768,0,-992,-160
1,1563792051783,-64,400,944
1,1563792051788,-64,400,944
5,1563792051806,0,-992,-160
5,1563792051812,0,-992,-160
5,1563792051820,-16,-992,-176
3,1563792051824,96,976,-240
3,1563792051829,96,976,-256
3,1563792051834,96,976,-256
3,1563792051838,96,976,-256
3,1563792051844,96,976,-256
1,1563792051851,-64,400,960
1,1563792051856,-64,400,944
5,1563792051862,-16,-992,-160
5,1563792051866,-16,-992,-160
3,1563792051871,96,976,-256
3,1563792051874,96,976,-256
1,1563792051879,-64,400,944
1,1563792051884,-64,400,944
5,1563792051888,-16,-992,-160
5,1563792051893,-16,-1008,-176
3,1563792051897,96,976,-256
1,1563792051905,-64,400,944
1,1563792051910,-64,400,944
5,1563792051923,-16,-992,-160
5,1563792051928,-16,-992,-176
3,1563792051932,96,976,-272
3,1563792051937,96,976,-256
3,1563792051941,96,976,-272
1,1563792051945,-64,400,944
1,1563792051949,-64,400,944
5,1563792051963,-16,-992,-176
5,1563792051968,-32,-992,-160
3,1563792051972,96,976,-256
3,1563792051976,96,976,-272
1,1563792051986,-64,400,944
1,1563792051990,-64,400,944
5,1563792052007,-16,-992,-176
5,1563792052017,-16,-992,-176
3,1563792052023,96,960,-272
3,1563792052027,96,976,-272
1,1563792052032,-64,416,944
1,1563792052036,-64,416,944
5,1563792052044,-16,-992,-160
5,1563792052048,-16,-992,-176
3,1563792052056,112,976,-256
3,1563792052060,112,976,-256
1,1563792052066,-80,416,944
1,1563792052070,-64,416,944
5,1563792052085,-32,-992,-176
5,1563792052090,-32,-992,-176
3,1563792052095,112,976,-256
3,1563792052099,96,976,-272
1,1563792052106,-64,400,928
1,1563792052110,-64,416,944
5,1563792052123,-48,-992,-176
5,1563792052128,-48,-992,-176
3,1563792052132,96,976,-272
3,1563792052138,112,960,-272
1,1563792052146,-64,400,928
1,1563792052151,-64,416,944
5,1563792052163,-48,-992,-176
5,1563792052168,-48,-992,-176
3,1563792052175,112,976,-272
3,1563792052180,96,976,-288
1,1563792052185,-64,416,944
1,1563792052189,-64,400,944
5,1563792052203,-48,-992,-176
5,1563792052208,-48,-992,-176
3,1563792052213,96,960,-272
3,1563792052218,96,960,-288
1,1563792052226,-64,416,944
1,1563792052230,-80,416,944
5,1563792052244,-48,-992,-176
5,1563792052248,-48,-992,-176
3,1563792052253,96,960,-272
3,1563792052257,96,960,-288
1,1563792052263,-80,416,944
1,1563792052268,-64,416,944
5,1563792052284,-48,-992,-176
5,1563792052291,-48,-992,-176
3,1563792052295,96,960,-288
3,1563792052300,112,960,-288
1,1563792052307,-80,416,944
1,1563792052311,-80,416,944
1,1563792052315,-80,416,928
5,1563792052324,-64,-992,-176
5,1563792052329,-64,-992,-176
3,1563792052334,112,960,-288
3,1563792052338,112,960,-288
1,1563792052343,-64,416,928
5,1563792052365,-64,-992,-176
5,1563792052370,-64,-992,-176
3,1563792052375,96,976,-288
3,1563792052379,112,960,-288
1,1563792052385,-80,416,928
1,1563792052389,-80,416,928
1,1563792052393,-80,416,944
5,1563792052403,-64,-992,-176
5,1563792052408,-64,-992,-176
3,1563792052412,112,960,-272
3,1563792052417,112,960,-288
1,1563792052424,-80,416,928
1,1563792052429,-80,416,928
5,1563792052450,-64,-992,-176
5,1563792052455,-64,-992,-176
5,1563792052459,-64,-992,-176
3,1563792052464,96,960,-288
3,1563792052469,96,960,-288
1,1563792052473,-80,416,928
5,1563792052483,-64,-992,-176
5,1563792052491,-64,-992,-176
3,1563792052498,112,960,-288
3,1563792052503,112,960,-288
1,1563792052507,-80,416,928
1,1563792052512,-80,416,944
1,1563792052516,-80,416,928
5,1563792052523,-64,-992,-176
5,1563792052528,-64,-992,-176
3,1563792052532,112,960,-288
3,1563792052537,96,960,-304
3,1563792052541,96,960,-288
1,1563792052546,-80,432,928
1,1563792052550,-80,432,928
5,1563792052563,-64,-992,-192
5,1563792052568,-64,-992,-176
3,1563792052572,112,960,-304
3,1563792052576,112,960,-304
1,1563792052629,-80,416,928
1,1563792052633,-80,416,928
3,1563792052638,112,960,-304
5,1563792052642,-64,-992,-176
5,1563792052651,-80,-992,-176
1,1563792052657,-80,416,928
1,1563792052665,-80,432,928
5,1563792052672,-80,-992,-176
3,1563792052677,112,960,-304
5,1563792052681,-80,-992,-176
3,1563792052686,112,960,-304
3,1563792052690,96,960,-304
1,1563792052695,-80,432,928
1,1563792052698,-80,432,928
5,1563792052703,-80,-992,-176
5,1563792052708,-80,-992,-176
3,1563792052712,112,960,-304
3,1563792052716,112,960,-304
1,1563792052720,-80,432,928
1,1563792052725,-80,432,928
5,1563792052730,-80,-992,-176
5,1563792052734,-80,-992,-176
3,1563792052737,112,960,-304
3,1563792052741,112,960,-304
1,1563792052748,-80,432,928
1,1563792052753,-80,432,928
5,1563792052763,-80,-992,-176
5,1563792052768,-80,-992,-176
3,1563792052773,112,960,-304
3,1563792052777,112,960,-304
1,1563792052785,-80,432,928
1,1563792052790,-80,432,928
5,1563792052803,-96,-992,-176
5,1563792052809,-96,-992,-176
3,1563792052817,112,960,-304
3,1563792052824,112,944,-304
1,1563792052828,-80,448,928
1,1563792052833,-80,432,928
5,1563792052844,-80,-992,-176
5,1563792052849,-96,-992,-176
3,1563792052854,112,960,-320
3,1563792052858,112,944,-304
1,1563792052864,-80,432,928
1,1563792052868,-80,432,928
5,1563792052883,-96,-992,-192
5,1563792052888,-96,-992,-192
3,1563792052892,96,944,-320
3,1563792052897,112,944,-320
1,1563792052905,-80,432,928
1,1563792052911,-80,432,928
5,1563792052924,-96,-992,-192
5,1563792052929,-96,-992,-176
3,1563792052933,112,944,-304
3,1563792052937,112,960,-320
1,1563792052945,-80,432,928
1,1563792052949,-80,432,928
5,1563792052965,-96,-992,-176
5,1563792052969,-96,-992,-176
3,1563792052973,112,944,-320
3,1563792052977,112,944,-320
1,1563792052986,-80,432,928
1,1563792052991,-80,432,928
5,1563792053003,-96,-992,-192
5,1563792053008,-96,-976,-192
3,1563792053013,112,944,-320
3,1563792053017,112,944,-320
1,1563792053023,-80,432,928
1,1563792053028,-80,432,928
5,1563792053048,-96,-976,-192
5,1563792053052,-96,-992,-192
3,1563792053057,112,944,-336
3,1563792053062,112,944,-320
1,1563792053066,-80,432,912
1,1563792053071,-80,432,928
5,1563792053084,-112,-992,-192
5,1563792053089,-112,-992,-192
3,1563792053093,112,960,-320
3,1563792053097,112,944,-320
1,1563792053103,-80,448,928
1,1563792053107,-80,432,928
5,1563792053124,-112,-992,-176
5,1563792053129,-112,-992,-192
5,1563792053134,-112,-976,-192
3,1563792053139,112,928,-304
3,1563792053144,112,944,-320
1,1563792053148,-96,432,912
1,1563792053153,-96,448,928
1,1563792053157,-96,448,928
5,1563792053164,-112,-976,-192
5,1563792053169,-112,-976,-192
3,1563792053174,112,944,-336
3,1563792053178,112,944,-320
1,1563792053185,-80,448,928
5,1563792053204,-112,-976,-192
5,1563792053209,-112,-976,-192
3,1563792053214,112,960,-336
3,1563792053218,112,944,-336
1,1563792053223,-96,448,912
1,1563792053227,-96,448,928
1,1563792053231,-96,448,928
5,1563792053244,-112,-976,-192
5,1563792053248,-112,-992,-176
3,1563792053269,112,944,-336
1,1563792053274,-80,448,928
3,1563792053278,112,944,-336
3,1563792053284,112,944,-336
1,1563792053288,-96,448,928
5,1563792053293,-128,-976,-192
5,1563792053297,-128,-976,-192
3,1563792053302,112,944,-336
3,1563792053306,112,944,-336
1,1563792053310,-80,448,928
5,1563792053323,-128,-976,-192
5,1563792053327,-128,-992,-192
3,1563792053332,112,944,-336
1,1563792053344,-80,448,912
1,1563792053350,-80,448,912
1,1563792053354,-80,448,912
5,1563792053364,-128,-976,-192
5,1563792053369,-128,-992,-192
3,1563792053374,112,944,-336
3,1563792053378,112,944,-320
3,1563792053383,128,944,-336
1,1563792053387,-80,448,928
1,1563792053391,-80,448,928
5,1563792053403,-128,-976,-192
5,1563792053408,-128,-976,-192
3,1563792053415,128,944,-336
3,1563792053420,112,944,-336
1,1563792053425,-80,448,928
1,1563792053430,-80,448,912
5,1563792053443,-128,-976,-192
5,1563792053449,-128,-976,-192
3,1563792053453,112,944,-336
3,1563792053457,112,944,-336
1,1563792053463,-96,448,928
1,1563792053468,-96,448,928
5,1563792053485,-144,-976,-192
5,1563792053491,-144,-976,-192
3,1563792053495,112,944,-336
3,1563792053500,112,944,-336
1,1563792053506,-96,448,912
1,1563792053510,-80,448,912
5,1563792053524,-144,-976,-192
5,1563792053530,-144,-976,-192
3,1563792053534,112,944,-336
3,1563792053538,112,944,-336
1,1563792053546,-80,448,912
1,1563792053550,-80,464,912
5,1563792053564,-144,-976,-192
5,1563792053568,-144,-976,-192
3,1563792053574,112,944,-336
3,1563792053578,112,944,-336
1,1563792053584,-96,464,912
1,1563792053588,-80,464,912
5,1563792053605,-144,-976,-192
5,1563792053610,-144,-976,-192
3,1563792053615,128,928,-336
3,1563792053620,112,944,-336
1,1563792053626,-80,464,912
1,1563792053631,-80,464,912
5,1563792053643,-144,-976,-192
5,1563792053647,-144,-976,-192
3,1563792053652,112,944,-336
3,1563792053656,112,944,-336
1,1563792053663,-80,464,912
1,1563792053667,-96,448,912
5,1563792053684,-144,-976,-192
5,1563792053689,-144,-976,-192
3,1563792053693,112,944,-336
1,1563792053705,-96,448,912
1,1563792053709,-96,448,912
5,1563792053724,-144,-976,-192
5,1563792053730,-160,-976,-192
3,1563792053734,112,928,-336
3,1563792053738,128,944,-352
3,1563792053743,112,944,-352
1,1563792053750,-96,448,912
1,1563792053755,-96,464,912
5,1563792053764,-160,-976,-192
5,1563792053768,-160,-976,-192
5,1563792053774,-160,-976,-192
3,1563792053778,112,944,-352
3,1563792053784,112,944,-352
1,1563792053788,-96,464,912
1,1563792053793,-96,448,912
5,1563792053801,-160,-976,-192
5,1563792053811,-160,-976,-192
3,1563792053816,112,944,-352
3,1563792053821,112,928,-352
1,1563792053827,-96,448,928
1,1563792053831,-96,464,912
5,1563792053843,-160,-976,-192
5,1563792053848,-160,-976,-192
3,1563792053853,128,944,-352
3,1563792053857,112,944,-352
1,1563792053863,-96,464,912
1,1563792053868,-112,464,912
5,1563792053883,-160,-976,-192
5,1563792053888,-160,-976,-192
3,1563792053894,112,944,-352
3,1563792053899,112,944,-352
1,1563792053906,-96,464,928
1,1563792053911,-96,464,912
5,1563792053924,-160,-976,-208
5,1563792053928,-144,-976,-192
3,1563792053932,112,928,-352
3,1563792053937,112,944,-352
1,1563792053946,-96,464,912
1,1563792053951,-96,464,912
1,1563792053955,-96,464,912
5,1563792053964,-160,-976,-192
5,1563792053969,-160,-976,-192
3,1563792053974,112,928,-352
3,1563792053978,128,944,-352
3,1563792053983,112,944,-352
1,1563792053990,-96,464,928
1,1563792053993,-96,464,912
5,1563792054004,-160,-976,-192
5,1563792054009,-144,-976,-192
3,1563792054016,112,944,-336
3,1563792054021,112,944,-336
1,1563792054025,-96,464,928
5,1563792054043,-144,-976,-192
5,1563792054050,-144,-976,-192
3,1563792054054,112,944,-336
1,1563792054064,-96,464,912
1,1563792054069,-96,464,912
1,1563792054073,-96,448,912
5,1563792054089,-160,-976,-192
5,1563792054095,-160,-960,-192
3,1563792054099,112,944,-352
3,1563792054103,112,944,-352
3,1563792054108,112,944,-352
1,1563792054112,-96,448,912
1,1563792054117,-96,448,912
5,1563792054124,-176,-976,-192
5,1563792054130,-160,-960,-192
3,1563792054135,112,928,-352
3,1563792054140,112,928,-336
1,1563792054147,-96,464,912
1,1563792054152,-96,448,912
5,1563792054166,-144,-976,-192
5,1563792054170,-144,-976,-192
3,1563792054192,112,944,-352
3,1563792054196,128,944,-336
1,1563792054201,-96,448,912
1,1563792054205,-96,464,912
5,1563792054209,-144,-976,-192
5,1563792054213,-128,-992,-192
3,1563792054252,112,944,-336
3,1563792054261,128,944,-336
1,1563792054266,-80,464,928
1,1563792054271,-80,448,912
5,1563792054275,-128,-976,-192
5,1563792054279,-128,-976,-192
3,1563792054283,112,944,-336
3,1563792054288,112,944,-336
1,1563792054292,-96,464,912
1,1563792054296,-96,448,928
5,1563792054301,-144,-976,-192
5,1563792054305,-144,-976,-192
3,1563792054309,112,944,-336
3,1563792054313,112,944,-336
1,1563792054330,-96,448,928
1,1563792054335,-96,448,928
5,1563792054339,-128,-992,-192
5,1563792054343,-112,-992,-192
3,1563792054348,112,944,-336
3,1563792054353,112,960,-320
5,1563792054363,-112,-992,-192
5,1563792054369,-128,-992,-192
3,1563792054374,128,944,-320
3,1563792054378,112,944,-336
1,1563792054386,-112,464,928
1,1563792054390,-112,464,928
1,1563792054395,-128,448,928
1,1563792054400,-112,448,928
5,1563792054404,-144,-976,-192
5,1563792054409,-160,-976,-192
3,1563792054413,96,928,-352
3,1563792054418,96,944,-336
1,1563792054424,-96,448,928
1,1563792054429,-112,448,944
5,1563792054446,-128,-976,-208
5,1563792054452,-80,-992,-208
5,1563792054456,-64,-992,-192
3,1563792054459,96,976,-288
3,1563792054465,128,976,-272
1,1563792054472,-128,464,944
1,1563792054477,-128,448,928
5,1563792054484,-112,-992,-192
5,1563792054489,-160,-960,-192
3,1563792054494,128,960,-304
3,1563792054499,96,944,-352
1,1563792054504,-112,448,928
1,1563792054508,-96,432,928
5,1563792054523,-176,-960,-192
5,1563792054528,-160,-992,-192
3,1563792054533,80,928,-352
3,1563792054537,96,944,-336
1,1563792054546,-80,432,912
1,1563792054550,-64,432,928
5,1563792054564,-112,-976,-208
5,1563792054568,-96,-992,-192
3,1563792054574,112,960,-304
3,1563792054578,112,976,-288
1,1563792054586,-64,448,928
1,1563792054590,-80,432,928
5,1563792054603,-96,-992,-192
5,1563792054608,-96,-976,-192
3,1563792054612,112,960,-288
3,1563792054615,96,960,-288
1,1563792054624,-80,432,928
1,1563792054629,-64,432,928
5,1563792054644,-112,-976,-192
5,1563792054648,-96,-976,-192
3,1563792054653,96,960,-288
3,1563792054657,96,960,-288
1,1563792054666,-64,432,928
1,1563792054670,-64,432,928
5,1563792054684,-80,-976,-192
5,1563792054691,-64,-992,-176
3,1563792054695,96,960,-272
3,1563792054700,96,976,-272
1,1563792054704,-64,432,944
1,1563792054710,-96,416,944
5,1563792054724,-48,-992,-176
5,1563792054729,-48,-992,-176
3,1563792054734,112,976,-240
3,1563792054738,112,976,-256
3,1563792054743,96,976,-256
1,1563792054747,-96,416,944
1,1563792054751,-80,416,928
5,1563792054764,-48,-992,-176
5,1563792054769,-48,-992,-176
3,1563792054773,112,976,-240
1,1563792054785,-80,416,944
1,1563792054790,-48,416,944
1,1563792054794,-32,416,944
5,1563792054805,-48,-992,-176
5,1563792054809,-48,-992,-176
3,1563792054814,112,992,-256
3,1563792054818,96,992,-240
3,1563792054825,96,976,-240
1,1563792054832,-16,416,944
1,1563792054837,-16,400,944
5,1563792054844,-64,-992,-176
5,1563792054848,-48,-992,-176
3,1563792054853,96,976,-240
3,1563792054857,96,976,-208
1,1563792054864,0,400,944
5,1563792054885,-48,-992,-176
5,1563792054890,-16,-992,-160
3,1563792054896,96,976,-208
1,1563792054905,0,384,944
1,1563792054911,0,384,944
1,1563792054915,0,384,944
5,1563792054925,0,-992,-160
5,1563792054930,16,-992,-160
3,1563792054936,112,976,-192
3,1563792054940,96,992,-176
3,1563792054945,96,992,-176
1,1563792054950,0,384,960
1,1563792054954,-16,368,944
5,1563792054963,16,-992,-160
5,1563792054967,0,-992,-160
3,1563792054972,96,992,-192
3,1563792054976,80,992,-192
1,1563792054984,0,384,960
1,1563792054990,0,368,944
5,1563792055006,0,-992,-160
5,1563792055010,16,-1008,-160
3,1563792055014,80,992,-192
3,1563792055019,80,992,-176
1,1563792055026,-16,368,960
1,1563792055030,-32,368,960
5,1563792055045,16,-992,-160
5,1563792055050,32,-1008,-160
5,1563792055055,48,-992,-160
3,1563792055060,96,992,-176
3,1563792055064,80,1008,-160
1,1563792055068,-32,384,960
1,1563792055073,-32,384,960
5,1563792055083,64,-992,-160
5,1563792055088,48,-992,-160
3,1563792055092,80,1008,-144
3,1563792055097,80,1008,-144
1,1563792055103,-16,368,960
1,1563792055108,-16,368,960
5,1563792055126,48,-1008,-160
5,1563792055130,64,-992,-144
3,1563792055134,80,992,-160
3,1563792055139,80,992,-144
1,1563792055144,0,368,960
1,1563792055148,0,368,960
5,1563792055164,64,-992,-144
5,1563792055170,80,-992,-160
3,1563792055175,80,1008,-128
3,1563792055179,80,1008,-128
1,1563792055186,16,352,960
1,1563792055191,16,352,960
5,1563792055205,80,-1008,-144
5,1563792055212,80,-992,-144
3,1563792055217,80,992,-128
3,1563792055223,80,1008,-112
1,1563792055227,16,336,960
5,1563792055245,80,-992,-144
5,1563792055250,80,-992,-144
3,1563792055255,80,1008,-112
3,1563792055260,64,1008,-112
1,1563792055266,32,352,960
1,1563792055271,32,336,960
1,1563792055275,48,336,960
5,1563792055284,96,-992,-144
5,1563792055288,112,-1008,-128
3,1563792055293,64,1008,-96
3,1563792055297,80,1008,-96
1,1563792055305,48,336,976
1,1563792055310,48,352,976
5,1563792055323,128,-992,-128
5,1563792055333,128,-992,-128
3,1563792055339,80,1008,-80
3,1563792055344,96,1008,-80
1,1563792055350,48,352,960
1,1563792055355,64,352,976
5,1563792055365,128,-1008,-128
5,1563792055370,112,-992,-144
3,1563792055374,80,1008,-80
3,1563792055379,80,1008,-80
1,1563792055384,64,336,976
1,1563792055388,80,336,976
5,1563792055403,128,-992,-128
5,1563792055407,128,-992,-128
3,1563792055411,80,1008,-64
3,1563792055415,80,1008,-64
1,1563792055424,80,320,960
1,1563792055429,80,336,976
5,1563792055447,144,-992,-128
5,1563792055452,160,-992,-112
3,1563792055457,80,1008,-48
3,1563792055461,80,1008,-32
3,1563792055466,80,1008,-32
1,1563792055470,80,336,976
1,1563792055475,96,336,976
5,1563792055483,160,-992,-112
5,1563792055489,160,-992,-112
3,1563792055493,80,1008,-48
1,1563792055504,96,320,976
1,1563792055508,96,320,976
5,1563792055524,160,-992,-112
5,1563792055530,160,-992,-128
3,1563792055535,64,1008,-32
3,1563792055539,80,1008,-32
3,1563792055543,80,1008,-32
1,1563792055549,96,320,976
1,1563792055555,96,320,976
5,1563792055566,160,-992,-128
5,1563792055570,160,-992,-128
3,1563792055575,64,1008,-32
3,1563792055579,80,1008,-32
1,1563792055584,96,320,976
1,1563792055589,80,320,976
5,1563792055605,160,-992,-112
5,1563792055609,160,-992,-112
3,1563792055613,64,1008,-32
1,1563792055627,80,320,992
1,1563792055632,80,304,976
1,1563792055637,80,304,976
5,1563792055645,176,-992,-128
5,1563792055650,160,-992,-112
3,1563792055654,64,1008,-32
3,1563792055659,64,1024,-32
3,1563792055664,64,1008,-16
1,1563792055668,80,320,976
1,1563792055672,80,320,976
5,1563792055685,160,-992,-112
5,1563792055690,160,-992,-112
3,1563792055694,80,1008,-32
3,1563792055700,80,1008,-32
1,1563792055705,80,320,976
5,1563792055727,160,-992,-112
5,1563792055732,160,-992,-96
5,1563792055737,160,-992,-112
3,1563792055741,80,1008,-32
3,1563792055745,64,1008,-32
1,1563792055750,80,336,976
1,1563792055754,80,336,976
1,1563792055758,64,336,976
5,1563792055767,160,-992,-112
5,1563792055772,160,-992,-112
3,1563792055777,80,1008,-32
3,1563792055782,64,1008,-32
1,1563792055787,64,336,976
1,1563792055791,64,336,976
5,1563792055804,160,-992,-112
5,1563792055809,160,-992,-112
3,1563792055813,64,1008,-32
3,1563792055818,64,1008,-32
1,1563792055824,48,336,976
1,1563792055828,48,336,976
5,1563792055845,144,-992,-112
5,1563792055854,160,-992,-112
3,1563792055861,64,1008,-48
3,1563792055866,64,1008,-48
1,1563792055871,32,336,976
1,1563792055875,32,336,976
5,1563792055883,160,-992,-96
5,1563792055888,144,-992,-112
3,1563792055892,64,1008,-48
3,1563792055896,64,1024,-48
1,1563792055904,48,320,992
1,1563792055909,32,336,976
5,1563792055924,160,-992,-112
3,1563792055930,64,1008,-48
3,1563792055935,48,1008,-48
5,1563792055939,160,-992,-112
1,1563792055944,32,336,976
1,1563792055948,32,336,976
5,1563792055963,144,-992,-112
5,1563792055967,160,-992,-112
3,1563792055973,64,1008,-48
3,1563792055978,64,1008,-48
1,1563792055984,32,320,976
1,1563792055990,48,320,976
5,1563792056007,160,-992,-112
5,1563792056013,160,-992,-112
3,1563792056017,64,1008,-48
3,1563792056021,64,1008,-48
1,1563792056025,48,320,992
1,1563792056030,64,304,976
5,1563792056045,160,-992,-112
5,1563792056050,176,-992,-112
3,1563792056055,64,1008,-32
3,1563792056059,64,1008,-32
1,1563792056065,64,320,976
1,1563792056069,80,320,976
5,1563792056084,176,-992,-112
5,1563792056088,176,-992,-112
3,1563792056092,64,1008,-32
3,1563792056097,80,1008,-32
1,1563792056106,80,320,976
1,1563792056110,80,320,960
5,1563792056126,192,-992,-112
5,1563792056130,176,-992,-112
3,1563792056135,80,1008,-32
3,1563792056139,80,1008,-32
1,1563792056144,64,336,976
1,1563792056148,64,336,976
5,1563792056163,176,-992,-112
5,1563792056167,160,-992,-112
3,1563792056181,64,1008,-32
3,1563792056186,64,1008,-48
3,1563792056191,64,1008,-64
1,1563792056196,48,336,976
1,1563792056200,32,336,976
5,1563792056206,160,-992,-112
5,1563792056212,160,-992,-112
3,1563792056216,64,1008,-64
1,1563792056224,32,336,992
1,1563792056228,32,336,976
5,1563792056243,144,-992,-112
5,1563792056248,144,-992,-112
3,1563792056253,64,1008,-64
3,1563792056258,64,1024,-64
3,1563792056264,64,1008,-64
1,1563792056269,32,336,976
1,1563792056273,32,336,976
5,1563792056284,160,-992,-112
5,1563792056293,144,-992,-112
3,1563792056300,64,1008,-64
3,1563792056304,64,1008,-64
1,1563792056308,32,336,976
1,1563792056315,48,336,976
5,1563792056326,160,-992,-112
5,1563792056331,160,-992,-112
3,1563792056335,64,1008,-64
1,1563792056345,64,336,976
1,1563792056350,48,336,976
5,1563792056384,160,-992,-112
5,1563792056389,160,-992,-112
5,1563792056396,160,-992,-112
3,1563792056402,64,1008,-64
3,1563792056408,64,1024,-64
3,1563792056412,64,1008,-64
1,1563792056417,48,336,976
1,1563792056422,48,320,976
1,1563792056426,48,320,976
5,1563792056431,144,-992,-112
5,1563792056435,160,-992,-112
3,1563792056439,64,1008,-64
3,1563792056445,64,1008,-64
1,1563792056450,48,336,976
5,1563792056453,160,-992,-112
5,1563792056457,176,-992,-128
3,1563792056463,64,1008,-64
3,1563792056468,64,1008,-64
1,1563792056474,32,336,976
1,1563792056479,32,336,976
1,1563792056483,32,320,976
3,1563792056488,64,1008,-64
5,1563792056493,176,-992,-112
3,1563792056497,64,1008,-80
5,1563792056501,160,-992,-112
1,1563792056506,32,336,976
1,1563792056510,32,336,976
5,1563792056527,144,-992,-112
5,1563792056532,144,-976,-112
3,1563792056537,64,1008,-80
3,1563792056541,48,1008,-96
1,1563792056548,16,336,976
5,1563792056563,144,-992,-112
5,1563792056568,144,-992,-112
3,1563792056572,64,1008,-96
3,1563792056577,64,1008,-96
1,1563792056584,16,336,976
1,1563792056588,16,336,976
1,1563792056592,0,352,976
5,1563792056603,144,-992,-112
5,1563792056613,144,-992,-112
3,1563792056617,48,1008,-96
3,1563792056621,64,1008,-96
1,1563792056629,0,352,976
1,1563792056633,0,336,976
5,1563792056644,160,-992,-112
5,1563792056649,160,-992,-112
3,1563792056653,64,1008,-96
3,1563792056657,64,1008,-80
1,1563792056664,0,336,976
1,1563792056668,16,352,976
5,1563792056683,160,-992,-112
5,1563792056690,144,-992,-128
3,1563792056698,64,1008,-96
3,1563792056702,64,1008,-96
1,1563792056707,16,352,976
1,1563792056711,16,336,976
5,1563792056723,144,-992,-128
5,1563792056728,144,-992,-128
3,1563792056732,64,1008,-96
3,1563792056737,64,1008,-96
1,1563792056743,16,336,976
1,1563792056748,16,336,976
5,1563792056764,160,-992,-112
5,1563792056769,144,-992,-112
3,1563792056774,64,1008,-96
3,1563792056779,64,1008,-96
1,1563792056786,16,352,976
1,1563792056790,16,352,976
5,1563792056803,144,-992,-112
5,1563792056808,144,-992,-112
3,1563792056813,64,1008,-96
3,1563792056817,64,1008,-96
1,1563792056822,16,336,976
1,1563792056826,16,336,976
5,1563792056844,144,-992,-112
5,1563792056849,144,-992,-112
3,1563792056854,64,1008,-96
3,1563792056858,64,1008,-96
1,1563792056868,16,352,976
1,1563792056872,16,336,976
5,1563792056885,144,-992,-112
5,1563792056890,144,-992,-112
3,1563792056894,64,1008,-96
3,1563792056898,64,1008,-96
1,1563792056906,16,336,976
1,1563792056910,16,336,960
5,1563792056923,144,-992,-128
5,1563792056928,144,-992,-128
3,1563792056933,64,1008,-96
3,1563792056937,64,1008,-112
1,1563792056943,16,352,976
1,1563792056947,0,336,976
5,1563792056963,144,-992,-112
5,1563792056972,144,-992,-112
3,1563792056979,64,1008,-112
3,1563792056984,64,1008,-112
3,1563792056988,64,1008,-112
1,1563792056993,16,336,976
1,1563792056997,16,336,976
5,1563792057003,144,-992,-128
5,1563792057008,144,-992,-128
5,1563792057013,144,-992,-112
3,1563792057017,64,1008,-96
3,1563792057021,64,1008,-96
1,1563792057025,16,336,976
1,1563792057030,32,336,960
5,1563792057043,144,-992,-112
5,1563792057047,144,-992,-128
3,1563792057051,64,1008,-96
1,1563792057064,32,352,976
1,1563792057069,32,352,976
5,1563792057084,144,-992,-112
5,1563792057089,144,-992,-112
3,1563792057093,64,1008,-112
3,1563792057098,64,1008,-112
3,1563792057102,80,1008,-112
1,1563792057106,32,352,976
1,1563792057111,48,352,976
5,1563792057124,144,-992,-112
5,1563792057129,144,-992,-112
3,1563792057133,64,1008,-96
3,1563792057138,80,1008,-112
1,1563792057144,32,352,976
1,1563792057149,32,352,960
5,1563792057163,144,-992,-128
5,1563792057168,128,-992,-128
3,1563792057172,64,1008,-112
3,1563792057176,64,1008,-112
1,1563792057184,32,352,976
1,1563792057188,32,352,976
5,1563792057204,128,-992,-128
5,1563792057209,128,-992,-112
3,1563792057213,64,992,-128
3,1563792057218,64,1008,-128
1,1563792057225,16,352,960
1,1563792057229,16,336,976
1,1563792057233,16,336,976
5,1563792057244,128,-992,-128
5,1563792057251,112,-992,-128
3,1563792057255,64,1008,-128
3,1563792057259,64,1008,-128
1,1563792057266,0,336,976
5,1563792057284,128,-1008,-128
5,1563792057288,112,-992,-128
3,1563792057293,80,1008,-128
3,1563792057297,64,1008,-128
1,1563792057305,0,336,976
1,1563792057309,0,352,976
1,1563792057313,0,352,976
5,1563792057326,112,-992,-128
5,1563792057333,112,-992,-128
3,1563792057338,64,1008,-144
3,1563792057343,64,1008,-144
1,1563792057347,0,352,960
1,1563792057352,0,352,960
5,1563792057365,112,-992,-128
5,1563792057369,112,-992,-128
3,1563792057376,64,992,-144
3,1563792057381,64,1008,-144
1,1563792057385,16,352,976
1,1563792057389,16,352,960
5,1563792057403,112,-992,-128
5,1563792057408,112,-992,-128
3,1563792057413,64,992,-144
3,1563792057417,80,992,-144
5,1563792057447,96,-992,-128
5,1563792057451,96,-992,-128
3,1563792057456,80,992,-144
3,1563792057460,80,992,-144
1,1563792057468,16,352,960
1,1563792057473,16,352,960
1,1563792057478,16,368,976
1,1563792057482,0,368,960
5,1563792057487,112,-1008,-128
5,1563792057491,112,-992,-128
3,1563792057496,80,1008,-144
3,1563792057500,80,992,-160
1,1563792057505,-16,368,960
1,1563792057510,-16,368,960
5,1563792057524,96,-992,-128
5,1563792057529,80,-992,-144
3,1563792057534,64,1008,-160
3,1563792057539,64,992,-176
1,1563792057544,-32,384,960
1,1563792057549,-48,384,960
5,1563792057563,80,-992,-144
5,1563792057567,80,-992,-144
3,1563792057572,64,992,-176
3,1563792057576,64,992,-176
1,1563792057583,-48,368,960
1,1563792057587,-64,384,960
5,1563792057607,80,-992,-144
5,1563792057616,80,-992,-144
3,1563792057621,64,992,-192
3,1563792057627,64,992,-176
1,1563792057631,-64,384,960
1,1563792057637,-64,368,960
5,1563792057643,80,-992,-144
5,1563792057650,80,-992,-144
5,1563792057654,80,-992,-144
3,1563792057658,64,992,-176
3,1563792057662,64,992,-176
1,1563792057669,-48,368,960
1,1563792057673,-48,368,960
5,1563792057684,80,-992,-144
5,1563792057692,96,-992,-144
3,1563792057696,64,992,-192
3,1563792057701,64,992,-176
3,1563792057705,64,992,-176
1,1563792057709,-48,368,960
1,1563792057714,-48,352,976
5,1563792057724,96,-992,-144
5,1563792057729,96,-992,-144
3,1563792057735,64,992,-176
3,1563792057740,64,992,-176
1,1563792057746,-32,352,960
1,1563792057750,-16,352,976
5,1563792057764,96,-1008,-144
5,1563792057770,96,-1008,-160
3,1563792057774,64,992,-176
1,1563792057784,0,368,960
1,1563792057788,0,368,960
5,1563792057805,112,-992,-144
5,1563792057812,112,-992,-128
3,1563792057818,80,992,-176
3,1563792057823,80,992,-176
3,1563792057827,80,992,-176
1,1563792057832,-16,368,960
1,1563792057836,-32,384,960
5,1563792057847,112,-1008,-144
5,1563792057852,96,-992,-144
3,1563792057856,80,992,-176
3,1563792057860,64,992,-192
1,1563792057893,-48,384,960
1,1563792057898,-64,384,960
3,1563792057905,64,992,-208
5,1563792057913,80,-992,-144
3,1563792057917,64,992,-208
5,1563792057922,80,-992,-144
1,1563792057927,-64,384,960
1,1563792057931,-64,384,960
5,1563792057936,80,-992,-128
5,1563792057941,96,-992,-144
3,1563792057945,64,992,-192
3,1563792057949,64,992,-192
1,1563792057954,-64,384,976
1,1563792057959,-80,384,960
5,1563792057966,96,-992,-144
5,1563792057973,96,-992,-144
3,1563792057978,64,992,-192
3,1563792057983,64,992,-192
1,1563792057989,-64,384,960
1,1563792057993,-48,368,960
5,1563792058004,96,-992,-144
5,1563792058010,96,-992,-144
3,1563792058014,64,992,-192
3,1563792058018,64,992,-176
1,1563792058024,-32,352,960
1,1563792058028,-16,352,960
5,1563792058044,96,-992,-144
5,1563792058052,112,-992,-144
3,1563792058057,64,992,-176
3,1563792058062,64,992,-160
1,1563792058067,0,352,960
1,1563792058071,0,352,960
1,1563792058076,0,368,976
5,1563792058083,128,-992,-144
5,1563792058088,128,-992,-144
3,1563792058093,80,992,-160
3,1563792058097,80,992,-144
1,1563792058103,0,368,976
5,1563792058123,128,-1008,-128
5,1563792058128,112,-992,-144
3,1563792058133,80,1008,-160
3,1563792058137,64,1008,-160
1,1563792058145,0,368,960
1,1563792058149,-16,368,960
1,1563792058154,-16,368,960
5,1563792058163,112,-992,-144
5,1563792058168,112,-992,-128
3,1563792058173,64,992,-176
3,1563792058177,64,992,-176
1,1563792058187,-32,368,960
1,1563792058191,-32,368,976
5,1563792058203,96,-992,-144
5,1563792058208,96,-992,-144
3,1563792058212,64,992,-176
3,1563792058217,64,992,-176
1,1563792058223,-32,368,976
3,1563792058246,64,1008,-160
3,1563792058251,64,1008,-160
1,1563792058264,-32,368,960
1,1563792058268,-32,368,976
1,1563792058273,-32,368,960
5,1563792058285,112,-992,-144
5,1563792058290,112,-992,-144
5,1563792058294,128,-992,-128
5,1563792058299,112,-992,-128
3,1563792058304,64,992,-160
3,1563792058308,64,1008,-160
1,1563792058313,-16,368,960
1,1563792058317,-16,368,960
5,1563792058327,112,-992,-128
5,1563792058332,112,-992,-128
3,1563792058337,64,992,-160
5,1563792058343,128,-992,-128
3,1563792058349,64,992,-160
1,1563792058354,0,368,960
1,1563792058358,0,352,960
5,1563792058366,144,-992,-128
5,1563792058370,144,-992,-128
3,1563792058375,64,992,-144
3,1563792058379,64,1008,-144
1,1563792058384,16,352,960
1,1563792058388,16,336,976
5,1563792058408,160,-992,-128
5,1563792058412,160,-992,-128
3,1563792058417,64,992,-128
3,1563792058422,64,1008,-128
3,1563792058426,64,1008,-128
1,1563792058431,16,352,976
5,1563792058443,160,-992,-128
5,1563792058448,160,-992,-128
3,1563792058454,64,1008,-112
3,1563792058458,64,1008,-112
1,1563792058466,32,352,960
1,1563792058470,32,352,960
1,1563792058474,32,352,976
5,1563792058487,176,-992,-112
5,1563792058492,176,-992,-112
3,1563792058496,64,1008,-112
1,1563792058505,32,368,976
1,1563792058509,16,368,976
5,1563792058523,176,-992,-112
5,1563792058529,176,-992,-112
3,1563792058534,64,992,-128
3,1563792058538,64,1008,-128
3,1563792058543,64,1008,-128
1,1563792058547,0,352,976
1,1563792058550,-16,352,976
5,1563792058563,160,-992,-112
5,1563792058568,160,-992,-112
3,1563792058572,64,1008,-128
3,1563792058577,48,1008,-128
1,1563792058584,-16,352,960
1,1563792058589,-16,352,976
5,1563792058603,160,-992,-128
5,1563792058608,160,-992,-112
3,1563792058613,48,1008,-144
3,1563792058617,64,1008,-112
1,1563792058626,0,352,976
1,1563792058630,0,352,976
5,1563792058643,176,-992,-128
5,1563792058648,176,-992,-112
3,1563792058652,64,1008,-112
3,1563792058656,64,1008,-112
1,1563792058663,16,352,976
1,1563792058667,16,336,976
5,1563792058683,192,-976,-112
5,1563792058688,192,-976,-112
3,1563792058693,64,1008,-96
3,1563792058697,48,1008,-96
1,1563792058705,32,336,976
1,1563792058710,48,336,976
5,1563792058724,192,-992,-112
5,1563792058730,208,-976,-112
3,1563792058734,64,1008,-96
3,1563792058738,64,1008,-80
1,1563792058743,48,336,976
1,1563792058748,64,336,976
5,1563792058764,208,-976,-96
5,1563792058772,208,-992,-96
3,1563792058778,64,1008,-80
3,1563792058783,64,1008,-80
1,1563792058788,64,336,976
1,1563792058792,64,352,976
5,1563792058804,224,-992,-96
5,1563792058808,224,-992,-96
3,1563792058812,64,1008,-80
3,1563792058817,64,1008,-80
1,1563792058824,48,352,976
1,1563792058831,48,336,976
5,1563792058844,224,-992,-96
5,1563792058850,208,-976,-96
3,1563792058854,64,1008,-80
3,1563792058859,64,1008,-96
1,1563792058863,32,336,976
1,1563792058868,32,336,976
1,1563792058872,32,352,976
5,1563792058884,208,-976,-96
5,1563792058888,208,-976,-96
3,1563792058893,48,1008,-96
3,1563792058897,48,1008,-96
1,1563792058910,32,336,976
1,1563792058914,32,336,976
5,1563792058924,224,-976,-96
5,1563792058928,224,-992,-96
3,1563792058933,48,1008,-80
3,1563792058937,48,1008,-80
1,1563792058943,32,336,976
5,1563792058967,208,-976,-96
5,1563792058972,224,-976,-96
5,1563792058976,224,-976,-96
3,1563792058981,48,1008,-64
3,1563792058986,48,1008,-80
1,1563792058991,32,336,976
1,1563792058995,48,336,976
1,1563792058999,48,336,976
5,1563792059004,240,-976,-80
5,1563792059009,256,-976,-96
3,1563792059013,48,1008,-80
3,1563792059017,48,1008,-64
1,1563792059025,48,336,976
1,1563792059029,48,336,976
5,1563792059044,256,-976,-80
5,1563792059052,256,-976,-80
3,1563792059057,64,1008,-64
3,1563792059062,64,1024,-48
1,1563792059069,64,336,976
5,1563792059083,256,-976,-80
5,1563792059088,256,-976,-80
3,1563792059092,64,1008,-48
3,1563792059096,64,1008,-48
1,1563792059104,48,336,976
1,1563792059108,48,336,976
1,1563792059112,32,320,976
5,1563792059123,256,-976,-80
5,1563792059128,272,-976,-96
3,1563792059132,64,1008,-48
3,1563792059137,48,1008,-64
3,1563792059144,64,1008,-48
1,1563792059149,32,336,976
1,1563792059154,32,336,976
5,1563792059165,272,-976,-80
5,1563792059170,272,-976,-80
3,1563792059174,64,1008,-48
3,1563792059178,48,1008,-64
1,1563792059183,32,336,976
1,1563792059188,32,336,976
5,1563792059204,256,-960,-80
5,1563792059209,256,-960,-80
3,1563792059214,48,1008,-64
1,1563792059224,48,336,976
1,1563792059228,48,336,976
5,1563792059243,256,-976,-80
5,1563792059248,256,-976,-80
3,1563792059253,48,1008,-64
3,1563792059257,48,1008,-64
3,1563792059261,48,1008,-48
1,1563792059265,64,336,976
1,1563792059273,64,320,976
5,1563792059290,272,-976,-80
5,1563792059295,288,-976,-80
3,1563792059300,48,1008,-48
3,1563792059305,64,1008,-48
1,1563792059309,64,320,992
1,1563792059314,80,320,976
5,1563792059326,288,-976,-80
5,1563792059330,272,-976,-80
3,1563792059334,64,1008,-32
3,1563792059338,64,1008,-32
1,1563792059346,80,320,976
1,1563792059351,80,320,976
5,1563792059365,272,-976,-80
5,1563792059370,288,-976,-80
3,1563792059375,64,1008,-32
3,1563792059379,64,1008,-32
1,1563792059384,80,320,976
1,1563792059388,80,320,976
5,1563792059405,288,-976,-80
5,1563792059411,288,-976,-80
3,1563792059415,48,1008,-32
3,1563792059420,48,1008,-48
1,1563792059425,64,336,976
1,1563792059429,64,320,976
5,1563792059445,272,-976,-80
5,1563792059450,288,-976,-96
3,1563792059454,64,1008,-48
3,1563792059458,48,1008,-32
1,1563792059464,64,336,976
1,1563792059468,64,336,976
5,1563792059485,272,-976,-80
5,1563792059490,272,-976,-80
3,1563792059494,64,1008,-48
3,1563792059498,48,1008,-64
1,1563792059504,48,336,976
1,1563792059509,48,336,976
5,1563792059524,272,-976,-80
5,1563792059528,256,-976,-80
3,1563792059536,48,1008,-64
3,1563792059544,48,1008,-64
1,1563792059548,48,336,976
1,1563792059553,48,336,976
5,1563792059564,272,-976,-80
5,1563792059570,272,-976,-80
3,1563792059574,64,1008,-48
3,1563792059578,64,1008,-48
1,1563792059586,48,336,976
1,1563792059590,48,336,976
5,1563792059611,288,-976,-80
5,1563792059615,304,-976,-80
5,1563792059620,320,-976,-80
3,1563792059625,48,1024,-32
3,1563792059630,64,1008,-16
1,1563792059635,48,336,992
1,1563792059639,48,336,976
5,1563792059646,304,-976,-80
5,1563792059651,320,-976,-80
3,1563792059655,64,1024,-16
3,1563792059659,64,1024,-16
1,1563792059664,48,336,992
1,1563792059669,48,336,992
5,1563792059686,304,-976,-80
5,1563792059691,256,-976,-80
3,1563792059695,64,1024,0
3,1563792059700,64,1024,-16
1,1563792059705,64,336,992
1,1563792059709,80,336,976
1,1563792059713,80,320,976
5,1563792059723,208,-976,-96
5,1563792059729,192,-960,-96
3,1563792059734,64,992,-48
3,1563792059739,64,992,-64
1,1563792059744,80,320,976
1,1563792059748,64,320,976
5,1563792059764,208,-976,-80
5,1563792059773,192,-992,-112
3,1563792059778,64,1008,-64
3,1563792059783,48,1024,-48
1,1563792059788,64,320,992
5,1563792059804,176,-960,-112
5,1563792059809,176,-976,-96
3,1563792059815,32,1024,-64
3,1563792059819,48,1008,-64
1,1563792059827,64,320,976
1,1563792059832,64,320,976
1,1563792059836,64,320,960
5,1563792059844,128,-976,-96
5,1563792059850,128,-976,-96
3,1563792059855,64,992,-80
3,1563792059861,32,992,-112
3,1563792059865,48,1008,-80
1,1563792059870,64,320,976
1,1563792059874,64,320,976
5,1563792059885,176,-992,-96
5,1563792059890,224,-992,-96
3,1563792059896,64,1008,-32
3,1563792059901,80,1024,-16
1,1563792059910,64,320,992
1,1563792059914,64,336,976
5,1563792059925,240,-992,-80
5,1563792059929,192,-992,-96
3,1563792059934,80,1008,-32
1,1563792059946,80,320,960
1,1563792059951,80,336,960
5,1563792059966,144,-992,-96
5,1563792059971,176,-976,-96
3,1563792059974,64,1008,-64
1,1563792059984,80,336,976
1,1563792059989,96,336,976
5,1563792060005,176,-992,-96
5,1563792060010,192,-1008,-80
3,1563792060014,48,1008,-64
3,1563792060020,64,1008,-48
3,1563792060024,80,1008,-48
3,1563792060028,80,1008,-32
1,1563792060033,80,336,976
1,1563792060037,80,336,976
5,1563792060045,208,-1008,-80
5,1563792060049,208,-1008,-96
3,1563792060054,80,1008,-48
3,1563792060058,80,1008,-48
1,1563792060066,80,336,960
1,1563792060071,64,336,976
5,1563792060083,176,-992,-96
5,1563792060088,160,-992,-96
3,1563792060093,64,1008,-64
3,1563792060097,64,1008,-64
1,1563792060104,64,336,960
1,1563792060108,64,336,976
5,1563792060124,160,-992,-96
5,1563792060130,160,-1008,-96
3,1563792060137,80,992,-64
3,1563792060142,80,1008,-80
1,1563792060151,80,336,960
1,1563792060155,80,336,960
5,1563792060165,144,-992,-96
5,1563792060170,112,-992,-112
3,1563792060175,80,1008,-96
3,1563792060179,64,1008,-112
1,1563792060187,64,336,960
1,1563792060191,64,352,944
5,1563792060203,96,-992,-128
5,1563792060208,96,-992,-128
3,1563792060213,64,1008,-128
3,1563792060218,64,992,-128
1,1563792060224,64,336,960
1,1563792060229,64,352,960
5,1563792060245,80,-992,-128
5,1563792060250,80,-992,-128
5,1563792060255,80,-992,-144
3,1563792060259,64,992,-144
3,1563792060263,64,992,-128
1,1563792060270,64,352,960
1,1563792060275,48,368,944
5,1563792060283,96,-992,-160
5,1563792060289,96,-1008,-144
3,1563792060293,64,1008,-128
3,1563792060298,80,992,-128
1,1563792060303,16,368,960
1,1563792060308,-16,384,960
5,1563792060323,64,-1008,-144
5,1563792060328,48,-1008,-144
3,1563792060332,80,992,-160
3,1563792060336,80,992,-192
1,1563792060345,-16,384,944
1,1563792060350,-16,384,944
5,1563792060363,48,-992,-144
5,1563792060368,48,-1008,-144
3,1563792060372,64,992,-192
3,1563792060376,80,992,-176
1,1563792060383,-16,384,944
1,1563792060387,-16,400,944
5,1563792060421,48,-992,-144
5,1563792060429,32,-992,-144
3,1563792060433,80,992,-192
3,1563792060440,96,992,-208
1,1563792060445,-32,400,944
1,1563792060450,-32,400,944
5,1563792060466,32,-1008,-160
5,1563792060476,16,-1008,-160
3,1563792060480,96,992,-208
1,1563792060485,-32,400,944
3,1563792060490,96,992,-224
1,1563792060494,-32,400,928
5,1563792060499,16,-992,-160
5,1563792060505,0,-1008,-160
3,1563792060509,96,992,-224
3,1563792060513,96,992,-224
1,1563792060521,-32,400,944
1,1563792060526,-32,400,944
5,1563792060531,0,-1008,-176
3,1563792060535,96,976,-224
5,1563792060540,-16,-992,-192
1,1563792060547,-16,400,944
1,1563792060552,0,416,944
1,1563792060556,-16,432,928
5,1563792060566,-32,-992,-192
5,1563792060572,-48,-992,-176
3,1563792060578,96,992,-240
3,1563792060582,96,992,-240
3,1563792060587,112,976,-240
3,1563792060591,112,960,-256
1,1563792060595,-32,416,912
1,1563792060599,-16,400,912
5,1563792060605,-64,-992,-176
5,1563792060610,-96,-992,-176
3,1563792060615,128,944,-272
3,1563792060620,112,928,-288
1,1563792060625,-16,416,912
5,1563792060643,-112,-976,-192
5,1563792060647,-112,-976,-192
3,1563792060652,112,960,-288
1,1563792060664,-16,448,912
1,1563792060668,-32,464,912
1,1563792060673,-64,464,928
5,1563792060684,-144,-976,-224
5,1563792060690,-208,-944,-224
3,1563792060694,128,960,-304
3,1563792060699,96,976,-352
3,1563792060704,96,960,-384
1,1563792060709,-80,480,928
1,1563792060713,-96,496,928
5,1563792060725,-192,-976,-192
5,1563792060730,-96,-1024,-192
3,1563792060735,144,960,-320
3,1563792060739,208,976,-240
1,1563792060748,-112,480,944
1,1563792060753,-128,480,960
5,1563792060764,-80,-1040,-192
5,1563792060770,-80,-1072,-176
3,1563792060774,208,992,-272
3,1563792060779,176,1008,-320
1,1563792060784,-160,512,992
1,1563792060789,-192,512,992
5,1563792060807,-320,-1024,-16
5,1563792060812,-256,-1088,0
3,1563792060817,240,1040,-288
3,1563792060822,352,1040,-160
1,1563792060827,-272,512,992
1,1563792060832,-240,512,960
5,1563792060844,176,-1200,-160
5,1563792060849,-48,-1024,-304
3,1563792060854,288,1024,-176
3,1563792060859,192,1008,-320
1,1563792060865,-144,528,960
1,1563792060869,-80,560,992
5,1563792060884,-64,-944,-304
5,1563792060890,-16,-912,-320
5,1563792060895,-112,-864,-304
3,1563792060899,144,1024,-320
3,1563792060904,224,1024,-224
1,1563792060909,-64,544,928
1,1563792060914,-80,512,912
5,1563792060923,-144,-896,-304
5,1563792060928,-80,-880,-352
3,1563792060933,176,944,-160
3,1563792060938,208,896,-208
1,1563792060946,-112,480,880
1,1563792060951,-144,464,848
5,1563792060965,-80,-784,-400
5,1563792060970,-64,-640,-448
3,1563792060975,128,944,-224
3,1563792060980,16,800,-272
1,1563792060987,-112,464,848
1,1563792060992,-64,464,864
5,1563792061004,-48,-656,-464
5,1563792061010,0,-720,-496
3,1563792061017,0,880,-192
3,1563792061022,80,864,-208
1,1563792061027,-80,448,848
1,1563792061032,-80,400,848
5,1563792061043,48,-752,-544
5,1563792061048,0,-720,-560
3,1563792061053,96,880,-192
3,1563792061058,64,896,-192
1,1563792061063,-64,400,864
1,1563792061068,-64,416,896
5,1563792061103,16,-752,-576
5,1563792061108,32,-800,-576
3,1563792061114,-48,928,-192
3,1563792061119,0,976,-112
1,1563792061125,-80,448,912
1,1563792061130,-64,432,912
5,1563792061135,48,-912,-576
5,1563792061139,80,-928,-576
3,1563792061144,48,976,-96
3,1563792061150,96,992,-64
1,1563792061154,-16,416,912
1,1563792061158,16,432,928
5,1563792061167,80,-928,-592
5,1563792061172,112,-976,-608
3,1563792061177,80,1040,-96
3,1563792061182,128,1104,-96
1,1563792061187,48,448,960
1,1563792061192,48,464,976
5,1563792061204,80,-944,-592
5,1563792061215,96,-928,-576
3,1563792061220,112,1104,-96
3,1563792061225,144,1088,-80
1,1563792061230,48,448,944
1,1563792061237,64,432,912
5,1563792061245,96,-864,-544
5,1563792061250,80,-832,-544
3,1563792061255,144,1024,-80
3,1563792061260,128,992,-80
1,1563792061267,96,416,912
1,1563792061274,80,416,896
5,1563792061323,112,-864,-512
3,1563792061328,128,992,-80
1,1563792061335,0,416,864
5,1563792061341,144,-928,-512
1,1563792061347,-32,416,864
5,1563792061354,176,-944,-480
5,1563792061359,128,-768,-512
3,1563792061364,192,992,-32
3,1563792061368,176,992,16
3,1563792061374,192,976,-16
3,1563792061379,160,944,-32
1,1563792061383,0,432,848
1,1563792061388,48,416,816
5,1563792061392,192,-704,-528
5,1563792061396,256,-672,-544
3,1563792061401,176,944,-16
1,1563792061409,96,416,816
1,1563792061416,144,416,848
1,1563792061420,176,464,896
5,1563792061428,352,-736,-624
5,1563792061433,176,-848,-624
3,1563792061438,256,960,64
3,1563792061442,208,1024,64
3,1563792061447,240,1104,32
1,1563792061452,208,496,944
1,1563792061456,208,544,1056
5,1563792061462,80,-1024,-704
5,1563792061466,208,-832,-1024
3,1563792061471,320,1280,-48
3,1563792061475,-176,1328,-240
1,1563792061480,320,640,1136
5,1563792061490,-224,-592,-1008
5,1563792061496,144,-576,-912
3,1563792061503,-240,1248,0
3,1563792061508,96,1104,256
1,1563792061512,320,688,1136
1,1563792061517,96,576,992
1,1563792061522,-32,464,816
5,1563792061527,352,-672,-768
3,1563792061531,96,944,192
3,1563792061536,-64,864,64
5,1563792061541,288,-592,-688
1,1563792061545,16,416,768
1,1563792061550,48,432,832
5,1563792061564,112,-608,-656
5,1563792061569,208,-688,-672
5,1563792061576,272,-688,-752
3,1563792061583,48,928,160
3,1563792061587,48,1040,192
1,1563792061592,32,496,912
1,1563792061597,48,544,944
5,1563792061604,192,-656,-784
5,1563792061609,160,-640,-784
3,1563792061614,-32,1072,144
3,1563792061618,-32,1088,96
1,1563792061624,96,544,960
1,1563792061628,128,512,928
5,1563792061644,192,-656,-768
5,1563792061650,240,-640,-752
3,1563792061654,0,1040,128
3,1563792061659,16,992,160
1,1563792061664,112,496,912
1,1563792061669,112,480,880
5,1563792061685,176,-640,-720
5,1563792061689,192,-672,-704
3,1563792061694,16,976,128
3,1563792061698,32,992,144
1,1563792061706,112,496,880
1,1563792061711,112,496,896
5,1563792061723,192,-672,-704
5,1563792061728,192,-672,-704
3,1563792061733,32,1008,144
3,1563792061738,16,1008,144
1,1563792061745,112,496,896
1,1563792061749,112,496,896
5,1563792061763,208,-656,-720
5,1563792061768,192,-672,-704
3,1563792061775,16,1008,160
3,1563792061780,32,1008,176
1,1563792061786,96,496,896
1,1563792061791,80,480,896
5,1563792061804,208,-672,-704
5,1563792061812,176,-672,-720
3,1563792061816,16,992,160
3,1563792061821,16,992,128
1,1563792061826,96,480,880
1,1563792061830,112,480,880
5,1563792061843,176,-688,-704
5,1563792061854,176,-672,-704
3,1563792061858,16,992,128
3,1563792061863,16,992,128
1,1563792061867,112,496,896
1,1563792061872,112,496,896
5,1563792061883,192,-656,-720
5,1563792061889,192,-672,-720
3,1563792061894,16,1008,176
3,1563792061898,16,1024,176
1,1563792061906,112,496,912
1,1563792061910,112,496,912
5,1563792061924,208,-656,-736
5,1563792061928,208,-672,-720
3,1563792061934,0,1008,176
3,1563792061939,16,1008,192
1,1563792061944,128,496,912
1,1563792061949,128,496,912
5,1563792061963,224,-672,-736
5,1563792061969,192,-688,-720
3,1563792061973,16,1008,176
3,1563792061978,16,992,192
1,1563792061985,144,496,912
1,1563792061990,144,496,896
5,1563792062004,208,-672,-704
5,1563792062009,224,-688,-704
3,1563792062014,32,1008,208
3,1563792062018,32,992,176
1,1563792062035,128,480,896
1,1563792062040,144,496,896
5,1563792062044,208,-672,-704
5,1563792062050,208,-688,-704
3,1563792062054,32,992,208
3,1563792062059,16,992,176
3,1563792062063,48,1008,208
1,1563792062083,144,480,896
1,1563792062090,160,496,896
5,1563792062095,208,-688,-704
5,1563792062101,224,-704,-720
3,1563792062110,32,1008,224
1,1563792062115,176,480,896
1,1563792062120,176,480,896
5,1563792062125,208,-688,-704
5,1563792062131,208,-688,-704
3,1563792062136,48,1008,208
3,1563792062141,32,992,208
3,1563792062146,32,992,224
1,1563792062153,176,480,896
1,1563792062158,176,480,896
1,1563792062164,192,480,896
5,1563792062170,208,-688,-704
5,1563792062175,240,-688,-688
3,1563792062180,32,992,208
3,1563792062185,32,976,224
1,1563792062190,192,480,896
5,1563792062204,240,-688,-688
5,1563792062209,240,-688,-672
5,1563792062214,208,-688,-704
3,1563792062219,32,976,208
3,1563792062225,48,992,256
1,1563792062233,176,480,896
1,1563792062237,176,480,896
1,1563792062244,160,480,896
5,1563792062249,240,-688,-688
5,1563792062257,240,-704,-688
3,1563792062262,32,992,240
3,1563792062268,48,976,240
1,1563792062273,160,464,896
1,1563792062278,160,480,896
5,1563792062286,224,-688,-688
5,1563792062294,224,-688,-688
3,1563792062319,48,992,240
3,1563792062326,48,992,240
1,1563792062331,176,480,896
5,1563792062336,240,-704,-688
5,1563792062341,240,-704,-688
3,1563792062347,48,992,224
3,1563792062352,48,992,240
1,1563792062357,176,480,912
1,1563792062361,192,480,896
1,1563792062368,192,480,896
5,1563792062374,240,-704,-672
5,1563792062378,240,-688,-688
3,1563792062384,48,992,240
3,1563792062388,48,992,240
1,1563792062392,192,480,896
1,1563792062398,192,480,896
5,1563792062407,256,-704,-672
5,1563792062413,240,-704,-672
3,1563792062417,48,992,240
3,1563792062423,48,992,256
1,1563792062429,192,464,896
1,1563792062433,176,464,896
5,1563792062444,240,-704,-656
5,1563792062452,240,-704,-672
3,1563792062458,48,976,240
3,1563792062463,48,976,240
1,1563792062468,176,480,896
1,1563792062473,176,464,896
5,1563792062484,240,-704,-672
5,1563792062492,240,-688,-688
3,1563792062497,48,992,240
3,1563792062503,48,992,240
1,1563792062508,176,480,896
1,1563792062513,176,480,896
5,1563792062523,240,-704,-672
5,1563792062529,240,-688,-688
3,1563792062533,48,992,240
3,1563792062539,48,992,224
1,1563792062547,176,480,912
1,1563792062551,176,480,896
5,1563792062566,240,-688,-672
5,1563792062572,240,-704,-688
3,1563792062576,48,992,240
3,1563792062581,48,992,224
1,1563792062587,176,480,896
1,1563792062592,176,480,896
5,1563792062603,240,-704,-688
5,1563792062608,224,-688,-688
3,1563792062613,48,992,224
3,1563792062617,48,992,224
1,1563792062647,176,480,896
1,1563792062653,176,480,896
5,1563792062658,240,-688,-688
5,1563792062662,224,-688,-688
3,1563792062667,48,992,224
3,1563792062673,48,992,224
1,1563792062678,176,480,896
1,1563792062683,176,480,896
5,1563792062690,224,-688,-672
5,1563792062695,208,-688,-688
3,1563792062699,48,992,224
3,1563792062705,48,992,224
1,1563792062712,176,480,896
1,1563792062716,176,480,896
5,1563792062723,224,-688,-688
5,1563792062731,224,-688,-688
3,1563792062735,32,992,208
3,1563792062740,32,992,224
1,1563792062747,176,480,896
1,1563792062752,160,480,896
5,1563792062764,224,-688,-688
5,1563792062769,224,-688,-688
3,1563792062774,32,992,224
3,1563792062788,48,992,208
3,1563792062792,32,992,208
1,1563792062800,160,480,896
1,1563792062806,144,480,896
5,1563792062811,224,-688,-688
5,1563792062816,208,-688,-704
3,1563792062821,32,992,208
1,1563792062828,144,480,912
1,1563792062832,144,480,896
5,1563792062846,208,-688,-704
5,1563792062852,208,-688,-704
5,1563792062857,208,-688,-704
3,1563792062862,32,992,208
3,1563792062867,32,1008,192
3,1563792062872,32,1008,192
1,1563792062876,128,480,912
1,1563792062881,144,480,896
5,1563792062889,208,-688,-704
5,1563792062894,208,-688,-704
3,1563792062899,32,1008,192
3,1563792062905,16,992,176
1,1563792062910,144,480,896
1,1563792062915,144,480,896
5,1563792062923,208,-688,-704
5,1563792062930,208,-688,-704
3,1563792062937,32,1008,192
3,1563792062944,32,1008,192
1,1563792062976,144,480,896
1,1563792062983,144,496,896
5,1563792062989,208,-688,-704
5,1563792062994,208,-688,-704
3,1563792063000,32,992,176
3,1563792063005,32,1008,176
1,1563792063010,128,496,896
1,1563792063015,144,480,896
1,1563792063020,144,480,912
5,1563792063025,192,-688,-704
5,1563792063030,192,-672,-704
3,1563792063035,32,1008,176
3,1563792063040,32,1008,176
1,1563792063049,144,480,912
5,1563792063054,192,-688,-704
3,1563792063060,32,1008,176
3,1563792063066,32,992,192
5,1563792063072,192,-672,-704
1,1563792063076,128,480,912
1,1563792063083,128,480,896
1,1563792063090,128,480,896
