2,1563792336488,96,480,672
2,1563792336490,16,544,688
4,1563792336500,-224,816,-320
4,1563792336502,-192,880,-368
6,1563792336506,448,-784,-448
6,1563792336508,384,-800,-512
2,1563792336534,0,592,768
2,1563792336535,0,624,832
2,1563792336540,32,640,880
4,1563792336541,-144,944,-336
4,1563792336542,-64,1008,-272
4,1563792336550,-48,1024,-192
6,1563792336552,336,-784,-576
6,1563792336553,256,-800,-624
6,1563792336555,208,-784,-592
2,1563792336580,64,640,864
2,1563792336581,96,576,848
4,1563792336587,-48,992,-160
4,1563792336588,-96,928,-176
6,1563792336598,208,-800,-544
6,1563792336600,256,-800,-496
2,1563792336623,112,528,816
2,1563792336625,112,496,800
4,1563792336636,-144,880,-224
4,1563792336639,-192,848,-272
6,1563792336642,320,-816,-464
6,1563792336646,336,-848,-432
2,1563792336669,112,480,752
2,1563792336671,128,464,656
4,1563792336676,-272,800,-272
4,1563792336679,-336,720,-208
6,1563792336688,320,-864,-320
6,1563792336690,288,-816,-288
2,1563792336714,176,416,608
2,1563792336722,144,432,592
2,1563792336723,16,512,736
4,1563792336725,-288,640,-208
4,1563792336726,-288,720,-320
4,1563792336728,448,896,-400
6,1563792336738,352,-768,-368
6,1563792336740,560,-416,-624
6,1563792336742,400,-352,-1296
2,1563792336758,-224,816,1184
2,1563792336759,-432,1184,1488
4,1563792336767,432,1584,-544
4,1563792336768,192,2048,-416
2,1563792336804,-176,1328,1216
2,1563792336806,112,816,1008
4,1563792336819,128,1632,-112
4,1563792336823,32,1040,-96
6,1563792336826,-112,-656,-1472
6,1563792336830,112,-624,-1200
6,1563792336832,0,-640,-832
6,1563792336835,160,-672,-592
2,1563792336848,160,416,816
2,1563792336850,128,240,672
2,1563792336852,80,352,576
4,1563792336866,-80,624,-144
4,1563792336867,-224,560,-176
4,1563792336870,-320,672,-208
6,1563792336872,336,-688,-512
6,1563792336875,368,-752,-368
2,1563792336896,32,464,592
2,1563792336897,0,528,704
4,1563792336902,-288,736,-256
4,1563792336903,-160,848,-288
6,1563792336908,352,-784,-336
6,1563792336909,400,-768,-432
6,1563792336911,320,-768,-592
2,1563792336939,-16,608,832
2,1563792336940,-32,688,912
4,1563792336946,-64,1024,-272
4,1563792336947,0,1136,-240
6,1563792336953,240,-752,-704
6,1563792336955,176,-752,-752
2,1563792336984,-32,720,928
2,1563792336986,0,672,896
4,1563792336994,0,1152,-208
4,1563792336996,-32,1072,-192
6,1563792337008,160,-768,-704
6,1563792337010,208,-768,-608
2,1563792337031,48,592,864
2,1563792337035,80,512,816
2,1563792337037,80,480,752
4,1563792337047,-96,944,-208
4,1563792337050,-144,864,-224
4,1563792337053,-240,800,-272
6,1563792337055,240,-768,-528
6,1563792337057,288,-800,-480
6,1563792337058,272,-896,-400
2,1563792337073,96,464,656
2,1563792337074,160,400,560
4,1563792337082,-416,736,-288
4,1563792337084,-384,576,-256
6,1563792337091,272,-896,-224
6,1563792337093,304,-736,-272
2,1563792337120,192,384,512
2,1563792337121,-32,496,784
4,1563792337130,-240,608,-464
4,1563792337133,624,944,-560
6,1563792337140,928,-80,-832
6,1563792337142,368,-704,-1072
2,1563792337165,-224,912,1408
2,1563792337167,-272,1360,1424
4,1563792337176,144,1920,-480
4,1563792337179,352,2048,-144
6,1563792337187,32,-656,-1600
6,1563792337190,-240,-752,-944
2,1563792337211,112,1216,1184
2,1563792337213,224,576,928
2,1563792337216,160,208,736
4,1563792337224,-32,1296,-80
4,1563792337226,-80,784,-80
4,1563792337229,-240,448,-112
6,1563792337231,80,-720,-640
6,1563792337233,144,-752,-416
6,1563792337236,320,-752,-336
2,1563792337254,128,192,544
2,1563792337256,48,368,496
4,1563792337264,-320,512,-128
4,1563792337266,-368,640,-192
6,1563792337275,368,-800,-256
6,1563792337277,336,-800,-320
2,1563792337300,-16,480,592
2,1563792337301,-48,576,752
4,1563792337308,-240,752,-288
4,1563792337310,-176,928,-320
6,1563792337320,368,-800,-496
6,1563792337322,288,-800,-608
2,1563792337348,-48,672,832
2,1563792337350,-80,736,928
4,1563792337360,-48,1088,-336
4,1563792337362,32,1184,-272
6,1563792337373,240,-736,-768
6,1563792337374,144,-752,-816
2,1563792337389,-48,768,960
2,1563792337390,48,688,928
2,1563792337391,128,544,848
4,1563792337398,32,1200,-224
4,1563792337399,-64,1040,-208
4,1563792337400,-208,864,-240
6,1563792337404,144,-752,-736
6,1563792337406,208,-784,-608
6,1563792337407,320,-800,-448
2,1563792337433,176,432,752
2,1563792337434,192,384,640
4,1563792337441,-288,720,-288
4,1563792337441,-336,640,-256
6,1563792337451,336,-832,-352
6,1563792337452,272,-784,-288
2,1563792337483,192,400,576
2,1563792337487,96,496,704
4,1563792337502,-288,640,-304
4,1563792337504,256,864,-336
6,1563792337506,464,-528,-512
6,1563792337508,448,-448,-1088
2,1563792337524,-80,768,1120
2,1563792337526,-224,1088,1408
2,1563792337529,-64,1216,1152
4,1563792337539,224,1472,-496
4,1563792337541,224,2000,-432
6,1563792337549,-16,-720,-1312
6,1563792337550,128,-688,-1104
6,1563792337552,80,-720,-768
2,1563792337569,96,784,944
2,1563792337570,144,416,752
4,1563792337576,-16,1504,-176
4,1563792337577,-64,944,-64
4,1563792337582,-208,592,-64
6,1563792337584,32,-768,-512
6,1563792337586,160,-752,-400
2,1563792337612,128,256,640
2,1563792337614,64,352,576
4,1563792337620,-240,544,-96
4,1563792337622,-288,688,-160
6,1563792337633,256,-768,-368
6,1563792337635,272,-784,-384
2,1563792337662,0,464,656
2,1563792337663,-64,544,752
4,1563792337670,-208,800,-288
4,1563792337671,-128,960,-384
2,1563792337705,-64,656,848
2,1563792337709,-48,688,896
2,1563792337711,-16,688,896
4,1563792337720,-80,1088,-384
4,1563792337724,-32,1104,-320
4,1563792337726,-32,1072,-240
6,1563792337729,384,-784,-528
6,1563792337731,304,-800,-640
6,1563792337733,288,-752,-704
6,1563792337735,224,-752,-720
6,1563792337737,192,-752,-672
2,1563792337748,48,656,880
2,1563792337750,112,608,864
4,1563792337758,-48,1008,-192
4,1563792337761,-112,944,-192
6,1563792337770,176,-768,-608
6,1563792337772,224,-816,-560
2,1563792337795,128,544,816
2,1563792337796,128,464,736
4,1563792337804,-224,864,-256
4,1563792337806,-288,752,-336
2,1563792337841,144,448,656
2,1563792337847,192,448,640
4,1563792337864,-288,704,-304
4,1563792337867,-320,688,-240
6,1563792337871,304,-832,-464
6,1563792337874,400,-800,-400
6,1563792337877,288,-832,-352
6,1563792337879,272,-752,-336
2,1563792337891,176,480,640
2,1563792337893,0,656,944
2,1563792337895,-208,976,1360
4,1563792337898,-48,784,-240
4,1563792337900,416,1168,-400
4,1563792337908,160,1888,-560
6,1563792337911,592,-368,-832
6,1563792337913,-176,-720,-1232
6,1563792337916,336,-656,-1280
2,1563792337929,-208,1216,1216
2,1563792337930,32,912,1040
4,1563792337941,96,1744,-272
4,1563792337943,0,1136,-128
6,1563792337952,80,-704,-896
6,1563792337953,64,-736,-608
2,1563792337975,128,496,864
2,1563792337976,128,272,720
4,1563792337982,-144,704,-64
4,1563792337984,-208,544,-160
6,1563792337988,144,-736,-464
2,1563792338019,80,320,576
2,1563792338021,16,448,576
4,1563792338026,-288,656,-240
4,1563792338027,-256,752,-336
6,1563792338035,272,-752,-400
6,1563792338037,336,-784,-368
6,1563792338038,368,-800,-464
6,1563792338039,304,-816,-592
2,1563792338065,-32,528,688
2,1563792338073,-32,640,816
2,1563792338075,0,672,880
4,1563792338079,-176,896,-384
4,1563792338081,-112,1024,-320
4,1563792338084,-80,1056,-208
6,1563792338092,224,-800,-640
6,1563792338093,112,-800,-640
2,1563792338109,48,672,864
2,1563792338120,112,592,784
4,1563792338121,-128,992,-160
4,1563792338123,-208,864,-144
6,1563792338125,112,-816,-560
6,1563792338126,160,-832,-432
2,1563792338154,176,512,704
2,1563792338155,192,448,672
4,1563792338164,-256,736,-160
4,1563792338165,-224,736,-256
6,1563792338175,176,-800,-368
6,1563792338176,432,-576,-576
2,1563792338199,80,512,816
2,1563792338204,-48,736,1104
4,1563792338206,192,944,-304
4,1563792338207,128,1408,-496
6,1563792338215,112,-624,-960
6,1563792338217,256,-656,-1120
6,1563792338218,208,-672,-992
2,1563792338246,-144,944,1168
2,1563792338247,-48,960,1040
2,1563792338249,64,688,912
4,1563792338261,128,1616,-432
4,1563792338265,16,1264,-288
4,1563792338268,-96,928,-144
6,1563792338272,176,-704,-784
6,1563792338274,128,-736,-576
2,1563792338289,128,512,768
2,1563792338292,96,432,704
6,1563792338305,208,-736,-512
6,1563792338308,240,-752,-512
2,1563792338333,48,480,688
2,1563792338335,16,528,736
4,1563792338343,-160,752,-144
4,1563792338355,-192,736,-224
4,1563792338357,-160,832,-304
4,1563792338359,-144,928,-352
6,1563792338362,304,-768,-560
6,1563792338364,304,-768,-608
2,1563792338379,0,592,800
2,1563792338382,16,624,848
2,1563792338384,32,640,848
4,1563792338392,-112,992,-320
4,1563792338394,-112,1008,-256
6,1563792338403,240,-768,-640
6,1563792338405,176,-768,-624
6,1563792338406,160,-768,-608
2,1563792338425,64,624,832
2,1563792338430,64,624,848
4,1563792338432,-96,976,-224
4,1563792338434,-64,960,-208
4,1563792338435,-64,992,-256
6,1563792338438,176,-752,-624
6,1563792338439,176,-752,-656
2,1563792338470,48,640,864
2,1563792338471,48,624,864
4,1563792338478,-48,1040,-304
4,1563792338479,-80,1008,-304
6,1563792338485,240,-752,-672
6,1563792338486,240,-768,-640
2,1563792338514,64,592,848
2,1563792338516,80,576,816
4,1563792338523,-96,960,-272
4,1563792338525,-160,896,-288
6,1563792338532,240,-784,-592
6,1563792338533,240,-816,-528
6,1563792338535,304,-800,-432
2,1563792338559,96,528,752
2,1563792338560,112,480,672
2,1563792338561,128,464,640
4,1563792338570,-256,800,-272
4,1563792338572,-272,736,-256
4,1563792338574,-192,768,-272
6,1563792338577,256,-832,-400
6,1563792338579,464,-512,-608
2,1563792338604,0,576,832
2,1563792338605,-192,880,1264
4,1563792338613,384,1056,-416
4,1563792338615,208,1712,-576
6,1563792338624,112,-592,-1168
6,1563792338626,160,-720,-1216
2,1563792338648,-224,1088,1168
2,1563792338651,32,880,992
4,1563792338660,80,1680,-320
4,1563792338663,-48,1072,-144
6,1563792338671,96,-736,-864
6,1563792338673,32,-768,-576
2,1563792338695,176,480,848
2,1563792338696,224,304,720
4,1563792338702,-192,688,-48
4,1563792338704,-240,560,-96
6,1563792338709,16,-816,-352
6,1563792338712,208,-768,-320
6,1563792338714,272,-816,-304
2,1563792338739,160,336,608
2,1563792338741,96,448,624
2,1563792338743,16,560,736
4,1563792338751,-288,640,-176
4,1563792338753,-240,752,-288
4,1563792338756,-112,912,-368
6,1563792338767,304,-816,-416
6,1563792338769,288,-832,-592
2,1563792338784,-32,656,832
2,1563792338785,-32,704,896
4,1563792338791,-80,1072,-368
4,1563792338792,-48,1120,-272
6,1563792338801,192,-816,-656
6,1563792338803,144,-800,-672
2,1563792338829,16,688,912
2,1563792338832,96,608,848
4,1563792338844,-64,1040,-208
4,1563792338847,-144,928,-192
6,1563792338850,128,-816,-608
6,1563792338852,208,-816,-496
2,1563792338874,160,528,768
2,1563792338877,176,448,704
4,1563792338886,-224,800,-192
4,1563792338888,-304,752,-272
6,1563792338899,208,-848,-384
6,1563792338900,352,-688,-368
6,1563792338903,480,-640,-768
2,1563792338920,96,448,720
2,1563792338921,-16,608,928
2,1563792338923,-128,800,1040
4,1563792338933,96,816,-368
4,1563792338934,64,1152,-448
4,1563792338936,160,1408,-528
6,1563792338938,112,-736,-880
6,1563792338940,320,-672,-976
2,1563792338965,-128,896,992
2,1563792338966,-32,768,960
4,1563792338972,32,1312,-368
4,1563792338974,-16,1072,-208
6,1563792338983,208,-720,-832
6,1563792338985,128,-752,-640
2,1563792339010,64,592,848
2,1563792339020,96,464,816
4,1563792339022,-112,896,-112
4,1563792339026,-128,832,-96
6,1563792339029,96,-768,-496
6,1563792339031,176,-752,-512
2,1563792339055,64,432,816
2,1563792339058,16,480,832
2,1563792339060,-48,544,832
6,1563792339070,208,-784,-544
6,1563792339071,288,-784,-576
6,1563792339074,320,-752,-608
2,1563792339105,-64,592,832
2,1563792339108,-64,640,848
4,1563792339117,-64,896,-160
4,1563792339119,-80,976,-256
4,1563792339124,-64,992,-320
4,1563792339127,-64,1008,-320
4,1563792339129,0,1056,-240
6,1563792339132,288,-752,-624
6,1563792339133,240,-768,-672
2,1563792339144,-64,688,880
2,1563792339146,-32,688,864
4,1563792339154,-48,1072,-144
4,1563792339156,-64,1024,-96
6,1563792339159,224,-800,-624
6,1563792339162,272,-816,-576
2,1563792339188,-16,640,816
2,1563792339189,-16,592,752
4,1563792339196,-96,944,-128
4,1563792339197,-144,880,-224
6,1563792339210,320,-784,-496
6,1563792339212,448,-784,-464
6,1563792339214,400,-944,-448
2,1563792339234,-48,560,720
2,1563792339235,0,544,704
2,1563792339236,80,512,720
4,1563792339242,-240,864,-288
4,1563792339243,-640,800,-256
4,1563792339244,-848,816,-304
6,1563792339252,48,-1264,-208
6,1563792339254,0,-1392,-128
2,1563792339279,112,512,688
2,1563792339281,64,608,784
4,1563792339286,-384,832,-432
4,1563792339287,112,1056,-96
6,1563792339298,592,-1392,-640
6,1563792339299,304,-416,-592
2,1563792339324,96,704,912
2,1563792339326,96,768,976
4,1563792339336,192,1152,-240
4,1563792339339,176,1216,-368
6,1563792339341,400,-192,-608
6,1563792339344,160,-320,-576
2,1563792339371,32,752,944
2,1563792339373,-16,736,864
4,1563792339380,-80,1120,-400
4,1563792339381,-96,1040,-336
6,1563792339389,240,-528,-688
6,1563792339391,352,-528,-768
6,1563792339392,368,-592,-784
2,1563792339458,-16,736,832
2,1563792339461,96,688,848
2,1563792339462,192,672,880
4,1563792339463,-48,976,-160
4,1563792339464,-32,976,-48
4,1563792339466,-80,976,-160
6,1563792339467,496,-640,-752
6,1563792339468,592,-832,-864
2,1563792339473,176,656,896
2,1563792339474,32,624,880
4,1563792339475,-336,1008,-384
4,1563792339477,-192,1056,-320
6,1563792339478,416,-1056,-896
6,1563792339479,112,-672,-688
2,1563792339509,-48,640,832
2,1563792339511,16,608,848
4,1563792339512,-144,1008,-320
4,1563792339513,-96,992,-256
2,1563792339549,32,560,848
2,1563792339551,-48,560,784
4,1563792339558,-48,928,-192
4,1563792339560,-176,880,-160
6,1563792339567,224,-608,-704
6,1563792339569,160,-592,-736
6,1563792339570,144,-592,-752
6,1563792339571,96,-816,-784
6,1563792339572,-32,-608,-704
2,1563792339600,-64,544,768
2,1563792339603,-32,576,816
2,1563792339605,32,576,816
4,1563792339615,-144,912,-80
4,1563792339616,-48,944,-48
4,1563792339618,-144,928,-80
6,1563792339620,128,-512,-672
6,1563792339621,80,-640,-656
2,1563792339639,80,560,800
2,1563792339640,80,560,800
4,1563792339646,-224,896,-192
4,1563792339648,-240,896,-240
6,1563792339656,80,-768,-688
6,1563792339657,32,-640,-592
2,1563792339686,128,592,784
2,1563792339687,208,576,784
4,1563792339693,-240,896,-208
4,1563792339694,-240,896,-176
6,1563792339700,48,-592,-528
6,1563792339703,144,-576,-496
6,1563792339705,208,-624,-480
2,1563792339729,240,592,784
2,1563792339730,224,592,736
4,1563792339738,-208,864,-144
4,1563792339740,-304,832,-160
6,1563792339751,192,-704,-432
6,1563792339752,240,-736,-416
2,1563792339774,160,560,688
2,1563792339775,112,528,672
2,1563792339777,112,528,736
4,1563792339784,-368,800,-160
4,1563792339785,-432,800,-128
4,1563792339786,-976,992,96
6,1563792339789,160,-816,-320
6,1563792339790,160,-1696,-528
2,1563792339819,-32,608,976
2,1563792339821,0,832,960
4,1563792339828,-80,1248,-784
4,1563792339833,128,1312,-368
6,1563792339844,368,-912,-832
6,1563792339848,80,-656,-1024
2,1563792339865,-32,816,1104
2,1563792339866,-80,736,1088
4,1563792339871,-160,1312,-464
4,1563792339872,-192,1312,-288
6,1563792339882,256,-816,-1040
6,1563792339883,160,-896,-768
6,1563792339883,80,-800,-640
2,1563792339908,48,656,912
2,1563792339910,48,528,800
2,1563792339913,-16,432,720
4,1563792339926,-64,992,-160
4,1563792339928,-240,816,-80
6,1563792339931,-64,-800,-496
6,1563792339936,-32,-848,-384
2,1563792339954,-64,448,656
2,1563792339955,-48,464,672
4,1563792339966,-336,784,-64
4,1563792339968,-288,816,-64
4,1563792339969,-288,832,-32
6,1563792339977,0,-832,-384
6,1563792339980,-32,-848,-384
2,1563792339999,-32,480,736
2,1563792340001,-32,528,800
4,1563792340010,-256,880,-48
4,1563792340012,-224,960,-16
6,1563792340022,16,-880,-432
6,1563792340024,0,-880,-480
2,1563792340046,-32,576,832
2,1563792340047,-48,624,832
4,1563792340054,-208,992,-64
4,1563792340056,-224,1008,-144
6,1563792340059,32,-880,-528
6,1563792340070,144,-880,-560
6,1563792340071,176,-832,-608
2,1563792340089,-48,640,816
2,1563792340090,-16,672,848
2,1563792340092,48,688,864
4,1563792340100,-192,1008,-192
4,1563792340103,-160,1040,-208
4,1563792340106,-176,1024,-240
6,1563792340108,176,-816,-608
6,1563792340111,192,-832,-592
2,1563792340135,80,688,880
2,1563792340136,128,704,896
4,1563792340142,-208,1024,-224
4,1563792340144,-224,1008,-256
6,1563792340152,256,-848,-592
6,1563792340154,256,-832,-576
2,1563792340178,144,704,848
2,1563792340180,176,688,832
4,1563792340187,-224,976,-288
4,1563792340188,-288,960,-304
6,1563792340199,368,-832,-544
6,1563792340200,320,-848,-480
6,1563792340202,384,-720,-512
2,1563792340224,192,656,832
2,1563792340226,192,656,832
4,1563792340236,-240,928,-352
4,1563792340238,-80,944,-368
6,1563792340241,448,-624,-560
6,1563792340244,720,-496,-640
2,1563792340269,224,688,880
2,1563792340270,240,704,928
2,1563792340272,256,704,928
4,1563792340280,48,992,-272
4,1563792340283,-80,1024,-448
4,1563792340285,-64,1056,-368
6,1563792340295,576,-688,-576
6,1563792340296,416,-800,-560
2,1563792340313,240,672,896
2,1563792340316,208,608,848
4,1563792340325,-224,976,-416
4,1563792340326,-304,960,-352
6,1563792340336,448,-848,-464
6,1563792340337,512,-864,-352
2,1563792340359,208,560,768
2,1563792340361,240,496,720
4,1563792340369,-352,832,-336
4,1563792340371,-304,704,-320
6,1563792340374,560,-800,-224
6,1563792340375,608,-752,-192
6,1563792340377,608,-752,-144
2,1563792340405,256,464,688
2,1563792340407,240,464,672
4,1563792340418,-336,672,-352
4,1563792340423,-368,688,-368
6,1563792340427,608,-768,-144
6,1563792340429,624,-832,-176
2,1563792340450,176,512,672
2,1563792340452,160,544,688
2,1563792340462,208,528,640
4,1563792340464,-400,720,-416
4,1563792340467,-576,720,-416
6,1563792340477,560,-976,-80
6,1563792340479,512,-896,-48
2,1563792340495,224,512,592
2,1563792340497,256,560,624
4,1563792340503,-528,736,-352
4,1563792340504,-304,656,-288
4,1563792340506,-144,784,-272
6,1563792340509,432,-736,-160
6,1563792340516,560,-448,-400
4,1563792340548,672,1072,-544
4,1563792340549,-160,1408,-624
6,1563792340558,1680,32,-944
6,1563792340561,544,-896,-576
6,1563792340564,-560,-1264,-1008
2,1563792340584,96,688,816
2,1563792340587,48,880,1024
2,1563792340597,160,992,1312
2,1563792340600,0,1088,1232
2,1563792340602,48,880,1088
4,1563792340605,-224,1648,-528
4,1563792340606,336,1568,-320
6,1563792340615,592,-624,-1040
6,1563792340616,-48,-928,-608
2,1563792340630,208,624,912
2,1563792340632,224,480,720
4,1563792340639,-288,1136,-80
4,1563792340640,-64,864,-128
4,1563792340642,-208,704,-160
6,1563792340651,272,-800,-416
6,1563792340653,416,-768,-288
2,1563792340674,176,384,688
2,1563792340675,112,400,640
4,1563792340681,-368,672,-208
4,1563792340683,-368,704,-208
2,1563792340721,96,448,640
2,1563792340722,96,464,720
4,1563792340732,-336,736,-240
4,1563792340734,-352,816,-272
6,1563792340742,496,-832,-256
6,1563792340746,544,-736,-144
6,1563792340748,416,-848,-224
6,1563792340749,304,-928,-272
6,1563792340751,496,-816,-416
2,1563792340766,48,528,768
2,1563792340769,0,576,784
2,1563792340771,16,592,784
4,1563792340781,-176,928,-320
4,1563792340783,-208,960,-272
6,1563792340785,416,-848,-464
6,1563792340786,368,-896,-448
2,1563792340812,48,560,736
2,1563792340813,96,512,688
4,1563792340819,-256,928,-272
4,1563792340820,-352,864,-272
4,1563792340822,-240,768,-224
6,1563792340824,400,-880,-368
6,1563792340826,352,-768,-352
2,1563792340856,112,512,704
2,1563792340858,16,576,800
4,1563792340868,-160,832,-304
4,1563792340870,368,992,-384
6,1563792340876,368,-608,-480
6,1563792340880,880,-256,-880
6,1563792340882,160,-784,-976
2,1563792340899,-128,752,1040
2,1563792340900,-112,960,1312
4,1563792340907,16,1424,-336
4,1563792340908,-16,1776,-336
6,1563792340917,-128,-864,-1104
6,1563792340918,160,-720,-1008
2,1563792340946,-128,1088,1200
2,1563792340947,0,864,1040
2,1563792340948,32,592,800
4,1563792340960,48,1536,-128
4,1563792340960,-176,1072,-80
4,1563792340962,-144,768,-112
6,1563792340971,-32,-816,-656
2,1563792340988,48,432,672
2,1563792340990,48,368,656
4,1563792340998,-272,672,-128
4,1563792341000,-320,720,-144
6,1563792341003,224,-736,-512
6,1563792341004,320,-752,-384
6,1563792341005,304,-832,-336
2,1563792341035,16,416,672
4,1563792341043,-320,800,-144
4,1563792341044,-240,864,-176
6,1563792341051,240,-848,-336
6,1563792341052,256,-832,-416
6,1563792341054,224,-848,-512
2,1563792341079,0,480,720
2,1563792341081,-16,544,800
2,1563792341082,-16,608,864
4,1563792341089,-176,976,-192
4,1563792341090,-144,1056,-192
6,1563792341100,192,-848,-576
6,1563792341101,192,-848,-592
2,1563792341124,0,640,880
2,1563792341125,32,624,880
2,1563792341126,32,576,816
4,1563792341131,-128,1040,-176
4,1563792341132,-176,976,-160
4,1563792341134,-288,880,-208
6,1563792341139,176,-848,-576
6,1563792341141,224,-912,-496
2,1563792341169,32,496,720
2,1563792341171,96,416,608
4,1563792341177,-416,768,-192
4,1563792341180,-352,656,-144
6,1563792341190,288,-928,-320
6,1563792341191,240,-848,-224
2,1563792341213,112,400,608
2,1563792341214,64,480,688
4,1563792341221,-256,656,-128
4,1563792341224,-80,912,-144
6,1563792341235,112,-768,-320
6,1563792341236,224,-560,-560
6,1563792341238,192,-544,-1152
2,1563792341258,-128,672,992
2,1563792341266,-240,976,1392
2,1563792341267,-240,1184,1328
4,1563792341269,352,1312,-160
4,1563792341270,112,1968,-320
6,1563792341274,-64,-800,-1280
6,1563792341276,144,-784,-1104
2,1563792341304,-32,944,1056
2,1563792341305,48,560,864
4,1563792341315,48,1760,-208
4,1563792341317,-48,1120,-112
4,1563792341320,-144,768,-48
6,1563792341330,64,-736,-784
6,1563792341332,48,-720,-544
2,1563792341348,64,384,736
2,1563792341350,16,368,704
4,1563792341355,-176,672,-112
4,1563792341358,-288,816,-144
6,1563792341366,192,-752,-464
6,1563792341367,208,-832,-352
6,1563792341369,256,-912,-352
2,1563792341396,16,416,720
2,1563792341397,-16,400,768
4,1563792341401,-304,832,-224
4,1563792341403,-240,848,-240
6,1563792341408,272,-896,-400
6,1563792341414,240,-864,-448
2,1563792341439,-48,432,784
2,1563792341441,-80,480,800
2,1563792341445,-48,528,832
4,1563792341455,-192,912,-208
4,1563792341457,-176,976,-144
2,1563792341484,-16,544,848
2,1563792341486,-16,544,832
4,1563792341493,-160,976,-80
4,1563792341495,-192,944,-48
4,1563792341496,-240,912,-64
6,1563792341503,176,-880,-480
6,1563792341505,112,-880,-480
6,1563792341506,80,-896,-464
6,1563792341507,64,-912,-416
2,1563792341533,-16,528,768
2,1563792341535,32,496,720
4,1563792341542,-288,864,-80
4,1563792341543,-368,784,-128
6,1563792341550,96,-912,-368
6,1563792341551,128,-960,-352
6,1563792341552,112,-944,-224
2,1563792341574,80,464,656
2,1563792341576,128,416,608
4,1563792341583,-416,688,-112
4,1563792341585,-352,656,-64
6,1563792341589,64,-848,-192
6,1563792341590,192,-784,-352
2,1563792341619,128,432,640
2,1563792341620,48,544,752
2,1563792341621,-96,848,1120
4,1563792341630,-288,752,-144
4,1563792341632,224,1008,-32
6,1563792341643,432,-416,-720
6,1563792341644,-160,-624,-1248
2,1563792341665,-192,1152,1488
2,1563792341666,-112,1280,1312
4,1563792341677,288,1584,-160
4,1563792341678,160,2048,-448
4,1563792341680,-48,1616,-368
6,1563792341689,144,-704,-1392
6,1563792341690,352,-720,-1136
2,1563792341710,96,896,1024
2,1563792341711,160,560,784
4,1563792341716,-80,1024,-240
4,1563792341717,-192,672,-160
6,1563792341723,192,-704,-752
6,1563792341724,208,-688,-528
6,1563792341726,384,-672,-464
2,1563792341756,144,384,656
2,1563792341757,96,400,656
4,1563792341768,-208,640,-224
4,1563792341770,-368,800,-208
6,1563792341780,320,-816,-400
6,1563792341781,288,-848,-384
2,1563792341799,80,448,720
2,1563792341801,80,480,784
2,1563792341802,16,512,832
4,1563792341809,-288,848,-224
4,1563792341812,-176,896,-224
4,1563792341814,-144,976,-176
6,1563792341824,352,-800,-480
6,1563792341825,256,-832,-544
2,1563792341846,-32,576,848
2,1563792341847,-32,608,848
4,1563792341855,-144,1040,-128
4,1563792341857,-160,1008,-96
6,1563792341865,192,-832,-592
6,1563792341867,160,-832,-576
6,1563792341868,160,-864,-528
2,1563792341889,-16,576,832
2,1563792341890,-16,528,768
4,1563792341900,-224,928,-112
4,1563792341902,-304,832,-112
6,1563792341904,192,-880,-432
6,1563792341907,256,-896,-336
2,1563792341934,0,464,656
2,1563792341935,64,416,608
4,1563792341941,-384,736,-128
4,1563792341943,-336,672,-96
6,1563792341951,224,-864,-256
6,1563792341953,96,-832,-320
2,1563792341980,112,432,640
2,1563792341981,96,528,720
2,1563792341982,0,672,880
4,1563792341994,-272,736,-80
4,1563792341998,-240,944,-160
4,1563792342001,432,1184,-144
6,1563792342012,80,-736,-480
6,1563792342013,320,-416,-928
2,1563792342024,-176,960,1232
2,1563792342026,-224,1168,1392
4,1563792342036,160,1792,-384
4,1563792342037,96,1920,-368
6,1563792342041,-80,-656,-1328
2,1563792342069,-64,1072,1120
2,1563792342071,64,672,896
4,1563792342075,-16,1296,-160
4,1563792342084,-112,816,-64
6,1563792342087,272,-752,-1280
6,1563792342089,128,-720,-928
6,1563792342091,80,-720,-624
2,1563792342114,128,384,704
2,1563792342115,80,304,640
2,1563792342121,64,368,672
4,1563792342122,-240,592,-48
4,1563792342123,-304,672,-96
6,1563792342134,48,-736,-400
6,1563792342135,224,-816,-352
6,1563792342136,240,-848,-352
2,1563792342161,64,480,752
2,1563792342162,32,576,832
4,1563792342168,-304,816,-112
4,1563792342170,-192,896,-144
4,1563792342171,-160,1008,-192
6,1563792342173,160,-864,-432
6,1563792342174,208,-864,-560
2,1563792342205,0,624,864
2,1563792342207,16,640,896
4,1563792342220,-112,1056,-192
4,1563792342223,-112,1056,-160
6,1563792342232,192,-848,-592
6,1563792342234,176,-848,-608
6,1563792342236,160,-848,-560
2,1563792342249,48,624,880
2,1563792342251,64,592,832
4,1563792342260,-144,992,-144
4,1563792342263,-192,928,-144
6,1563792342270,160,-864,-496
6,1563792342272,208,-896,-448
2,1563792342296,64,544,800
2,1563792342297,64,512,720
2,1563792342298,64,432,592
4,1563792342306,-256,864,-176
4,1563792342308,-464,784,-240
6,1563792342319,272,-976,-384
6,1563792342320,368,-928,-208
2,1563792342340,144,384,544
2,1563792342342,160,384,592
4,1563792342351,-432,640,-160
4,1563792342352,-352,560,-144
4,1563792342354,-272,688,-224
6,1563792342356,144,-816,-128
6,1563792342359,144,-816,-304
6,1563792342362,208,-544,-576
2,1563792342386,48,528,704
2,1563792342387,-160,832,1104
4,1563792342396,144,1024,-208
4,1563792342399,352,1616,-208
6,1563792342409,176,-560,-1312
6,1563792342410,-144,-736,-1328
2,1563792342429,-224,1168,1472
2,1563792342430,-160,1232,1312
4,1563792342436,160,2048,-208
4,1563792342437,48,1568,-96
6,1563792342449,0,-720,-1088
6,1563792342451,0,-768,-768
2,1563792342474,48,816,1040
2,1563792342475,80,448,768
2,1563792342477,64,272,624
4,1563792342483,-80,976,-64
4,1563792342486,-256,608,-96
4,1563792342487,-240,576,-112
6,1563792342489,64,-736,-464
6,1563792342490,192,-736,-368
2,1563792342520,48,320,624
2,1563792342522,64,448,736
4,1563792342530,-320,768,-128
4,1563792342531,-256,896,-144
6,1563792342540,176,-816,-336
6,1563792342542,176,-880,-416
6,1563792342546,160,-864,-528
2,1563792342564,48,576,864
2,1563792342565,16,640,896
4,1563792342573,-144,1040,-192
4,1563792342575,-96,1088,-208
6,1563792342585,160,-832,-640
6,1563792342587,160,-832,-640
2,1563792342610,0,640,912
2,1563792342611,32,608,880
4,1563792342615,-96,1072,-176
4,1563792342617,-160,992,-144
6,1563792342625,144,-832,-592
6,1563792342627,176,-864,-496
2,1563792342653,16,544,816
2,1563792342655,0,496,720
2,1563792342659,-16,432,624
4,1563792342667,-240,880,-160
4,1563792342668,-384,784,-208
4,1563792342669,-400,688,-144
6,1563792342671,224,-928,-448
6,1563792342672,384,-928,-336
2,1563792342698,64,400,560
2,1563792342700,128,416,624
4,1563792342706,-368,608,-64
4,1563792342707,-32,784,-112
6,1563792342719,64,-848,-160
6,1563792342720,16,-624,-240
6,1563792342721,288,-464,-1088
2,1563792342746,-64,624,960
2,1563792342747,-256,992,1520
4,1563792342760,448,1328,-176
4,1563792342764,176,2048,-352
6,1563792342777,-224,-800,-1392
6,1563792342779,208,-832,-1216
2,1563792342790,-288,1280,1360
2,1563792342791,-32,928,1008
2,1563792342792,64,448,768
4,1563792342800,48,1808,-304
4,1563792342802,-80,1008,-144
2,1563792342833,80,224,608
2,1563792342834,64,240,560
4,1563792342840,-288,528,-16
4,1563792342843,-320,448,16
4,1563792342852,-384,656,0
6,1563792342854,208,-800,-800
6,1563792342856,16,-816,-416
6,1563792342859,-16,-784,-208
6,1563792342861,96,-800,-192
6,1563792342863,160,-896,-256
2,1563792342879,80,352,688
2,1563792342881,64,464,832
4,1563792342888,-304,816,-32
4,1563792342889,-144,976,-128
6,1563792342898,96,-912,-400
6,1563792342899,192,-912,-592
2,1563792342927,-16,592,912
2,1563792342935,-80,640,928
4,1563792342938,-96,1104,-240
4,1563792342939,-112,1104,-272
6,1563792342943,208,-880,-624
6,1563792342946,224,-832,-608
2,1563792342969,-80,608,864
2,1563792342972,-32,576,816
2,1563792342974,0,544,784
4,1563792342985,-128,1008,-224
4,1563792342986,-192,928,-176
6,1563792342987,192,-848,-544
6,1563792342989,176,-864,-464
2,1563792343014,16,528,736
2,1563792343015,48,496,704
4,1563792343025,-240,880,-128
4,1563792343028,-288,832,-112
4,1563792343030,-336,768,-96
6,1563792343041,160,-896,-400
6,1563792343043,144,-912,-336
6,1563792343045,144,-880,-320
2,1563792343060,96,480,672
2,1563792343070,112,480,672
4,1563792343072,-304,752,-96
4,1563792343075,-240,848,-144
6,1563792343078,144,-784,-352
6,1563792343080,240,-528,-704
2,1563792343105,16,576,864
2,1563792343107,-112,832,1280
4,1563792343116,352,1088,-192
4,1563792343118,224,1728,-336
6,1563792343129,0,-688,-1232
6,1563792343131,128,-768,-1232
2,1563792343148,-208,1072,1392
2,1563792343149,-16,1040,1104
2,1563792343156,160,640,896
4,1563792343159,96,1888,-288
4,1563792343162,-64,1232,-176
6,1563792343171,128,-784,-880
6,1563792343174,144,-784,-592
2,1563792343196,192,384,720
2,1563792343197,112,304,656
4,1563792343204,-192,784,-80
4,1563792343205,-272,576,-96
4,1563792343206,-304,656,-144
6,1563792343213,96,-800,-352
6,1563792343215,224,-800,-336
6,1563792343216,208,-848,-336
2,1563792343239,32,368,656
2,1563792343241,16,464,768
4,1563792343249,-288,832,-176
4,1563792343251,-176,944,-224
6,1563792343254,224,-880,-432
6,1563792343257,224,-864,-560
2,1563792343284,-16,560,864
2,1563792343285,-16,624,928
4,1563792343291,-96,1072,-240
4,1563792343292,-64,1104,-192
6,1563792343304,176,-848,-640
6,1563792343307,144,-848,-624
2,1563792343331,16,640,928
2,1563792343341,48,608,896
2,1563792343344,48,560,848
4,1563792343347,-80,1072,-144
4,1563792343349,-128,992,-112
4,1563792343351,-176,928,-112
6,1563792343360,96,-848,-560
6,1563792343361,112,-848,-480
2,1563792343374,48,528,816
2,1563792343375,32,512,784
4,1563792343384,-208,896,-128
4,1563792343386,-288,864,-160
6,1563792343389,128,-864,-432
6,1563792343390,144,-912,-416
6,1563792343392,192,-944,-352
2,1563792343418,48,496,720
2,1563792343419,64,432,656
4,1563792343432,-384,784,-192
4,1563792343436,-384,704,-176
6,1563792343449,256,-944,-272
6,1563792343452,240,-880,-208
2,1563792343464,128,400,608
2,1563792343467,128,432,640
2,1563792343470,-48,640,1008
4,1563792343480,-336,656,-176
4,1563792343482,64,848,-160
6,1563792343487,160,-672,-320
6,1563792343489,240,-560,-1008
2,1563792343511,-224,976,1424
2,1563792343512,-224,1200,1248
4,1563792343521,352,1360,-272
4,1563792343524,160,2000,-336
4,1563792343526,32,1616,-208
6,1563792343530,-128,-784,-1264
6,1563792343531,144,-784,-1120
6,1563792343533,96,-784,-752
2,1563792343554,64,848,1040
2,1563792343556,160,464,848
4,1563792343564,-80,1024,-96
4,1563792343566,-208,656,-32
6,1563792343577,16,-800,-464
6,1563792343579,80,-800,-336
2,1563792343598,160,288,704
2,1563792343600,96,320,640
4,1563792343605,-256,592,-96
4,1563792343607,-352,720,-144
6,1563792343615,224,-832,-320
6,1563792343618,192,-880,-304
2,1563792343644,32,416,672
2,1563792343645,32,512,752
2,1563792343646,0,592,800
4,1563792343653,-304,832,-176
4,1563792343655,-208,912,-240
6,1563792343668,224,-896,-416
6,1563792343669,208,-896,-496
2,1563792343689,-16,608,832
2,1563792343691,16,608,816
4,1563792343702,-176,1008,-224
4,1563792343703,-160,1008,-176
4,1563792343705,-208,928,-128
6,1563792343707,192,-864,-544
6,1563792343708,128,-880,-528
6,1563792343710,128,-864,-464
2,1563792343737,48,544,784
2,1563792343739,80,512,752
4,1563792343746,-240,864,-96
4,1563792343748,-288,816,-112
6,1563792343754,112,-880,-432
6,1563792343756,144,-896,-416
2,1563792343779,80,480,704
2,1563792343780,96,480,704
4,1563792343785,-320,800,-144
4,1563792343787,-192,832,-224
6,1563792343800,176,-800,-400
6,1563792343802,224,-624,-592
2,1563792343824,80,544,784
2,1563792343826,-16,720,992
2,1563792343828,-80,896,1248
4,1563792343839,80,1008,-176
4,1563792343842,160,1328,-192
6,1563792343846,128,-576,-912
6,1563792343849,16,-672,-1120
2,1563792343869,-96,1008,1232
2,1563792343872,-48,896,1056
4,1563792343882,80,1648,-304
4,1563792343884,64,1520,-240
4,1563792343885,-32,1168,-208
2,1563792343913,-32,672,880
2,1563792343914,-16,560,800
4,1563792343921,-64,944,-144
4,1563792343922,-160,880,-112
6,1563792343931,144,-672,-1104
2,1563792343962,0,512,800
2,1563792343963,0,512,800
4,1563792343972,-192,912,-96
4,1563792343976,-224,912,-128
6,1563792343979,128,-704,-960
6,1563792343982,144,-656,-720
6,1563792343984,112,-688,-640
6,1563792343987,80,-784,-544
6,1563792343997,112,-832,-512
6,1563792344000,128,-848,-464
2,1563792344010,32,496,784
2,1563792344013,32,480,784
2,1563792344015,16,496,768
4,1563792344017,-208,880,-144
4,1563792344019,-208,864,-160
6,1563792344027,176,-848,-464
6,1563792344029,192,-848,-464
6,1563792344031,192,-848,-480
2,1563792344049,0,512,784
2,1563792344050,-16,560,800
4,1563792344056,-208,880,-176
4,1563792344057,-208,912,-176
4,1563792344058,-176,944,-176
6,1563792344064,192,-848,-496
6,1563792344065,176,-880,-496
2,1563792344094,0,576,816
2,1563792344096,16,576,848
4,1563792344102,-176,992,-160
4,1563792344103,-160,976,-144
6,1563792344113,160,-864,-512
6,1563792344114,128,-880,-480
2,1563792344138,32,560,832
2,1563792344140,64,528,784
4,1563792344149,-224,912,-128
4,1563792344151,-304,832,-128
6,1563792344154,144,-896,-432
6,1563792344156,160,-944,-352
2,1563792344184,80,464,688
2,1563792344186,96,416,608
2,1563792344190,128,400,592
4,1563792344191,-416,736,-144
4,1563792344193,-368,656,-128
4,1563792344208,-224,720,-176
6,1563792344209,224,-928,-224
6,1563792344211,176,-832,-240
6,1563792344212,256,-512,-624
2,1563792344230,32,512,816
2,1563792344232,-160,832,1280
4,1563792344242,352,1072,-176
4,1563792344245,208,1840,-352
6,1563792344251,-80,-656,-1184
6,1563792344252,160,-720,-1312
2,1563792344273,-304,1136,1408
2,1563792344275,-80,1088,1136
4,1563792344280,112,1968,-272
4,1563792344282,-16,1264,-192
6,1563792344288,128,-752,-1008
6,1563792344289,96,-768,-672
2,1563792344320,80,624,928
2,1563792344322,112,368,736
2,1563792344323,80,304,656
4,1563792344333,-160,800,-64
4,1563792344337,-224,576,-48
6,1563792344349,80,-752,-432
6,1563792344350,96,-800,-352
2,1563792344364,32,384,672
2,1563792344367,-16,480,752
4,1563792344376,-320,688,-64
4,1563792344377,-288,816,-128
4,1563792344379,-192,944,-224
6,1563792344381,144,-848,-336
6,1563792344383,160,-880,-432
6,1563792344393,224,-848,-544
2,1563792344412,-32,560,832
2,1563792344413,-64,624,864
4,1563792344420,-112,1040,-256
4,1563792344422,-96,1088,-240
2,1563792344455,-48,640,864
2,1563792344457,0,608,848
4,1563792344468,-128,1024,-160
4,1563792344470,-176,944,-112
6,1563792344479,192,-848,-640
6,1563792344480,176,-832,-640
6,1563792344481,128,-832,-560
6,1563792344482,96,-848,-480
2,1563792344499,32,560,816
2,1563792344500,64,528,784
2,1563792344501,80,496,736
4,1563792344509,-224,880,-80
4,1563792344510,-288,848,-112
6,1563792344515,96,-880,-432
6,1563792344517,128,-896,-384
6,1563792344519,192,-944,-352
2,1563792344545,96,464,672
2,1563792344546,160,416,624
4,1563792344553,-352,784,-160
4,1563792344554,-384,720,-160
4,1563792344555,-288,720,-224
6,1563792344565,224,-864,-256
6,1563792344567,256,-608,-464
2,1563792344589,128,480,752
2,1563792344590,-32,720,1104
4,1563792344598,192,944,-224
4,1563792344599,160,1520,-320
6,1563792344603,112,-624,-960
6,1563792344605,48,-752,-1200
2,1563792344634,-192,992,1328
2,1563792344636,-96,1072,1152
4,1563792344646,96,1824,-272
4,1563792344649,-16,1360,-208
6,1563792344659,112,-752,-1040
6,1563792344661,112,-768,-752
2,1563792344681,64,736,960
2,1563792344683,96,480,800
2,1563792344685,80,384,704
4,1563792344692,-128,928,-112
4,1563792344695,-176,688,-64
6,1563792344703,96,-752,-512
6,1563792344705,96,-784,-432
6,1563792344707,144,-832,-416
4,1563792344733,-256,720,-96
4,1563792344734,-256,848,-144
4,1563792344736,-192,944,-208
6,1563792344743,144,-848,-448
6,1563792344746,208,-848,-544
2,1563792344770,48,400,720
2,1563792344772,16,496,768
2,1563792344775,0,576,832
2,1563792344777,-16,624,864
4,1563792344785,-144,1024,-240
4,1563792344786,-128,1040,-224
6,1563792344787,192,-848,-592
6,1563792344789,176,-848,-592
2,1563792344814,0,624,848
2,1563792344816,32,592,816
4,1563792344824,-160,976,-160
4,1563792344826,-208,912,-128
6,1563792344835,144,-848,-528
6,1563792344837,128,-832,-464
2,1563792344863,64,560,784
2,1563792344865,64,544,800
2,1563792344867,64,528,800
4,1563792344877,-208,880,-112
4,1563792344879,-208,912,-128
6,1563792344882,128,-848,-464
6,1563792344884,128,-864,-480
6,1563792344886,160,-864,-496
2,1563792344904,80,528,816
2,1563792344906,80,528,784
4,1563792344915,-192,928,-160
4,1563792344917,-208,912,-192
4,1563792344920,-256,880,-192
6,1563792344929,176,-896,-496
6,1563792344931,192,-864,-448
2,1563792344950,96,512,720
2,1563792344951,80,496,704
4,1563792344958,-288,816,-192
4,1563792344959,-160,864,-208
6,1563792344968,176,-816,-400
6,1563792344970,256,-640,-624
2,1563792344995,16,576,832
2,1563792344996,-80,768,1088
2,1563792344997,-128,912,1136
4,1563792345005,112,1088,-208
4,1563792345007,48,1456,-256
6,1563792345017,48,-720,-912
2,1563792345039,-32,880,1024
2,1563792345041,32,640,896
4,1563792345049,16,1488,-176
4,1563792345050,-48,1152,-144
4,1563792345052,-128,912,-112
6,1563792345054,112,-736,-1008
6,1563792345055,80,-752,-864
6,1563792345056,80,-768,-688
6,1563792345058,128,-752,-544
2,1563792345084,64,512,800
2,1563792345086,48,448,784
4,1563792345092,-160,832,-112
4,1563792345105,-192,880,-192
6,1563792345107,112,-768,-528
6,1563792345108,144,-784,-544
2,1563792345131,16,480,816
2,1563792345134,0,576,864
4,1563792345143,-144,976,-224
4,1563792345145,-144,1024,-224
6,1563792345154,192,-832,-592
6,1563792345155,192,-832,-592
4,1563792345184,-128,1024,-192
4,1563792345185,-144,976,-160
6,1563792345193,160,-816,-592
6,1563792345196,128,-816,-576
6,1563792345200,112,-800,-528
2,1563792345220,0,608,864
2,1563792345221,16,608,848
2,1563792345221,32,608,816
2,1563792345223,32,592,816
2,1563792345224,16,608,848
4,1563792345233,-160,976,-128
4,1563792345235,-128,976,-144
4,1563792345237,-160,992,-160
6,1563792345239,112,-832,-576
6,1563792345241,144,-864,-528
2,1563792345266,16,592,832
2,1563792345268,32,560,800
4,1563792345273,-176,960,-176
4,1563792345277,-192,912,-192
6,1563792345286,160,-864,-496
6,1563792345287,192,-880,-464
4,1563792345317,-240,864,-224
4,1563792345318,-368,800,-240
6,1563792345329,224,-912,-416
6,1563792345332,256,-912,-304
2,1563792345355,64,528,784
2,1563792345356,64,480,736
2,1563792345359,96,448,672
2,1563792345362,144,432,656
2,1563792345365,160,448,672
4,1563792345373,-336,720,-160
4,1563792345376,-320,704,-96
6,1563792345379,192,-896,-272
6,1563792345381,112,-880,-288
6,1563792345382,96,-720,-368
2,1563792345398,96,528,752
2,1563792345400,-64,752,1072
4,1563792345408,-304,816,-144
4,1563792345411,192,992,-128
4,1563792345413,176,1504,-256
6,1563792345422,208,-624,-944
6,1563792345424,-80,-736,-1152
2,1563792345445,-208,1024,1312
2,1563792345446,-128,1088,1184
4,1563792345452,160,1840,-304
4,1563792345454,0,1424,-224
6,1563792345465,144,-736,-1104
6,1563792345467,112,-768,-832
2,1563792345489,48,752,1024
2,1563792345490,112,480,832
4,1563792345496,-80,992,-128
4,1563792345498,-192,720,-96
6,1563792345503,96,-768,-576
6,1563792345504,112,-768,-416
4,1563792345542,-256,688,-144
4,1563792345544,-304,800,-208
6,1563792345562,208,-816,-400
6,1563792345566,224,-864,-384
6,1563792345569,256,-864,-448
2,1563792345588,112,352,704
2,1563792345590,64,384,672
2,1563792345593,48,496,704
2,1563792345595,32,576,768
2,1563792345598,16,624,832
4,1563792345600,-256,880,-240
4,1563792345602,-176,960,-240
4,1563792345605,-160,1024,-224
6,1563792345613,224,-864,-528
6,1563792345615,192,-848,-576
2,1563792345624,32,640,864
2,1563792345636,64,608,832
4,1563792345638,-160,992,-192
4,1563792345640,-208,928,-176
6,1563792345642,176,-848,-560
6,1563792345645,160,-880,-480
4,1563792345679,-256,832,-144
4,1563792345680,-288,800,-144
6,1563792345687,176,-864,-400
6,1563792345689,160,-880,-368
6,1563792345691,80,-848,-400
2,1563792345716,96,544,784
2,1563792345717,96,496,736
4,1563792345725,-272,816,-112
4,1563792345726,-208,880,-128
2,1563792345762,96,464,720
2,1563792345763,112,496,752
2,1563792345765,112,560,784
2,1563792345767,16,656,928
2,1563792345768,-80,848,1184
4,1563792345775,-112,1024,-224
4,1563792345777,272,1232,-256
4,1563792345778,80,1584,-368
2,1563792345804,-160,992,1184
2,1563792345807,-64,880,992
4,1563792345818,32,1504,-272
4,1563792345820,-80,1088,-160
6,1563792345832,128,-784,-480
6,1563792345834,256,-592,-688
6,1563792345836,128,-656,-1072
6,1563792345838,176,-768,-1088
6,1563792345840,192,-752,-896
6,1563792345843,144,-768,-688
2,1563792345853,0,608,848
2,1563792345854,32,432,736
2,1563792345857,16,400,720
4,1563792345866,-176,816,-96
4,1563792345868,-176,736,-112
6,1563792345869,112,-736,-480
6,1563792345871,176,-768,-480
6,1563792345872,144,-832,-432
2,1563792345893,0,464,768
2,1563792345895,0,512,816
4,1563792345900,-240,864,-144
4,1563792345901,-208,928,-176
4,1563792345902,-176,944,-192
6,1563792345913,192,-880,-464
6,1563792345914,192,-864,-480
2,1563792345938,0,544,832
2,1563792345939,0,544,832
4,1563792345948,-176,960,-176
4,1563792345950,-176,960,-144
6,1563792345953,176,-864,-496
6,1563792345955,144,-864,-480
2,1563792345984,32,576,816
2,1563792345985,64,576,800
4,1563792345993,-192,928,-128
4,1563792345995,-224,896,-128
6,1563792346006,144,-880,-464
6,1563792346008,144,-880,-432
2,1563792346030,80,560,784
2,1563792346031,96,544,768
2,1563792346033,96,512,752
4,1563792346044,-240,880,-144
4,1563792346046,-256,848,-160
6,1563792346049,160,-880,-400
6,1563792346051,192,-896,-400
6,1563792346053,208,-912,-384
2,1563792346077,96,496,720
2,1563792346079,112,480,704
4,1563792346087,-288,832,-208
4,1563792346090,-288,800,-192
4,1563792346092,-256,800,-208
6,1563792346095,240,-864,-368
6,1563792346097,192,-832,-400
2,1563792346118,112,480,720
2,1563792346119,-32,592,928
4,1563792346129,-48,944,-208
4,1563792346132,256,1248,-256
6,1563792346142,272,-576,-656
6,1563792346144,80,-640,-1088
2,1563792346164,-160,848,1248
2,1563792346167,-224,1040,1264
4,1563792346176,128,1712,-352
4,1563792346178,64,1616,-192
6,1563792346188,80,-752,-1152
6,1563792346188,96,-752,-944
6,1563792346190,64,-768,-688
2,1563792346211,-64,912,1056
2,1563792346212,32,592,864
2,1563792346213,48,384,720
4,1563792346218,-64,1120,-96
4,1563792346220,-192,768,-64
6,1563792346225,64,-784,-464
6,1563792346234,128,-800,-384
2,1563792346255,64,352,656
2,1563792346256,32,448,672
4,1563792346263,-256,640,-64
4,1563792346266,-288,704,-128
4,1563792346268,-272,848,-176
6,1563792346270,176,-832,-384
6,1563792346272,192,-864,-416
2,1563792346299,16,544,752
2,1563792346301,16,608,848
4,1563792346309,-192,960,-224
4,1563792346311,-144,1040,-240
6,1563792346320,224,-848,-512
6,1563792346322,208,-848,-608
2,1563792346346,32,624,896
2,1563792346348,48,624,880
4,1563792346360,-128,1056,-208
4,1563792346364,-144,992,-160
6,1563792346373,176,-832,-608
6,1563792346375,160,-832,-560
6,1563792346377,144,-848,-512
2,1563792346388,64,592,832
2,1563792346390,80,560,784
2,1563792346392,80,512,720
4,1563792346404,-192,928,-144
4,1563792346405,-272,864,-160
6,1563792346406,176,-896,-432
6,1563792346409,192,-880,-368
2,1563792346434,112,464,672
2,1563792346435,112,448,688
4,1563792346444,-320,784,-144
4,1563792346446,-304,736,-144
4,1563792346447,-272,784,-176
6,1563792346456,176,-832,-352
6,1563792346457,176,-800,-432
2,1563792346479,80,496,736
2,1563792346481,-32,624,880
4,1563792346487,-176,960,-192
4,1563792346490,288,1184,-160
6,1563792346501,208,-640,-608
6,1563792346502,160,-560,-1040
2,1563792346527,-176,848,1168
2,1563792346529,-256,1024,1296
2,1563792346532,-144,1024,1120
4,1563792346542,144,1648,-368
4,1563792346546,80,1744,-256
6,1563792346548,48,-640,-1216
6,1563792346550,128,-704,-1104
6,1563792346552,96,-704,-848
2,1563792346569,0,704,944
2,1563792346572,80,496,784
4,1563792346584,0,1280,-160
4,1563792346586,-112,912,-96
4,1563792346587,-192,720,-96
6,1563792346589,112,-704,-608
6,1563792346591,128,-768,-480
2,1563792346613,80,400,704
2,1563792346615,64,432,688
4,1563792346621,-304,736,-144
4,1563792346623,-304,784,-192
6,1563792346629,176,-832,-416
6,1563792346630,240,-848,-368
2,1563792346660,64,480,688
2,1563792346661,80,512,752
4,1563792346670,-272,816,-208
4,1563792346673,-208,896,-224
6,1563792346676,256,-864,-416
6,1563792346679,240,-848,-464
6,1563792346689,224,-848,-544
2,1563792346705,48,560,784
2,1563792346706,32,592,832
2,1563792346710,48,592,832
4,1563792346720,-176,960,-224
4,1563792346722,-160,992,-208
6,1563792346725,192,-848,-560
6,1563792346727,160,-848,-512
2,1563792346749,64,576,816
2,1563792346751,64,528,752
4,1563792346758,-192,960,-160
4,1563792346767,-256,880,-176
4,1563792346768,-416,800,-224
6,1563792346769,176,-896,-480
6,1563792346771,256,-960,-384
2,1563792346795,64,432,640
2,1563792346796,112,400,576
4,1563792346803,-432,688,-192
4,1563792346805,-304,592,-160
6,1563792346813,240,-880,-208
6,1563792346815,16,-768,-272
2,1563792346839,144,416,608
2,1563792346841,-16,560,896
4,1563792346849,-160,848,-240
4,1563792346850,592,1296,-208
2,1563792346883,-144,976,1456
2,1563792346885,-272,1344,1520
2,1563792346892,-48,1136,1120
4,1563792346901,176,2048,-368
4,1563792346902,80,1920,-256
6,1563792346904,272,-464,-528
6,1563792346907,272,-512,-1328
6,1563792346909,-64,-752,-1456
6,1563792346912,80,-720,-1168
6,1563792346914,96,-736,-784
2,1563792346928,64,624,848
2,1563792346930,144,352,640
4,1563792346936,-32,1136,-176
4,1563792346938,-240,624,-80
4,1563792346941,-256,496,-112
6,1563792346948,-16,-736,-432
6,1563792346950,176,-736,-336
2,1563792346977,144,320,528
2,1563792346978,128,400,576
4,1563792346984,-384,608,-144
4,1563792346985,-416,720,-144
6,1563792346988,336,-864,-288
6,1563792346989,192,-896,-240
4,1563792347029,-288,816,-144
4,1563792347029,-208,960,-160
6,1563792347041,192,-896,-352
6,1563792347045,128,-896,-512
6,1563792347047,112,-880,-560
2,1563792347066,144,464,704
2,1563792347070,128,544,800
2,1563792347076,64,608,864
2,1563792347079,32,640,848
2,1563792347081,48,608,816
4,1563792347092,-176,1040,-160
4,1563792347095,-144,1008,-144
6,1563792347097,112,-848,-576
6,1563792347100,128,-880,-512
2,1563792347111,32,544,768
2,1563792347112,16,496,688
4,1563792347123,-208,912,-144
4,1563792347127,-336,848,-176
4,1563792347128,-320,768,-176
6,1563792347131,176,-880,-432
6,1563792347140,208,-864,-400
2,1563792347156,16,480,656
2,1563792347158,80,496,688
4,1563792347166,-288,768,-160
4,1563792347168,-208,848,-144
6,1563792347169,192,-784,-416
6,1563792347170,128,-768,-512
6,1563792347171,240,-528,-688
4,1563792347209,-16,1040,-176
4,1563792347215,336,1344,-288
6,1563792347229,256,-560,-1152
6,1563792347232,160,-624,-1216
2,1563792347246,112,544,800
2,1563792347253,64,672,1024
2,1563792347258,16,896,1280
2,1563792347261,-64,1056,1296
2,1563792347264,-16,944,1104
4,1563792347273,96,1728,-480
4,1563792347275,32,1616,-320
6,1563792347276,208,-672,-1120
6,1563792347278,96,-688,-864
2,1563792347288,48,704,896
2,1563792347290,96,544,752
4,1563792347299,-16,1168,-176
4,1563792347301,-160,864,-96
4,1563792347302,-224,752,-80
6,1563792347304,112,-704,-640
6,1563792347306,128,-768,-496
2,1563792347334,96,480,688
2,1563792347335,80,480,672
4,1563792347344,-288,784,-96
4,1563792347345,-272,832,-96
6,1563792347350,128,-800,-416
6,1563792347352,112,-832,-432
6,1563792347353,64,-848,-464
2,1563792347378,48,512,736
2,1563792347379,32,544,800
2,1563792347380,32,592,848
4,1563792347386,-224,896,-80
4,1563792347387,-160,960,-80
2,1563792347427,32,608,896
2,1563792347429,32,608,896
4,1563792347441,-112,1024,-80
4,1563792347444,-64,1056,-80
4,1563792347446,-96,1056,-96
6,1563792347448,80,-832,-528
6,1563792347456,48,-816,-592
6,1563792347458,48,-800,-640
6,1563792347459,48,-832,-624
2,1563792347469,32,592,896
2,1563792347472,32,544,864
4,1563792347481,-112,1008,-80
4,1563792347484,-144,976,-64
6,1563792347486,64,-832,-592
6,1563792347488,80,-832,-560
2,1563792347515,32,512,832
2,1563792347518,32,480,784
4,1563792347526,-176,928,-48
4,1563792347528,-304,848,-16
6,1563792347537,64,-864,-528
6,1563792347538,176,-992,-528
6,1563792347539,48,-896,-272
2,1563792347559,0,432,704
2,1563792347561,32,368,608
2,1563792347562,48,352,576
4,1563792347566,-352,736,64
4,1563792347567,-352,624,192
6,1563792347573,-208,-848,-128
6,1563792347582,-224,-656,-208
2,1563792347603,16,416,672
2,1563792347605,-176,688,1136
4,1563792347613,-240,720,160
4,1563792347614,400,976,400
4,1563792347614,368,1632,192
6,1563792347618,-592,-352,-592
6,1563792347619,64,-704,-1552
2,1563792347649,-448,992,1440
2,1563792347650,-480,1088,1136
4,1563792347657,192,2048,-144
4,1563792347670,128,1360,-144
6,1563792347672,512,-800,-1344
6,1563792347674,384,-720,-992
2,1563792347694,-272,672,912
2,1563792347696,-208,368,736
4,1563792347704,-144,864,-80
4,1563792347707,-272,640,-32
6,1563792347716,144,-736,-672
6,1563792347718,32,-768,-416
6,1563792347720,-128,-800,-304
2,1563792347738,-224,272,640
2,1563792347740,-224,368,688
2,1563792347741,-208,464,816
4,1563792347747,-272,768,32
4,1563792347749,-144,928,96
6,1563792347753,112,-880,-512
6,1563792347754,16,-848,-576
2,1563792347784,-176,544,912
2,1563792347786,-176,560,912
4,1563792347801,-80,1040,144
4,1563792347803,-48,1088,112
4,1563792347806,-48,1040,96
6,1563792347809,64,-848,-624
6,1563792347812,64,-848,-608
2,1563792347828,-192,496,896
2,1563792347831,-208,464,848
4,1563792347841,-64,1008,128
4,1563792347843,-96,960,144
6,1563792347852,32,-832,-576
6,1563792347854,16,-848,-560
6,1563792347856,-16,-848,-480
2,1563792347877,-192,464,816
2,1563792347878,-192,448,800
4,1563792347885,-128,912,176
4,1563792347887,-144,896,192
6,1563792347892,-48,-848,-464
6,1563792347895,-32,-928,-448
2,1563792347920,-192,432,816
2,1563792347921,-192,400,752
2,1563792347924,-208,304,624
4,1563792347933,-208,864,192
4,1563792347935,-464,784,160
6,1563792347937,160,-1088,-432
6,1563792347940,128,-960,-256
2,1563792347964,-112,240,544
2,1563792347967,-96,288,624
4,1563792347975,-320,608,304
4,1563792347977,-176,560,272
4,1563792347980,320,864,304
6,1563792347986,-416,-736,-80
6,1563792347987,-768,0,16
2,1563792348011,-256,528,944
2,1563792348014,-592,848,1568
4,1563792348023,496,1376,640
4,1563792348027,640,2048,528
6,1563792348029,-560,-768,-1424
6,1563792348031,320,-656,-1744
6,1563792348033,720,-864,-1200
2,1563792348053,-720,1216,1552
2,1563792348054,-560,928,1072
2,1563792348055,-288,400,800
4,1563792348062,192,1904,-176
4,1563792348063,-48,1040,-208
6,1563792348069,416,-784,-704
6,1563792348070,208,-928,-352
2,1563792348098,-256,144,608
2,1563792348099,-224,160,464
4,1563792348106,-416,576,-144
4,1563792348111,-432,448,128
6,1563792348115,-144,-816,-96
6,1563792348116,-256,-768,-160
2,1563792348146,-144,320,576
2,1563792348148,-64,432,768
4,1563792348159,-272,592,416
4,1563792348164,-192,752,544
4,1563792348166,-64,896,480
6,1563792348168,-320,-832,-288
6,1563792348170,-240,-864,-464
2,1563792348189,-64,528,896
2,1563792348192,-192,560,928
4,1563792348202,-48,1040,192
4,1563792348204,16,1136,0
6,1563792348207,-32,-896,-528
6,1563792348209,160,-864,-624
6,1563792348211,240,-864,-720
2,1563792348234,-320,544,960
2,1563792348235,-352,544,960
2,1563792348236,-304,528,912
4,1563792348241,32,1152,0
4,1563792348242,-32,1120,96
6,1563792348251,160,-864,-672
6,1563792348252,64,-864,-592
2,1563792348280,-208,480,864
2,1563792348281,-144,416,784
4,1563792348286,-80,1008,176
4,1563792348286,-160,896,192
4,1563792348288,-304,768,224
6,1563792348295,16,-896,-480
6,1563792348296,-32,-928,-336
2,1563792348328,-144,352,688
2,1563792348329,-144,272,592
4,1563792348339,-368,672,192
4,1563792348342,-304,624,128
6,1563792348346,-48,-944,-208
6,1563792348347,-64,-864,-176
6,1563792348349,-112,-640,-304
2,1563792348368,-176,272,592
2,1563792348370,-240,432,848
4,1563792348378,-64,832,144
4,1563792348382,592,1184,464
6,1563792348389,-224,-480,-1104
6,1563792348391,-32,-640,-1440
2,1563792348415,-416,800,1360
2,1563792348416,-576,1056,1392
2,1563792348417,-448,896,1072
4,1563792348425,384,1872,368
4,1563792348426,112,1792,-80
6,1563792348430,368,-816,-1072
6,1563792348432,368,-800,-816
2,1563792348462,-208,496,848
2,1563792348463,-128,256,656
4,1563792348473,-16,1152,-144
4,1563792348475,-240,720,48
4,1563792348478,-336,528,128
6,1563792348480,112,-816,-544
6,1563792348482,-192,-800,-240
4,1563792348512,-288,640,176
4,1563792348515,-176,816,336
6,1563792348524,-96,-816,-256
6,1563792348527,16,-848,-432
6,1563792348529,-128,-848,-528
2,1563792348551,-128,240,544
2,1563792348553,-144,320,592
2,1563792348554,-80,480,800
2,1563792348556,-48,608,912
4,1563792348566,-80,992,336
4,1563792348567,-16,1120,112
6,1563792348568,0,-816,-608
6,1563792348570,192,-784,-704
2,1563792348595,-96,624,944
2,1563792348596,-176,592,960
2,1563792348599,-192,592,912
4,1563792348606,-16,1136,-96
4,1563792348608,-16,1136,-128
6,1563792348618,256,-768,-768
6,1563792348619,208,-784,-736
2,1563792348639,-144,592,864
2,1563792348641,-96,544,832
4,1563792348650,-80,1088,-32
4,1563792348651,-112,1024,64
4,1563792348653,-160,928,64
6,1563792348655,80,-800,-624
6,1563792348657,64,-816,-544
2,1563792348684,-64,512,784
2,1563792348685,-32,448,736
4,1563792348693,-256,848,-16
4,1563792348703,-336,768,-80
2,1563792348729,-32,384,640
2,1563792348733,-16,368,576
2,1563792348736,-144,544,928
4,1563792348746,-368,704,-128
4,1563792348748,288,816,-96
6,1563792348750,176,-848,-512
6,1563792348752,208,-896,-400
6,1563792348754,224,-880,-304
6,1563792348757,400,-400,-464
6,1563792348760,256,-576,-1232
2,1563792348777,-272,928,1440
2,1563792348778,-256,1216,1184
4,1563792348784,224,1472,-64
4,1563792348787,96,2048,16
2,1563792348819,32,832,992
2,1563792348821,128,448,816
6,1563792348835,-32,-896,-1216
6,1563792348838,16,-816,-848
6,1563792348839,112,-752,-640
6,1563792348841,16,-752,-448
6,1563792348843,368,-720,-448
2,1563792348863,80,320,752
2,1563792348865,0,432,704
4,1563792348875,-48,1424,64
4,1563792348878,-48,864,16
4,1563792348880,-176,624,-48
4,1563792348882,-160,784,-64
4,1563792348884,-176,928,-96
6,1563792348894,416,-768,-432
6,1563792348896,416,-832,-432
2,1563792348912,0,560,768
2,1563792348915,32,576,832
2,1563792348918,48,576,832
4,1563792348931,-192,960,-208
4,1563792348932,-160,960,-272
6,1563792348934,528,-784,-448
6,1563792348935,496,-784,-448
2,1563792348955,32,576,816
2,1563792348957,64,560,800
4,1563792348962,-176,960,-304
4,1563792348964,-128,960,-272
6,1563792348970,496,-768,-464
6,1563792348972,464,-784,-432
2,1563792348999,96,560,816
2,1563792349000,144,544,816
4,1563792349006,-160,976,-208
4,1563792349008,-192,912,-224
4,1563792349009,-192,896,-208
6,1563792349015,496,-800,-384
6,1563792349017,496,-800,-368
6,1563792349018,448,-912,-336
2,1563792349044,144,528,832
2,1563792349046,176,480,768
4,1563792349054,-384,800,-208
4,1563792349056,-624,736,-192
6,1563792349063,256,-1104,-112
6,1563792349065,448,-864,-32
2,1563792349089,192,400,640
2,1563792349092,128,400,528
2,1563792349094,32,448,592
4,1563792349103,-368,640,-272
4,1563792349105,-128,672,-320
6,1563792349109,736,-480,-192
6,1563792349113,1280,352,-832
2,1563792349136,-16,720,880
2,1563792349138,16,944,1376
4,1563792349149,752,864,-544
4,1563792349151,-160,1440,-448
4,1563792349152,192,1952,-432
6,1563792349160,1040,-672,-560
6,1563792349162,-864,-1248,-1312
2,1563792349179,-128,1216,1392
2,1563792349181,160,1008,1264
4,1563792349186,128,1728,-80
4,1563792349187,16,1136,-64
6,1563792349195,640,-624,-1104
6,1563792349197,64,-832,-736
6,1563792349198,288,-688,-480
2,1563792349225,336,640,992
2,1563792349226,272,432,768
4,1563792349233,-32,736,-160
4,1563792349234,-224,656,-272
6,1563792349246,528,-752,-368
6,1563792349247,576,-688,-240
4,1563792349277,-288,768,-272
4,1563792349278,-384,720,-336
6,1563792349287,544,-784,-240
6,1563792349288,608,-752,-192
2,1563792349316,160,416,656
2,1563792349317,112,496,624
2,1563792349319,96,528,656
2,1563792349323,96,576,704
2,1563792349326,112,592,768
4,1563792349337,-320,784,-352
4,1563792349338,-224,864,-352
4,1563792349340,-160,928,-320
6,1563792349341,560,-800,-272
6,1563792349344,544,-784,-384
6,1563792349346,480,-848,-432
4,1563792349367,-176,976,-272
4,1563792349369,-272,928,-256
6,1563792349379,416,-896,-416
6,1563792349380,432,-960,-288
2,1563792349404,112,624,832
2,1563792349406,128,624,880
2,1563792349408,144,592,832
2,1563792349411,176,496,720
2,1563792349418,208,448,624
4,1563792349420,-400,816,-240
4,1563792349424,-416,720,-208
6,1563792349427,384,-928,-144
6,1563792349429,272,-800,-144
2,1563792349449,192,448,592
2,1563792349450,96,496,672
4,1563792349457,-240,624,-208
4,1563792349471,-80,704,-256
6,1563792349475,480,-592,-320
6,1563792349477,736,-592,-464
2,1563792349494,96,592,800
2,1563792349496,112,704,896
4,1563792349502,-160,896,-304
4,1563792349503,-192,1056,-288
4,1563792349505,-32,1232,-272
6,1563792349513,592,-752,-576
6,1563792349515,256,-656,-656
6,1563792349517,864,-32,-1184
2,1563792349540,16,832,1024
2,1563792349547,-128,1040,1296
4,1563792349549,848,1376,-464
4,1563792349550,-160,1872,-384
6,1563792349554,432,-688,-1184
6,1563792349556,-656,-976,-1088
2,1563792349585,-64,1120,1376
2,1563792349586,-32,992,1088
2,1563792349587,80,624,928
4,1563792349595,80,1664,-320
4,1563792349599,-16,1136,-128
6,1563792349609,496,-592,-912
6,1563792349610,16,-688,-608
2,1563792349628,80,448,800
2,1563792349630,48,496,720
4,1563792349639,-32,768,-96
4,1563792349642,-80,784,-112
6,1563792349651,320,-672,-592
6,1563792349652,256,-816,-448
2,1563792349679,80,560,720
2,1563792349681,96,560,720
4,1563792349689,-288,896,-128
4,1563792349691,-304,864,-176
4,1563792349692,-256,800,-176
6,1563792349694,224,-896,-336
6,1563792349704,400,-864,-336
6,1563792349705,288,-848,-336
2,1563792349718,112,512,704
4,1563792349728,-272,768,-160
4,1563792349729,-192,848,-176
6,1563792349733,352,-832,-352
6,1563792349734,368,-864,-416
2,1563792349765,128,496,720
2,1563792349766,112,512,768
2,1563792349767,80,560,832
2,1563792349767,32,576,832
4,1563792349777,-160,928,-128
4,1563792349780,-128,976,-112
6,1563792349790,304,-864,-448
6,1563792349792,208,-896,-464
2,1563792349810,-16,544,784
2,1563792349812,-32,400,608
4,1563792349821,-224,960,-80
4,1563792349824,-528,800,-96
4,1563792349827,-688,576,-64
2,1563792349855,-16,224,400
2,1563792349857,32,176,352
4,1563792349868,-288,336,-112
4,1563792349870,-144,496,-224
6,1563792349872,160,-1072,-352
6,1563792349875,272,-1136,-96
6,1563792349877,320,-768,96
6,1563792349886,208,-512,-176
6,1563792349888,672,-160,-688
2,1563792349900,-80,304,560
2,1563792349901,-336,720,1280
4,1563792349908,848,960,-240
4,1563792349909,368,2048,-160
6,1563792349917,-480,-688,-1552
6,1563792349918,16,-800,-1872
2,1563792349943,-608,1312,1984
2,1563792349947,-208,1616,1616
2,1563792349949,0,768,1040
4,1563792349951,288,2048,192
4,1563792349952,224,1456,-48
6,1563792349960,-80,-720,-1232
6,1563792349962,64,-720,-704
2,1563792349992,-32,272,656
2,1563792349993,-112,128,432
4,1563792350002,-128,720,-80
4,1563792350004,-208,272,-144
4,1563792350005,-288,544,-80
6,1563792350007,208,-672,-416
6,1563792350009,208,-688,-352
6,1563792350010,96,-832,-272
2,1563792350035,-160,304,496
2,1563792350036,-144,416,720
4,1563792350044,-368,800,0
4,1563792350046,-240,960,48
6,1563792350052,64,-928,-320
6,1563792350053,64,-896,-480
2,1563792350079,-64,512,864
2,1563792350080,-32,560,944
4,1563792350087,-64,1056,96
4,1563792350088,-16,1088,48
6,1563792350098,16,-880,-576
6,1563792350101,112,-848,-592
2,1563792350127,-80,560,928
2,1563792350130,-96,528,880
2,1563792350132,-128,496,832
4,1563792350144,-64,1056,-48
4,1563792350145,-96,976,-112
6,1563792350147,160,-848,-576
6,1563792350149,208,-864,-512
2,1563792350169,-128,480,800
2,1563792350171,-96,432,736
4,1563792350181,-176,944,-144
6,1563792350192,224,-928,-432
6,1563792350194,224,-1040,-336
6,1563792350197,208,-1056,-32
2,1563792350213,-64,320,576
2,1563792350215,-16,224,432
4,1563792350221,-288,880,-112
4,1563792350223,-560,736,-96
4,1563792350226,-560,528,-80
4,1563792350228,-256,400,-160
6,1563792350237,96,-768,48
6,1563792350239,224,-752,-304
2,1563792350258,-48,224,464
2,1563792350259,-320,368,672
2,1563792350261,-560,800,1264
4,1563792350266,-256,672,-240
4,1563792350267,592,1248,-144
6,1563792350276,304,-432,-672
6,1563792350277,-80,-320,-1776
2,1563792350304,-624,1408,1888
2,1563792350306,-272,1440,1552
4,1563792350317,816,2048,304
4,1563792350318,192,2048,192
6,1563792350319,-192,-720,-1696
6,1563792350321,-16,-736,-1152
2,1563792350350,80,704,1056
2,1563792350351,16,208,688
4,1563792350357,208,1440,-208
4,1563792350359,-64,736,-416
4,1563792350370,-192,352,-384
6,1563792350371,16,-736,-672
2,1563792350394,0,96,480
4,1563792350405,-384,576,-128
6,1563792350414,432,-656,-528
2,1563792350440,48,304,448
4,1563792350450,-448,720,-32
4,1563792350455,-368,752,32
4,1563792350458,-208,848,112
6,1563792350462,400,-768,-416
6,1563792350465,112,-880,-192
6,1563792350467,144,-896,-128
6,1563792350469,128,-912,-256
6,1563792350471,-16,-912,-400
2,1563792350486,176,448,608
2,1563792350487,352,480,800
2,1563792350491,400,560,912
2,1563792350493,320,640,976
2,1563792350495,160,672,960
4,1563792350504,-128,1008,128
4,1563792350505,-80,1088,64
6,1563792350508,-160,-912,-448
6,1563792350511,-80,-864,-560
6,1563792350513,-16,-864,-592
2,1563792350533,0,656,912
2,1563792350537,-128,592,848
4,1563792350545,-64,1072,-32
4,1563792350547,-112,1056,-128
4,1563792350548,-144,992,-192
6,1563792350550,128,-880,-576
6,1563792350552,160,-944,-512
2,1563792350575,-128,528,784
2,1563792350576,-80,432,720
4,1563792350582,-288,896,-176
4,1563792350583,-352,736,-128
6,1563792350588,160,-944,-368
6,1563792350590,80,-848,-208
2,1563792350619,0,352,640
2,1563792350621,80,336,656
2,1563792350629,48,432,800
4,1563792350631,-272,672,-64
4,1563792350633,-176,848,-128
6,1563792350642,0,-768,-272
6,1563792350645,16,-480,-624
2,1563792350664,-48,784,1312
2,1563792350665,-288,1104,1552
4,1563792350670,448,1136,-32
4,1563792350672,352,1904,-320
4,1563792350675,160,2048,-304
6,1563792350683,-16,-640,-1328
6,1563792350684,208,-848,-1360
6,1563792350687,240,-816,-1024
2,1563792350710,-176,1168,1200
2,1563792350714,-48,640,928
4,1563792350719,32,1216,-192
4,1563792350720,-208,704,-80
6,1563792350730,176,-832,-672
6,1563792350731,-32,-752,-352
2,1563792350754,16,320,720
2,1563792350755,48,288,608
4,1563792350761,-192,576,16
4,1563792350763,-304,704,80
6,1563792350768,-64,-768,-288
6,1563792350769,-16,-896,-224
2,1563792350798,32,400,640
2,1563792350799,32,464,736
2,1563792350800,32,496,800
4,1563792350808,-384,832,80
4,1563792350810,-288,864,-32
6,1563792350817,48,-960,-208
6,1563792350819,112,-896,-320
2,1563792350847,0,544,832
2,1563792350847,-32,560,848
4,1563792350852,-128,912,-112
4,1563792350853,-144,992,-208
4,1563792350855,-224,976,-240
6,1563792350862,192,-896,-480
6,1563792350863,256,-960,-496
6,1563792350863,272,-976,-400
2,1563792350891,0,512,768
2,1563792350892,32,416,672
4,1563792350899,-368,800,-208
4,1563792350899,-496,624,-144
6,1563792350910,256,-992,-240
6,1563792350911,288,-816,-80
2,1563792350933,48,304,560
2,1563792350935,64,320,544
2,1563792350939,32,400,624
4,1563792350946,-320,544,-112
4,1563792350947,-256,656,-128
6,1563792350948,256,-768,-240
6,1563792350950,240,-784,-400
2,1563792350980,-112,576,912
2,1563792350981,-240,1008,1696
4,1563792350986,-16,1008,-224
4,1563792350994,864,1488,-208
6,1563792350996,336,-304,-912
6,1563792350997,-416,-544,-1728
6,1563792350998,256,-784,-1536
2,1563792351025,-416,1440,1824
2,1563792351026,-32,1232,1264
4,1563792351033,288,2048,-224
4,1563792351034,176,2048,-144
4,1563792351036,32,1056,-112
6,1563792351038,192,-752,-1024
6,1563792351040,128,-784,-544
2,1563792351069,32,544,848
2,1563792351070,0,176,560
4,1563792351077,-320,464,-176
4,1563792351079,-240,336,-224
6,1563792351086,112,-720,-288
6,1563792351088,432,-720,-288
2,1563792351113,-32,192,368
2,1563792351114,-32,336,432
2,1563792351116,32,400,608
4,1563792351121,-448,576,-160
4,1563792351123,-576,688,-80
6,1563792351129,288,-896,-96
6,1563792351131,240,-944,-64
2,1563792351159,80,480,752
2,1563792351159,80,560,832
4,1563792351167,-352,736,0
4,1563792351168,-256,864,16
6,1563792351178,224,-912,-272
6,1563792351179,80,-944,-368
6,1563792351181,256,-752,-544
4,1563792351215,-176,1024,-48
4,1563792351217,176,1136,-144
4,1563792351218,48,1296,-304
6,1563792351232,256,-752,-800
6,1563792351233,304,-848,-800
2,1563792351249,64,640,880
2,1563792351251,0,720,1008
2,1563792351253,-32,784,1088
2,1563792351256,-32,736,1008
4,1563792351264,0,1296,-400
4,1563792351267,-112,1088,-368
6,1563792351270,448,-800,-704
6,1563792351272,416,-816,-576
2,1563792351293,32,624,880
2,1563792351300,96,496,768
2,1563792351301,160,400,624
4,1563792351302,-256,896,-336
4,1563792351304,-480,688,-288
6,1563792351312,400,-896,-400
6,1563792351313,304,-1024,-144
2,1563792351343,240,320,528
2,1563792351344,192,352,480
4,1563792351351,-640,560,-224
4,1563792351354,-256,512,-336
6,1563792351357,112,-944,16
6,1563792351358,512,-320,-240
6,1563792351362,1872,16,-992
2,1563792351384,32,544,688
2,1563792351385,160,736,1184
4,1563792351396,544,688,-336
4,1563792351397,-176,1088,-352
4,1563792351399,-96,1744,-112
6,1563792351406,-224,-1216,32
6,1563792351408,-624,-880,-1744
2,1563792351429,48,1088,1488
2,1563792351430,-64,1216,1312
4,1563792351436,304,1936,-80
4,1563792351437,-160,1328,-128
6,1563792351445,272,-864,-800
6,1563792351446,320,-768,-736
2,1563792351475,48,848,1056
2,1563792351476,80,560,736
2,1563792351477,128,368,640
4,1563792351482,-48,880,-224
4,1563792351483,-288,640,-240
6,1563792351488,352,-720,-464
6,1563792351489,304,-784,-368
6,1563792351500,560,-720,-320
2,1563792351519,48,384,608
2,1563792351521,16,432,640
4,1563792351530,-224,672,-288
4,1563792351531,-288,736,-352
4,1563792351532,-352,768,-352
6,1563792351542,528,-768,-288
6,1563792351543,480,-832,-256
2,1563792351566,48,496,704
4,1563792351571,-256,848,-384
4,1563792351572,-144,928,-368
6,1563792351578,512,-784,-400
6,1563792351580,496,-784,-464
2,1563792351610,32,560,720
2,1563792351611,32,640,768
2,1563792351613,96,672,832
2,1563792351613,176,656,880
4,1563792351620,-160,992,-336
4,1563792351621,-192,992,-320
6,1563792351628,400,-848,-480
6,1563792351630,400,-880,-464
2,1563792351654,240,608,848
2,1563792351655,304,544,784
4,1563792351660,-304,912,-304
4,1563792351662,-448,848,-256
6,1563792351668,352,-992,-368
6,1563792351669,288,-992,-208
6,1563792351670,320,-848,-176
2,1563792351699,336,496,704
2,1563792351700,304,480,656
4,1563792351711,-384,752,-240
4,1563792351713,-192,688,-272
4,1563792351716,-96,784,-288
6,1563792351719,512,-608,-320
6,1563792351720,736,-432,-464
2,1563792351744,224,544,704
2,1563792351745,144,688,864
4,1563792351753,176,944,-384
4,1563792351754,128,1136,-512
6,1563792351763,1184,-304,-768
6,1563792351766,640,-624,-736
2,1563792351790,160,848,1024
2,1563792351799,160,960,1200
2,1563792351800,32,1008,1168
4,1563792351802,-144,1408,-448
4,1563792351806,0,1488,-368
6,1563792351809,-496,-1120,-800
6,1563792351811,176,-736,-1056
2,1563792351833,16,816,1024
2,1563792351834,96,592,928
4,1563792351841,80,1344,-272
4,1563792351843,-48,1072,-160
6,1563792351851,480,-608,-752
6,1563792351853,288,-784,-640
6,1563792351855,272,-832,-480
2,1563792351881,96,496,800
2,1563792351882,32,432,688
4,1563792351886,-112,896,-144
4,1563792351888,-256,768,-192
4,1563792351890,-256,720,-224
6,1563792351900,320,-784,-352
6,1563792351902,480,-736,-320
2,1563792351925,-32,448,624
2,1563792351926,0,480,640
4,1563792351931,-288,800,-240
4,1563792351932,-352,752,-336
6,1563792351943,416,-816,-288
6,1563792351944,432,-848,-288
4,1563792351976,-240,800,-368
4,1563792351978,-320,832,-336
6,1563792351984,512,-816,-368
6,1563792351985,368,-944,-336
2,1563792352014,48,512,672
2,1563792352015,96,528,720
2,1563792352016,144,544,752
2,1563792352018,208,560,736
2,1563792352020,256,528,672
4,1563792352029,-432,848,-272
4,1563792352031,-480,784,-208
6,1563792352033,352,-992,-272
6,1563792352035,336,-976,-192
6,1563792352044,288,-880,-256
2,1563792352060,288,496,656
2,1563792352061,240,528,688
4,1563792352067,-400,704,-208
4,1563792352067,-176,720,-192
4,1563792352069,-96,864,-240
6,1563792352076,368,-656,-384
6,1563792352077,624,-592,-592
2,1563792352104,128,592,784
2,1563792352105,96,672,864
4,1563792352111,-64,1040,-304
4,1563792352113,80,1216,-336
6,1563792352119,480,-544,-720
6,1563792352120,480,-176,-864
2,1563792352150,16,752,1008
2,1563792352151,-144,896,1168
2,1563792352151,-208,992,1360
4,1563792352161,672,1392,-496
4,1563792352163,0,1648,-576
6,1563792352174,992,-224,-1360
6,1563792352176,-272,-848,-1152
6,1563792352177,64,-720,-1184
2,1563792352194,-288,1040,1184
2,1563792352196,-96,784,976
4,1563792352202,-144,1808,-432
4,1563792352203,128,1328,-96
2,1563792352243,64,512,832
2,1563792352248,80,416,704
4,1563792352269,-160,912,32
4,1563792352274,-96,688,32
4,1563792352279,-288,688,16
6,1563792352283,96,-608,-832
6,1563792352285,-112,-784,-576
6,1563792352287,304,-704,-512
6,1563792352291,256,-832,-352
2,1563792352299,64,432,640
2,1563792352301,64,480,640
4,1563792352304,-448,736,16
4,1563792352307,-384,736,-32
6,1563792352309,96,-928,-256
6,1563792352312,176,-880,-288
2,1563792352329,48,512,656
2,1563792352330,80,528,672
2,1563792352332,80,544,704
4,1563792352338,-304,768,-64
4,1563792352339,-304,816,-112
6,1563792352345,224,-864,-368
6,1563792352346,208,-928,-400
6,1563792352348,272,-976,-400
2,1563792352377,96,512,704
2,1563792352378,96,448,656
4,1563792352385,-384,832,-224
4,1563792352388,-480,784,-224
4,1563792352390,-368,720,-176
6,1563792352401,224,-960,-288
6,1563792352403,192,-816,-304
2,1563792352419,96,432,640
2,1563792352420,96,480,704
4,1563792352428,-128,752,-176
4,1563792352430,256,976,-144
6,1563792352434,384,-576,-544
6,1563792352436,752,-224,-912
2,1563792352463,0,608,928
2,1563792352465,-80,848,1408
2,1563792352466,-240,1152,1632
4,1563792352477,528,1392,-128
4,1563792352481,80,2048,-352
6,1563792352486,-288,-448,-1216
6,1563792352498,-64,-752,-1488
2,1563792352509,-272,1104,1248
2,1563792352516,-208,704,896
4,1563792352518,128,1968,-144
4,1563792352520,32,1248,-48
6,1563792352530,160,-640,-1152
6,1563792352532,64,-688,-864
6,1563792352533,96,-576,-592
2,1563792352554,-176,432,704
2,1563792352555,-112,384,672
4,1563792352562,-80,752,-48
4,1563792352562,-64,672,-48
4,1563792352564,-352,848,-16
6,1563792352569,112,-768,-592
6,1563792352570,64,-896,-336
2,1563792352600,-80,400,688
2,1563792352601,-64,400,704
4,1563792352609,-320,832,-32
4,1563792352610,-256,768,-48
2,1563792352643,-16,400,736
4,1563792352654,-240,832,-80
4,1563792352659,-192,928,-96
6,1563792352670,208,-912,-320
6,1563792352673,144,-864,-352
6,1563792352676,144,-864,-384
6,1563792352678,192,-864,-416
6,1563792352679,112,-896,-480
2,1563792352689,-48,448,752
2,1563792352698,-64,496,784
2,1563792352700,-32,512,864
2,1563792352701,-32,528,896
4,1563792352704,-144,960,-48
4,1563792352706,-144,1008,-32
6,1563792352715,112,-896,-480
6,1563792352717,112,-912,-496
2,1563792352733,-48,512,896
2,1563792352735,-80,480,848
4,1563792352746,-128,1008,-32
4,1563792352747,-128,976,-32
4,1563792352748,-304,864,-80
6,1563792352750,128,-912,-480
6,1563792352752,160,-1024,-352
2,1563792352779,-96,416,752
2,1563792352780,-96,288,592
4,1563792352786,-592,720,-48
4,1563792352788,-528,512,-48
6,1563792352799,224,-1088,-96
6,1563792352801,160,-864,80
2,1563792352826,-64,176,432
2,1563792352827,-64,192,448
2,1563792352830,-112,368,688
4,1563792352838,-288,416,-112
4,1563792352840,-192,704,-96
6,1563792352850,192,-704,-144
6,1563792352851,16,-464,-384
6,1563792352852,-304,-336,-1552
2,1563792352868,-288,848,1520
2,1563792352869,-560,1440,2032
4,1563792352878,928,1200,224
4,1563792352880,528,2048,320
6,1563792352883,-288,-720,-1824
6,1563792352884,240,-832,-1376
2,1563792352914,-320,1472,1456
2,1563792352915,-112,592,944
4,1563792352920,304,2048,-48
4,1563792352921,160,1264,-224
4,1563792352923,-240,512,-208
6,1563792352931,288,-736,-880
6,1563792352932,208,-688,-432
2,1563792352960,-96,112,608
2,1563792352962,-64,96,432
4,1563792352973,-288,304,-96
4,1563792352977,-448,608,48
2,1563792353005,-48,304,512
2,1563792353009,16,400,720
2,1563792353011,96,496,848
4,1563792353021,-416,752,96
4,1563792353024,-272,864,144
6,1563792353027,16,-720,-272
6,1563792353029,32,-864,-144
6,1563792353030,208,-944,-192
6,1563792353031,80,-928,-288
6,1563792353034,128,-864,-512
2,1563792353050,16,544,912
2,1563792353054,-96,592,944
4,1563792353063,-48,976,32
4,1563792353065,-48,1104,-96
6,1563792353067,208,-848,-608
6,1563792353077,272,-832,-640
2,1563792353093,-176,592,912
2,1563792353099,-192,576,896
4,1563792353101,-32,1136,-208
4,1563792353102,-80,1088,-272
4,1563792353103,-128,1024,-208
6,1563792353110,336,-848,-624
6,1563792353114,336,-848,-528
2,1563792353141,-144,528,832
2,1563792353142,-64,480,800
2,1563792353143,16,416,736
4,1563792353150,-176,928,-112
4,1563792353151,-288,816,-64
2,1563792353185,80,320,608
2,1563792353186,96,240,480
4,1563792353198,-576,688,-80
4,1563792353200,-528,560,-96
6,1563792353214,272,-864,-432
6,1563792353218,208,-944,-320
6,1563792353220,192,-1072,-96
6,1563792353224,240,-848,32
6,1563792353226,576,-656,-240
2,1563792353237,64,288,512
2,1563792353240,-32,512,832
4,1563792353242,-240,528,-288
4,1563792353245,320,848,-208
4,1563792353247,304,1440,-240
6,1563792353256,768,-176,-704
6,1563792353259,32,-704,-1088
2,1563792353275,-80,928,1456
2,1563792353277,-288,1328,1648
4,1563792353285,240,2048,-272
4,1563792353287,176,2032,48
6,1563792353289,-16,-880,-1584
6,1563792353298,-48,-800,-1136
2,1563792353319,-48,1280,1344
2,1563792353320,48,656,1008
2,1563792353321,48,320,656
4,1563792353328,48,1184,-64
4,1563792353329,-240,656,-112
6,1563792353333,144,-784,-784
6,1563792353335,272,-784,-384
4,1563792353372,-352,432,-256
4,1563792353381,-400,496,-288
6,1563792353383,416,-720,-224
6,1563792353383,480,-736,-160
6,1563792353384,464,-784,-160
2,1563792353409,48,192,448
2,1563792353412,0,288,448
2,1563792353421,32,400,560
2,1563792353423,96,544,720
4,1563792353426,-432,640,-224
4,1563792353428,-368,784,-144
4,1563792353429,-192,976,-128
6,1563792353438,368,-848,-224
6,1563792353441,336,-880,-432
2,1563792353454,112,656,880
4,1563792353464,0,1152,-176
4,1563792353465,0,1232,-240
6,1563792353469,320,-816,-640
6,1563792353470,320,-832,-704
2,1563792353500,128,752,992
2,1563792353501,112,752,1040
2,1563792353502,112,704,976
2,1563792353503,128,624,880
4,1563792353509,-64,1152,-288
4,1563792353511,-192,1024,-288
6,1563792353517,384,-816,-656
6,1563792353518,368,-848,-528
6,1563792353520,304,-960,-384
2,1563792353543,176,544,800
2,1563792353544,208,448,688
4,1563792353550,-352,880,-272
4,1563792353551,-512,736,-256
6,1563792353561,240,-992,-176
6,1563792353562,400,-784,-112
4,1563792353597,-384,640,-240
4,1563792353599,-272,688,-320
4,1563792353600,416,784,-368
6,1563792353613,752,-496,-272
6,1563792353618,1088,-48,-672
2,1563792353635,208,416,608
2,1563792353638,176,432,592
2,1563792353641,80,592,736
2,1563792353644,144,784,992
4,1563792353654,16,1040,-480
4,1563792353655,-320,1392,-576
6,1563792353656,1024,-576,-736
6,1563792353658,-208,-1136,-624
6,1563792353659,448,-736,-992
2,1563792353681,80,912,1136
2,1563792353682,-48,992,1088
2,1563792353683,112,832,1040
4,1563792353689,48,1488,-512
4,1563792353692,-64,1280,-272
6,1563792353704,304,-752,-800
6,1563792353705,128,-880,-560
2,1563792353725,256,656,944
2,1563792353727,256,528,800
4,1563792353736,-176,1024,-128
4,1563792353738,-48,848,-128
2,1563792353768,176,496,752
2,1563792353769,128,512,704
4,1563792353777,-144,752,-160
4,1563792353782,-336,784,-208
4,1563792353786,-304,832,-288
6,1563792353797,448,-672,-464
6,1563792353799,544,-672,-400
6,1563792353803,400,-800,-304
6,1563792353806,432,-800,-304
4,1563792353822,-192,880,-400
4,1563792353825,-208,896,-448
6,1563792353833,592,-752,-416
6,1563792353835,528,-800,-448
6,1563792353836,480,-816,-448
2,1563792353862,80,560,704
2,1563792353864,48,608,736
2,1563792353868,64,608,784
2,1563792353870,96,608,816
2,1563792353872,128,592,832
4,1563792353882,-208,928,-432
4,1563792353884,-208,912,-368
6,1563792353886,480,-816,-448
6,1563792353888,368,-928,-352
2,1563792353903,192,560,800
2,1563792353904,256,496,720
4,1563792353913,-336,848,-288
4,1563792353915,-544,784,-176
4,1563792353917,-464,704,-144
6,1563792353926,288,-1056,-192
2,1563792353948,256,464,640
2,1563792353949,224,464,624
4,1563792353958,-96,656,-128
4,1563792353961,-64,736,-96
6,1563792353971,256,-928,-96
6,1563792353972,592,-560,-304
6,1563792353974,704,-480,-432
4,1563792354002,-192,864,-160
4,1563792354004,-128,992,-192
6,1563792354013,608,-640,-480
6,1563792354017,432,-704,-592
6,1563792354023,320,-640,-704
2,1563792354043,208,512,704
2,1563792354044,192,608,800
2,1563792354045,144,688,832
2,1563792354046,64,736,848
2,1563792354047,-16,768,880
4,1563792354059,-48,1040,-224
4,1563792354061,32,1088,-176
6,1563792354063,256,-544,-800
6,1563792354065,256,-576,-880
2,1563792354083,-64,784,912
2,1563792354086,-32,736,912
4,1563792354099,-32,1168,-160
4,1563792354101,-224,1184,-256
4,1563792354102,-272,1056,-288
6,1563792354104,64,-752,-864
6,1563792354106,128,-784,-832
2,1563792354128,-32,672,848
2,1563792354130,-144,640,864
4,1563792354136,-144,1040,-576
4,1563792354138,128,1376,-1280
6,1563792354146,352,-368,-1024
6,1563792354147,1040,-560,-1344
2,1563792354175,-528,768,864
2,1563792354177,-160,816,816
2,1563792354179,176,704,880
4,1563792354186,-48,1216,176
4,1563792354188,-240,976,160
6,1563792354197,416,-160,-880
6,1563792354199,256,-624,-736
6,1563792354199,464,-416,-736
2,1563792354218,144,720,880
2,1563792354220,-16,704,736
4,1563792354231,-48,992,-48
4,1563792354234,-32,976,-304
6,1563792354238,608,-288,-832
6,1563792354240,480,-288,-768
2,1563792354263,-32,672,640
2,1563792354265,0,672,688
4,1563792354271,-112,896,-336
4,1563792354277,-48,864,-304
4,1563792354280,16,912,-352
2,1563792354311,-16,704,736
2,1563792354312,0,704,752
4,1563792354322,96,928,-288
4,1563792354326,176,944,-224
6,1563792354335,272,-224,-736
6,1563792354338,208,-160,-800
6,1563792354340,192,-80,-800
6,1563792354343,80,48,-736
6,1563792354346,32,224,-624
2,1563792354355,0,704,768
2,1563792354357,16,704,752
2,1563792354359,-32,640,832
4,1563792354367,288,928,-96
4,1563792354368,192,912,-208
6,1563792354369,160,-32,-800
6,1563792354371,1616,-1728,-1328
2,1563792354399,-128,640,1120
2,1563792354400,0,864,1024
4,1563792354408,-928,1232,-448
4,1563792354411,-672,1664,-96
6,1563792354421,-144,-1024,-720
6,1563792354423,-576,-592,-976
2,1563792354444,-16,944,976
2,1563792354446,-48,736,992
4,1563792354454,256,1136,48
4,1563792354458,32,1120,-128
4,1563792354462,-224,1088,-160
6,1563792354473,176,-512,-1056
6,1563792354475,144,-672,-752
2,1563792354492,-32,656,816
2,1563792354493,16,592,672
4,1563792354503,-48,880,-112
4,1563792354505,-128,752,-128
6,1563792354508,288,-688,-656
6,1563792354510,304,-624,-624
6,1563792354513,208,-720,-576
4,1563792354542,-288,784,-160
4,1563792354543,-304,848,-160
6,1563792354552,224,-784,-544
6,1563792354554,272,-768,-544
2,1563792354579,16,496,672
2,1563792354580,-48,496,688
2,1563792354582,-64,528,688
2,1563792354582,-48,544,704
2,1563792354584,-32,528,736
4,1563792354594,-208,864,-176
4,1563792354597,-176,864,-160
6,1563792354599,256,-768,-560
6,1563792354602,224,-768,-592
2,1563792354626,-16,544,784
2,1563792354628,-16,560,816
4,1563792354636,-160,912,-96
4,1563792354640,-160,944,-32
4,1563792354642,-240,928,0
6,1563792354645,160,-768,-608
6,1563792354654,64,-832,-576
2,1563792354670,0,544,784
2,1563792354672,16,496,704
2,1563792354674,32,448,640
4,1563792354682,-336,832,0
4,1563792354684,-288,736,0
6,1563792354688,96,-848,-512
6,1563792354691,192,-768,-432
6,1563792354694,288,-640,-544
2,1563792354714,16,464,688
2,1563792354716,-48,560,800
4,1563792354721,-80,720,32
4,1563792354723,-32,912,-16
6,1563792354729,160,-608,-672
6,1563792354731,208,-384,-864
2,1563792354761,-208,720,1024
2,1563792354763,-416,992,1456
4,1563792354772,192,1216,-224
4,1563792354776,624,1648,-544
4,1563792354778,-128,2048,-496
6,1563792354790,336,-176,-1488
6,1563792354792,32,-624,-1488
2,1563792354805,-464,1168,1472
2,1563792354808,-96,992,1056
4,1563792354818,48,1600,-32
4,1563792354820,32,928,96
6,1563792354823,304,-624,-1120
6,1563792354824,-64,-624,-752
6,1563792354827,64,-656,-512
2,1563792354848,48,592,784
2,1563792354849,48,336,640
2,1563792354850,0,288,560
4,1563792354858,-176,496,80
4,1563792354859,-240,496,-32
6,1563792354870,256,-704,-464
6,1563792354872,272,-800,-352
2,1563792354895,-48,384,576
2,1563792354897,-64,432,640
4,1563792354904,-352,704,-80
4,1563792354905,-352,768,-144
6,1563792354912,272,-864,-320
6,1563792354913,320,-832,-432
2,1563792354941,-96,464,736
2,1563792354942,-128,528,816
4,1563792354953,-240,848,-192
4,1563792354955,-144,944,-144
4,1563792354959,-112,1024,-48
4,1563792354994,-128,1008,32
4,1563792354996,-176,896,48
6,1563792355004,256,-800,-544
6,1563792355006,192,-800,-624
6,1563792355008,80,-816,-576
6,1563792355011,80,-832,-528
6,1563792355013,48,-896,-432
2,1563792355031,-96,592,848
2,1563792355034,-32,576,832
4,1563792355043,-320,784,48
4,1563792355045,-480,656,-32
6,1563792355051,-32,-976,-288
6,1563792355053,176,-816,-288
4,1563792355082,-352,544,-128
4,1563792355083,48,592,-32
6,1563792355089,576,-480,-528
6,1563792355091,496,-448,-608
2,1563792355120,16,512,800
2,1563792355122,16,448,688
2,1563792355123,0,352,560
2,1563792355129,-16,320,496
2,1563792355129,-96,384,576
2,1563792355130,-96,512,800
4,1563792355134,16,832,16
4,1563792355137,128,1296,-112
4,1563792355140,688,1856,-1024
6,1563792355151,288,-576,-832
6,1563792355152,464,-112,-1936
2,1563792355164,-592,1024,1696
2,1563792355166,-256,1360,1344
4,1563792355172,-320,2048,608
4,1563792355174,-528,1024,560
6,1563792355183,-240,-448,-1408
6,1563792355184,-896,-1152,-832
6,1563792355186,0,-1024,-848
2,1563792355210,128,800,928
2,1563792355212,-16,416,848
2,1563792355213,-288,480,592
4,1563792355220,-144,640,-224
4,1563792355221,32,896,-368
6,1563792355228,544,-448,-832
6,1563792355230,608,-128,-688
4,1563792355262,80,752,-160
4,1563792355263,-112,704,-256
6,1563792355272,448,-176,-608
6,1563792355275,496,-368,-720
2,1563792355300,-192,544,464
2,1563792355301,-112,496,560
2,1563792355302,-32,560,720
2,1563792355303,0,704,832
4,1563792355313,-160,880,-320
4,1563792355316,-48,1040,-144
4,1563792355318,-32,1104,-16
6,1563792355326,384,-368,-832
6,1563792355328,176,-416,-848
6,1563792355329,32,-432,-880
2,1563792355344,112,768,912
2,1563792355347,208,752,992
2,1563792355349,144,720,960
4,1563792355358,-32,1136,-32
4,1563792355360,-128,1120,-96
6,1563792355363,32,-528,-912
6,1563792355365,128,-512,-896
2,1563792355392,0,672,848
2,1563792355393,-32,624,784
4,1563792355400,-128,1040,-192
4,1563792355401,-96,992,-192
2,1563792355433,-48,608,768
2,1563792355437,-64,624,736
4,1563792355453,96,944,-128
4,1563792355457,176,912,-128
6,1563792355461,192,-432,-848
6,1563792355467,192,-288,-784
6,1563792355470,208,-48,-736
6,1563792355474,48,-96,-528
2,1563792355487,-96,592,720
2,1563792355491,-192,624,880
4,1563792355495,-32,896,-112
4,1563792355498,64,944,-32
4,1563792355500,-880,1600,-208
6,1563792355509,688,-416,-1056
6,1563792355510,384,-1536,-1040
6,1563792355511,-256,-608,-1152
2,1563792355525,-256,768,1152
2,1563792355526,-240,960,992
2,1563792355527,-128,784,1024
4,1563792355533,256,1392,224
4,1563792355534,32,1184,96
6,1563792355546,-32,-464,-1024
6,1563792355547,32,-592,-896
2,1563792355568,-144,672,880
2,1563792355569,-112,608,720
4,1563792355576,-112,1136,-96
4,1563792355577,-96,960,-96
2,1563792355613,-80,512,656
2,1563792355615,-80,464,688
4,1563792355621,-176,832,-96
4,1563792355632,-240,768,-64
4,1563792355633,-256,848,-48
6,1563792355634,192,-672,-768
6,1563792355636,128,-688,-624
6,1563792355637,224,-704,-576
6,1563792355638,160,-752,-576
2,1563792355658,-48,496,720
2,1563792355660,-16,544,752
4,1563792355666,-176,896,-64
4,1563792355667,-176,928,-64
6,1563792355679,176,-784,-544
6,1563792355680,192,-800,-560
6,1563792355682,144,-800,-576
2,1563792355703,0,544,800
2,1563792355705,0,560,816
2,1563792355707,-16,544,816
4,1563792355716,-144,944,-16
4,1563792355718,-144,944,-32
6,1563792355719,176,-784,-592
6,1563792355720,144,-800,-576
4,1563792355758,-160,960,-32
4,1563792355759,-144,944,-32
6,1563792355769,160,-784,-576
6,1563792355771,192,-816,-576
2,1563792355794,-16,544,832
2,1563792355797,0,544,816
2,1563792355799,16,528,784
2,1563792355807,48,432,656
4,1563792355810,-224,912,-48
4,1563792355812,-512,800,-48
4,1563792355814,-464,608,-80
6,1563792355817,128,-992,-432
6,1563792355827,112,-976,-240
2,1563792355842,80,336,544
2,1563792355843,80,320,528
4,1563792355850,-176,512,-48
4,1563792355853,160,688,80
6,1563792355857,336,-688,-272
6,1563792355860,560,-320,-464
6,1563792355862,384,-544,-864
2,1563792355884,0,464,672
4,1563792355894,224,1120,224
4,1563792355899,48,1664,48
6,1563792355912,-592,-752,-992
6,1563792355913,288,-512,-1296
2,1563792355930,-16,736,1024
2,1563792355931,-176,976,1328
2,1563792355932,-288,1088,1328
2,1563792355933,-256,944,1232
4,1563792355938,160,1824,-80
4,1563792355940,160,1552,-192
6,1563792355946,272,-512,-1200
6,1563792355947,240,-448,-1136
4,1563792355981,80,1360,-272
4,1563792355981,-48,1104,-336
4,1563792355982,-64,864,-352
6,1563792355991,272,-512,-928
6,1563792355993,432,-528,-736
6,1563792355994,400,-608,-624
2,1563792356022,-240,800,1008
2,1563792356024,-160,640,800
2,1563792356026,-80,512,704
2,1563792356028,0,464,688
4,1563792356037,-208,800,-304
4,1563792356041,-288,752,-272
6,1563792356044,400,-688,-512
6,1563792356046,480,-736,-464
2,1563792356065,32,432,688
2,1563792356067,48,464,688
2,1563792356068,96,496,720
4,1563792356076,-288,816,-240
4,1563792356079,-208,848,-128
6,1563792356086,432,-736,-464
6,1563792356087,368,-736,-480
2,1563792356108,112,512,736
2,1563792356110,96,528,768
6,1563792356126,384,-752,-496
6,1563792356127,320,-864,-512
2,1563792356154,96,528,720
2,1563792356162,112,464,624
4,1563792356164,-192,848,-96
4,1563792356166,-192,848,-64
4,1563792356169,-384,848,-96
4,1563792356171,-480,784,-160
4,1563792356174,-160,672,-176
6,1563792356176,64,-1072,-368
6,1563792356178,240,-784,-400
6,1563792356180,624,-304,-704
2,1563792356200,80,432,576
2,1563792356201,64,464,608
2,1563792356202,80,496,736
4,1563792356209,368,592,64
4,1563792356210,208,720,224
6,1563792356216,32,-96,-560
6,1563792356217,688,-656,-672
2,1563792356243,0,544,912
2,1563792356245,-208,768,1312
4,1563792356250,-352,1104,-192
4,1563792356251,-208,1440,-976
6,1563792356260,816,-848,-928
6,1563792356262,640,-320,-1488
2,1563792356291,-384,1200,1360
2,1563792356293,0,1104,1152
4,1563792356302,480,2048,192
4,1563792356304,-368,1472,1040
6,1563792356308,-1008,-704,-1088
6,1563792356310,-288,-1296,-784
2,1563792356333,0,624,960
2,1563792356334,-160,512,704
4,1563792356342,-448,1008,-176
4,1563792356346,208,928,-352
4,1563792356349,32,688,-176
6,1563792356358,304,-512,-848
6,1563792356359,368,-192,-816
6,1563792356361,192,-304,-688
2,1563792356379,-160,512,528
2,1563792356381,-160,560,512
2,1563792356382,-160,640,672
4,1563792356387,-128,752,-176
4,1563792356388,-16,912,-176
6,1563792356399,128,-304,-736
6,1563792356400,128,-352,-848
2,1563792356424,-128,704,864
2,1563792356425,-80,736,912
4,1563792356432,-96,1056,-160
4,1563792356433,-64,1136,-32
6,1563792356442,112,-480,-896
6,1563792356443,64,-480,-960
2,1563792356468,-16,704,896
2,1563792356469,-16,656,848
4,1563792356477,-64,1120,-16
4,1563792356479,-16,1040,-96
4,1563792356482,16,944,-144
6,1563792356484,128,-448,-912
6,1563792356487,240,-304,-864
