5,1563792252690,192,-496,-832
5,1563792252696,176,-496,-832
5,1563792252700,176,-448,-816
3,1563792252705,-16,992,96
3,1563792252710,-32,992,80
1,1563792252714,32,560,880
1,1563792252719,48,560,880
3,1563792252728,-64,992,80
3,1563792252732,0,1024,64
1,1563792252746,32,544,864
1,1563792252750,48,560,864
5,1563792252764,192,-496,-848
5,1563792252769,208,-512,-832
5,1563792252773,192,-448,-800
5,1563792252777,192,-272,-768
3,1563792252782,-32,1008,80
3,1563792252786,-80,992,96
1,1563792252795,64,576,864
1,1563792252801,64,592,880
5,1563792252805,240,-144,-784
5,1563792252810,416,-1760,-1056
3,1563792252815,-208,992,112
3,1563792252820,-272,976,176
1,1563792252825,64,592,880
1,1563792252829,32,560,960
5,1563792252843,-48,-624,-640
5,1563792252849,48,-528,-768
3,1563792252854,720,1248,32
3,1563792252858,96,1040,-144
3,1563792252862,-80,848,80
1,1563792252867,80,544,704
1,1563792252872,80,512,816
5,1563792252883,224,-608,-784
5,1563792252887,160,-608,-784
3,1563792252891,48,1008,160
3,1563792252895,0,1072,48
1,1563792252905,112,560,896
1,1563792252909,96,608,896
5,1563792252925,112,-608,-800
5,1563792252931,160,-608,-800
3,1563792252935,-32,1056,64
3,1563792252940,-16,1008,96
1,1563792252944,48,592,880
1,1563792252948,16,544,864
5,1563792252967,160,-624,-768
5,1563792252972,144,-640,-768
3,1563792252976,32,1008,96
3,1563792252980,32,992,64
1,1563792252985,32,544,848
1,1563792252989,64,544,864
5,1563792253003,144,-608,-768
5,1563792253007,160,-624,-768
3,1563792253011,0,992,96
3,1563792253015,0,1024,96
1,1563792253023,64,544,880
1,1563792253027,80,544,880
5,1563792253043,144,-624,-784
5,1563792253048,160,-624,-784
3,1563792253053,0,1024,96
3,1563792253057,-16,1024,96
1,1563792253063,96,544,880
1,1563792253068,96,560,880
5,1563792253084,160,-624,-784
5,1563792253092,160,-624,-768
3,1563792253095,0,1008,112
3,1563792253100,16,1008,112
1,1563792253107,96,544,880
1,1563792253112,96,544,880
1,1563792253116,96,544,864
5,1563792253123,160,-624,-768
5,1563792253129,160,-640,-768
3,1563792253135,16,1008,112
3,1563792253139,16,1008,112
1,1563792253145,112,544,880
1,1563792253149,112,528,880
5,1563792253163,160,-640,-752
5,1563792253173,160,-624,-768
3,1563792253177,16,992,112
3,1563792253181,16,1008,128
1,1563792253185,112,528,880
1,1563792253190,112,544,880
5,1563792253203,160,-640,-768
5,1563792253208,160,-624,-768
3,1563792253212,16,1008,112
3,1563792253216,16,1008,96
1,1563792253224,96,544,880
1,1563792253229,96,528,864
5,1563792253244,160,-640,-752
5,1563792253248,160,-640,-752
3,1563792253253,16,1008,112
3,1563792253257,16,992,112
1,1563792253264,96,528,848
1,1563792253269,80,512,832
5,1563792253285,160,-656,-752
3,1563792253291,48,976,128
5,1563792253295,160,-688,-720
3,1563792253299,96,944,96
1,1563792253306,96,496,800
1,1563792253311,96,480,784
5,1563792253325,128,-672,-672
5,1563792253331,144,-608,-752
5,1563792253336,176,-608,-800
3,1563792253340,80,912,64
3,1563792253344,-16,976,112
1,1563792253349,112,528,896
1,1563792253354,128,608,976
5,1563792253363,192,-624,-800
3,1563792253367,-48,1120,128
3,1563792253374,-48,1104,112
1,1563792253384,96,608,928
1,1563792253388,64,544,880
5,1563792253404,160,-608,-800
5,1563792253409,176,-608,-768
5,1563792253413,160,-640,-752
3,1563792253418,-16,1024,112
3,1563792253422,16,976,112
1,1563792253427,64,528,848
1,1563792253431,96,528,848
5,1563792253444,144,-624,-752
5,1563792253448,176,-624,-768
3,1563792253453,48,976,96
3,1563792253457,16,992,96
1,1563792253465,112,544,864
1,1563792253470,96,560,880
5,1563792253485,176,-624,-768
5,1563792253489,160,-608,-768
3,1563792253494,-16,1008,128
3,1563792253497,0,1040,112
1,1563792253507,96,560,880
1,1563792253511,80,560,880
5,1563792253523,160,-608,-784
5,1563792253528,176,-608,-768
3,1563792253532,-16,1024,96
3,1563792253536,0,1008,96
1,1563792253545,64,544,880
1,1563792253552,64,560,880
5,1563792253575,176,-592,-784
3,1563792253580,-16,1008,96
3,1563792253585,-32,1024,96
1,1563792253589,64,576,896
1,1563792253593,80,576,896
5,1563792253604,176,-592,-784
5,1563792253608,176,-624,-784
5,1563792253613,144,-640,-784
3,1563792253617,-32,1040,112
3,1563792253622,0,1040,80
3,1563792253626,16,1024,80
1,1563792253630,80,560,880
1,1563792253634,80,544,880
5,1563792253643,144,-640,-768
5,1563792253648,160,-640,-768
3,1563792253652,16,1008,80
3,1563792253657,16,1008,80
1,1563792253663,64,544,864
1,1563792253668,80,544,864
5,1563792253683,144,-624,-768
5,1563792253687,144,-624,-768
3,1563792253692,0,1024,64
3,1563792253696,-16,1040,80
1,1563792253703,80,544,880
1,1563792253707,80,560,896
5,1563792253725,144,-640,-768
5,1563792253730,128,-640,-768
1,1563792253743,64,560,880
1,1563792253747,64,544,880
5,1563792253763,144,-656,-752
5,1563792253767,128,-640,-736
3,1563792253772,0,1040,80
3,1563792253777,0,1024,80
3,1563792253781,0,1008,64
3,1563792253786,16,976,48
1,1563792253792,48,544,864
1,1563792253796,48,528,848
5,1563792253803,128,-672,-720
5,1563792253808,96,-736,-672
3,1563792253813,48,960,64
3,1563792253817,208,880,-48
1,1563792253824,32,512,800
1,1563792253828,32,448,672
5,1563792253843,32,-768,-528
5,1563792253848,16,-688,-528
3,1563792253855,240,752,-96
3,1563792253861,80,736,48
1,1563792253868,32,384,592
1,1563792253873,64,384,800
5,1563792253884,272,-528,-928
5,1563792253889,384,-560,-1008
3,1563792253894,-272,1216,384
3,1563792253898,-256,1552,96
1,1563792253904,128,672,1344
1,1563792253909,96,864,1104
5,1563792253923,112,-544,-880
5,1563792253929,112,-576,-768
3,1563792253937,-64,1152,0
3,1563792253942,0,848,112
1,1563792253946,-16,608,848
1,1563792253951,-32,416,784
1,1563792253955,96,480,816
5,1563792253963,208,-560,-752
5,1563792253968,176,-576,-752
3,1563792253973,16,864,128
3,1563792253977,-16,1024,80
1,1563792253982,144,608,896
1,1563792253988,112,624,928
5,1563792254003,160,-576,-800
5,1563792254008,160,-592,-816
5,1563792254012,160,-624,-800
3,1563792254017,-64,1088,80
3,1563792254021,-16,1072,96
1,1563792254029,64,608,880
1,1563792254033,64,576,848
5,1563792254044,144,-640,-784
5,1563792254048,144,-640,-768
1,1563792254064,80,576,848
1,1563792254068,80,576,848
5,1563792254084,192,-640,-784
1,1563792254104,48,592,848
1,1563792254108,32,576,864
5,1563792254124,144,-656,-736
5,1563792254130,128,-640,-768
5,1563792254139,80,-640,-768
3,1563792254144,32,1040,64
3,1563792254149,48,1008,64
3,1563792254153,16,992,112
3,1563792254157,32,1008,112
3,1563792254163,32,1024,96
3,1563792254168,0,1024,48
1,1563792254173,48,560,864
1,1563792254177,64,528,880
5,1563792254184,80,-624,-752
5,1563792254189,112,-624,-784
3,1563792254193,0,1008,32
3,1563792254197,0,992,48
1,1563792254202,64,528,864
1,1563792254206,64,544,880
5,1563792254212,96,-624,-768
5,1563792254216,80,-624,-768
3,1563792254221,16,1008,64
3,1563792254225,-16,1008,32
1,1563792254229,64,544,880
1,1563792254233,96,528,880
5,1563792254243,80,-624,-784
5,1563792254247,80,-624,-784
3,1563792254254,-16,1024,48
3,1563792254259,-32,1008,48
1,1563792254265,96,528,896
1,1563792254270,96,528,880
5,1563792254284,80,-624,-784
5,1563792254289,80,-640,-768
3,1563792254300,-16,1008,48
3,1563792254304,0,1008,64
1,1563792254319,80,528,880
1,1563792254324,64,528,864
5,1563792254328,96,-656,-752
5,1563792254335,96,-656,-736
3,1563792254339,0,1008,80
3,1563792254344,0,992,80
3,1563792254349,0,992,80
1,1563792254353,64,512,864
1,1563792254357,48,512,864
5,1563792254365,80,-656,-736
5,1563792254369,80,-656,-736
3,1563792254374,0,992,64
3,1563792254378,16,992,48
1,1563792254387,48,512,864
1,1563792254391,48,512,848
5,1563792254404,64,-656,-736
5,1563792254411,80,-688,-720
3,1563792254417,32,992,64
3,1563792254422,64,960,32
1,1563792254426,48,512,832
1,1563792254431,48,496,784
5,1563792254444,32,-672,-672
5,1563792254448,-16,-656,-640
3,1563792254456,80,912,-64
3,1563792254461,96,880,-32
1,1563792254466,48,480,736
1,1563792254471,64,464,736
5,1563792254486,32,-656,-656
3,1563792254491,32,896,32
5,1563792254495,128,-576,-896
3,1563792254501,-144,1152,288
1,1563792254506,80,512,864
1,1563792254510,96,656,1168
5,1563792254524,432,-624,-960
5,1563792254528,240,-608,-880
3,1563792254533,-128,1376,272
3,1563792254538,-48,1152,0
1,1563792254543,48,752,1056
5,1563792254566,64,-608,-784
5,1563792254570,96,-624,-736
3,1563792254575,32,912,0
3,1563792254580,32,880,144
1,1563792254589,0,592,848
1,1563792254593,0,448,784
1,1563792254597,64,496,800
5,1563792254605,192,-608,-752
5,1563792254609,176,-608,-768
5,1563792254614,144,-608,-800
3,1563792254618,32,976,128
3,1563792254623,-16,1056,80
1,1563792254627,112,576,864
1,1563792254632,80,592,912
5,1563792254644,144,-608,-816
5,1563792254649,160,-608,-784
3,1563792254653,-16,1072,80
3,1563792254657,0,1024,80
1,1563792254670,48,576,896
1,1563792254674,48,544,880
5,1563792254683,176,-608,-784
3,1563792254689,0,992,112
3,1563792254693,0,992,96
1,1563792254704,64,544,848
1,1563792254708,80,560,848
5,1563792254728,176,-592,-784
5,1563792254733,144,-624,-784
5,1563792254737,144,-640,-784
1,1563792254743,80,560,864
1,1563792254748,80,560,864
1,1563792254752,80,544,880
5,1563792254764,96,-768,-816
5,1563792254769,160,-624,-768
3,1563792254774,16,992,64
3,1563792254778,16,1024,80
3,1563792254783,48,1040,80
3,1563792254788,80,1056,96
1,1563792254793,80,560,880
1,1563792254797,96,560,832
5,1563792254805,208,-480,-768
5,1563792254810,224,-464,-816
3,1563792254815,-32,1008,112
3,1563792254820,-64,976,128
5,1563792254843,208,-528,-816
5,1563792254847,176,-592,-816
3,1563792254851,-16,1024,112
3,1563792254856,32,1040,96
1,1563792254865,96,560,864
1,1563792254870,112,576,880
1,1563792254875,112,560,880
1,1563792254880,112,544,864
5,1563792254885,160,-544,-784
5,1563792254890,192,-480,-816
3,1563792254895,16,1008,96
3,1563792254899,-32,976,128
1,1563792254904,96,560,864
5,1563792254925,208,-464,-816
5,1563792254929,208,-544,-832
3,1563792254935,-48,992,128
1,1563792254943,96,576,880
1,1563792254948,80,560,880
1,1563792254952,80,560,848
5,1563792254964,160,-608,-800
5,1563792254969,144,-560,-800
3,1563792254973,-32,1008,112
3,1563792254977,32,1024,96
3,1563792254981,16,1008,80
1,1563792254989,80,560,848
1,1563792254993,80,560,864
3,1563792255007,-32,1008,96
3,1563792255012,-48,992,128
1,1563792255024,80,576,880
1,1563792255039,80,592,880
5,1563792255049,192,-512,-816
5,1563792255054,208,-432,-784
5,1563792255059,224,-224,-768
5,1563792255063,304,-1200,-976
3,1563792255068,-176,992,144
3,1563792255072,-160,1008,240
3,1563792255077,464,1168,-48
1,1563792255083,64,576,960
1,1563792255088,80,560,816
5,1563792255093,16,-624,-688
5,1563792255097,48,-592,-768
3,1563792255101,0,992,-16
3,1563792255106,0,912,96
1,1563792255111,96,528,768
1,1563792255114,96,528,864
5,1563792255123,160,-624,-768
5,1563792255128,176,-608,-784
3,1563792255137,32,992,144
3,1563792255141,-16,1056,80
1,1563792255145,112,576,880
1,1563792255150,96,592,896
5,1563792255164,128,-608,-800
5,1563792255168,144,-608,-800
3,1563792255173,-32,1056,96
3,1563792255177,0,1008,128
1,1563792255185,64,560,896
1,1563792255189,48,544,864
5,1563792255204,160,-624,-784
5,1563792255208,144,-624,-768
3,1563792255212,16,1008,96
3,1563792255217,0,992,80
1,1563792255223,64,544,864
1,1563792255228,80,544,848
5,1563792255244,128,-624,-768
5,1563792255249,128,-624,-768
3,1563792255253,0,1008,96
3,1563792255257,0,1024,96
1,1563792255264,80,560,864
1,1563792255268,80,560,896
5,1563792255285,144,-624,-784
5,1563792255291,160,-624,-784
3,1563792255296,-16,1040,112
3,1563792255301,0,1040,128
1,1563792255306,80,560,896
1,1563792255309,64,560,896
5,1563792255324,160,-640,-784
5,1563792255330,128,-624,-800
5,1563792255335,128,-640,-768
3,1563792255341,-16,1024,80
3,1563792255346,-16,1040,64
1,1563792255350,80,560,880
1,1563792255354,64,544,880
5,1563792255366,112,-640,-752
5,1563792255373,128,-656,-736
3,1563792255388,0,1008,64
3,1563792255392,16,976,80
1,1563792255397,64,528,864
1,1563792255401,64,512,848
5,1563792255412,128,-656,-736
3,1563792255418,16,976,80
3,1563792255423,32,976,96
1,1563792255427,64,512,848
1,1563792255432,64,512,848
5,1563792255444,128,-656,-720
5,1563792255448,112,-656,-736
5,1563792255455,112,-672,-736
3,1563792255459,16,992,96
3,1563792255463,16,992,80
1,1563792255467,64,528,848
1,1563792255471,64,528,848
5,1563792255484,112,-688,-720
3,1563792255491,32,976,80
3,1563792255495,64,960,48
5,1563792255501,96,-672,-688
1,1563792255506,80,512,816
1,1563792255510,80,496,784
5,1563792255523,112,-656,-704
5,1563792255527,160,-640,-704
3,1563792255532,48,928,64
3,1563792255537,32,960,96
1,1563792255546,80,496,816
1,1563792255550,80,512,832
5,1563792255565,160,-576,-864
5,1563792255571,176,-608,-848
3,1563792255575,0,992,128
3,1563792255580,-144,1120,144
1,1563792255585,96,544,944
1,1563792255590,112,624,1040
1,1563792255594,64,624,944
5,1563792255605,176,-608,-832
5,1563792255610,160,-624,-784
3,1563792255614,-64,1200,112
3,1563792255619,-16,1072,112
1,1563792255623,48,528,848
1,1563792255627,64,496,800
5,1563792255644,128,-624,-752
5,1563792255648,128,-624,-752
3,1563792255653,16,960,80
3,1563792255657,32,944,80
1,1563792255665,96,528,832
1,1563792255669,96,560,880
5,1563792255683,144,-624,-768
5,1563792255687,176,-624,-784
3,1563792255692,16,976,96
3,1563792255695,0,1040,128
1,1563792255704,96,576,896
1,1563792255708,80,576,880
5,1563792255724,160,-608,-784
5,1563792255732,160,-624,-784
3,1563792255737,-16,1056,128
3,1563792255742,-16,1040,112
1,1563792255746,80,560,864
1,1563792255751,96,544,848
5,1563792255763,144,-640,-768
5,1563792255767,144,-624,-768
3,1563792255771,16,1008,96
3,1563792255777,16,992,96
3,1563792255782,0,1008,128
1,1563792255787,96,544,848
1,1563792255791,96,560,880
5,1563792255804,160,-608,-768
5,1563792255808,176,-608,-784
3,1563792255814,-16,1024,128
3,1563792255818,-16,1024,128
1,1563792255824,96,576,896
1,1563792255828,96,560,880
5,1563792255843,160,-608,-784
5,1563792255850,160,-624,-768
3,1563792255854,0,1024,112
3,1563792255858,16,1008,112
1,1563792255865,96,560,864
1,1563792255869,96,560,864
5,1563792255883,160,-624,-768
5,1563792255889,144,-624,-768
3,1563792255893,16,1008,112
3,1563792255897,0,1008,112
1,1563792255906,96,560,864
1,1563792255910,80,544,880
5,1563792255924,160,-624,-768
5,1563792255929,144,-624,-768
5,1563792255933,144,-624,-768
1,1563792255944,80,544,864
1,1563792255949,80,544,896
5,1563792255963,160,-592,-784
5,1563792255967,176,-624,-800
3,1563792255971,0,1008,112
3,1563792255975,0,1008,96
3,1563792255979,-32,1024,128
3,1563792255987,-32,1056,128
1,1563792255991,80,576,912
1,1563792255996,80,560,912
5,1563792256004,176,-640,-800
3,1563792256009,16,1072,112
3,1563792256013,-32,1024,96
1,1563792256024,64,544,896
1,1563792256028,64,528,896
5,1563792256043,128,-624,-784
5,1563792256048,128,-640,-768
5,1563792256052,128,-656,-736
3,1563792256057,0,1024,80
3,1563792256063,32,992,80
1,1563792256067,80,528,864
1,1563792256071,64,512,848
5,1563792256084,128,-656,-720
5,1563792256089,80,-688,-688
3,1563792256093,32,976,96
3,1563792256097,64,944,48
1,1563792256103,48,496,816
1,1563792256108,48,480,784
5,1563792256124,32,-704,-624
5,1563792256129,64,-656,-608
3,1563792256133,144,896,-32
1,1563792256144,48,448,704
1,1563792256148,64,448,752
5,1563792256166,224,-640,-752
5,1563792256172,336,-560,-896
3,1563792256176,96,848,16
3,1563792256180,64,880,144
3,1563792256184,-112,1088,368
1,1563792256188,64,496,912
1,1563792256192,112,656,1120
5,1563792256205,160,-592,-864
5,1563792256210,64,-592,-816
3,1563792256215,-144,1312,112
3,1563792256219,-64,1168,0
1,1563792256224,112,688,1008
1,1563792256229,64,544,864
5,1563792256246,160,-608,-752
5,1563792256250,224,-608,-752
3,1563792256262,0,960,128
3,1563792256267,16,912,176
1,1563792256270,48,496,816
1,1563792256274,96,528,832
5,1563792256285,192,-624,-752
5,1563792256289,144,-624,-784
5,1563792256324,160,-624,-784
5,1563792256329,144,-656,-784
3,1563792256338,32,976,128
3,1563792256342,0,1040,96
3,1563792256347,0,1040,112
3,1563792256352,16,1040,112
1,1563792256356,128,560,864
1,1563792256365,112,592,880
1,1563792256369,80,592,880
1,1563792256374,80,560,848
5,1563792256378,96,-688,-752
5,1563792256383,80,-784,-720
3,1563792256388,80,992,32
3,1563792256393,224,944,0
1,1563792256397,64,512,768
1,1563792256402,16,480,768
5,1563792256406,144,-736,-752
5,1563792256411,416,-624,-768
3,1563792256415,144,912,128
3,1563792256420,0,1072,240
1,1563792256426,32,544,880
1,1563792256431,96,624,992
1,1563792256438,176,640,944
5,1563792256446,224,-736,-848
5,1563792256451,-64,-464,-848
3,1563792256455,80,1216,224
3,1563792256460,-256,1040,-32
1,1563792256465,96,576,848
1,1563792256469,48,528,832
5,1563792256483,192,-416,-784
5,1563792256490,352,-480,-768
3,1563792256494,-96,944,128
3,1563792256499,32,944,256
1,1563792256504,80,560,832
1,1563792256508,128,560,880
5,1563792256524,240,-480,-768
5,1563792256529,160,-432,-816
3,1563792256534,-16,976,160
3,1563792256538,-96,992,112
3,1563792256543,-112,992,144
5,1563792256566,208,-384,-832
5,1563792256570,272,-336,-832
5,1563792256573,272,-544,-848
3,1563792256577,-128,1008,192
3,1563792256582,16,1040,128
1,1563792256589,112,560,896
1,1563792256594,80,576,896
1,1563792256599,64,560,864
1,1563792256603,64,528,864
5,1563792256608,176,-672,-752
3,1563792256613,112,1008,112
3,1563792256617,0,992,80
1,1563792256624,80,544,848
1,1563792256628,80,560,848
5,1563792256649,96,-560,-752
5,1563792256655,256,-640,-816
5,1563792256659,96,-896,-832
3,1563792256665,-48,992,176
3,1563792256670,336,1104,16
1,1563792256674,80,544,896
1,1563792256678,96,544,816
5,1563792256685,16,-944,-800
5,1563792256690,80,-768,-736
3,1563792256695,176,1024,-48
3,1563792256699,144,1040,112
1,1563792256707,32,560,864
1,1563792256711,32,592,832
5,1563792256724,160,-432,-752
3,1563792256728,-112,992,144
3,1563792256733,-160,960,128
1,1563792256759,16,576,832
1,1563792256763,0,560,880
5,1563792256771,224,-352,-832
5,1563792256776,288,-400,-864
5,1563792256781,256,-544,-848
3,1563792256786,-80,1024,160
3,1563792256791,16,1056,144
1,1563792256795,16,576,896
1,1563792256800,64,576,864
5,1563792256806,128,-576,-800
5,1563792256811,96,-608,-816
3,1563792256815,32,1008,96
3,1563792256818,32,1008,80
1,1563792256823,80,560,832
1,1563792256827,80,576,848
5,1563792256844,160,-560,-816
5,1563792256850,224,-512,-832
3,1563792256855,32,1008,112
3,1563792256859,16,1008,160
1,1563792256864,80,576,848
1,1563792256868,96,592,864
5,1563792256884,240,-496,-832
5,1563792256889,224,-464,-848
3,1563792256893,16,992,160
3,1563792256897,-16,1008,160
1,1563792256904,112,576,848
1,1563792256909,96,576,864
5,1563792256923,208,-496,-848
5,1563792256928,208,-496,-848
3,1563792256932,0,1008,160
3,1563792256937,0,1008,160
1,1563792256943,80,576,864
1,1563792256948,80,576,848
5,1563792256963,208,-480,-848
5,1563792256967,208,-480,-848
3,1563792256972,0,992,160
3,1563792256978,0,992,160
1,1563792256985,80,560,848
1,1563792256989,96,576,864
5,1563792257004,224,-480,-848
5,1563792257009,224,-480,-864
3,1563792257013,16,1008,160
3,1563792257017,0,1008,176
1,1563792257023,96,560,848
1,1563792257027,96,560,848
5,1563792257044,224,-480,-848
5,1563792257049,224,-480,-832
3,1563792257053,0,1008,176
3,1563792257057,0,992,192
1,1563792257066,128,560,848
1,1563792257070,128,560,848
5,1563792257084,240,-464,-832
5,1563792257088,256,-448,-848
3,1563792257093,0,992,208
3,1563792257096,0,992,208
1,1563792257106,144,560,864
1,1563792257110,160,560,864
5,1563792257124,272,-448,-848
5,1563792257129,272,-448,-832
3,1563792257135,0,992,224
3,1563792257140,16,992,224
1,1563792257144,176,560,864
1,1563792257148,192,560,864
5,1563792257163,288,-384,-800
5,1563792257168,352,-160,-752
3,1563792257173,-32,976,256
3,1563792257177,-176,944,320
1,1563792257185,208,576,880
1,1563792257190,224,592,880
5,1563792257205,464,0,-768
5,1563792257210,768,-640,-592
3,1563792257215,-304,992,320
3,1563792257220,-224,912,416
1,1563792257227,176,560,880
1,1563792257231,96,528,992
1,1563792257236,256,528,784
5,1563792257246,-416,-1520,-1104
5,1563792257251,-160,-688,-704
5,1563792257255,96,-544,-816
3,1563792257260,1136,1264,80
3,1563792257265,32,1104,-144
3,1563792257270,-144,896,208
1,1563792257277,272,560,800
1,1563792257282,208,544,912
5,1563792257300,336,-624,-800
5,1563792257304,288,-640,-784
3,1563792257308,64,976,368
3,1563792257313,32,1040,320
1,1563792257317,192,560,912
1,1563792257323,176,576,912
5,1563792257327,272,-656,-752
3,1563792257333,32,1072,320
3,1563792257337,32,976,256
1,1563792257346,128,528,864
1,1563792257350,128,496,848
3,1563792257368,32,928,208
3,1563792257372,32,960,208
1,1563792257386,160,512,864
1,1563792257390,208,512,864
5,1563792257415,224,-656,-736
5,1563792257424,176,-656,-720
5,1563792257430,176,-656,-704
5,1563792257434,176,-688,-704
5,1563792257439,176,-688,-704
3,1563792257443,64,992,240
3,1563792257448,64,976,224
1,1563792257454,208,512,880
1,1563792257460,192,512,880
5,1563792257464,160,-672,-720
5,1563792257468,160,-688,-720
3,1563792257472,48,992,208
3,1563792257475,32,1008,208
1,1563792257480,192,512,896
1,1563792257484,192,512,880
5,1563792257491,144,-704,-704
5,1563792257495,176,-704,-688
3,1563792257500,32,992,192
3,1563792257505,48,976,208
1,1563792257511,192,496,880
1,1563792257516,176,480,848
5,1563792257524,192,-704,-672
3,1563792257530,64,960,208
3,1563792257534,64,944,208
5,1563792257538,192,-704,-656
1,1563792257546,176,464,848
1,1563792257551,176,464,864
5,1563792257566,208,-720,-640
5,1563792257570,224,-720,-640
3,1563792257574,64,944,224
3,1563792257578,64,944,240
1,1563792257585,176,464,848
1,1563792257590,160,480,848
5,1563792257604,240,-720,-640
5,1563792257609,256,-720,-640
3,1563792257614,64,960,256
3,1563792257618,48,944,256
1,1563792257624,144,480,848
1,1563792257628,144,480,848
5,1563792257644,224,-736,-640
5,1563792257648,176,-768,-624
3,1563792257655,48,928,256
3,1563792257659,128,912,160
1,1563792257665,160,464,816
1,1563792257670,160,432,768
5,1563792257685,160,-752,-576
5,1563792257690,192,-704,-560
3,1563792257694,160,896,112
3,1563792257699,160,864,144
1,1563792257704,176,416,736
1,1563792257709,192,432,784
5,1563792257724,272,-672,-624
5,1563792257729,288,-640,-688
3,1563792257733,112,880,224
3,1563792257738,32,960,288
1,1563792257744,224,480,848
1,1563792257749,176,544,992
5,1563792257765,384,-608,-832
5,1563792257770,592,-544,-912
3,1563792257774,-80,1120,544
3,1563792257778,-240,1216,560
1,1563792257786,96,672,1136
1,1563792257791,128,672,1040
5,1563792257805,240,-544,-864
5,1563792257809,-16,-624,-800
3,1563792257814,-176,1200,144
3,1563792257818,-32,1056,-48
5,1563792257844,64,-624,-752
5,1563792257848,240,-640,-736
3,1563792257855,32,992,112
3,1563792257859,96,928,272
1,1563792257866,208,544,944
1,1563792257871,224,512,864
1,1563792257874,192,512,832
1,1563792257879,144,512,800
5,1563792257887,304,-640,-704
5,1563792257891,272,-640,-720
5,1563792257895,192,-640,-752
3,1563792257899,96,928,288
3,1563792257904,64,944,240
1,1563792257908,128,528,816
1,1563792257913,128,544,864
5,1563792257923,144,-624,-768
3,1563792257928,16,1008,176
3,1563792257932,0,1056,112
1,1563792257945,160,576,912
1,1563792257950,176,576,896
5,1563792257963,144,-624,-784
5,1563792257968,176,-624,-768
5,1563792257972,192,-640,-752
3,1563792257976,0,1056,128
3,1563792257980,32,1008,160
3,1563792257985,64,976,176
1,1563792257991,160,560,864
1,1563792257996,128,528,832
5,1563792258003,192,-624,-752
5,1563792258010,176,-624,-768
3,1563792258014,32,976,176
3,1563792258019,0,1008,144
1,1563792258024,112,528,848
1,1563792258028,112,544,864
5,1563792258045,160,-608,-784
5,1563792258049,144,-624,-768
3,1563792258053,32,1024,112
3,1563792258057,16,1024,80
1,1563792258064,112,560,880
1,1563792258070,96,560,864
1,1563792258074,80,544,864
5,1563792258088,128,-624,-768
5,1563792258092,192,-640,-768
3,1563792258096,16,1024,112
3,1563792258100,32,992,112
1,1563792258105,64,544,848
1,1563792258109,64,528,832
5,1563792258124,192,-656,-768
3,1563792258132,64,992,80
5,1563792258136,144,-688,-768
3,1563792258140,112,992,32
1,1563792258148,64,512,816
1,1563792258153,64,512,816
5,1563792258164,128,-736,-768
5,1563792258171,256,-848,-816
3,1563792258176,176,976,-16
3,1563792258180,224,1088,96
1,1563792258185,48,528,896
1,1563792258189,96,592,912
5,1563792258207,128,-688,-768
5,1563792258212,64,-384,-816
3,1563792258216,16,1136,32
3,1563792258223,-224,960,0
1,1563792258227,64,592,848
1,1563792258231,16,560,864
5,1563792258243,224,-208,-832
5,1563792258248,320,-304,-848
3,1563792258253,-192,960,80
3,1563792258257,-64,1024,112
1,1563792258263,32,592,896
1,1563792258267,64,608,880
5,1563792258284,208,-384,-848
5,1563792258289,112,-336,-800
1,1563792258304,64,608,880
1,1563792258309,16,608,864
5,1563792258325,112,-240,-768
5,1563792258330,144,-80,-768
3,1563792258342,-112,992,48
3,1563792258347,-192,992,48
3,1563792258352,-288,1008,80
3,1563792258356,-208,1024,80
1,1563792258361,0,624,880
1,1563792258367,-16,560,880
5,1563792258372,-32,-1760,-1120
5,1563792258376,112,-832,-480
3,1563792258381,736,1248,-192
3,1563792258388,256,896,-48
5,1563792258408,128,-656,-704
5,1563792258413,192,-624,-816
3,1563792258417,48,816,32
3,1563792258422,32,1040,0
1,1563792258428,-16,528,624
1,1563792258432,32,496,720
1,1563792258436,96,576,896
1,1563792258441,112,672,944
5,1563792258446,176,-592,-848
5,1563792258450,48,-624,-896
3,1563792258454,0,1184,-48
3,1563792258458,-64,1104,-80
1,1563792258467,0,656,896
1,1563792258472,-64,592,816
5,1563792258484,96,-512,-848
5,1563792258489,160,-464,-800
3,1563792258494,-32,992,-32
3,1563792258498,0,976,-16
1,1563792258504,-32,576,800
1,1563792258508,0,592,832
5,1563792258527,128,-512,-816
5,1563792258532,80,-528,-832
3,1563792258536,0,1024,-48
3,1563792258540,-48,1008,-80
1,1563792258546,-16,608,864
1,1563792258551,-48,608,848
5,1563792258565,80,-512,-864
5,1563792258570,128,-496,-864
5,1563792258574,128,-480,-848
3,1563792258578,-32,1024,-48
3,1563792258583,-16,1008,-48
1,1563792258587,-48,592,848
1,1563792258591,-16,592,848
5,1563792258604,128,-480,-864
5,1563792258609,112,-496,-848
3,1563792258613,-32,1008,-48
3,1563792258617,-16,1024,-64
1,1563792258625,-16,592,848
1,1563792258632,-16,592,848
5,1563792258644,80,-528,-864
3,1563792258649,-16,1008,-48
3,1563792258654,-32,1008,-64
1,1563792258665,-32,608,848
1,1563792258669,-32,608,848
5,1563792258686,80,-512,-864
5,1563792258690,128,-496,-864
3,1563792258695,-16,1024,-64
5,1563792258699,128,-480,-864
3,1563792258703,-16,1008,-48
3,1563792258708,-32,1008,-48
1,1563792258712,-16,592,848
1,1563792258716,-16,592,832
5,1563792258724,128,-448,-864
5,1563792258728,128,-432,-864
3,1563792258765,-32,1008,-64
3,1563792258771,-64,992,-48
1,1563792258776,-32,608,848
1,1563792258781,-32,624,848
5,1563792258786,144,-384,-848
5,1563792258791,176,-288,-832
3,1563792258795,-80,992,-48
3,1563792258799,-160,992,-48
1,1563792258804,-32,624,848
1,1563792258809,0,624,864
5,1563792258816,112,-160,-784
5,1563792258821,112,16,-800
3,1563792258826,-352,992,-16
3,1563792258830,-448,1024,48
1,1563792258835,0,672,896
1,1563792258839,-32,672,896
5,1563792258844,-288,-1488,-1232
5,1563792258849,528,-992,-384
3,1563792258854,576,1216,-304
3,1563792258858,416,1200,16
1,1563792258864,-64,608,992
1,1563792258868,-96,592,720
5,1563792258884,80,-560,-800
5,1563792258890,144,-656,-800
3,1563792258894,-128,816,-48
3,1563792258898,64,928,-48
1,1563792258904,-16,576,720
1,1563792258909,32,544,832
1,1563792258914,80,592,848
5,1563792258925,112,-640,-768
5,1563792258929,32,-624,-768
3,1563792258934,64,1024,-96
3,1563792258939,-64,1056,-128
1,1563792258943,32,608,864
1,1563792258947,0,576,864
5,1563792258964,80,-608,-800
5,1563792258969,96,-624,-800
3,1563792258973,-16,1024,-64
3,1563792258977,0,1024,-48
1,1563792258983,0,592,880
1,1563792258988,0,608,880
5,1563792259004,112,-624,-800
5,1563792259010,96,-624,-800
3,1563792259014,-32,1056,-32
3,1563792259018,-48,1040,-64
1,1563792259026,-48,576,880
1,1563792259031,-64,560,880
5,1563792259044,96,-624,-800
5,1563792259050,80,-640,-768
3,1563792259054,-32,1024,-64
3,1563792259058,-32,1008,-80
1,1563792259064,-48,560,864
1,1563792259068,-32,544,848
5,1563792259085,80,-656,-752
5,1563792259090,64,-656,-752
3,1563792259095,-16,992,-96
3,1563792259100,0,976,-80
1,1563792259107,-32,528,848
1,1563792259111,-32,528,848
5,1563792259123,80,-656,-736
5,1563792259128,80,-656,-720
3,1563792259132,0,976,-80
3,1563792259136,0,976,-80
1,1563792259143,-32,528,848
1,1563792259147,-16,528,848
5,1563792259165,80,-672,-720
5,1563792259169,80,-672,-736
5,1563792259173,96,-672,-736
3,1563792259178,-16,976,-64
3,1563792259185,-16,1008,-48
1,1563792259189,0,544,864
1,1563792259193,16,544,864
5,1563792259203,96,-672,-736
5,1563792259208,96,-672,-736
1,1563792259223,32,544,848
1,1563792259228,32,528,848
5,1563792259243,96,-672,-720
3,1563792259251,-16,992,-32
3,1563792259255,0,1008,-48
3,1563792259260,0,992,-48
3,1563792259264,0,992,-48
1,1563792259269,32,528,848
1,1563792259274,32,544,848
5,1563792259283,80,-672,-736
5,1563792259288,80,-672,-720
5,1563792259295,96,-688,-720
3,1563792259299,0,992,-48
3,1563792259306,0,992,-32
1,1563792259311,32,544,848
1,1563792259316,16,528,816
5,1563792259325,80,-704,-704
5,1563792259330,32,-704,-624
3,1563792259334,16,992,-16
3,1563792259339,96,928,-112
1,1563792259346,0,512,784
1,1563792259350,-32,496,752
5,1563792259364,64,-672,-640
5,1563792259369,96,-656,-672
3,1563792259374,96,896,-80
3,1563792259379,48,880,-32
1,1563792259384,-32,496,736
1,1563792259390,-16,528,784
5,1563792259407,80,-560,-928
5,1563792259412,144,-528,-992
3,1563792259416,32,928,0
3,1563792259421,-176,1088,-144
1,1563792259429,64,576,1040
1,1563792259433,48,752,1216
5,1563792259446,256,-592,-896
5,1563792259451,176,-576,-800
3,1563792259456,-192,1424,96
3,1563792259463,-112,1248,96
3,1563792259467,0,976,-16
1,1563792259472,-48,736,960
1,1563792259476,-80,528,784
5,1563792259483,112,-608,-736
5,1563792259488,112,-608,-768
3,1563792259495,32,864,-16
3,1563792259500,48,944,-16
1,1563792259507,-16,448,752
1,1563792259511,64,544,800
5,1563792259524,112,-656,-768
5,1563792259529,112,-656,-784
3,1563792259533,80,1024,-16
3,1563792259538,16,1056,16
1,1563792259544,80,576,864
1,1563792259560,48,576,896
5,1563792259569,128,-656,-784
5,1563792259574,112,-736,-848
3,1563792259578,-16,1040,48
3,1563792259584,16,1088,48
1,1563792259589,16,592,896
1,1563792259593,16,592,880
5,1563792259605,224,-512,-784
5,1563792259609,240,-464,-784
1,1563792259625,64,576,832
1,1563792259630,96,560,832
5,1563792259644,192,-496,-816
5,1563792259650,160,-560,-816
3,1563792259654,-32,992,80
3,1563792259659,-32,960,80
3,1563792259664,-16,992,48
3,1563792259668,0,1024,48
1,1563792259672,112,592,864
1,1563792259677,96,592,864
5,1563792259684,176,-560,-832
5,1563792259688,192,-544,-816
3,1563792259692,0,1008,80
3,1563792259696,-16,992,80
1,1563792259709,96,576,848
1,1563792259713,80,576,848
1,1563792259717,80,592,848
5,1563792259725,192,-512,-816
5,1563792259729,192,-512,-816
3,1563792259734,-16,992,64
3,1563792259738,0,1024,64
1,1563792259743,64,576,864
1,1563792259747,48,576,864
5,1563792259764,192,-544,-832
5,1563792259768,176,-560,-832
3,1563792259773,16,1024,64
3,1563792259777,0,1024,48
1,1563792259786,48,560,864
1,1563792259790,48,560,848
5,1563792259803,160,-544,-816
3,1563792259809,-16,992,80
3,1563792259813,-32,992,64
1,1563792259823,48,576,864
1,1563792259829,48,576,880
5,1563792259844,176,-512,-832
5,1563792259849,192,-496,-832
5,1563792259854,192,-480,-832
3,1563792259858,-32,1008,64
3,1563792259863,-32,1008,80
1,1563792259868,48,576,880
1,1563792259872,48,560,864
5,1563792259885,192,-480,-832
5,1563792259890,176,-464,-832
5,1563792259894,176,-384,-800
3,1563792259898,-32,1008,96
3,1563792259905,-64,976,96
1,1563792259909,64,560,864
1,1563792259913,80,592,880
5,1563792259924,192,-192,-768
5,1563792259929,256,-112,-832
3,1563792259933,-176,960,112
3,1563792259937,-288,1024,144
1,1563792259943,96,592,896
1,1563792259948,80,576,960
5,1563792259964,352,-1808,-1088
3,1563792259968,-240,1024,176
3,1563792259973,864,1280,-16
1,1563792260018,64,544,864
1,1563792260022,112,528,672
5,1563792260027,-16,-432,-560
5,1563792260031,16,-544,-720
5,1563792260035,144,-608,-784
3,1563792260040,16,976,-48
3,1563792260045,-16,816,32
1,1563792260049,112,480,800
1,1563792260054,160,544,880
5,1563792260060,192,-608,-784
3,1563792260067,32,976,144
5,1563792260070,128,-608,-800
3,1563792260074,-16,1072,64
1,1563792260079,144,640,912
1,1563792260086,80,592,896
5,1563792260091,160,-608,-800
5,1563792260094,160,-624,-768
3,1563792260099,-16,1088,80
3,1563792260103,-16,1024,96
1,1563792260107,48,560,864
1,1563792260111,64,560,848
5,1563792260123,144,-624,-768
5,1563792260128,144,-624,-768
3,1563792260132,16,1008,96
3,1563792260138,0,1008,80
1,1563792260145,64,560,848
1,1563792260149,64,560,864
5,1563792260163,144,-624,-768
5,1563792260168,144,-624,-784
3,1563792260173,-16,1008,64
3,1563792260177,-16,1024,64
3,1563792260181,-16,1040,80
1,1563792260186,48,560,880
1,1563792260190,48,560,896
5,1563792260204,160,-624,-800
5,1563792260209,144,-608,-816
3,1563792260214,-16,1040,96
3,1563792260218,-32,1056,48
1,1563792260224,48,560,896
1,1563792260229,64,560,912
5,1563792260244,112,-624,-800
5,1563792260248,112,-624,-784
3,1563792260253,-16,1040,48
3,1563792260257,-16,1024,64
1,1563792260263,48,560,880
1,1563792260267,48,544,880
5,1563792260285,128,-640,-752
5,1563792260296,128,-656,-736
3,1563792260303,0,992,64
3,1563792260310,16,976,64
1,1563792260327,48,528,848
1,1563792260332,64,512,848
5,1563792260337,128,-656,-720
5,1563792260346,128,-656,-720
3,1563792260351,16,976,64
3,1563792260355,16,976,64
1,1563792260359,80,512,848
1,1563792260364,80,512,864
5,1563792260369,128,-688,-704
5,1563792260373,128,-672,-720
3,1563792260377,16,992,64
1,1563792260384,80,512,864
1,1563792260388,80,512,864
5,1563792260406,128,-672,-736
5,1563792260411,128,-672,-736
3,1563792260415,16,992,64
3,1563792260419,0,992,64
3,1563792260424,0,992,80
1,1563792260429,64,512,864
1,1563792260433,80,528,864
5,1563792260444,128,-672,-720
5,1563792260448,128,-672,-720
3,1563792260453,16,992,64
3,1563792260457,16,976,64
1,1563792260463,64,528,848
1,1563792260468,64,528,848
3,1563792260488,32,976,48
3,1563792260493,32,960,32
1,1563792260504,64,512,816
1,1563792260508,64,512,816
5,1563792260522,112,-672,-720
5,1563792260526,112,-672,-704
3,1563792260531,64,944,48
3,1563792260535,80,928,32
1,1563792260544,64,496,800
1,1563792260548,64,496,784
1,1563792260553,80,496,880
5,1563792260571,112,-672,-704
5,1563792260576,112,-672,-688
5,1563792260582,96,-672,-672
5,1563792260587,128,-544,-944
3,1563792260591,32,928,32
1,1563792260596,96,640,1120
1,1563792260600,64,704,1024
5,1563792260605,240,-592,-896
5,1563792260609,192,-592,-848
5,1563792260613,128,-592,-784
3,1563792260618,-176,1136,160
3,1563792260623,-96,1312,128
3,1563792260627,-64,1104,64
1,1563792260631,16,576,864
1,1563792260635,16,496,800
5,1563792260643,160,-608,-752
5,1563792260651,160,-640,-752
3,1563792260657,0,928,64
3,1563792260662,48,928,80
1,1563792260666,80,528,816
1,1563792260671,112,560,848
5,1563792260684,128,-656,-768
5,1563792260689,144,-608,-800
3,1563792260693,64,992,48
3,1563792260697,16,1024,64
1,1563792260703,96,560,880
1,1563792260710,80,576,896
5,1563792260723,176,-592,-800
3,1563792260731,-16,1040,80
3,1563792260735,-16,1040,96
5,1563792260740,176,-592,-800
1,1563792260745,80,576,864
1,1563792260749,80,560,864
5,1563792260764,160,-656,-800
5,1563792260768,192,-624,-784
1,1563792260784,96,576,864
1,1563792260788,96,560,848
5,1563792260805,192,-592,-784
5,1563792260810,176,-592,-816
3,1563792260814,16,1024,80
3,1563792260819,48,1024,96
3,1563792260824,48,1024,80
3,1563792260828,16,1008,80
1,1563792260832,112,560,864
1,1563792260836,112,576,864
5,1563792260845,176,-560,-816
5,1563792260849,192,-528,-800
1,1563792260866,96,560,880
1,1563792260871,80,560,864
5,1563792260885,208,-512,-816
3,1563792260890,16,1024,80
3,1563792260894,0,1008,80
5,1563792260898,192,-544,-816
3,1563792260903,-16,1008,96
3,1563792260907,0,1008,80
3,1563792260911,0,1008,64
1,1563792260915,80,560,864
1,1563792260919,80,576,864
5,1563792260932,192,-528,-816
5,1563792260941,192,-512,-832
3,1563792260945,-16,1008,80
3,1563792260950,-32,1008,80
1,1563792260954,80,560,864
1,1563792260958,80,560,864
5,1563792260964,192,-496,-816
5,1563792260968,208,-464,-816
3,1563792260973,-32,992,80
3,1563792260979,-48,992,80
1,1563792260995,64,560,864
1,1563792260999,64,560,880
5,1563792261005,208,-448,-816
5,1563792261011,208,-416,-816
3,1563792261015,-80,992,96
3,1563792261020,-128,992,96
1,1563792261025,80,576,880
1,1563792261029,96,576,896
5,1563792261044,176,-304,-800
5,1563792261049,208,-96,-768
3,1563792261053,-272,992,128
1,1563792261065,80,608,880
1,1563792261070,64,560,976
5,1563792261085,272,-1232,-912
5,1563792261089,32,-1008,-704
3,1563792261094,-288,976,208
3,1563792261099,832,1280,-144
3,1563792261104,80,960,-96
1,1563792261108,64,512,784
1,1563792261113,96,496,672
5,1563792261123,0,-640,-768
5,1563792261127,208,-608,-784
5,1563792261132,224,-624,-784
3,1563792261139,-64,816,80
3,1563792261145,32,1008,144
1,1563792261151,80,496,848
1,1563792261156,112,576,912
5,1563792261163,96,-608,-800
3,1563792261168,-16,1088,-16
3,1563792261173,-16,1056,-16
1,1563792261184,80,608,896
1,1563792261188,16,544,880
5,1563792261203,112,-608,-800
3,1563792261208,16,992,48
3,1563792261213,16,992,16
1,1563792261224,16,544,848
1,1563792261228,48,560,848
5,1563792261246,160,-608,-784
5,1563792261251,128,-608,-784
5,1563792261255,128,-576,-784
5,1563792261259,144,-576,-800
3,1563792261263,-16,1008,0
3,1563792261267,-32,1024,16
1,1563792261276,48,576,864
1,1563792261280,32,576,880
5,1563792261284,128,-592,-800
5,1563792261289,128,-608,-784
3,1563792261293,-16,1024,0
3,1563792261298,-16,1040,16
1,1563792261303,32,576,864
1,1563792261307,48,576,864
5,1563792261326,128,-624,-784
5,1563792261332,112,-608,-784
3,1563792261336,32,1008,16
3,1563792261340,16,976,-16
1,1563792261345,64,560,848
1,1563792261349,48,560,832
5,1563792261364,112,-624,-784
5,1563792261368,112,-608,-800
3,1563792261373,0,1008,-16
3,1563792261377,0,1008,-32
1,1563792261383,48,560,848
1,1563792261388,32,576,864
1,1563792261393,32,576,864
5,1563792261404,128,-592,-784
5,1563792261408,112,-592,-784
3,1563792261413,-16,1024,-32
3,1563792261417,0,1008,-16
1,1563792261423,16,576,864
1,1563792261427,0,576,848
5,1563792261446,96,-608,-800
5,1563792261450,96,-608,-800
1,1563792261463,-16,576,848
1,1563792261468,-16,576,848
5,1563792261486,112,-608,-800
5,1563792261500,128,-608,-800
3,1563792261504,-16,1024,-48
3,1563792261508,-16,1008,-48
3,1563792261512,-16,1008,-48
3,1563792261517,-16,1024,-32
1,1563792261521,0,592,864
1,1563792261525,0,592,864
5,1563792261530,112,-608,-816
5,1563792261535,80,-592,-800
3,1563792261539,0,1024,-32
3,1563792261544,-16,1024,-64
1,1563792261548,0,592,864
1,1563792261552,0,576,848
5,1563792261564,64,-592,-800
5,1563792261570,64,-592,-800
3,1563792261578,-16,1024,-80
3,1563792261583,-16,1008,-64
1,1563792261587,-16,592,848
1,1563792261591,-16,592,848
5,1563792261603,64,-592,-800
5,1563792261608,64,-608,-800
3,1563792261613,-16,1008,-64
3,1563792261617,-16,1008,-64
1,1563792261625,-16,592,848
1,1563792261629,-16,592,864
5,1563792261644,64,-592,-816
5,1563792261650,48,-592,-816
3,1563792261654,-16,1024,-64
3,1563792261659,-16,1024,-80
1,1563792261664,-16,592,848
1,1563792261669,-32,592,848
5,1563792261684,64,-608,-816
5,1563792261690,64,-592,-816
3,1563792261694,-16,1008,-64
3,1563792261698,-16,1024,-64
3,1563792261702,-32,1024,-48
1,1563792261709,-16,592,864
1,1563792261714,0,624,864
5,1563792261724,80,-576,-832
5,1563792261731,80,-592,-832
3,1563792261735,-32,1056,-48
3,1563792261740,-16,1056,-64
1,1563792261745,0,624,880
1,1563792261750,-16,608,864
5,1563792261763,48,-608,-816
5,1563792261768,32,-608,-816
3,1563792261772,-32,1040,-80
3,1563792261777,-16,1008,-96
1,1563792261785,-32,592,864
1,1563792261789,-32,576,848
5,1563792261804,-16,-608,-800
5,1563792261809,-32,-592,-784
5,1563792261814,-48,-592,-768
3,1563792261819,-32,992,-112
3,1563792261836,-32,1008,-112
1,1563792261840,-32,576,848
1,1563792261844,-32,576,864
5,1563792261848,0,-608,-816
5,1563792261852,-32,-608,-800
3,1563792261856,-32,1024,-80
3,1563792261861,-48,1040,-96
1,1563792261868,-48,592,880
1,1563792261872,-32,576,880
3,1563792261887,-32,1040,-96
3,1563792261892,-32,1008,-96
1,1563792261905,-32,576,864
1,1563792261910,-32,560,848
5,1563792261925,-32,-608,-800
5,1563792261930,-48,-608,-784
5,1563792261935,-48,-624,-768
5,1563792261940,-48,-640,-736
3,1563792261945,-16,992,-96
3,1563792261949,0,976,-80
1,1563792261953,-16,544,832
1,1563792261958,-16,544,832
5,1563792261964,-48,-640,-736
5,1563792261970,-48,-640,-752
3,1563792261974,0,976,-80
1,1563792261984,0,544,832
1,1563792261988,16,544,848
5,1563792262003,-48,-640,-752
5,1563792262008,-48,-640,-768
3,1563792262013,-16,976,-64
3,1563792262018,0,992,-80
3,1563792262025,-16,992,-96
1,1563792262029,0,544,864
1,1563792262033,0,544,848
5,1563792262043,-64,-640,-752
5,1563792262048,-80,-640,-752
3,1563792262053,-16,992,-112
3,1563792262057,-16,992,-128
1,1563792262065,16,544,864
1,1563792262069,0,544,848
5,1563792262084,-80,-640,-752
5,1563792262089,-48,-656,-736
3,1563792262093,-16,992,-128
3,1563792262097,0,976,-112
5,1563792262123,-32,-656,-720
5,1563792262131,-16,-656,-720
3,1563792262136,16,960,-112
3,1563792262140,16,944,-80
1,1563792262145,-16,528,848
1,1563792262149,-32,528,832
1,1563792262153,-32,512,816
1,1563792262158,-32,512,800
5,1563792262167,16,-672,-720
5,1563792262172,48,-688,-704
3,1563792262177,32,960,-48
3,1563792262182,32,960,-32
1,1563792262187,-32,528,816
1,1563792262191,-16,544,800
1,1563792262196,0,544,816
5,1563792262204,80,-672,-704
3,1563792262209,32,976,0
3,1563792262213,32,960,-32
1,1563792262224,16,544,848
1,1563792262228,64,592,992
5,1563792262252,48,-656,-736
5,1563792262258,-80,-528,-880
5,1563792262262,32,-560,-928
3,1563792262266,-112,1008,-176
3,1563792262271,-144,1184,-128
1,1563792262275,16,672,1024
1,1563792262278,-80,656,960
5,1563792262287,288,-608,-912
5,1563792262291,304,-624,-848
3,1563792262296,-48,1232,96
3,1563792262300,-32,1104,128
1,1563792262305,-96,592,848
1,1563792262309,-16,528,768
5,1563792262324,96,-608,-784
5,1563792262328,0,-608,-752
3,1563792262333,16,992,-64
3,1563792262337,16,928,-160
1,1563792262347,32,544,784
1,1563792262351,48,592,864
5,1563792262366,96,-608,-784
5,1563792262370,192,-608,-816
3,1563792262375,16,960,-48
3,1563792262380,0,1056,48
3,1563792262385,0,1072,-16
1,1563792262390,48,624,896
1,1563792262395,48,608,880
5,1563792262403,144,-608,-816
5,1563792262408,112,-592,-816
3,1563792262413,0,1040,-32
3,1563792262417,0,1008,-16
1,1563792262426,48,576,848
1,1563792262430,80,576,848
5,1563792262445,160,-560,-816
5,1563792262449,112,-656,-816
5,1563792262454,0,-656,-816
1,1563792262464,96,592,848
1,1563792262468,64,592,848
5,1563792262483,80,-608,-816
3,1563792262491,48,1008,0
3,1563792262496,0,1024,-64
3,1563792262500,0,1024,-32
3,1563792262505,0,1008,48
1,1563792262509,16,592,848
1,1563792262513,32,592,848
5,1563792262523,192,-512,-816
5,1563792262527,176,-480,-832
3,1563792262534,-48,1008,32
3,1563792262538,-32,1024,-16
1,1563792262546,48,576,864
1,1563792262550,32,576,864
5,1563792262565,128,-496,-848
5,1563792262570,128,-528,-832
5,1563792262575,144,-512,-832
3,1563792262579,-16,1024,0
3,1563792262583,-16,1008,16
1,1563792262588,16,576,864
1,1563792262591,16,576,848
5,1563792262604,160,-512,-832
5,1563792262608,144,-512,-832
3,1563792262613,-16,1008,16
3,1563792262617,-16,1008,16
1,1563792262624,32,576,864
1,1563792262628,48,576,848
5,1563792262643,160,-512,-848
5,1563792262648,160,-496,-832
3,1563792262652,-16,1008,32
3,1563792262657,-16,1008,32
1,1563792262663,64,560,864
1,1563792262667,64,576,864
5,1563792262684,160,-480,-832
5,1563792262691,176,-448,-832
3,1563792262695,-48,1008,48
3,1563792262700,-64,1008,48
1,1563792262704,80,576,864
1,1563792262708,80,576,864
5,1563792262723,176,-384,-816
5,1563792262728,208,-192,-784
1,1563792262745,80,592,880
1,1563792262750,80,608,864
5,1563792262764,208,-688,-672
5,1563792262769,32,-1200,-864
3,1563792262774,-112,992,64
3,1563792262779,-272,992,80
3,1563792262784,-192,1008,64
3,1563792262788,800,1264,-112
1,1563792262793,16,544,944
1,1563792262797,16,544,688
5,1563792262807,96,-656,-736
5,1563792262812,144,-576,-800
3,1563792262816,0,896,0
3,1563792262821,-48,896,32
1,1563792262826,64,512,768
1,1563792262831,80,560,896
5,1563792262843,160,-608,-800
3,1563792262847,32,1056,16
3,1563792262852,-16,1072,-16
1,1563792262864,80,608,880
1,1563792262868,0,560,848
5,1563792262884,96,-608,-816
5,1563792262890,144,-672,-800
5,1563792262894,176,-688,-800
3,1563792262899,80,1008,0
3,1563792262907,80,976,32
1,1563792262912,-16,528,816
1,1563792262916,32,560,864
5,1563792262926,96,-736,-800
5,1563792262930,64,-528,-816
3,1563792262935,96,1072,64
3,1563792262939,-96,1008,-16
1,1563792262945,64,592,864
1,1563792262951,48,576,864
5,1563792262966,176,-432,-832
5,1563792262971,224,-464,-832
3,1563792262975,-96,992,64
3,1563792262979,-16,1024,80
1,1563792262984,48,576,864
1,1563792262988,80,576,864
5,1563792263004,160,-528,-832
5,1563792263009,128,-544,-816
3,1563792263013,0,1024,32
3,1563792263017,0,992,48
1,1563792263029,96,560,864
1,1563792263034,64,560,848
1,1563792263038,48,576,864
5,1563792263044,160,-496,-832
5,1563792263049,176,-496,-832
3,1563792263053,-16,992,64
3,1563792263057,-16,1008,64
1,1563792263063,64,576,864
1,1563792263067,64,576,848
5,1563792263085,160,-512,-848
5,1563792263089,160,-528,-848
3,1563792263096,-16,1024,48
3,1563792263101,0,1008,48
3,1563792263105,16,1008,48
1,1563792263109,64,576,848
1,1563792263113,48,576,848
5,1563792263124,176,-528,-832
5,1563792263128,176,-512,-832
5,1563792263133,160,-528,-848
3,1563792263136,-16,1008,48
3,1563792263141,0,1008,48
1,1563792263145,48,576,864
1,1563792263149,48,576,864
5,1563792263163,160,-512,-832
5,1563792263168,176,-480,-848
3,1563792263173,-16,1008,48
3,1563792263177,-32,1008,64
1,1563792263187,48,576,864
1,1563792263192,48,576,864
5,1563792263203,176,-448,-848
3,1563792263209,-32,1008,48
3,1563792263213,-48,1008,64
1,1563792263226,48,592,880
1,1563792263230,48,592,864
5,1563792263246,176,-448,-848
5,1563792263253,160,-352,-832
3,1563792263257,-144,992,80
3,1563792263263,-288,992,112
5,1563792263268,208,-144,-784
1,1563792263272,64,608,880
1,1563792263276,64,608,880
5,1563792263285,272,-80,-800
5,1563792263290,16,-1776,-912
3,1563792263294,-352,992,80
3,1563792263299,864,1264,-48
5,1563792263323,96,-768,-640
5,1563792263328,96,-528,-752
1,1563792263346,0,560,976
1,1563792263351,0,544,704
1,1563792263357,48,528,720
1,1563792263361,96,544,864
3,1563792263370,64,992,-16
3,1563792263375,-64,816,0
3,1563792263379,48,1008,48
3,1563792263384,0,1088,32
1,1563792263389,112,608,896
1,1563792263394,48,624,880
5,1563792263404,144,-608,-800
5,1563792263408,128,-608,-800
5,1563792263412,128,-608,-800
5,1563792263416,160,-608,-800
1,1563792263427,0,560,880
1,1563792263431,16,560,864
5,1563792263444,128,-608,-784
5,1563792263449,128,-608,-784
3,1563792263454,-48,1056,32
3,1563792263458,-16,1024,64
3,1563792263463,0,1008,48
3,1563792263468,0,1024,48
1,1563792263473,32,576,864
1,1563792263477,32,560,864
5,1563792263483,128,-592,-784
5,1563792263487,144,-624,-784
3,1563792263491,-32,1008,48
3,1563792263495,-16,1040,16
1,1563792263505,16,560,880
1,1563792263510,16,576,880
5,1563792263524,160,-640,-784
5,1563792263529,144,-624,-800
3,1563792263533,-16,1040,64
3,1563792263538,0,1040,48
1,1563792263545,16,576,880
1,1563792263549,16,560,880
5,1563792263568,128,-624,-800
3,1563792263573,-16,1024,32
5,1563792263578,112,-624,-784
3,1563792263583,-16,1040,16
1,1563792263587,16,560,864
1,1563792263591,16,560,880
5,1563792263604,112,-624,-768
5,1563792263609,112,-624,-768
3,1563792263613,-16,1008,16
3,1563792263618,-16,1008,32
1,1563792263623,32,560,864
1,1563792263626,32,544,864
5,1563792263644,112,-640,-752
5,1563792263649,128,-640,-752
3,1563792263655,16,1008,48
3,1563792263662,16,992,64
1,1563792263667,48,544,848
1,1563792263671,48,528,848
1,1563792263703,64,528,848
1,1563792263708,64,528,848
5,1563792263724,128,-656,-752
5,1563792263729,128,-656,-736
5,1563792263734,144,-656,-736
5,1563792263738,128,-656,-736
5,1563792263742,144,-656,-736
3,1563792263746,16,992,48
3,1563792263750,16,992,48
3,1563792263754,0,992,48
3,1563792263759,16,992,80
1,1563792263763,64,528,848
1,1563792263768,80,528,864
5,1563792263772,128,-672,-720
3,1563792263778,16,1008,96
3,1563792263784,48,976,16
5,1563792263790,64,-688,-688
1,1563792263794,64,528,832
1,1563792263798,64,496,784
5,1563792263803,32,-720,-640
3,1563792263809,80,912,-32
3,1563792263814,160,864,-32
3,1563792263818,160,880,160
1,1563792263825,48,480,736
1,1563792263830,48,448,704
5,1563792263843,272,-672,-848
5,1563792263848,304,-560,-768
5,1563792263852,192,-592,-912
3,1563792263860,-176,1040,288
3,1563792263865,-144,1376,80
1,1563792263870,64,544,1024
1,1563792263875,112,704,1136
1,1563792263882,80,688,960
5,1563792263888,64,-576,-848
5,1563792263892,144,-592,-784
3,1563792263896,-96,1184,0
3,1563792263901,-16,944,112
5,1563792263924,240,-576,-752
5,1563792263928,224,-608,-752
1,1563792263946,0,512,848
1,1563792263950,32,464,800
1,1563792263954,112,528,816
1,1563792263959,144,560,864
5,1563792263963,176,-592,-784
5,1563792263968,176,-576,-800
3,1563792263974,32,896,176
3,1563792263978,48,960,112
3,1563792263982,0,1024,96
3,1563792263987,-16,1040,128
1,1563792263992,128,576,896
1,1563792263996,96,544,880
5,1563792264004,192,-592,-800
3,1563792264009,0,1024,128
3,1563792264013,16,1008,112
1,1563792264023,96,544,864
1,1563792264028,112,544,864
5,1563792264044,144,-624,-784
5,1563792264052,224,-624,-800
5,1563792264057,288,-544,-768
3,1563792264061,48,992,160
3,1563792264065,48,1008,176
1,1563792264070,144,576,864
1,1563792264074,176,576,848
5,1563792264085,256,-544,-784
5,1563792264092,208,-576,-800
3,1563792264109,48,1008,144
3,1563792264113,32,1008,112
1,1563792264118,176,560,864
1,1563792264122,160,560,864
5,1563792264128,208,-592,-816
5,1563792264132,224,-544,-816
3,1563792264136,16,1008,144
3,1563792264140,16,1008,160
1,1563792264144,128,560,864
1,1563792264148,96,560,848
5,1563792264164,240,-544,-800
5,1563792264169,208,-544,-800
3,1563792264173,16,1008,144
3,1563792264177,16,1008,112
5,1563792264204,192,-544,-816
5,1563792264208,192,-544,-816
5,1563792264245,208,-512,-816
5,1563792264249,208,-512,-816
3,1563792264261,0,1008,112
3,1563792264267,0,992,128
3,1563792264274,0,1008,112
3,1563792264279,-16,1008,112
1,1563792264287,96,560,864
1,1563792264292,96,576,864
1,1563792264296,80,560,864
1,1563792264300,48,576,848
1,1563792264304,48,576,864
1,1563792264308,48,560,864
5,1563792264312,208,-512,-832
5,1563792264316,192,-496,-832
3,1563792264320,-16,1008,96
3,1563792264328,-32,992,112
1,1563792264332,64,560,864
1,1563792264336,80,560,880
5,1563792264340,208,-464,-832
5,1563792264344,224,-480,-832
3,1563792264349,-32,992,128
3,1563792264353,-16,1008,128
1,1563792264357,80,560,864
1,1563792264363,96,560,880
5,1563792264372,208,-464,-832
5,1563792264376,208,-384,-800
3,1563792264380,-32,992,112
3,1563792264386,-112,976,160
1,1563792264389,96,576,880
1,1563792264393,112,592,880
5,1563792264405,240,-256,-784
5,1563792264412,272,-224,-816
3,1563792264419,-224,960,224
3,1563792264426,-256,1024,176
1,1563792264434,112,576,896
1,1563792264439,80,560,976
5,1563792264446,352,-1280,-992
5,1563792264451,-96,-720,-640
5,1563792264455,32,-624,-752
3,1563792264460,496,1104,112
3,1563792264465,304,1168,-128
1,1563792264469,96,544,784
1,1563792264473,80,512,720
5,1563792264483,176,-624,-768
5,1563792264487,208,-608,-784
3,1563792264493,-64,848,16
3,1563792264497,48,928,160
1,1563792264503,80,512,848
1,1563792264508,112,592,896
5,1563792264523,144,-608,-800
3,1563792264528,0,1056,128
3,1563792264532,-32,1104,64
1,1563792264546,80,624,912
1,1563792264551,32,592,896
5,1563792264564,144,-608,-800
5,1563792264569,160,-624,-784
5,1563792264574,160,-640,-768
3,1563792264578,-16,1072,80
3,1563792264582,16,1008,80
3,1563792264586,32,1008,80
1,1563792264591,32,560,864
1,1563792264595,64,560,864
5,1563792264604,144,-624,-768
5,1563792264608,128,-624,-768
3,1563792264612,0,992,64
3,1563792264616,0,992,64
1,1563792264624,64,544,848
1,1563792264628,48,544,848
3,1563792264647,0,1024,48
3,1563792264651,-16,1040,48
1,1563792264665,48,544,880
1,1563792264670,64,560,880
1,1563792264674,64,560,896
5,1563792264683,128,-624,-768
5,1563792264688,128,-624,-784
3,1563792264692,-16,1040,64
5,1563792264696,128,-624,-800
5,1563792264701,144,-624,-784
3,1563792264706,-16,1024,64
1,1563792264710,64,544,880
1,1563792264714,48,528,880
5,1563792264722,144,-640,-768
3,1563792264729,-16,1008,48
3,1563792264733,-16,1008,48
1,1563792264743,64,528,864
1,1563792264747,64,528,864
5,1563792264762,128,-640,-752
5,1563792264768,128,-640,-752
5,1563792264772,144,-640,-752
1,1563792264783,64,512,864
1,1563792264787,64,512,864
5,1563792264804,144,-656,-736
5,1563792264808,144,-656,-736
3,1563792264812,0,992,64
3,1563792264816,0,992,64
3,1563792264820,16,992,64
3,1563792264827,16,992,48
1,1563792264831,64,512,864
1,1563792264835,64,512,848
5,1563792264844,128,-656,-720
5,1563792264849,144,-672,-720
3,1563792264852,16,992,48
3,1563792264856,16,992,48
1,1563792264863,64,512,848
1,1563792264867,64,512,864
5,1563792264884,144,-672,-720
5,1563792264888,176,-672,-720
1,1563792264903,48,528,848
1,1563792264908,32,512,800
5,1563792264927,160,-720,-704
5,1563792264932,80,-720,-640
3,1563792264936,16,992,64
3,1563792264940,16,992,96
3,1563792264945,96,944,0
3,1563792264950,160,880,-64
1,1563792264954,32,464,704
1,1563792264958,48,448,704
3,1563792264968,96,816,32
3,1563792264973,-64,1008,448
1,1563792264984,32,528,992
1,1563792264988,64,736,1168
5,1563792265007,96,-672,-624
5,1563792265011,304,-640,-848
5,1563792265016,464,-576,-912
5,1563792265021,64,-544,-912
3,1563792265026,-256,1312,160
3,1563792265030,-192,1312,-144
1,1563792265034,80,736,1024
1,1563792265038,16,544,864
5,1563792265047,48,-560,-816
5,1563792265055,224,-592,-752
5,1563792265061,240,-576,-736
3,1563792265068,-64,1040,48
3,1563792265073,32,880,160
1,1563792265077,32,496,800
1,1563792265081,96,544,848
5,1563792265086,192,-608,-784
5,1563792265090,144,-624,-800
3,1563792265094,-16,944,128
3,1563792265098,-16,1072,80
1,1563792265103,112,608,896
1,1563792265108,96,592,912
5,1563792265122,144,-640,-768
3,1563792265128,-16,1088,48
3,1563792265133,0,1056,48
1,1563792265142,32,576,880
1,1563792265147,64,560,880
5,1563792265162,160,-624,-800
5,1563792265167,176,-624,-800
5,1563792265171,128,-640,-768
3,1563792265176,0,1040,80
3,1563792265179,-16,1040,16
1,1563792265184,80,576,880
1,1563792265191,64,560,848
5,1563792265204,112,-640,-736
5,1563792265208,144,-656,-720
1,1563792265224,32,528,832
1,1563792265229,32,528,832
5,1563792265271,160,-672,-720
5,1563792265275,160,-656,-736
3,1563792265280,16,1008,16
3,1563792265287,32,976,32
3,1563792265292,32,976,48
1,1563792265298,48,528,864
3,1563792265302,16,992,64
1,1563792265307,64,528,864
5,1563792265311,144,-640,-752
5,1563792265315,144,-640,-768
3,1563792265319,0,992,48
3,1563792265323,-16,1024,48
3,1563792265328,-32,1056,48
1,1563792265334,48,544,880
1,1563792265338,48,560,896
5,1563792265342,144,-640,-768
5,1563792265347,160,-656,-784
3,1563792265351,-48,1056,48
1,1563792265356,48,560,912
1,1563792265360,64,544,912
5,1563792265366,144,-656,-768
5,1563792265370,144,-672,-736
3,1563792265374,-32,1040,64
3,1563792265378,-16,1024,48
3,1563792265382,0,992,32
1,1563792265387,64,528,880
1,1563792265391,32,512,848
5,1563792265405,128,-672,-704
5,1563792265409,128,-688,-688
3,1563792265414,16,960,32
3,1563792265418,16,960,32
1,1563792265424,32,496,832
1,1563792265429,32,496,832
5,1563792265443,128,-688,-688
5,1563792265449,128,-720,-688
3,1563792265453,32,976,48
3,1563792265457,64,944,32
1,1563792265464,32,512,832
1,1563792265467,32,496,800
5,1563792265487,96,-720,-640
5,1563792265492,96,-704,-624
3,1563792265497,112,912,0
3,1563792265505,96,880,-16
1,1563792265510,32,464,768
1,1563792265514,32,464,736
1,1563792265519,48,464,736
5,1563792265525,96,-704,-640
5,1563792265530,128,-656,-640
3,1563792265535,96,880,16
3,1563792265539,48,896,80
1,1563792265546,64,496,800
1,1563792265551,96,608,1200
5,1563792265566,288,-496,-1168
5,1563792265571,224,-656,-896
3,1563792265577,-256,1136,224
3,1563792265583,-208,1488,32
1,1563792265587,112,800,1184
1,1563792265592,0,672,912
5,1563792265604,112,-560,-880
5,1563792265610,112,-608,-768
3,1563792265617,-80,1184,-16
3,1563792265622,32,896,48
1,1563792265628,-64,464,768
1,1563792265632,0,448,752
5,1563792265645,176,-624,-736
5,1563792265649,160,-624,-752
3,1563792265654,48,848,80
3,1563792265658,48,960,32
1,1563792265663,80,560,832
1,1563792265667,96,608,896
5,1563792265683,128,-624,-768
5,1563792265688,144,-592,-816
5,1563792265692,176,-608,-816
3,1563792265697,-16,1056,32
3,1563792265702,-32,1072,64
1,1563792265707,64,608,896
1,1563792265711,64,576,880
5,1563792265723,176,-608,-784
3,1563792265730,16,1040,64
3,1563792265734,0,1008,64
1,1563792265745,80,560,848
1,1563792265749,112,560,848
5,1563792265763,176,-624,-784
5,1563792265769,208,-672,-784
3,1563792265774,32,992,96
5,1563792265778,224,-592,-768
3,1563792265783,80,1040,96
1,1563792265787,112,576,864
1,1563792265791,112,576,848
3,1563792265806,16,1008,80
3,1563792265811,-32,1008,80
1,1563792265823,128,560,864
1,1563792265827,112,560,880
5,1563792265845,192,-544,-800
5,1563792265850,192,-544,-816
5,1563792265855,208,-544,-816
3,1563792265858,-16,1008,80
3,1563792265863,16,1024,64
1,1563792265867,80,560,864
1,1563792265871,64,560,864
5,1563792265884,208,-576,-800
5,1563792265889,176,-544,-800
5,1563792265893,192,-544,-832
3,1563792265897,16,1008,64
3,1563792265904,-16,1008,64
1,1563792265908,48,560,864
1,1563792265913,64,560,880
5,1563792265925,192,-528,-816
5,1563792265931,192,-512,-816
3,1563792265936,-16,1008,64
3,1563792265940,-16,1008,48
1,1563792265948,48,560,864
1,1563792265952,48,560,864
5,1563792265965,176,-528,-832
5,1563792265970,176,-512,-816
3,1563792265974,-16,1008,64
3,1563792265978,-16,1008,32
1,1563792265984,48,544,864
1,1563792265988,48,560,864
5,1563792266003,192,-496,-832
5,1563792266007,208,-464,-832
3,1563792266012,-32,1008,64
3,1563792266016,-48,1008,64
3,1563792266020,-64,992,64
1,1563792266028,64,560,880
1,1563792266032,80,560,864
5,1563792266045,192,-448,-816
5,1563792266050,176,-384,-800
3,1563792266054,-80,992,64
3,1563792266059,-176,992,96
1,1563792266065,80,560,880
1,1563792266069,80,592,880
5,1563792266084,192,-208,-768
5,1563792266089,256,-416,-656
3,1563792266094,-336,1024,160
3,1563792266098,368,1152,48
1,1563792266104,64,608,880
1,1563792266109,32,560,976
5,1563792266129,64,-1440,-1040
5,1563792266133,80,-752,-736
3,1563792266137,352,1104,-144
3,1563792266142,-80,864,-64
1,1563792266150,32,528,720
1,1563792266155,48,512,736
5,1563792266164,112,-576,-752
5,1563792266171,208,-608,-784
3,1563792266175,16,944,64
3,1563792266180,16,1056,32
1,1563792266186,64,544,880
1,1563792266190,80,624,896
5,1563792266204,128,-608,-800
5,1563792266209,128,-592,-816
3,1563792266213,-48,1088,-32
3,1563792266218,-32,1040,0
1,1563792266226,32,624,880
1,1563792266230,-32,576,864
5,1563792266244,128,-592,-800
5,1563792266248,128,-608,-784
1,1563792266263,0,576,848
1,1563792266267,16,592,864
5,1563792266289,144,-592,-784
5,1563792266294,160,-624,-816
3,1563792266299,16,1008,-16
3,1563792266303,-32,1008,-32
3,1563792266308,-48,1008,-16
3,1563792266313,0,1056,16
1,1563792266318,16,592,880
1,1563792266324,0,608,880
5,1563792266329,160,-640,-800
5,1563792266332,112,-624,-800
3,1563792266337,0,1040,-32
3,1563792266341,-16,1024,-32
1,1563792266348,-16,592,864
1,1563792266353,-16,576,864
1,1563792266357,-16,560,864
3,1563792266370,-16,992,-80
5,1563792266386,96,-608,-800
3,1563792266390,-32,1008,-80
5,1563792266395,32,-608,-752
5,1563792266399,64,-608,-784
1,1563792266403,-32,560,848
1,1563792266407,-32,576,864
5,1563792266412,64,-624,-768
5,1563792266415,96,-656,-768
3,1563792266420,-32,1024,-64
3,1563792266424,-16,1008,-64
5,1563792266445,96,-640,-752
3,1563792266450,-16,1008,-32
3,1563792266454,-16,1008,-48
1,1563792266466,-48,576,864
1,1563792266470,-32,560,848
1,1563792266474,-32,560,864
1,1563792266478,-32,560,864
5,1563792266486,80,-640,-752
5,1563792266490,80,-656,-752
5,1563792266494,80,-656,-752
3,1563792266501,-16,1008,-48
3,1563792266507,-16,992,-48
1,1563792266511,-16,544,848
1,1563792266515,-16,544,848
5,1563792266524,80,-656,-752
5,1563792266528,80,-656,-752
3,1563792266533,-16,992,-64
3,1563792266537,0,992,-48
1,1563792266543,0,544,848
1,1563792266547,0,544,832
5,1563792266562,96,-672,-736
5,1563792266567,80,-736,-688
3,1563792266574,0,992,-32
3,1563792266580,64,960,-48
1,1563792266588,-16,512,784
1,1563792266592,-32,464,672
5,1563792266604,-48,-672,-560
5,1563792266609,-80,-640,-592
3,1563792266613,192,880,-160
3,1563792266618,64,752,-192
1,1563792266625,-48,432,624
1,1563792266629,-16,464,768
5,1563792266644,-32,-528,-864
5,1563792266649,384,-592,-1072
3,1563792266654,32,768,-80
3,1563792266658,-176,1184,48
1,1563792266664,64,656,1248
1,1563792266668,-16,880,1200
5,1563792266684,336,-576,-960
5,1563792266690,96,-560,-816
3,1563792266694,-192,1584,224
3,1563792266699,-144,1232,-48
1,1563792266704,-112,704,880
1,1563792266708,-96,448,736
5,1563792266725,48,-592,-752
5,1563792266730,128,-592,-752
1,1563792266744,0,448,768
1,1563792266748,96,592,848
5,1563792266763,144,-592,-784
5,1563792266767,128,-592,-816
1,1563792266787,96,624,880
1,1563792266792,48,608,864
5,1563792266803,144,-576,-816
5,1563792266808,144,-592,-816
3,1563792266820,0,912,-128
3,1563792266825,16,816,-16
3,1563792266830,32,960,16
3,1563792266834,0,1056,-16
3,1563792266838,-32,1056,0
3,1563792266844,0,1024,16
3,1563792266851,0,1008,0
1,1563792266855,32,592,864
1,1563792266860,48,576,848
5,1563792266864,144,-608,-784
5,1563792266867,144,-608,-784
3,1563792266871,0,992,0
3,1563792266875,16,992,0
1,1563792266880,64,576,848
1,1563792266884,48,576,832
5,1563792266892,144,-608,-784
5,1563792266896,128,-608,-800
3,1563792266900,16,1024,0
3,1563792266905,0,1040,0
1,1563792266909,48,592,848
1,1563792266914,32,592,864
5,1563792266925,128,-640,-832
5,1563792266929,176,-608,-816
3,1563792266933,32,1040,16
3,1563792266937,32,1024,32
1,1563792266944,32,592,864
1,1563792266948,32,576,848
5,1563792266965,176,-592,-800
5,1563792266972,144,-576,-800
1,1563792266984,16,576,848
1,1563792266988,16,576,848
5,1563792267004,128,-576,-816
5,1563792267008,144,-560,-816
5,1563792267013,160,-544,-816
3,1563792267017,16,1008,16
3,1563792267021,0,1008,16
3,1563792267027,-16,1024,32
3,1563792267031,-16,1024,32
1,1563792267035,48,576,864
1,1563792267038,64,560,848
5,1563792267046,176,-528,-816
3,1563792267051,0,1008,32
3,1563792267055,-16,1008,48
1,1563792267063,48,560,848
1,1563792267068,48,560,864
5,1563792267085,176,-512,-816
5,1563792267089,176,-512,-816
5,1563792267093,176,-496,-832
3,1563792267098,-32,992,64
3,1563792267103,-32,1008,64
1,1563792267107,48,560,864
1,1563792267110,64,560,864
5,1563792267125,176,-512,-832
5,1563792267130,176,-496,-816
3,1563792267134,-16,1008,64
3,1563792267138,-16,992,64
1,1563792267146,64,560,864
1,1563792267150,64,560,864
1,1563792267154,64,576,864
5,1563792267163,176,-496,-816
5,1563792267168,176,-464,-816
5,1563792267205,192,-320,-784
5,1563792267210,224,-96,-784
3,1563792267215,-48,1008,64
3,1563792267219,-32,1008,64
3,1563792267223,-128,992,80
3,1563792267228,-320,992,96
1,1563792267233,64,576,880
1,1563792267237,64,608,880
1,1563792267241,64,624,896
1,1563792267245,48,592,992
3,1563792267252,80,1072,128
3,1563792267263,448,1216,-80
1,1563792267268,48,560,736
1,1563792267273,32,512,736
5,1563792267292,224,-1424,-1104
5,1563792267297,96,-656,-672
5,1563792267301,80,-576,-736
5,1563792267305,160,-608,-768
3,1563792267309,-32,896,-32
3,1563792267313,32,896,80
1,1563792267318,80,528,848
1,1563792267323,112,608,896
5,1563792267329,160,-592,-800
5,1563792267334,128,-608,-816
3,1563792267339,0,1024,80
3,1563792267344,-48,1088,32
1,1563792267349,80,624,912
1,1563792267353,48,576,896
5,1563792267364,160,-624,-800
5,1563792267370,144,-624,-784
3,1563792267374,-32,1088,64
3,1563792267378,16,1024,48
1,1563792267384,32,560,864
1,1563792267388,48,544,848
5,1563792267407,160,-624,-768
5,1563792267411,144,-624,-784
3,1563792267416,16,1008,48
3,1563792267420,0,992,64
1,1563792267424,48,544,864
1,1563792267429,64,560,864
5,1563792267444,112,-624,-768
5,1563792267448,112,-624,-784
1,1563792267463,48,544,880
1,1563792267467,48,560,896
5,1563792267484,128,-624,-784
5,1563792267490,144,-640,-784
3,1563792267494,-16,1008,16
3,1563792267498,-16,1040,16
3,1563792267502,-16,1024,32
3,1563792267507,-16,1024,48
3,1563792267511,0,1024,64
1,1563792267515,48,544,880
1,1563792267519,32,528,864
5,1563792267523,144,-640,-768
5,1563792267528,144,-656,-736
3,1563792267532,-16,992,48
3,1563792267537,0,992,32
1,1563792267543,16,528,864
1,1563792267547,32,512,848
5,1563792267565,128,-656,-736
5,1563792267569,128,-656,-736
3,1563792267574,0,992,32
3,1563792267578,16,992,48
1,1563792267583,64,512,848
1,1563792267588,64,512,864
5,1563792267605,128,-656,-736
5,1563792267609,128,-656,-736
3,1563792267613,16,992,48
3,1563792267617,16,992,48
1,1563792267625,64,528,864
1,1563792267629,64,512,848
5,1563792267644,128,-672,-736
5,1563792267648,112,-688,-704
3,1563792267654,48,960,48
3,1563792267659,80,928,0
1,1563792267664,64,496,800
1,1563792267668,48,480,768
5,1563792267684,96,-672,-656
5,1563792267688,112,-672,-688
5,1563792267693,128,-672,-672
3,1563792267699,48,912,32
3,1563792267704,96,928,48
1,1563792267710,64,496,784
1,1563792267714,80,496,768
5,1563792267724,144,-560,-832
5,1563792267729,176,-608,-896
3,1563792267734,16,960,80
3,1563792267738,-192,1168,64
1,1563792267744,96,528,976
1,1563792267749,96,688,1104
5,1563792267765,176,-576,-864
3,1563792267771,-112,1296,64
3,1563792267776,-32,1072,48
1,1563792267784,32,672,976
1,1563792267790,-16,544,832
5,1563792267805,144,-592,-800
5,1563792267809,144,-608,-752
5,1563792267813,144,-608,-752
1,1563792267825,0,496,784
1,1563792267830,64,544,832
5,1563792267844,144,-608,-784
5,1563792267853,160,-592,-800
3,1563792267859,0,912,48
3,1563792267866,16,944,48
1,1563792267871,80,592,880
1,1563792267875,80,592,880
3,1563792267880,16,1008,48
3,1563792267884,-16,1040,64
5,1563792267889,160,-608,-800
5,1563792267896,160,-608,-800
3,1563792267900,0,1056,48
3,1563792267908,16,1024,48
1,1563792267913,64,592,864
1,1563792267917,80,576,848
5,1563792267926,128,-624,-784
5,1563792267930,192,-640,-800
3,1563792267934,0,992,48
3,1563792267938,32,1024,64
1,1563792267943,80,576,848
1,1563792267947,64,576,864
5,1563792267964,224,-560,-784
5,1563792267969,176,-560,-816
3,1563792267973,16,1040,80
3,1563792267977,-16,1024,64
1,1563792267987,64,576,848
1,1563792267991,80,576,864
1,1563792267995,80,560,848
5,1563792268003,144,-576,-816
5,1563792268009,160,-576,-800
3,1563792268014,0,1024,32
3,1563792268018,16,1008,48
1,1563792268027,48,560,848
1,1563792268031,48,576,864
5,1563792268044,176,-544,-800
5,1563792268050,176,-544,-816
3,1563792268054,0,992,48
3,1563792268058,0,1024,48
1,1563792268064,48,576,864
1,1563792268068,64,560,864
5,1563792268083,176,-544,-816
5,1563792268087,176,-544,-816
3,1563792268091,-16,1024,48
3,1563792268095,0,1008,48
1,1563792268103,64,560,864
1,1563792268108,80,560,848
3,1563792268127,16,1008,64
3,1563792268131,0,1008,48
1,1563792268144,64,560,848
1,1563792268148,64,560,864
5,1563792268166,176,-544,-816
5,1563792268171,176,-544,-816
5,1563792268175,176,-560,-832
5,1563792268179,176,-560,-832
1,1563792268184,48,560,864
1,1563792268188,48,560,848
5,1563792268205,176,-528,-816
5,1563792268209,176,-496,-832
3,1563792268213,0,1024,48
3,1563792268217,16,1008,48
3,1563792268222,0,1008,48
3,1563792268226,-32,1008,48
3,1563792268230,-48,1008,48
1,1563792268234,64,576,864
1,1563792268238,64,576,864
5,1563792268246,192,-464,-832
3,1563792268250,-64,992,64
1,1563792268263,48,576,864
1,1563792268268,48,592,880
5,1563792268285,176,-448,-832
5,1563792268290,176,-432,-832
5,1563792268294,176,-384,-816
5,1563792268299,192,-256,-784
3,1563792268303,-80,1008,48
3,1563792268307,-112,992,32
3,1563792268311,-208,1008,96
1,1563792268315,48,608,864
1,1563792268319,48,608,880
5,1563792268327,224,-592,-720
5,1563792268333,64,-1232,-912
3,1563792268337,-192,1008,144
1,1563792268346,32,592,944
1,1563792268351,32,544,752
5,1563792268364,80,-720,-752
3,1563792268368,624,1200,-96
3,1563792268373,96,992,-64
3,1563792268377,-32,848,-32
1,1563792268385,48,512,720
5,1563792268405,80,-592,-768
5,1563792268410,192,-608,-800
3,1563792268415,32,1008,64
5,1563792268418,128,-592,-816
3,1563792268423,-16,1072,-16
1,1563792268428,64,528,848
1,1563792268432,64,608,896
1,1563792268437,32,608,896
3,1563792268450,-48,1040,0
3,1563792268454,0,1008,32
1,1563792268463,-32,560,864
1,1563792268468,-16,560,848
5,1563792268485,128,-576,-816
5,1563792268491,144,-592,-800
5,1563792268495,112,-608,-784
5,1563792268499,128,-576,-800
3,1563792268504,0,1008,0
3,1563792268508,-32,1008,-16
1,1563792268512,16,576,864
1,1563792268516,16,576,880
5,1563792268527,128,-576,-800
3,1563792268532,-48,1024,-16
5,1563792268537,144,-592,-800
3,1563792268542,-32,1040,-16
1,1563792268546,16,608,880
1,1563792268551,32,592,864
5,1563792268564,128,-608,-800
5,1563792268568,144,-592,-816
3,1563792268573,-16,1040,-16
3,1563792268577,-32,1024,0
1,1563792268587,48,576,880
1,1563792268592,48,608,896
3,1563792268610,-16,1056,32
3,1563792268615,16,1072,0
1,1563792268625,32,608,896
1,1563792268629,16,592,880
5,1563792268645,176,-624,-832
5,1563792268662,160,-640,-816
5,1563792268667,96,-640,-800
5,1563792268671,64,-608,-800
1,1563792268677,16,576,864
1,1563792268681,16,560,848
5,1563792268686,64,-624,-768
5,1563792268692,48,-640,-752
3,1563792268696,-16,1040,-48
3,1563792268700,-32,1024,-64
3,1563792268704,0,1008,-64
3,1563792268709,16,976,-64
1,1563792268713,0,560,832
1,1563792268717,-32,544,832
5,1563792268724,64,-656,-736
5,1563792268729,64,-656,-720
3,1563792268734,16,960,-64
3,1563792268738,16,976,-32
1,1563792268744,-48,528,816
1,1563792268747,-32,544,832
5,1563792268764,80,-656,-736
5,1563792268769,80,-656,-736
3,1563792268773,0,976,-48
3,1563792268778,0,992,-48
1,1563792268783,-32,544,832
1,1563792268788,-16,544,832
5,1563792268805,80,-672,-736
5,1563792268810,48,-672,-704
3,1563792268814,16,992,-16
3,1563792268817,48,960,-80
1,1563792268827,-16,544,816
1,1563792268831,-16,512,784
1,1563792268835,-16,496,768
5,1563792268846,16,-656,-688
5,1563792268851,32,-656,-688
3,1563792268856,48,912,-96
3,1563792268860,48,896,-80
1,1563792268865,0,496,784
1,1563792268869,48,544,944
5,1563792268883,-16,-576,-768
5,1563792268888,112,-560,-912
3,1563792268895,-32,928,-64
3,1563792268900,-144,1136,-48
1,1563792268906,48,672,1088
1,1563792268910,-32,720,1008
5,1563792268925,336,-608,-928
5,1563792268930,240,-608,-832
3,1563792268934,-96,1296,160
3,1563792268939,-64,1136,48
3,1563792268943,32,960,-96
1,1563792268948,-64,560,816
1,1563792268952,-32,464,752
5,1563792268963,64,-624,-768
5,1563792268967,48,-608,-752
3,1563792268972,16,896,-64
3,1563792268976,48,976,-16
1,1563792268984,32,512,800
1,1563792268989,64,592,848
5,1563792269004,112,-624,-768
5,1563792269011,144,-624,-784
5,1563792269014,144,-608,-816
3,1563792269018,16,1040,0
3,1563792269023,0,1072,0
1,1563792269027,64,624,880
1,1563792269031,32,608,880
5,1563792269044,128,-576,-816
5,1563792269049,144,-592,-800
3,1563792269052,-48,1040,0
3,1563792269056,0,1024,0
1,1563792269064,32,592,864
1,1563792269068,32,576,848
5,1563792269084,144,-608,-800
5,1563792269090,176,-624,-800
3,1563792269095,16,1008,0
3,1563792269099,48,1024,0
1,1563792269104,64,576,832
1,1563792269108,64,592,848
5,1563792269126,96,-640,-800
5,1563792269130,80,-576,-816
3,1563792269135,16,1040,-16
3,1563792269139,-32,1008,-16
1,1563792269146,80,608,848
1,1563792269150,48,592,864
5,1563792269164,176,-544,-816
5,1563792269169,192,-544,-800
3,1563792269173,0,1008,32
3,1563792269177,16,1008,16
1,1563792269183,48,576,864
1,1563792269186,32,576,848
5,1563792269203,128,-560,-816
5,1563792269209,128,-560,-832
3,1563792269213,-16,1008,0
3,1563792269218,0,1024,0
1,1563792269223,16,576,848
1,1563792269228,16,576,864
5,1563792269248,144,-544,-816
5,1563792269252,160,-528,-832
1,1563792269263,16,576,864
1,1563792269269,32,560,864
5,1563792269286,160,-512,-832
5,1563792269291,160,-512,-816
3,1563792269296,0,1008,16
3,1563792269300,-16,1008,16
3,1563792269305,-32,1008,16
3,1563792269309,-32,1008,16
1,1563792269314,16,576,864
1,1563792269318,32,576,864
5,1563792269325,160,-512,-832
5,1563792269330,160,-496,-832
3,1563792269334,-32,1008,16
3,1563792269339,-32,1008,32
1,1563792269343,32,576,864
1,1563792269348,48,576,864
5,1563792269364,160,-480,-832
5,1563792269374,176,-464,-816
3,1563792269380,-48,992,32
3,1563792269385,-64,1008,32
1,1563792269389,32,576,864
1,1563792269394,48,592,864
5,1563792269406,160,-400,-816
5,1563792269411,176,-208,-784
3,1563792269418,-112,992,32
3,1563792269423,-272,992,80
1,1563792269427,48,608,880
1,1563792269431,48,608,880
5,1563792269448,224,-592,-720
5,1563792269452,96,-1216,-784
3,1563792269457,-64,1040,80
3,1563792269462,688,1200,-112
1,1563792269467,0,544,896
1,1563792269471,16,528,656
5,1563792269489,48,-704,-720
5,1563792269493,160,-560,-784
3,1563792269500,64,864,-80
3,1563792269505,-48,912,64
1,1563792269509,32,496,800
1,1563792269513,80,592,912
5,1563792269524,192,-608,-800
5,1563792269529,112,-624,-816
1,1563792269542,64,624,880
1,1563792269547,-16,560,864
3,1563792269567,16,1072,48
3,1563792269573,0,1088,-48
3,1563792269577,32,1024,16
3,1563792269583,48,1024,32
1,1563792269587,0,560,848
1,1563792269593,48,576,832
5,1563792269605,160,-656,-832
3,1563792269609,-32,992,0
5,1563792269615,144,-640,-784
5,1563792269619,112,-544,-800
3,1563792269624,-48,1008,32
5,1563792269629,160,-512,-816
5,1563792269633,176,-512,-816
1,1563792269637,64,576,864
1,1563792269641,48,576,864
1,1563792269646,48,576,864
5,1563792269651,160,-544,-816
5,1563792269655,160,-560,-832
3,1563792269660,-32,1024,32
3,1563792269664,0,1024,16
1,1563792269671,64,576,864
1,1563792269675,64,560,864
3,1563792269689,16,1024,32
3,1563792269693,0,992,32
3,1563792269698,0,1008,48
1,1563792269703,48,576,864
1,1563792269708,48,576,864
5,1563792269723,160,-528,-816
5,1563792269728,176,-544,-832
5,1563792269732,144,-544,-832
5,1563792269736,160,-528,-832
1,1563792269749,48,576,848
1,1563792269753,48,576,864
5,1563792269762,176,-528,-832
5,1563792269767,176,-544,-816
3,1563792269771,0,1024,32
3,1563792269776,-16,1024,32
3,1563792269780,0,1008,32
3,1563792269784,0,1008,32
1,1563792269788,48,576,848
1,1563792269792,32,576,848
5,1563792269803,160,-528,-816
5,1563792269807,160,-528,-832
3,1563792269811,-16,1024,16
3,1563792269815,-16,1024,32
1,1563792269824,32,576,864
1,1563792269828,32,576,864
5,1563792269845,160,-528,-832
5,1563792269851,160,-528,-832
3,1563792269855,-16,1008,16
3,1563792269859,-16,1008,32
1,1563792269865,32,576,848
1,1563792269869,32,576,848
5,1563792269882,160,-512,-832
5,1563792269891,160,-496,-832
3,1563792269895,-32,1008,32
3,1563792269899,-32,1008,32
1,1563792269905,32,592,864
1,1563792269910,32,592,864
3,1563792269926,-48,1008,48
1,1563792269943,48,592,880
1,1563792269946,48,624,880
5,1563792269968,160,-480,-832
5,1563792269973,160,-352,-800
3,1563792269978,-176,992,64
5,1563792269983,192,-160,-800
5,1563792269987,192,-608,-800
3,1563792269991,-320,1008,96
3,1563792269996,48,1056,48
1,1563792270000,48,608,944
1,1563792270004,16,576,896
5,1563792270009,128,-1152,-816
5,1563792270013,96,-688,-784
1,1563792270023,32,560,704
1,1563792270027,48,496,784
5,1563792270043,96,-624,-768
5,1563792270047,160,-624,-768
3,1563792270052,544,1248,-96
3,1563792270058,-48,880,-32
3,1563792270066,48,880,32
3,1563792270070,16,1008,48
1,1563792270075,96,560,864
1,1563792270079,96,624,880
5,1563792270086,128,-624,-800
5,1563792270090,128,-624,-800
3,1563792270094,-16,1088,-16
3,1563792270099,-32,1056,16
1,1563792270106,32,592,896
1,1563792270110,0,560,880
5,1563792270124,144,-608,-784
5,1563792270128,144,-608,-784
3,1563792270133,-16,1008,32
3,1563792270137,-16,1024,0
1,1563792270144,16,560,864
1,1563792270148,16,560,880
3,1563792270166,-32,1024,0
3,1563792270170,-16,1040,-16
1,1563792270184,16,560,880
1,1563792270188,0,576,880
5,1563792270203,128,-608,-784
5,1563792270208,128,-608,-784
5,1563792270213,112,-608,-800
5,1563792270217,64,-592,-816
3,1563792270222,-16,1040,-32
3,1563792270226,-48,1040,-64
1,1563792270230,16,560,896
1,1563792270234,32,576,896
5,1563792270244,96,-592,-816
5,1563792270250,64,-592,-832
5,1563792270255,64,-592,-848
3,1563792270259,-48,1056,-80
3,1563792270264,-64,1056,-112
1,1563792270269,32,560,912
1,1563792270273,16,560,880
5,1563792270282,112,-608,-816
3,1563792270288,-48,1024,-112
3,1563792270292,-16,1008,-64
1,1563792270304,0,544,864
1,1563792270308,16,512,848
5,1563792270327,112,-656,-752
5,1563792270332,144,-672,-704
5,1563792270336,208,-688,-672
3,1563792270340,16,976,-64
3,1563792270345,32,976,32
1,1563792270350,16,512,832
1,1563792270354,0,512,832
5,1563792270363,224,-720,-656
5,1563792270368,240,-720,-624
1,1563792270384,0,528,832
1,1563792270388,-16,528,832
5,1563792270404,256,-720,-640
5,1563792270409,256,-720,-656
3,1563792270413,32,960,64
3,1563792270418,48,976,96
3,1563792270422,32,976,128
3,1563792270426,16,976,112
3,1563792270430,16,992,96
1,1563792270435,-16,528,848
1,1563792270439,0,528,848
5,1563792270448,240,-688,-704
5,1563792270453,176,-688,-704
3,1563792270457,32,992,48
3,1563792270461,16,992,16
1,1563792270466,32,528,848
1,1563792270471,64,528,848
1,1563792270475,64,512,832
5,1563792270485,144,-720,-704
3,1563792270490,16,976,-48
3,1563792270494,144,912,-112
5,1563792270498,96,-720,-656
1,1563792270505,32,496,752
1,1563792270509,0,448,704
3,1563792270527,112,832,-64
3,1563792270532,80,880,96
1,1563792270545,-16,464,768
1,1563792270550,0,592,1120
5,1563792270566,64,-672,-592
5,1563792270570,128,-624,-640
5,1563792270574,400,-512,-976
5,1563792270579,144,-544,-960
3,1563792270584,-240,1200,208
3,1563792270589,-304,1456,-80
1,1563792270596,96,800,1200
1,1563792270603,32,704,960
5,1563792270607,80,-544,-896
5,1563792270612,160,-624,-752
3,1563792270616,-112,1168,-64
3,1563792270621,64,912,48
1,1563792270625,-32,496,800
1,1563792270629,0,448,752
5,1563792270643,192,-624,-720
5,1563792270647,176,-624,-736
3,1563792270653,80,848,64
3,1563792270657,16,944,32
1,1563792270665,64,528,800
1,1563792270670,96,592,880
5,1563792270683,160,-608,-784
5,1563792270688,160,-592,-816
3,1563792270693,-32,1056,32
3,1563792270698,-16,1072,32
1,1563792270703,64,624,896
1,1563792270707,48,592,864
5,1563792270722,160,-624,-800
3,1563792270727,16,1040,16
3,1563792270731,48,992,0
1,1563792270742,48,560,832
1,1563792270747,64,544,832
5,1563792270763,144,-640,-768
5,1563792270768,144,-624,-768
3,1563792270775,32,976,32
5,1563792270779,176,-608,-784
3,1563792270783,0,992,32
1,1563792270788,48,576,848
1,1563792270792,32,592,864
5,1563792270803,176,-592,-784
5,1563792270807,112,-608,-816
3,1563792270811,-32,1040,48
3,1563792270815,-32,1040,0
1,1563792270823,16,592,864
1,1563792270828,16,576,864
5,1563792270843,96,-624,-800
5,1563792270851,144,-640,-816
3,1563792270855,-16,1024,0
3,1563792270860,48,1024,32
1,1563792270864,-16,576,864
1,1563792270869,-16,576,864
5,1563792270884,256,-624,-800
5,1563792270889,240,-576,-784
3,1563792270893,64,1024,48
3,1563792270898,32,1040,32
1,1563792270915,16,576,848
1,1563792270919,48,560,864
5,1563792270931,144,-592,-800
5,1563792270935,112,-560,-816
3,1563792270944,-16,1008,0
3,1563792270949,-32,1008,32
5,1563792270953,160,-544,-816
1,1563792270957,48,576,848
1,1563792270961,32,576,848
5,1563792270967,192,-528,-832
5,1563792270971,192,-512,-816
3,1563792270975,-32,1024,32
3,1563792270978,-16,1008,32
1,1563792270986,16,576,864
1,1563792270990,16,576,864
5,1563792271004,176,-496,-832
3,1563792271009,-32,1008,32
3,1563792271014,-48,1008,32
1,1563792271023,16,576,864
1,1563792271027,32,592,864
5,1563792271042,176,-464,-816
5,1563792271047,176,-448,-832
5,1563792271052,176,-464,-832
3,1563792271056,-64,992,32
3,1563792271067,-64,1008,32
1,1563792271072,16,592,864
1,1563792271076,16,576,864
5,1563792271084,160,-400,-800
5,1563792271088,160,-208,-768
3,1563792271092,-64,1008,32
3,1563792271096,-160,960,32
1,1563792271103,16,592,880
1,1563792271107,32,608,880
5,1563792271123,272,-1072,-1024
5,1563792271128,112,-656,-656
3,1563792271133,-304,1024,80
3,1563792271137,448,1216,48
3,1563792271141,112,1088,-48
1,1563792271146,16,592,976
1,1563792271150,32,576,768
5,1563792271165,96,-624,-752
5,1563792271170,96,-640,-768
3,1563792271174,-16,880,-48
3,1563792271178,48,944,-16
1,1563792271185,32,528,752
1,1563792271189,64,528,816
5,1563792271204,128,-624,-768
5,1563792271208,112,-624,-784
3,1563792271212,16,1024,-16
1,1563792271224,80,576,848
1,1563792271228,48,592,880
5,1563792271245,144,-608,-800
5,1563792271249,144,-608,-784
3,1563792271254,-16,1056,0
3,1563792271258,-32,1040,32
3,1563792271262,-16,1024,16
1,1563792271269,0,576,880
1,1563792271273,0,560,880
5,1563792271283,144,-624,-784
5,1563792271287,144,-608,-768
3,1563792271291,-16,1024,16
3,1563792271295,-16,1008,0
1,1563792271302,16,560,880
1,1563792271307,32,560,864
1,1563792271311,32,560,864
5,1563792271325,144,-624,-768
5,1563792271329,144,-624,-768
3,1563792271332,0,1008,16
3,1563792271336,-16,1008,16
1,1563792271345,32,560,864
1,1563792271349,32,560,880
5,1563792271362,144,-624,-768
5,1563792271367,160,-624,-784
3,1563792271372,-16,1024,16
3,1563792271376,-16,1024,32
1,1563792271384,32,560,880
1,1563792271387,32,560,880
5,1563792271409,160,-624,-784
5,1563792271414,144,-624,-800
3,1563792271418,-16,1040,16
3,1563792271424,-32,1040,-16
1,1563792271428,16,560,880
1,1563792271432,16,560,864
5,1563792271444,128,-624,-784
5,1563792271450,112,-640,-768
3,1563792271454,-16,1024,-16
3,1563792271458,0,992,0
1,1563792271464,16,544,848
1,1563792271468,16,544,848
5,1563792271483,128,-640,-752
5,1563792271488,128,-656,-736
3,1563792271493,16,992,0
3,1563792271497,16,992,-16
1,1563792271503,0,528,848
1,1563792271508,0,560,848
5,1563792271523,128,-656,-736
5,1563792271529,128,-656,-736
3,1563792271534,16,992,-16
3,1563792271538,0,992,0
1,1563792271544,16,544,848
1,1563792271549,16,544,864
5,1563792271564,112,-656,-752
5,1563792271568,128,-656,-736
5,1563792271573,144,-672,-736
3,1563792271577,0,992,0
3,1563792271581,0,992,0
1,1563792271585,32,560,848
1,1563792271590,16,528,816
5,1563792271602,128,-704,-688
3,1563792271607,32,976,32
3,1563792271615,128,928,-48
1,1563792271625,0,480,736
1,1563792271629,0,448,688
5,1563792271643,64,-704,-624
5,1563792271648,64,-576,-848
5,1563792271653,144,-592,-832
3,1563792271658,128,832,-80
3,1563792271663,-128,944,-48
1,1563792271667,80,496,944
1,1563792271671,112,720,1120
5,1563792271683,240,-576,-896
5,1563792271687,176,-560,-816
3,1563792271692,-144,1312,112
3,1563792271696,-128,1232,64
1,1563792271704,16,720,992
1,1563792271708,-48,544,848
5,1563792271722,128,-608,-768
5,1563792271727,112,-640,-736
3,1563792271731,-48,1008,0
3,1563792271735,48,912,-16
1,1563792271747,-32,480,784
1,1563792271752,48,528,800
5,1563792271763,128,-624,-768
5,1563792271777,144,-608,-784
3,1563792271782,48,944,-16
3,1563792271787,16,1008,0
1,1563792271791,80,592,864
1,1563792271795,48,608,880
5,1563792271802,144,-592,-800
5,1563792271807,144,-624,-816
3,1563792271810,0,1040,16
3,1563792271815,0,1056,0
1,1563792271823,32,592,880
1,1563792271827,16,592,864
5,1563792271843,96,-624,-800
5,1563792271848,144,-640,-816
3,1563792271853,-16,1024,0
3,1563792271857,-16,1008,0
3,1563792271862,48,1040,32
1,1563792271867,0,576,848
1,1563792271871,16,592,864
3,1563792271886,16,1024,32
3,1563792271890,-16,1008,0
5,1563792271925,224,-560,-784
5,1563792271931,192,-544,-800
5,1563792271935,112,-560,-832
3,1563792271942,-16,1024,0
3,1563792271947,16,1024,32
5,1563792271951,144,-560,-832
1,1563792271955,32,608,832
1,1563792271960,64,592,864
1,1563792271964,48,576,864
1,1563792271968,32,576,864
5,1563792271973,192,-592,-816
5,1563792271977,160,-560,-816
3,1563792271981,0,1024,32
3,1563792271985,-32,1008,16
5,1563792272003,144,-528,-816
5,1563792272008,160,-512,-832
1,1563792272023,16,576,848
1,1563792272027,32,576,848
1,1563792272031,48,576,848
1,1563792272035,48,576,864
5,1563792272046,176,-496,-832
5,1563792272050,176,-496,-832
3,1563792272061,-32,1008,16
3,1563792272071,-16,1008,32
3,1563792272075,-32,1008,32
3,1563792272080,-32,1008,32
1,1563792272084,48,560,864
1,1563792272088,32,560,864
5,1563792272093,160,-496,-832
5,1563792272098,160,-496,-832
3,1563792272103,-48,1008,32
3,1563792272110,-48,1008,32
1,1563792272114,32,576,864
1,1563792272118,32,576,864
1,1563792272122,32,576,864
5,1563792272127,160,-496,-816
5,1563792272132,160,-416,-800
3,1563792272136,-64,992,32
3,1563792272140,-160,992,48
1,1563792272147,32,592,880
1,1563792272151,32,608,896
5,1563792272163,160,-240,-768
5,1563792272167,208,-528,-800
3,1563792272171,-336,992,80
3,1563792272176,400,1200,32
1,1563792272185,16,592,992
1,1563792272189,16,576,752
5,1563792272204,128,-992,-848
5,1563792272209,96,-704,-768
3,1563792272214,160,1104,-48
3,1563792272218,-32,864,-64
1,1563792272225,32,528,752
1,1563792272230,48,528,832
5,1563792272244,80,-608,-752
5,1563792272248,128,-624,-768
5,1563792272253,128,-624,-784
3,1563792272256,32,944,0
3,1563792272261,16,1024,-16
1,1563792272266,64,592,864
1,1563792272270,32,592,880
5,1563792272285,128,-624,-800
5,1563792272290,160,-624,-784
3,1563792272294,-16,1072,0
3,1563792272299,-16,1040,32
1,1563792272309,0,576,880
1,1563792272313,16,560,864
5,1563792272323,128,-624,-768
3,1563792272328,0,1008,16
3,1563792272332,0,1008,0
1,1563792272343,32,560,848
1,1563792272346,32,560,864
3,1563792272370,-16,1008,0
3,1563792272375,-16,1024,0
1,1563792272384,32,560,864
1,1563792272389,32,560,880
5,1563792272407,128,-608,-768
5,1563792272411,128,-624,-768
5,1563792272414,144,-624,-784
5,1563792272418,144,-624,-784
5,1563792272422,144,-624,-784
3,1563792272426,-16,1040,16
3,1563792272431,-16,1040,32
1,1563792272437,32,560,880
1,1563792272442,48,544,880
5,1563792272446,128,-608,-800
5,1563792272450,96,-624,-768
3,1563792272455,-16,1024,16
3,1563792272459,-32,1024,-16
1,1563792272464,48,544,864
1,1563792272468,32,544,864
5,1563792272483,112,-640,-768
5,1563792272487,128,-640,-752
3,1563792272492,-16,1024,-16
3,1563792272496,0,1008,-16
1,1563792272506,16,544,864
1,1563792272510,16,544,848
5,1563792272523,128,-640,-752
5,1563792272529,128,-656,-752
3,1563792272533,0,992,0
3,1563792272538,0,992,0
1,1563792272543,16,544,864
1,1563792272549,16,544,848
5,1563792272564,112,-656,-752
5,1563792272567,112,-640,-752
3,1563792272571,0,992,0
1,1563792272584,16,544,848
1,1563792272588,16,544,864
5,1563792272603,112,-640,-752
5,1563792272609,128,-640,-752
3,1563792272613,0,992,-16
3,1563792272621,-16,1008,-16
3,1563792272625,-16,1008,0
3,1563792272629,-16,1008,0
1,1563792272633,32,560,864
1,1563792272637,32,560,864
5,1563792272644,128,-640,-752
5,1563792272652,128,-640,-768
3,1563792272656,-16,1024,0
3,1563792272661,-16,1008,0
1,1563792272666,16,560,864
1,1563792272670,16,576,864
5,1563792272683,128,-640,-768
5,1563792272689,112,-640,-768
