3,1563793867584,80,1040,112
3,1563793867590,-32,1040,192
5,1563793867597,32,-64,-880
5,1563793867604,32,-16,-880
1,1563793867607,880,560,224
1,1563793867613,848,544,208
3,1563793867617,-16,992,224
3,1563793867622,80,976,240
5,1563793867626,112,80,-848
5,1563793867630,112,-32,-880
1,1563793867638,832,512,160
1,1563793867642,880,496,176
3,1563793867654,656,896,-128
3,1563793867664,784,1168,-384
5,1563793867668,-176,-976,-1392
5,1563793867673,-592,-1200,-1184
1,1563793867678,992,560,160
1,1563793867682,880,576,192
3,1563793867694,-16,1040,128
3,1563793867698,-160,960,384
5,1563793867704,-96,-528,-880
5,1563793867708,112,32,-960
5,1563793867711,240,208,-832
1,1563793867717,848,544,208
1,1563793867720,784,528,192
3,1563793867735,-64,976,288
3,1563793867742,96,944,144
5,1563793867748,128,48,-832
5,1563793867753,16,-80,-848
1,1563793867759,832,496,144
1,1563793867763,880,528,176
3,1563793867779,64,1040,112
3,1563793867783,-16,1024,192
5,1563793867788,0,-32,-880
1,1563793867799,880,544,224
1,1563793867805,848,528,208
3,1563793867815,112,992,176
3,1563793867820,416,944,0
5,1563793867826,32,-128,-976
5,1563793867831,-80,-512,-1120
5,1563793867835,-272,-1056,-1264
1,1563793867838,848,512,176
1,1563793867844,912,528,160
3,1563793867855,624,1040,-160
3,1563793867860,240,1120,48
5,1563793867865,-128,-672,-1056
5,1563793867869,80,64,-880
1,1563793867879,928,576,160
1,1563793867883,848,560,192
3,1563793867896,-176,992,304
3,1563793867901,-64,912,320
5,1563793867906,112,176,-848
5,1563793867911,96,48,-832
1,1563793867920,784,512,192
1,1563793867925,816,512,176
3,1563793867935,96,944,144
3,1563793867939,80,1024,128
5,1563793867944,64,-48,-864
5,1563793867948,32,-32,-896
1,1563793867963,864,544,176
1,1563793867967,880,560,224
1,1563793867971,848,528,192
5,1563793867980,96,48,-848
5,1563793867984,96,-16,-880
1,1563793867998,848,528,160
1,1563793868002,880,496,176
3,1563793868016,-16,1040,192
3,1563793868020,-16,992,224
3,1563793868024,64,976,224
3,1563793868028,608,928,-64
5,1563793868032,-80,-848,-1264
5,1563793868036,-496,-1168,-1216
1,1563793868044,960,544,144
1,1563793868050,880,560,176
3,1563793868056,736,1136,-352
3,1563793868061,0,1040,96
5,1563793868065,-192,-528,-928
5,1563793868069,16,-176,-960
3,1563793868094,-32,976,304
3,1563793868098,-64,1008,304
5,1563793868105,224,160,-864
5,1563793868110,144,48,-864
1,1563793868118,864,544,208
1,1563793868123,800,544,192
1,1563793868127,832,512,144
1,1563793868131,864,528,176
3,1563793868137,64,944,160
3,1563793868143,80,1008,80
5,1563793868148,0,-80,-864
5,1563793868152,-16,-128,-912
1,1563793868160,880,544,224
1,1563793868165,864,528,208
3,1563793868174,48,1024,160
3,1563793868178,176,992,144
5,1563793868183,0,-224,-992
5,1563793868187,-96,-560,-1152
1,1563793868201,864,528,176
1,1563793868205,912,544,160
3,1563793868216,400,976,-16
3,1563793868220,368,1056,-32
5,1563793868224,-128,-688,-1120
5,1563793868228,-32,-352,-992
1,1563793868237,896,560,160
1,1563793868242,832,544,192
3,1563793868256,80,1040,160
3,1563793868260,-80,960,240
3,1563793868265,48,944,176
5,1563793868269,80,48,-880
5,1563793868274,80,48,-864
1,1563793868280,816,512,176
1,1563793868284,848,528,176
3,1563793868294,80,1008,144
3,1563793868298,48,1040,176
5,1563793868304,64,-48,-880
5,1563793868308,48,-80,-912
5,1563793868312,80,-16,-880
1,1563793868318,880,544,192
1,1563793868322,848,544,208
3,1563793868335,16,1008,208
5,1563793868341,112,32,-864
5,1563793868344,-32,-464,-1120
1,1563793868360,832,528,176
1,1563793868365,864,496,176
3,1563793868376,32,976,224
3,1563793868381,448,912,0
3,1563793868385,864,1088,-352
5,1563793868390,-512,-1392,-1488
1,1563793868397,960,528,176
1,1563793868401,944,592,176
3,1563793868415,208,1168,16
3,1563793868420,-256,992,368
5,1563793868424,-176,-864,-992
5,1563793868428,64,32,-912
5,1563793868433,144,288,-848
1,1563793868440,848,576,192
1,1563793868444,768,512,192
3,1563793868456,-128,928,368
3,1563793868460,96,896,144
5,1563793868464,144,176,-800
5,1563793868469,80,-48,-816
1,1563793868478,784,496,144
1,1563793868484,880,528,176
3,1563793868494,112,1024,112
3,1563793868498,-32,1072,176
5,1563793868503,0,-32,-896
5,1563793868506,64,64,-880
1,1563793868520,896,560,224
1,1563793868524,848,544,208
3,1563793868535,-16,1008,224
3,1563793868540,128,944,192
5,1563793868544,128,32,-880
5,1563793868548,-192,-704,-1232
1,1563793868557,816,512,160
1,1563793868562,896,496,160
5,1563793868580,-384,-1264,-1344
5,1563793868585,-96,-528,-976
1,1563793868597,976,576,176
1,1563793868601,896,576,192
3,1563793868614,576,912,-144
3,1563793868620,704,1184,-224
3,1563793868624,32,1056,160
3,1563793868629,-176,928,352
5,1563793868634,80,64,-912
5,1563793868639,128,176,-832
1,1563793868644,800,528,192
1,1563793868647,784,512,176
3,1563793868656,-16,928,272
3,1563793868661,112,976,128
5,1563793868665,112,32,-832
5,1563793868670,32,-64,-864
1,1563793868678,864,512,144
1,1563793868682,880,544,192
3,1563793868694,48,1040,128
3,1563793868698,-32,1040,192
5,1563793868703,16,-32,-896
5,1563793868708,112,48,-864
1,1563793868718,864,544,224
1,1563793868722,832,528,192
3,1563793868736,32,976,224
3,1563793868744,400,896,0
5,1563793868749,16,-256,-1040
5,1563793868753,-544,-1520,-1520
1,1563793868759,848,496,160
1,1563793868764,992,544,176
3,1563793868774,960,1104,-368
3,1563793868779,224,1200,32
5,1563793868783,-144,-944,-976
5,1563793868787,96,80,-880
1,1563793868805,944,624,176
1,1563793868811,832,560,192
1,1563793868815,752,496,176
3,1563793868820,-336,944,432
5,1563793868825,160,304,-864
3,1563793868830,-96,928,336
5,1563793868834,160,192,-768
1,1563793868838,800,496,144
1,1563793868844,896,528,192
3,1563793868854,96,896,112
3,1563793868858,80,1040,112
5,1563793868862,80,-32,-816
5,1563793868866,0,16,-896
1,1563793868879,896,560,224
1,1563793868883,848,528,208
3,1563793868896,-48,1072,208
3,1563793868901,-32,1008,256
5,1563793868906,96,128,-848
5,1563793868910,144,32,-864
1,1563793868922,816,512,160
1,1563793868934,912,512,176
3,1563793868945,144,944,176
3,1563793868951,592,944,-112
3,1563793868957,672,1152,-208
5,1563793868963,-144,-672,-1184
5,1563793868968,-384,-1248,-1264
5,1563793868973,-96,-496,-928
1,1563793868978,960,576,176
1,1563793868983,864,560,192
3,1563793868988,16,1008,144
3,1563793868992,-64,944,272
5,1563793868997,0,-160,-992
1,1563793869003,816,544,192
1,1563793869006,816,528,176
3,1563793869015,16,976,224
3,1563793869020,112,992,128
5,1563793869024,112,64,-880
5,1563793869029,128,-16,-880
5,1563793869038,16,-112,-896
1,1563793869050,864,528,160
1,1563793869055,880,528,192
3,1563793869059,80,1024,112
3,1563793869063,32,1024,160
5,1563793869067,-16,-128,-928
5,1563793869071,48,-80,-896
1,1563793869079,864,544,208
1,1563793869083,832,528,176
3,1563793869095,48,992,224
3,1563793869100,256,912,80
5,1563793869106,64,-112,-960
1,1563793869117,832,496,160
1,1563793869122,944,528,176
3,1563793869135,720,1008,-240
3,1563793869139,400,1216,-64
5,1563793869143,-288,-992,-1328
5,1563793869147,-272,-1088,-1200
5,1563793869154,64,-48,-896
1,1563793869160,976,608,192
1,1563793869164,848,576,192
3,1563793869177,-224,1008,336
3,1563793869182,-160,896,240
5,1563793869186,112,256,-848
5,1563793869190,144,240,-768
1,1563793869198,752,512,176
1,1563793869201,784,496,160
5,1563793869219,96,0,-816
5,1563793869223,16,-32,-896
1,1563793869237,880,528,176
1,1563793869242,912,560,208
3,1563793869255,80,896,160
3,1563793869259,112,1008,112
3,1563793869264,0,1072,160
3,1563793869268,-32,1024,240
5,1563793869273,80,64,-880
5,1563793869278,160,112,-800
1,1563793869284,848,544,208
1,1563793869289,816,512,160
3,1563793869296,0,976,256
3,1563793869300,272,912,112
5,1563793869304,96,-64,-928
5,1563793869309,-352,-1344,-1440
1,1563793869317,848,496,160
1,1563793869321,976,544,192
3,1563793869337,976,1024,-368
3,1563793869342,368,1216,-96
5,1563793869346,-336,-1040,-1088
5,1563793869351,-96,-400,-1008
1,1563793869357,944,592,176
1,1563793869362,848,560,192
3,1563793869374,-144,976,272
3,1563793869378,-160,960,352
5,1563793869384,128,176,-880
5,1563793869389,176,208,-832
1,1563793869398,784,528,192
1,1563793869402,816,496,160
3,1563793869416,16,912,144
3,1563793869419,112,992,112
5,1563793869423,128,32,-816
5,1563793869427,16,-64,-880
1,1563793869437,864,512,176
1,1563793869441,896,544,208
3,1563793869455,16,1040,144
3,1563793869459,16,1024,208
5,1563793869463,0,-32,-896
5,1563793869468,64,-112,-944
1,1563793869477,864,544,208
1,1563793869480,848,528,176
3,1563793869496,160,976,160
3,1563793869502,496,912,-80
5,1563793869513,-32,-400,-1072
5,1563793869517,-400,-1312,-1408
1,1563793869523,864,496,160
1,1563793869526,976,560,176
3,1563793869536,736,1120,-224
3,1563793869540,96,1136,96
5,1563793869553,-160,-768,-1056
5,1563793869560,80,64,-880
1,1563793869565,928,592,192
1,1563793869569,816,544,192
3,1563793869575,-240,960,384
3,1563793869579,-48,912,256
5,1563793869584,128,288,-848
5,1563793869587,144,176,-784
1,1563793869597,768,496,160
1,1563793869600,832,496,160
3,1563793869614,96,928,112
3,1563793869619,64,1040,128
5,1563793869624,64,-32,-832
5,1563793869628,32,16,-896
5,1563793869633,128,144,-832
1,1563793869637,896,544,208
1,1563793869641,880,560,224
1,1563793869645,832,528,192
3,1563793869656,-32,1056,208
3,1563793869660,-32,1008,256
3,1563793869664,80,960,240
5,1563793869668,144,80,-848
5,1563793869673,-16,-352,-1056
1,1563793869679,816,512,144
1,1563793869683,912,496,176
3,1563793869694,624,880,-96
3,1563793869697,960,1200,-416
5,1563793869701,-544,-1728,-1616
1,1563793869718,992,576,176
1,1563793869723,880,576,176
3,1563793869734,32,1104,80
3,1563793869740,-272,944,416
5,1563793869744,-240,-864,-912
5,1563793869748,32,0,-896
5,1563793869751,160,272,-864
1,1563793869758,800,544,192
1,1563793869762,784,512,176
3,1563793869774,-48,928,384
3,1563793869780,112,928,128
5,1563793869785,208,192,-816
5,1563793869791,80,-16,-816
1,1563793869798,832,512,160
1,1563793869802,880,528,192
3,1563793869817,64,1024,112
3,1563793869822,-32,1056,192
5,1563793869826,-32,-32,-880
5,1563793869831,48,0,-912
1,1563793869839,880,560,224
1,1563793869844,848,512,208
3,1563793869857,128,976,160
3,1563793869861,512,944,-96
5,1563793869865,-48,-432,-1136
5,1563793869869,-272,-1072,-1280
1,1563793869878,896,512,160
1,1563793869882,960,560,160
3,1563793869895,608,1120,-128
3,1563793869901,32,1072,176
5,1563793869907,-96,-608,-1072
5,1563793869914,80,64,-896
1,1563793869919,880,576,176
1,1563793869924,784,528,192
3,1563793869934,-144,912,352
3,1563793869940,16,928,176
5,1563793869944,96,160,-864
5,1563793869948,96,48,-832
1,1563793869959,800,512,160
1,1563793869963,864,528,160
3,1563793869976,80,992,144
3,1563793869981,16,1056,176
5,1563793869985,64,-16,-864
5,1563793869990,32,0,-896
1,1563793869998,880,544,208
1,1563793870001,848,544,208
3,1563793870014,0,1024,208
3,1563793870018,128,944,160
5,1563793870027,112,48,-864
5,1563793870032,-80,-480,-1152
1,1563793870039,832,496,176
1,1563793870043,912,512,176
3,1563793870053,544,944,-112
3,1563793870057,576,1136,-144
5,1563793870068,-304,-1056,-1280
5,1563793870072,-112,-608,-1056
1,1563793870078,944,576,176
1,1563793870082,880,576,176
3,1563793870096,48,1056,144
3,1563793870101,-96,944,304
5,1563793870105,48,-80,-960
5,1563793870109,112,112,-864
1,1563793870117,800,528,176
1,1563793870121,816,512,160
3,1563793870135,32,912,240
3,1563793870140,96,976,144
5,1563793870145,96,32,-848
5,1563793870151,48,-48,-880
1,1563793870157,864,528,160
1,1563793870163,880,544,208
3,1563793870175,48,1024,144
3,1563793870179,32,1024,176
5,1563793870184,0,-80,-928
5,1563793870188,96,-16,-880
1,1563793870198,864,544,224
1,1563793870201,848,528,176
3,1563793870215,16,992,208
3,1563793870219,96,976,240
5,1563793870223,112,16,-864
5,1563793870228,-16,-384,-1056
1,1563793870237,832,512,160
1,1563793870241,944,496,176
3,1563793870253,704,864,-224
3,1563793870257,752,1248,-288
5,1563793870261,-624,-1584,-1632
5,1563793870267,-128,-800,-896
5,1563793870272,80,96,-896
1,1563793870278,976,608,192
1,1563793870283,880,576,176
3,1563793870295,-32,1056,176
3,1563793870300,-304,944,432
5,1563793870303,176,304,-864
1,1563793870318,784,528,192
1,1563793870322,784,496,160
3,1563793870334,-16,912,224
3,1563793870339,128,944,112
5,1563793870345,176,192,-784
5,1563793870350,64,-48,-832
5,1563793870355,-16,0,-896
1,1563793870358,848,512,160
1,1563793870362,896,544,208
3,1563793870374,32,1040,112
3,1563793870379,-32,1056,224
5,1563793870383,96,112,-848
5,1563793870388,128,-32,-928
1,1563793870398,880,560,224
1,1563793870401,816,512,176
3,1563793870415,0,992,272
3,1563793870421,368,880,64
3,1563793870426,912,1040,-320
5,1563793870431,-288,-1056,-1408
1,1563793870439,848,480,160
1,1563793870444,1008,560,176
1,1563793870447,944,608,176
3,1563793870454,304,1248,-32
3,1563793870458,-336,928,384
5,1563793870463,-320,-1328,-1232
5,1563793870467,16,-48,-880
5,1563793870471,80,224,-880
1,1563793870478,784,544,192
1,1563793870482,752,496,176
3,1563793870494,-48,880,368
3,1563793870499,112,944,128
5,1563793870504,160,176,-800
5,1563793870508,144,32,-800
1,1563793870517,832,512,144
1,1563793870520,896,544,192
3,1563793870533,48,1024,144
3,1563793870538,-16,1056,176
5,1563793870543,16,-32,-896
5,1563793870547,48,32,-880
1,1563793870558,864,544,224
1,1563793870562,832,528,208
3,1563793870574,32,1008,240
3,1563793870578,368,880,48
5,1563793870582,112,-16,-896
5,1563793870589,-352,-1392,-1600
1,1563793870600,864,480,160
1,1563793870605,1008,560,160
3,1563793870614,992,1056,-400
3,1563793870619,336,1232,-48
5,1563793870627,-400,-1216,-1152
5,1563793870631,-32,-192,-928
1,1563793870639,928,608,176
1,1563793870643,816,560,192
3,1563793870654,-320,960,400
3,1563793870660,-176,912,272
5,1563793870664,160,272,-864
5,1563793870668,208,336,-752
1,1563793870678,752,496,192
1,1563793870681,800,496,144
3,1563793870693,112,880,160
3,1563793870698,96,1024,96
5,1563793870703,144,64,-784
5,1563793870708,16,-16,-864
1,1563793870717,880,528,176
1,1563793870721,880,560,224
3,1563793870736,-48,1072,176
3,1563793870741,-16,1024,224
5,1563793870745,32,80,-880
5,1563793870749,112,16,-896
1,1563793870758,848,528,208
1,1563793870762,848,512,160
3,1563793870774,176,960,112
3,1563793870778,496,992,-80
5,1563793870782,-64,-448,-1104
5,1563793870786,-256,-912,-1200
1,1563793870798,912,528,160
1,1563793870802,912,560,176
3,1563793870814,480,1088,-80
3,1563793870818,128,1008,128
5,1563793870823,-128,-656,-1072
5,1563793870827,-16,-304,-1008
1,1563793870838,864,544,192
1,1563793870842,832,544,176
3,1563793870854,16,976,224
3,1563793870860,0,976,176
5,1563793870864,64,-32,-896
5,1563793870869,80,0,-896
1,1563793870878,848,528,160
1,1563793870881,864,528,176
3,1563793870894,80,992,144
3,1563793870899,96,1008,144
5,1563793870903,48,-80,-896
5,1563793870907,0,-144,-928
1,1563793870918,864,528,208
1,1563793870922,864,544,208
3,1563793870933,64,1024,160
3,1563793870937,48,992,208
5,1563793870944,48,-112,-912
5,1563793870948,64,-64,-896
5,1563793870953,-192,-688,-1200
1,1563793870958,832,528,176
1,1563793870962,848,496,160
3,1563793870975,240,928,112
3,1563793870979,752,976,-256
5,1563793870983,-400,-1328,-1376
5,1563793870987,-80,-448,-960
1,1563793870998,976,544,176
1,1563793871002,960,608,176
3,1563793871015,448,1232,-112
3,1563793871019,-224,1024,336
5,1563793871023,128,208,-832
1,1563793871037,832,560,176
1,1563793871043,736,496,176
3,1563793871054,-256,880,384
3,1563793871059,32,880,192
5,1563793871064,192,432,-736
5,1563793871069,176,160,-768
5,1563793871074,48,-80,-848
1,1563793871079,784,480,144
1,1563793871084,880,528,176
3,1563793871094,160,960,80
3,1563793871099,64,1088,144
5,1563793871104,0,-96,-960
5,1563793871109,80,32,-896
1,1563793871122,928,576,224
1,1563793871126,864,544,208
3,1563793871133,0,1072,192
3,1563793871137,48,976,208
3,1563793871141,304,896,96
5,1563793871145,96,-48,-896
5,1563793871151,-176,-1008,-1264
1,1563793871158,816,512,160
1,1563793871164,848,496,160
3,1563793871174,944,976,-368
3,1563793871178,352,1264,-80
5,1563793871182,-528,-1264,-1360
5,1563793871187,-32,-448,-864
1,1563793871201,992,544,176
1,1563793871206,912,608,192
3,1563793871215,-272,976,336
3,1563793871231,-176,928,320
5,1563793871235,96,208,-880
5,1563793871240,176,240,-832
1,1563793871244,800,544,192
1,1563793871247,784,512,176
3,1563793871254,96,928,192
3,1563793871257,96,1008,112
5,1563793871264,160,64,-800
5,1563793871269,48,-64,-848
1,1563793871280,832,512,144
1,1563793871284,880,544,176
1,1563793871288,880,560,224
3,1563793871297,0,1056,176
3,1563793871303,-32,1040,224
5,1563793871307,0,-16,-896
5,1563793871311,112,48,-880
1,1563793871318,832,528,208
1,1563793871322,848,496,176
3,1563793871334,176,928,192
3,1563793871340,848,912,-304
5,1563793871347,-32,-432,-1104
5,1563793871351,-464,-1520,-1408
1,1563793871357,976,544,160
1,1563793871361,928,608,160
3,1563793871374,480,1264,-144
3,1563793871379,-208,976,256
5,1563793871385,-96,-544,-880
5,1563793871391,32,80,-912
1,1563793871398,832,560,192
1,1563793871403,768,512,208
3,1563793871415,-160,880,400
3,1563793871419,48,912,208
5,1563793871423,144,240,-848
5,1563793871428,176,96,-784
1,1563793871438,832,512,144
1,1563793871442,880,528,176
3,1563793871452,96,1008,128
3,1563793871456,48,1056,160
5,1563793871460,64,-48,-864
5,1563793871464,0,-96,-912
1,1563793871478,880,544,224
1,1563793871482,848,528,208
3,1563793871494,0,1040,192
3,1563793871499,272,928,112
5,1563793871503,64,-48,-912
5,1563793871506,-112,-928,-1312
1,1563793871517,880,496,176
1,1563793871521,960,560,160
3,1563793871534,864,1008,-336
3,1563793871539,320,1168,-32
5,1563793871544,-464,-1136,-1264
5,1563793871549,-64,-496,-896
1,1563793871557,896,576,176
1,1563793871561,816,560,208
3,1563793871573,-224,976,352
3,1563793871579,-160,928,336
5,1563793871583,112,176,-880
5,1563793871588,176,240,-832
5,1563793871592,128,64,-800
1,1563793871597,784,512,192
1,1563793871601,832,512,144
3,1563793871615,96,928,160
3,1563793871620,80,1008,112
5,1563793871624,32,-48,-848
1,1563793871638,880,528,176
1,1563793871642,864,560,224
3,1563793871654,0,1056,176
3,1563793871663,-16,1008,224
5,1563793871669,16,-16,-896
5,1563793871675,112,16,-880
5,1563793871681,16,-304,-1024
1,1563793871688,848,528,208
1,1563793871694,848,496,176
3,1563793871699,144,960,224
3,1563793871704,800,912,-272
5,1563793871709,-496,-1536,-1552
5,1563793871714,-208,-592,-864
1,1563793871721,976,544,160
1,1563793871726,912,576,160
3,1563793871734,464,1200,-160
3,1563793871740,-80,976,208
5,1563793871745,0,-112,-944
5,1563793871750,176,192,-848
1,1563793871758,848,560,208
1,1563793871762,784,528,208
3,1563793871773,-128,960,368
3,1563793871778,16,960,240
5,1563793871784,176,80,-848
5,1563793871789,48,-48,-848
1,1563793871799,832,512,144
1,1563793871802,880,528,176
3,1563793871814,96,992,128
3,1563793871819,48,1040,128
5,1563793871826,-32,-112,-912
5,1563793871831,32,-112,-944
1,1563793871840,880,544,208
1,1563793871843,864,544,224
3,1563793871857,48,1040,160
3,1563793871863,128,992,176
3,1563793871866,400,928,32
5,1563793871870,32,-224,-960
5,1563793871875,-176,-848,-1280
1,1563793871881,848,528,176
1,1563793871885,880,496,160
3,1563793871895,672,1040,-224
3,1563793871901,240,1136,16
5,1563793871905,-336,-1056,-1184
5,1563793871910,-48,-336,-944
1,1563793871921,944,560,160
1,1563793871926,896,592,176
3,1563793871936,-240,992,336
3,1563793871943,-112,928,192
5,1563793871965,128,224,-832
5,1563793871969,128,208,-848
1,1563793871973,800,544,192
1,1563793871981,784,512,176
3,1563793871985,96,928,144
3,1563793871990,64,1024,128
5,1563793871994,112,32,-816
5,1563793871999,48,-48,-880
1,1563793872005,848,512,176
1,1563793872008,896,544,192
3,1563793872018,0,1056,176
3,1563793872022,0,1008,208
5,1563793872027,32,-32,-912
5,1563793872030,112,32,-848
1,1563793872040,880,544,224
1,1563793872044,832,528,176
3,1563793872056,96,976,240
3,1563793872061,672,880,-144
5,1563793872069,80,-112,-912
5,1563793872078,-432,-1392,-1520
1,1563793872083,832,512,176
1,1563793872086,960,528,176
1,1563793872094,944,608,176
3,1563793872098,752,1216,-272
3,1563793872103,-64,1056,144
5,1563793872108,-288,-1008,-1056
5,1563793872112,-16,-96,-912
1,1563793872117,848,560,192
1,1563793872120,768,512,192
3,1563793872136,-240,928,384
3,1563793872143,0,944,208
5,1563793872148,128,224,-864
5,1563793872154,176,160,-816
1,1563793872159,816,496,160
1,1563793872164,880,528,160
3,1563793872176,112,960,128
3,1563793872181,48,1040,128
5,1563793872185,112,-16,-816
5,1563793872190,-16,-80,-896
1,1563793872197,896,544,208
1,1563793872202,848,528,224
5,1563793872219,16,-48,-928
5,1563793872224,-16,-288,-1056
1,1563793872237,864,512,176
1,1563793872243,928,528,160
3,1563793872256,16,1040,192
3,1563793872261,192,960,144
3,1563793872266,576,960,-112
3,1563793872270,512,1136,-96
5,1563793872275,-256,-1008,-1296
5,1563793872281,-160,-816,-1088
5,1563793872284,48,32,-880
1,1563793872287,944,592,160
1,1563793872291,832,560,192
3,1563793872298,-80,1056,192
3,1563793872303,-160,896,336
5,1563793872308,96,176,-864
5,1563793872313,112,64,-816
1,1563793872318,768,512,192
1,1563793872322,832,512,160
3,1563793872335,48,944,192
3,1563793872340,80,1008,144
5,1563793872344,80,-16,-848
1,1563793872359,880,544,176
1,1563793872363,880,560,224
3,1563793872375,32,1040,160
3,1563793872384,32,1024,192
5,1563793872390,0,-80,-928
5,1563793872395,64,-32,-880
5,1563793872400,96,-32,-880
1,1563793872405,848,528,192
1,1563793872408,848,528,160
1,1563793872437,896,512,160
1,1563793872442,944,560,160
3,1563793872455,32,976,224
3,1563793872459,304,928,112
3,1563793872463,864,1008,-336
3,1563793872467,240,1168,-48
5,1563793872474,-80,-800,-1168
5,1563793872480,-496,-1120,-1376
5,1563793872485,-208,-720,-928
5,1563793872489,48,0,-896
1,1563793872494,896,576,192
1,1563793872500,816,544,192
3,1563793872504,-96,1008,256
3,1563793872508,-144,960,384
5,1563793872513,208,224,-864
5,1563793872518,160,96,-816
1,1563793872521,784,512,176
1,1563793872524,832,512,144
3,1563793872534,64,928,240
3,1563793872538,96,1008,112
5,1563793872543,32,-48,-848
5,1563793872547,-32,-96,-912
1,1563793872559,880,528,192
1,1563793872564,896,560,224
3,1563793872573,32,1040,144
3,1563793872577,32,1024,192
5,1563793872583,80,-32,-896
5,1563793872587,112,-80,-896
1,1563793872598,848,528,192
1,1563793872603,832,512,160
3,1563793872615,48,992,240
3,1563793872620,448,912,64
3,1563793872624,784,1024,-336
5,1563793872629,-176,-880,-1312
5,1563793872634,-400,-1056,-1216
1,1563793872641,896,496,160
1,1563793872645,944,576,160
3,1563793872653,128,1120,-16
3,1563793872658,-128,1024,288
5,1563793872663,-176,-624,-960
5,1563793872667,48,64,-912
1,1563793872678,912,576,208
1,1563793872684,800,560,224
3,1563793872694,-144,976,352
3,1563793872699,80,912,192
5,1563793872703,208,208,-864
5,1563793872708,176,96,-816
1,1563793872718,784,512,176
1,1563793872722,832,512,160
3,1563793872733,80,1008,112
3,1563793872739,16,1040,160
5,1563793872745,32,-48,-832
5,1563793872750,-32,-80,-912
1,1563793872759,896,544,192
1,1563793872765,880,560,224
3,1563793872774,0,1040,208
3,1563793872779,96,976,224
5,1563793872784,80,16,-880
5,1563793872790,80,-112,-912
1,1563793872799,848,528,192
1,1563793872803,832,512,160
3,1563793872814,592,912,-32
3,1563793872822,640,1120,-272
5,1563793872826,-224,-1072,-1376
5,1563793872831,-336,-896,-1136
1,1563793872840,928,528,144
1,1563793872844,928,576,176
3,1563793872854,64,1072,48
3,1563793872861,-128,992,304
5,1563793872866,-176,-496,-992
5,1563793872871,80,64,-896
1,1563793872878,880,560,192
1,1563793872882,784,544,208
3,1563793872895,-64,928,304
3,1563793872901,96,944,160
5,1563793872908,208,160,-848
5,1563793872913,128,32,-832
5,1563793872918,0,-96,-864
1,1563793872923,816,496,160
1,1563793872927,848,528,160
1,1563793872932,896,544,208
3,1563793872936,80,1024,112
3,1563793872941,32,1040,144
5,1563793872946,-16,-112,-928
1,1563793872957,864,544,208
1,1563793872960,816,512,176
3,1563793872974,64,1008,224
3,1563793872980,400,896,32
5,1563793872985,80,-48,-896
5,1563793872989,-128,-640,-1216
5,1563793872993,-336,-1312,-1328
1,1563793873000,912,512,160
1,1563793873004,976,592,160
3,1563793873014,768,1088,-256
3,1563793873018,144,1184,48
5,1563793873024,-48,-320,-896
5,1563793873028,64,192,-880
1,1563793873039,864,576,176
1,1563793873043,768,512,192
3,1563793873054,-304,912,384
3,1563793873059,-48,896,256
5,1563793873062,128,176,-832
1,1563793873077,800,512,160
1,1563793873082,880,528,160
5,1563793873099,128,48,-800
5,1563793873105,48,-80,-896
5,1563793873110,0,-64,-928
1,1563793873118,880,560,208
1,1563793873122,848,544,224
5,1563793873139,64,-16,-880
5,1563793873144,48,-224,-944
1,1563793873159,848,528,176
1,1563793873162,880,512,160
3,1563793873177,112,960,144
3,1563793873186,80,1040,144
3,1563793873192,0,1056,176
3,1563793873197,16,992,192
3,1563793873207,128,992,208
3,1563793873212,656,960,-80
1,1563793873216,880,528,144
5,1563793873221,-208,-1056,-1376
5,1563793873225,-416,-848,-1088
1,1563793873229,896,544,160
3,1563793873232,560,1008,-272
3,1563793873236,112,1056,80
5,1563793873240,-208,-704,-1008
5,1563793873245,80,0,-912
1,1563793873251,896,576,208
1,1563793873256,832,560,208
3,1563793873260,-64,1056,272
3,1563793873267,-112,976,368
5,1563793873271,240,192,-864
5,1563793873276,128,80,-832
1,1563793873280,800,512,176
1,1563793873284,832,512,160
3,1563793873294,64,912,160
3,1563793873298,80,992,96
5,1563793873316,16,-64,-848
5,1563793873323,-16,-96,-912
1,1563793873328,896,544,192
1,1563793873332,880,560,208
3,1563793873340,32,1040,160
3,1563793873345,32,1024,224
3,1563793873350,112,960,224
5,1563793873354,80,-32,-896
5,1563793873359,96,-96,-912
1,1563793873362,816,528,176
1,1563793873365,848,496,160
3,1563793873378,544,896,-64
3,1563793873383,640,1136,-208
5,1563793873388,-160,-976,-1344
5,1563793873392,-368,-1008,-1184
1,1563793873398,960,528,176
1,1563793873402,928,592,192
3,1563793873415,80,1072,96
3,1563793873418,-192,960,352
5,1563793873423,-96,-368,-960
5,1563793873430,64,112,-880
1,1563793873438,848,560,192
1,1563793873442,784,512,192
3,1563793873454,-32,944,240
3,1563793873459,96,960,128
5,1563793873463,160,176,-832
5,1563793873467,128,32,-832
1,1563793873477,816,512,160
1,1563793873481,880,528,176
3,1563793873496,80,1024,128
3,1563793873501,16,1040,160
5,1563793873516,16,-96,-880
5,1563793873519,-16,-96,-928
1,1563793873522,880,544,224
1,1563793873526,848,544,192
3,1563793873535,16,1008,208
3,1563793873539,128,976,224
1,1563793873558,848,528,160
1,1563793873562,864,496,176
3,1563793873573,704,912,-144
3,1563793873580,496,1136,-176
5,1563793873585,80,0,-880
5,1563793873590,80,-112,-912
5,1563793873594,-272,-1120,-1392
5,1563793873599,-320,-816,-1056
5,1563793873603,-96,-464,-976
1,1563793873607,944,544,160
1,1563793873613,880,560,176
3,1563793873619,16,1008,128
3,1563793873623,-112,1008,304
5,1563793873627,80,48,-912
5,1563793873631,176,112,-848
1,1563793873637,864,560,208
1,1563793873641,816,528,176
3,1563793873654,-32,960,240
3,1563793873659,96,976,128
5,1563793873663,112,0,-848
1,1563793873679,832,512,160
1,1563793873683,864,528,176
3,1563793873695,64,1008,112
3,1563793873699,48,1040,160
5,1563793873704,-16,-112,-880
5,1563793873708,-16,-112,-928
5,1563793873713,64,-64,-896
1,1563793873718,896,560,208
1,1563793873721,864,544,192
1,1563793873724,816,512,176
3,1563793873734,48,1008,224
3,1563793873738,352,912,96
5,1563793873743,-16,-512,-992
5,1563793873747,-416,-1120,-1456
1,1563793873759,912,512,160
1,1563793873764,944,592,160
3,1563793873773,752,1040,-272
3,1563793873777,224,1136,0
5,1563793873783,-128,-720,-928
5,1563793873788,16,16,-896
1,1563793873798,880,560,176
1,1563793873802,784,528,208
3,1563793873814,-176,992,304
3,1563793873819,-112,928,336
5,1563793873822,144,208,-864
5,1563793873826,160,96,-832
1,1563793873838,800,496,160
1,1563793873845,848,528,160
3,1563793873854,96,928,160
3,1563793873858,80,1008,112
5,1563793873863,64,-64,-832
5,1563793873869,-16,-80,-912
1,1563793873879,880,544,208
1,1563793873882,848,544,208
3,1563793873896,16,1040,160
3,1563793873900,0,1008,208
5,1563793873904,48,0,-880
5,1563793873909,96,-16,-880
1,1563793873920,848,528,176
1,1563793873924,848,512,144
3,1563793873933,48,992,224
3,1563793873938,400,944,112
5,1563793873942,0,-720,-1104
5,1563793873947,-352,-1008,-1296
1,1563793873957,928,528,160
1,1563793873963,880,544,160
3,1563793873973,736,1040,-240
3,1563793873977,64,1024,-16
5,1563793873981,-240,-432,-896
5,1563793873985,-112,-448,-1024
1,1563793873998,880,544,192
1,1563793874003,864,560,208
3,1563793874015,80,1008,192
3,1563793874020,64,1040,240
5,1563793874024,112,-96,-928
5,1563793874029,176,16,-896
1,1563793874037,848,544,176
1,1563793874043,832,512,160
3,1563793874061,16,960,240
3,1563793874067,48,976,128
3,1563793874072,64,1008,112
5,1563793874077,32,-48,-880
5,1563793874081,-48,-112,-880
1,1563793874085,864,528,176
1,1563793874088,880,544,192
3,1563793874094,80,1024,160
3,1563793874097,96,992,208
5,1563793874104,0,-144,-928
5,1563793874108,64,-128,-928
1,1563793874120,848,544,176
1,1563793874123,832,512,160
3,1563793874135,320,928,48
3,1563793874139,544,1056,-144
5,1563793874143,-48,-400,-1088
5,1563793874146,-272,-960,-1248
3,1563793874175,208,1104,48
3,1563793874179,-112,976,288
5,1563793874184,-112,-560,-1008
5,1563793874189,48,-16,-896
1,1563793874197,928,528,160
1,1563793874202,944,576,176
1,1563793874208,864,560,176
1,1563793874213,800,512,176
3,1563793874217,-48,944,272
3,1563793874221,96,960,160
5,1563793874226,96,128,-864
5,1563793874230,112,64,-848
5,1563793874233,64,-80,-880
1,1563793874240,816,512,160
1,1563793874244,864,528,176
3,1563793874254,96,1008,128
3,1563793874261,64,1024,144
5,1563793874266,-16,-144,-944
1,1563793874278,880,544,208
1,1563793874283,864,544,192
3,1563793874296,48,1008,176
3,1563793874301,32,992,208
5,1563793874307,32,-64,-896
5,1563793874312,96,0,-880
5,1563793874318,32,-160,-928
1,1563793874323,848,528,176
1,1563793874327,832,512,176
3,1563793874334,192,960,192
3,1563793874339,784,960,-192
5,1563793874343,-240,-1136,-1392
5,1563793874347,-384,-928,-1152
1,1563793874358,896,512,176
1,1563793874362,928,560,176
3,1563793874373,416,1136,-176
3,1563793874378,32,1056,128
5,1563793874383,-128,-480,-976
5,1563793874388,96,112,-880
1,1563793874397,912,576,176
1,1563793874400,832,560,208
3,1563793874415,-192,992,368
3,1563793874420,-16,928,256
5,1563793874424,192,192,-864
5,1563793874429,128,32,-816
1,1563793874437,800,512,192
1,1563793874442,832,512,160
3,1563793874453,112,960,112
3,1563793874459,64,1024,112
5,1563793874464,0,-96,-864
5,1563793874470,-32,-96,-944
1,1563793874477,880,528,176
1,1563793874482,896,560,208
3,1563793874495,32,1040,176
3,1563793874499,16,992,224
5,1563793874526,80,0,-896
5,1563793874530,96,-64,-896
1,1563793874536,848,544,192
1,1563793874543,816,512,160
3,1563793874549,144,944,208
3,1563793874556,688,912,-160
5,1563793874561,-208,-1072,-1408
5,1563793874565,-336,-992,-1152
1,1563793874570,880,496,160
1,1563793874574,960,560,176
1,1563793874578,912,576,192
3,1563793874584,544,1200,-176
3,1563793874590,-32,1040,160
5,1563793874594,-96,-384,-944
5,1563793874599,64,160,-880
1,1563793874604,816,544,192
1,1563793874609,784,512,176
3,1563793874616,-208,944,336
5,1563793874621,144,176,-848
5,1563793874625,128,16,-816
3,1563793874629,32,912,288
1,1563793874636,848,512,160
1,1563793874640,880,544,192
3,1563793874654,112,992,128
3,1563793874660,64,1024,128
5,1563793874665,16,-112,-880
5,1563793874670,-16,-80,-928
1,1563793874677,880,560,208
1,1563793874681,864,528,192
3,1563793874695,16,1024,176
3,1563793874700,32,1008,208
5,1563793874704,64,-32,-896
5,1563793874709,48,-272,-960
1,1563793874717,832,512,160
1,1563793874721,912,512,160
3,1563793874735,320,944,160
3,1563793874739,816,992,-288
5,1563793874743,-336,-1280,-1488
5,1563793874747,-272,-720,-960
1,1563793874757,912,560,160
1,1563793874761,896,560,208
3,1563793874775,208,1120,-64
3,1563793874782,-48,1024,224
5,1563793874786,-96,-336,-976
5,1563793874791,128,160,-880
1,1563793874796,816,544,208
1,1563793874799,816,512,176
3,1563793874813,-128,976,368
3,1563793874818,64,928,256
3,1563793874822,96,992,112
5,1563793874828,192,128,-864
5,1563793874834,80,-32,-832
1,1563793874840,848,512,160
1,1563793874845,880,544,192
3,1563793874854,48,1024,128
3,1563793874860,16,1024,192
5,1563793874865,-32,-112,-896
5,1563793874869,0,-80,-912
1,1563793874877,880,560,208
1,1563793874881,832,512,192
3,1563793874894,128,960,208
3,1563793874898,592,944,-112
5,1563793874902,64,-48,-896
5,1563793874906,-192,-768,-1232
5,1563793874910,-224,-1088,-1184
1,1563793874917,864,496,160
1,1563793874921,960,576,144
3,1563793874936,480,1168,-96
3,1563793874941,-112,1008,224
5,1563793874945,-16,-192,-896
5,1563793874950,32,96,-896
1,1563793874958,880,576,176
1,1563793874962,800,528,192
3,1563793874974,-112,912,384
3,1563793874977,64,976,208
5,1563793874983,96,48,-848
1,1563793874998,816,512,176
1,1563793875002,864,528,160
3,1563793875015,96,1008,144
3,1563793875020,64,1040,144
5,1563793875024,128,-48,-848
5,1563793875028,0,-144,-944
5,1563793875032,-16,-128,-912
1,1563793875038,880,544,192
1,1563793875041,864,544,208
3,1563793875055,32,1024,160
3,1563793875061,160,992,176
5,1563793875071,16,-160,-944
5,1563793875077,-48,-704,-1168
1,1563793875082,864,528,192
1,1563793875085,880,528,160
3,1563793875094,496,992,-16
3,1563793875099,352,944,-128
5,1563793875104,-288,-656,-1072
5,1563793875108,-288,-624,-1056
1,1563793875118,848,512,144
1,1563793875122,880,528,176
3,1563793875134,176,1024,64
3,1563793875142,96,1072,208
5,1563793875147,0,-400,-976
5,1563793875151,176,16,-912
1,1563793875158,896,576,224
1,1563793875163,848,560,192
3,1563793875174,-64,1024,288
3,1563793875180,16,944,176
5,1563793875185,128,64,-880
5,1563793875190,16,-48,-848
1,1563793875198,816,512,160
1,1563793875202,848,512,160
3,1563793875213,64,976,112
3,1563793875220,80,1024,144
5,1563793875225,0,-128,-880
5,1563793875230,32,-128,-928
1,1563793875238,880,544,192
1,1563793875242,864,544,192
3,1563793875254,64,1024,192
3,1563793875258,48,992,208
5,1563793875262,96,-64,-896
5,1563793875266,48,-144,-928
1,1563793875278,848,528,176
1,1563793875282,832,512,176
3,1563793875294,256,928,144
3,1563793875299,720,1008,-288
5,1563793875304,-320,-1136,-1392
5,1563793875309,-256,-720,-976
1,1563793875319,928,528,176
1,1563793875323,912,576,176
3,1563793875334,192,1136,-16
3,1563793875339,-64,992,240
5,1563793875344,-80,-272,-976
5,1563793875350,112,112,-896
1,1563793875357,864,560,192
1,1563793875361,800,528,192
1,1563793875364,816,512,160
3,1563793875375,-96,976,320
3,1563793875379,64,944,192
5,1563793875384,160,96,-848
5,1563793875389,80,-32,-848
1,1563793875398,848,528,176
1,1563793875402,896,544,208
3,1563793875413,80,992,112
3,1563793875417,64,1024,128
5,1563793875423,-32,-144,-896
5,1563793875427,0,-128,-944
1,1563793875438,864,544,208
1,1563793875442,832,528,176
3,1563793875455,48,1024,176
3,1563793875459,80,992,224
5,1563793875462,80,-80,-896
5,1563793875466,32,-512,-992
1,1563793875477,864,512,176
1,1563793875482,944,544,160
3,1563793875495,496,912,-48
3,1563793875501,576,1120,-192
5,1563793875506,-480,-1072,-1392
5,1563793875511,-80,-496,-864
5,1563793875515,32,-80,-928
1,1563793875518,864,560,192
1,1563793875522,832,544,192
3,1563793875536,16,1024,144
3,1563793875541,-112,976,320
3,1563793875546,16,960,224
5,1563793875550,144,96,-880
5,1563793875554,112,0,-848
1,1563793875558,816,528,176
1,1563793875562,864,528,160
3,1563793875574,96,976,144
3,1563793875578,64,1024,128
5,1563793875582,16,-112,-880
1,1563793875597,880,528,192
1,1563793875603,880,544,208
3,1563793875614,64,1040,160
3,1563793875617,128,976,192
5,1563793875621,-32,-176,-944
5,1563793875626,32,-144,-928
5,1563793875632,-96,-512,-1136
1,1563793875640,832,528,192
1,1563793875644,880,512,160
3,1563793875654,528,928,-112
3,1563793875659,528,1152,-128
5,1563793875663,-288,-1168,-1248
5,1563793875668,-64,-400,-960
1,1563793875678,944,576,160
1,1563793875683,896,592,176
3,1563793875695,-64,1056,208
3,1563793875700,-176,928,272
5,1563793875705,80,144,-880
5,1563793875710,96,144,-832
1,1563793875717,800,528,192
1,1563793875721,800,496,176
3,1563793875734,48,928,208
3,1563793875739,112,992,128
5,1563793875744,112,16,-816
5,1563793875748,48,-96,-880
1,1563793875758,864,528,160
1,1563793875761,896,544,192
3,1563793875775,64,1040,144
3,1563793875779,32,1024,176
5,1563793875784,0,-96,-928
5,1563793875798,80,0,-880
1,1563793875803,864,544,208
1,1563793875806,848,528,176
3,1563793875814,16,992,208
3,1563793875818,160,976,208
5,1563793875822,80,-80,-880
5,1563793875826,-144,-832,-1296
1,1563793875840,848,512,160
1,1563793875845,912,528,160
3,1563793875872,720,976,-144
3,1563793875877,400,1072,-144
5,1563793875883,-320,-944,-1120
5,1563793875887,-192,-576,-960
1,1563793875891,880,544,176
1,1563793875895,880,544,192
3,1563793875899,80,992,128
3,1563793875903,0,1072,240
5,1563793875907,-64,-320,-1024
5,1563793875911,176,80,-880
1,1563793875919,864,576,208
1,1563793875922,832,544,176
3,1563793875939,-32,976,288
3,1563793875945,48,928,160
5,1563793875949,144,64,-864
5,1563793875954,16,-48,-848
1,1563793875958,816,496,160
1,1563793875962,864,528,192
3,1563793875973,64,992,96
3,1563793875977,64,1024,160
5,1563793875983,-16,-128,-896
5,1563793875988,32,-128,-944
1,1563793876000,896,544,208
1,1563793876004,864,544,176
3,1563793876014,64,1024,192
3,1563793876018,48,992,224
5,1563793876023,80,-64,-896
5,1563793876027,64,-128,-912
1,1563793876038,832,528,160
1,1563793876043,848,496,176
3,1563793876055,320,912,96
3,1563793876060,800,1040,-304
5,1563793876064,-336,-1200,-1424
5,1563793876069,-224,-928,-1040
1,1563793876081,960,544,176
1,1563793876085,912,592,176
3,1563793876095,176,1152,16
3,1563793876100,-208,976,336
5,1563793876105,-32,-144,-912
5,1563793876110,112,192,-880
1,1563793876119,848,560,176
1,1563793876123,784,512,192
3,1563793876135,-80,960,320
3,1563793876141,112,928,160
5,1563793876147,160,128,-832
5,1563793876154,96,-32,-832
1,1563793876160,832,512,160
1,1563793876163,880,528,176
3,1563793876174,80,1008,112
3,1563793876179,32,1024,160
5,1563793876185,-16,-128,-912
5,1563793876189,0,-80,-912
1,1563793876198,880,544,208
1,1563793876202,848,544,192
1,1563793876207,848,528,160
3,1563793876214,32,1008,192
3,1563793876218,80,992,208
5,1563793876223,80,-48,-896
5,1563793876227,80,-496,-960
5,1563793876231,-336,-976,-1456
1,1563793876239,880,512,160
1,1563793876243,896,528,144
3,1563793876254,496,944,80
3,1563793876258,640,1008,-288
3,1563793876262,80,1056,64
5,1563793876266,-320,-624,-928
5,1563793876270,-64,-400,-960
1,1563793876278,880,544,176
1,1563793876281,880,576,208
3,1563793876295,-32,1040,256
3,1563793876299,-80,1040,288
5,1563793876303,128,48,-912
1,1563793876318,832,544,192
1,1563793876321,832,512,160
3,1563793876335,64,944,176
3,1563793876340,64,992,96
5,1563793876344,176,80,-880
5,1563793876348,48,-48,-848
5,1563793876351,-32,-144,-896
1,1563793876358,848,528,176
1,1563793876362,896,544,192
3,1563793876374,48,1024,144
3,1563793876377,48,1024,192
5,1563793876390,0,-144,-928
5,1563793876394,64,-96,-896
1,1563793876399,864,544,192
1,1563793876402,832,528,176
3,1563793876415,128,976,208
3,1563793876420,656,912,-144
5,1563793876424,-32,-608,-1120
5,1563793876428,-432,-1024,-1280
1,1563793876438,896,496,160
1,1563793876442,928,560,160
3,1563793876454,464,1136,-128
3,1563793876459,-16,1040,160
5,1563793876471,-96,-608,-928
5,1563793876474,32,32,-896
1,1563793876478,896,576,176
1,1563793876481,816,544,192
3,1563793876495,-176,976,336
3,1563793876500,16,944,192
5,1563793876506,144,176,-880
5,1563793876512,128,32,-832
1,1563793876517,816,512,160
1,1563793876521,848,528,160
3,1563793876536,112,992,112
3,1563793876540,64,1024,128
5,1563793876545,32,-96,-864
5,1563793876549,-32,-128,-944
1,1563793876558,880,544,192
1,1563793876562,864,544,224
3,1563793876575,32,1024,176
3,1563793876579,32,992,224
5,1563793876583,48,-48,-896
5,1563793876587,80,-80,-896
1,1563793876597,848,528,176
1,1563793876602,848,512,160
3,1563793876615,256,944,176
3,1563793876619,752,976,-224
5,1563793876624,-160,-896,-1264
5,1563793876628,-304,-864,-1120
1,1563793876638,928,528,144
1,1563793876643,912,560,176
3,1563793876656,176,1104,0
3,1563793876661,-64,992,240
5,1563793876665,-96,-400,-928
5,1563793876670,32,-32,-928
1,1563793876678,864,560,192
3,1563793876693,-64,992,272
3,1563793876698,80,960,208
5,1563793876703,144,48,-880
5,1563793876708,96,-48,-864
1,1563793876717,816,528,192
1,1563793876721,832,512,160
1,1563793876725,864,512,176
3,1563793876732,80,992,112
3,1563793876736,80,1040,128
5,1563793876743,-32,-144,-912
5,1563793876747,-32,-176,-944
1,1563793876758,896,544,208
1,1563793876762,864,544,208
3,1563793876775,64,1024,176
3,1563793876779,256,928,112
5,1563793876783,32,-144,-928
5,1563793876787,-208,-784,-1216
1,1563793876796,832,512,176
1,1563793876801,912,528,144
3,1563793876813,656,992,-176
3,1563793876818,304,1136,-16
5,1563793876822,-256,-1008,-1168
1,1563793876837,928,576,160
1,1563793876843,848,560,192
3,1563793876854,-160,1008,288
3,1563793876860,-96,928,368
5,1563793876869,-64,-320,-928
5,1563793876875,96,176,-864
5,1563793876882,112,144,-848
5,1563793876887,112,0,-832
1,1563793876891,784,512,192
1,1563793876895,832,512,160
3,1563793876898,96,944,160
3,1563793876902,96,1024,128
5,1563793876905,16,-112,-912
1,1563793876919,880,544,176
1,1563793876924,880,544,208
3,1563793876936,32,1040,144
3,1563793876942,16,1008,176
5,1563793876945,-16,-96,-928
5,1563793876949,80,-16,-880
5,1563793876954,64,-96,-896
1,1563793876962,848,544,192
1,1563793876967,832,528,160
3,1563793876974,32,976,208
3,1563793876979,272,944,176
5,1563793876985,-144,-880,-1248
5,1563793876991,-288,-912,-1120
1,1563793877001,864,512,176
1,1563793877004,928,528,160
3,1563793877014,768,1008,-208
3,1563793877020,160,1088,-48
3,1563793877026,-48,992,208
5,1563793877032,-160,-448,-944
5,1563793877038,-16,-96,-944
1,1563793877043,896,560,160
1,1563793877046,864,560,192
1,1563793877050,832,544,192
3,1563793877055,-32,992,288
3,1563793877062,80,960,224
5,1563793877067,160,32,-880
5,1563793877071,112,-48,-880
1,1563793877078,848,528,160
1,1563793877081,864,528,176
3,1563793877093,80,1008,112
3,1563793877100,80,1008,112
5,1563793877107,-32,-144,-896
5,1563793877113,-48,-208,-944
1,1563793877118,880,544,208
1,1563793877123,864,528,208
3,1563793877133,144,1008,144
3,1563793877138,400,960,0
5,1563793877143,-48,-336,-1040
5,1563793877147,-192,-816,-1200
1,1563793877158,864,512,176
1,1563793877163,928,560,144
3,1563793877173,448,1072,-64
3,1563793877177,64,1056,144
5,1563793877184,-128,-672,-1040
5,1563793877189,48,-32,-880
1,1563793877198,880,560,160
1,1563793877202,800,528,192
3,1563793877215,-128,944,288
3,1563793877221,48,944,224
5,1563793877224,96,96,-880
5,1563793877228,96,16,-848
1,1563793877237,816,512,176
1,1563793877242,864,528,176
3,1563793877253,96,1008,128
3,1563793877258,80,1040,144
5,1563793877262,64,-96,-880
5,1563793877266,0,-144,-944
1,1563793877279,880,544,208
1,1563793877283,848,544,208
3,1563793877296,48,1008,160
3,1563793877301,32,992,192
5,1563793877306,16,-96,-912
5,1563793877311,80,-16,-880
1,1563793877318,832,528,160
1,1563793877323,848,528,160
3,1563793877347,80,976,192
3,1563793877354,560,944,-16
5,1563793877364,0,-320,-960
5,1563793877368,-304,-1120,-1440
1,1563793877372,896,512,176
1,1563793877376,928,544,176
3,1563793877380,608,1072,-256
3,1563793877384,96,1088,80
5,1563793877390,-272,-816,-1024
5,1563793877394,-96,-320,-944
1,1563793877400,896,576,176
1,1563793877404,816,544,192
3,1563793877414,-144,1008,320
3,1563793877421,-48,944,320
5,1563793877425,128,144,-880
5,1563793877429,176,160,-832
1,1563793877439,800,512,176
1,1563793877445,832,512,160
3,1563793877455,96,944,144
3,1563793877461,96,1024,96
5,1563793877467,80,-32,-832
5,1563793877473,-32,-128,-896
1,1563793877478,880,528,192
1,1563793877484,880,560,208
3,1563793877493,48,1056,128
3,1563793877497,32,1008,192
5,1563793877504,0,-112,-944
5,1563793877509,80,-48,-880
1,1563793877519,848,544,192
1,1563793877523,832,528,160
3,1563793877535,48,992,224
3,1563793877540,368,928,128
5,1563793877545,64,-112,-896
5,1563793877549,-160,-880,-1280
5,1563793877553,-400,-1024,-1184
1,1563793877563,864,512,176
1,1563793877567,928,528,160
3,1563793877574,784,992,-304
