4,1562491691280,-1136,-96,272
6,1562491691287,-480,-832,-480
6,1562491691289,-320,-816,-560
2,1562491691291,-1072,336,16
2,1562491691292,-1040,256,16
4,1562491691313,-1136,-144,160
4,1562491691314,-1168,-96,240
6,1562491691320,-272,-800,-576
6,1562491691321,-384,-800,-544
4,1562491691355,-1152,-48,352
4,1562491691363,-1120,-112,336
4,1562491691372,-1072,-224,272
6,1562491691374,-448,-800,-528
6,1562491691377,-368,-816,-496
6,1562491691378,-304,-848,-480
2,1562491691380,-1040,400,-64
4,1562491691400,-976,-224,304
4,1562491691401,-832,-272,352
6,1562491691407,-288,-880,-416
6,1562491691409,-240,-912,-336
2,1562491691420,-1056,528,-160
2,1562491691421,-1040,416,-160
2,1562491691422,-1040,208,-80
2,1562491691423,-1024,144,-80
2,1562491691424,-976,64,-80
2,1562491691426,-912,-32,-16
4,1562491691445,-768,-336,384
4,1562491691446,-816,-288,416
6,1562491691452,-240,-896,-272
6,1562491691453,-304,-912,-288
2,1562491691464,-912,-64,48
2,1562491691467,-976,48,16
4,1562491691491,-880,-240,448
4,1562491691492,-928,-224,384
2,1562491691505,-1024,144,0
2,1562491691509,-1024,144,32
2,1562491691513,-1040,224,0
4,1562491691536,-992,-208,304
4,1562491691538,-1040,-160,336
4,1562491691540,-960,-208,352
6,1562491691549,-336,-912,-304
6,1562491691552,-288,-896,-352
6,1562491691553,-272,-880,-400
6,1562491691555,-320,-896,-432
6,1562491691557,-240,-928,-352
2,1562491691561,-1056,256,-64
2,1562491691568,-992,64,0
4,1562491691581,-784,-336,368
4,1562491691583,-720,-368,384
6,1562491691592,-176,-928,-272
6,1562491691595,-192,-928,-224
2,1562491691603,-896,-80,80
2,1562491691606,-864,-32,96
4,1562491691625,-736,-336,384
4,1562491691626,-816,-256,432
6,1562491691633,-208,-928,-240
6,1562491691634,-288,-928,-288
2,1562491691640,-896,96,64
2,1562491691641,-928,160,32
4,1562491691671,-928,-160,432
4,1562491691672,-1056,-96,416
6,1562491691681,-336,-896,-352
6,1562491691684,-384,-864,-448
6,1562491691687,-400,-864,-464
2,1562491691698,-992,272,32
2,1562491691699,-1056,416,16
2,1562491691700,-1040,496,0
4,1562491691717,-1104,-32,384
4,1562491691719,-1120,-48,384
4,1562491691721,-1072,-96,352
6,1562491691729,-368,-848,-480
6,1562491691731,-320,-848,-448
2,1562491691738,-1008,448,16
2,1562491691742,-976,384,32
4,1562491691762,-1040,-128,336
4,1562491691763,-992,-144,368
6,1562491691768,-304,-848,-448
6,1562491691770,-304,-880,-416
2,1562491691775,-976,320,0
2,1562491691776,-976,224,16
4,1562491691806,-896,-192,416
4,1562491691806,-864,-224,416
6,1562491691817,-288,-896,-352
6,1562491691820,-288,-912,-320
2,1562491691831,-928,144,48
2,1562491691833,-928,128,64
4,1562491691851,-880,-208,416
4,1562491691853,-928,-160,432
6,1562491691861,-304,-896,-336
6,1562491691864,-336,-880,-368
6,1562491691866,-352,-880,-416
2,1562491691869,-960,176,16
2,1562491691879,-992,224,-16
2,1562491691880,-1024,304,0
4,1562491691896,-992,-144,432
4,1562491691897,-1008,-128,384
4,1562491691899,-976,-160,336
6,1562491691904,-320,-880,-416
6,1562491691905,-256,-880,-400
2,1562491691914,-1008,256,0
2,1562491691915,-960,176,48
4,1562491691940,-864,-224,368
4,1562491691941,-832,-240,400
6,1562491691949,-240,-896,-336
6,1562491691950,-256,-912,-304
2,1562491691955,-912,112,64
2,1562491691956,-912,96,80
4,1562491691986,-848,-224,432
4,1562491691987,-864,-208,448
6,1562491691996,-304,-896,-320
6,1562491691998,-320,-928,-352
6,1562491692000,-272,-880,-352
2,1562491692009,-928,128,64
4,1562491692031,-848,-224,400
4,1562491692032,-848,-256,368
4,1562491692035,-912,-240,368
6,1562491692043,-240,-848,-384
6,1562491692046,-272,-864,-416
2,1562491692053,-960,144,48
2,1562491692054,-960,64,32
4,1562491692079,-1024,-192,384
4,1562491692080,-1264,112,368
6,1562491692083,-336,-768,-480
6,1562491692091,-528,-736,-656
2,1562491692093,-960,80,16
2,1562491692096,-992,128,-16
2,1562491692097,-1040,352,-64
2,1562491692098,-1136,672,-160
4,1562491692120,-1360,128,352
4,1562491692122,-1296,80,288
6,1562491692128,-512,-752,-672
6,1562491692130,-432,-768,-656
2,1562491692138,-1184,768,-160
2,1562491692139,-1072,560,-112
4,1562491692165,-1168,-64,288
4,1562491692173,-992,-128,320
6,1562491692175,-336,-800,-560
6,1562491692179,-320,-848,-464
6,1562491692181,-240,-896,-304
4,1562491692213,-784,-240,384
4,1562491692215,-656,-352,448
4,1562491692217,-656,-384,464
6,1562491692229,-224,-912,-208
6,1562491692232,-224,-912,-208
2,1562491692235,-992,336,-64
4,1562491692255,-768,-320,432
4,1562491692257,-944,-192,400
6,1562491692267,-256,-896,-288
6,1562491692270,-336,-880,-416
2,1562491692279,-944,96,-16
2,1562491692280,-864,-96,96
2,1562491692282,-848,-160,160
2,1562491692283,-896,-128,160
2,1562491692285,-960,-16,80
2,1562491692287,-1040,208,16
4,1562491692302,-1024,-128,368
4,1562491692303,-1056,-128,304
6,1562491692308,-352,-864,-448
6,1562491692309,-336,-848,-480
2,1562491692320,-1072,368,-48
2,1562491692321,-1056,400,-96
4,1562491692346,-1072,-128,272
4,1562491692347,-1040,-128,304
6,1562491692354,-320,-832,-512
6,1562491692356,-320,-832,-480
6,1562491692356,-352,-848,-432
2,1562491692364,-1008,352,-64
2,1562491692365,-976,288,-48
4,1562491692390,-992,-128,384
4,1562491692391,-944,-144,448
4,1562491692392,-944,-160,432
6,1562491692399,-400,-880,-384
6,1562491692401,-352,-880,-384
2,1562491692405,-976,224,0
2,1562491692407,-960,176,32
2,1562491692411,-976,160,80
4,1562491692435,-944,-176,384
4,1562491692437,-944,-176,384
6,1562491692445,-320,-864,-384
6,1562491692447,-336,-864,-384
4,1562491692480,-944,-176,400
4,1562491692481,-928,-192,384
6,1562491692492,-336,-880,-384
6,1562491692495,-320,-864,-368
2,1562491692505,-992,208,64
4,1562491692526,-1024,-64,432
4,1562491692534,-1232,176,592
6,1562491692536,-432,-848,-400
6,1562491692538,-656,-864,-464
6,1562491692540,-592,-928,-496
2,1562491692542,-1008,224,0
4,1562491692570,-1296,128,560
4,1562491692571,-1040,-176,304
4,1562491692572,-720,-416,208
6,1562491692578,-176,-912,-448
6,1562491692580,0,-864,-320
2,1562491692590,-960,192,0
2,1562491692594,-976,192,0
2,1562491692596,-992,384,-64
2,1562491692599,-1088,768,-80
2,1562491692600,-1168,640,-16
2,1562491692603,-1008,80,128
4,1562491692615,-608,-528,208
4,1562491692616,-544,-528,272
6,1562491692623,80,-896,-256
6,1562491692624,16,-960,-208
2,1562491692632,-768,-224,192
2,1562491692633,-752,-112,80
4,1562491692661,-512,-528,384
4,1562491692662,-736,-416,416
6,1562491692667,0,-912,-144
6,1562491692668,-128,-864,-256
6,1562491692669,-352,-896,-432
2,1562491692680,-848,-112,64
2,1562491692681,-944,16,-48
4,1562491692706,-1024,-144,400
4,1562491692708,-1184,-96,352
4,1562491692710,-1200,-64,304
6,1562491692720,-352,-864,-528
6,1562491692723,-368,-848,-544
2,1562491692726,-1120,288,-176
2,1562491692729,-1152,432,-224
4,1562491692751,-1168,-64,288
4,1562491692752,-1088,-80,320
6,1562491692757,-352,-848,-544
6,1562491692760,-336,-848,-480
2,1562491692771,-1088,464,-144
2,1562491692772,-1024,416,-112
2,1562491692772,-992,320,-80
4,1562491692797,-976,-176,400
4,1562491692798,-896,-240,448
6,1562491692807,-320,-896,-384
6,1562491692808,-320,-912,-336
2,1562491692814,-992,176,32
2,1562491692816,-976,64,80
4,1562491692840,-880,-256,432
4,1562491692841,-976,-208,384
6,1562491692849,-272,-896,-352
6,1562491692851,-304,-880,-368
6,1562491692852,-368,-864,-464
2,1562491692855,-1008,112,96
2,1562491692857,-1072,272,-16
4,1562491692886,-1120,-112,352
4,1562491692888,-1200,-64,288
4,1562491692889,-1136,-144,336
6,1562491692895,-352,-848,-544
6,1562491692896,-320,-896,-464
2,1562491692903,-1088,448,-128
2,1562491692904,-1072,480,-176
2,1562491692905,-1040,400,-80
4,1562491692931,-1040,-176,384
4,1562491692932,-848,-176,368
6,1562491692938,-304,-960,-400
6,1562491692940,-240,-912,-304
2,1562491692947,-944,272,-48
2,1562491692949,-832,0,16
4,1562491692977,-592,-400,336
4,1562491692979,-480,-544,352
6,1562491692987,-64,-880,-144
6,1562491692989,0,-912,-80
2,1562491692990,-800,-240,192
2,1562491692995,-768,-256,240
4,1562491693021,-544,-576,448
4,1562491693022,-672,-400,528
6,1562491693032,-48,-976,-80
6,1562491693034,-224,-976,-112
6,1562491693036,-384,-960,-272
2,1562491693046,-848,-96,128
2,1562491693047,-976,80,16
2,1562491693050,-1088,352,-64
4,1562491693065,-960,-176,512
4,1562491693067,-1216,-32,384
4,1562491693070,-1312,16,272
6,1562491693079,-400,-896,-464
6,1562491693081,-368,-880,-576
2,1562491693084,-1184,576,-96
2,1562491693086,-1120,608,-128
4,1562491693111,-1216,-32,240
4,1562491693112,-992,-192,304
6,1562491693121,-320,-880,-528
6,1562491693122,-240,-912,-384
2,1562491693130,-1008,432,-128
2,1562491693132,-944,160,0
4,1562491693155,-832,-320,384
4,1562491693156,-688,-384,416
6,1562491693165,-192,-928,-256
6,1562491693167,-176,-944,-176
6,1562491693171,-192,-944,-160
2,1562491693172,-864,-32,80
2,1562491693175,-832,-112,112
4,1562491693200,-672,-400,480
4,1562491693201,-768,-320,512
6,1562491693208,-304,-944,-208
6,1562491693220,-368,-912,-304
2,1562491693224,-896,-32,96
2,1562491693226,-1008,96,32
2,1562491693229,-1072,224,16
4,1562491693244,-944,-208,480
4,1562491693245,-1136,-112,400
4,1562491693249,-1200,-64,352
6,1562491693252,-400,-896,-448
6,1562491693253,-384,-880,-496
2,1562491693263,-1136,496,-48
2,1562491693264,-1120,576,-144
4,1562491693290,-1184,-80,288
4,1562491693291,-976,-240,256
6,1562491693296,-320,-880,-512
6,1562491693298,-192,-896,-416
2,1562491693305,-1040,384,-128
2,1562491693307,-960,64,0
4,1562491693335,-752,-384,304
4,1562491693336,-624,-448,416
6,1562491693345,-128,-912,-272
6,1562491693347,-160,-928,-160
6,1562491693350,-240,-944,-192
4,1562491693382,-688,-400,496
4,1562491693385,-880,-256,496
4,1562491693387,-1088,-112,384
6,1562491693394,-336,-912,-304
6,1562491693396,-368,-848,-432
4,1562491693428,-1296,-32,320
4,1562491693429,-1360,32,304
6,1562491693444,-400,-832,-576
6,1562491693449,-432,-832,-624
2,1562491693452,-864,-176,80
2,1562491693454,-832,-192,112
2,1562491693455,-928,16,64
2,1562491693457,-1024,224,-16
2,1562491693459,-1088,448,-64
2,1562491693462,-1152,720,-160
2,1562491693463,-1120,768,-224
4,1562491693471,-1248,-32,320
4,1562491693472,-1040,-176,320
6,1562491693482,-384,-848,-544
6,1562491693484,-256,-880,-448
4,1562491693516,-752,-320,304
4,1562491693517,-528,-512,352
6,1562491693523,-144,-896,-288
6,1562491693526,-64,-912,-144
6,1562491693530,-96,-976,-80
2,1562491693541,-1040,448,-112
2,1562491693543,-928,96,16
2,1562491693546,-848,-256,112
2,1562491693548,-800,-384,160
4,1562491693564,-496,-576,416
4,1562491693566,-624,-464,544
4,1562491693568,-912,-224,512
6,1562491693576,-224,-960,-112
6,1562491693577,-400,-944,-256
2,1562491693579,-848,-240,128
2,1562491693580,-960,-16,16
2,1562491693581,-1072,224,-80
4,1562491693605,-1152,-144,352
4,1562491693606,-1296,-48,256
6,1562491693615,-352,-880,-448
6,1562491693617,-336,-864,-592
2,1562491693624,-1152,464,-128
2,1562491693626,-1168,640,-160
4,1562491693650,-1280,-32,272
4,1562491693652,-1136,-96,304
6,1562491693659,-368,-848,-592
6,1562491693662,-320,-864,-496
6,1562491693668,-176,-912,-336
2,1562491693677,-1072,624,-192
2,1562491693678,-976,288,-80
4,1562491693697,-832,-304,304
4,1562491693698,-640,-432,400
6,1562491693707,-144,-944,-208
6,1562491693710,-256,-960,-112
2,1562491693713,-864,-80,96
2,1562491693715,-816,-256,176
4,1562491693740,-608,-416,576
4,1562491693741,-736,-304,592
4,1562491693742,-896,-256,432
6,1562491693751,-336,-960,-176
6,1562491693754,-304,-928,-304
2,1562491693765,-880,-144,176
2,1562491693768,-1024,0,96
2,1562491693770,-1088,96,32
4,1562491693786,-992,-256,304
4,1562491693787,-1136,-176,240
6,1562491693795,-208,-896,-400
6,1562491693796,-240,-864,-496
2,1562491693804,-1104,224,0
2,1562491693805,-1088,464,-176
4,1562491693829,-1168,-144,272
4,1562491693834,-1152,-176,336
6,1562491693837,-320,-848,-528
6,1562491693838,-320,-880,-496
6,1562491693840,-304,-880,-464
2,1562491693848,-1056,560,-256
2,1562491693851,-1040,416,-112
4,1562491693877,-1088,-176,336
4,1562491693878,-848,-240,288
6,1562491693883,-192,-864,-368
6,1562491693887,-144,-928,-256
2,1562491693892,-1008,176,-16
2,1562491693899,-896,-128,48
4,1562491693921,-704,-400,384
4,1562491693923,-592,-416,480
4,1562491693926,-704,-336,544
6,1562491693935,-208,-944,-144
6,1562491693937,-288,-960,-160
2,1562491693939,-848,-240,80
2,1562491693941,-864,-128,128
2,1562491693943,-960,64,80
4,1562491693964,-896,-176,544
4,1562491693966,-1024,-112,416
6,1562491693971,-416,-928,-288
6,1562491693973,-384,-896,-432
2,1562491693982,-1024,288,-16
2,1562491693984,-1008,240,-48
4,1562491694012,-880,-272,256
4,1562491694014,-832,-320,368
2,1562491694027,-912,32,16
2,1562491694029,-896,128,80
4,1562491694056,-1056,-80,400
4,1562491694059,-1312,0,352
2,1562491694070,-1024,544,16
2,1562491694072,-1168,848,-80
4,1562491694101,-1344,48,288
4,1562491694102,-1280,32,256
4,1562491694104,-1200,-96,320
6,1562491694111,-240,-896,-384
6,1562491694113,-176,-848,-352
6,1562491694115,-400,-832,-432
6,1562491694117,-432,-784,-608
6,1562491694120,-432,-768,-672
6,1562491694123,-416,-784,-656
4,1562491694146,-976,-160,272
4,1562491694155,-736,-336,304
2,1562491694164,-1120,784,-144
2,1562491694168,-1024,544,-160
2,1562491694172,-1008,336,-112
2,1562491694174,-992,16,-48
2,1562491694176,-944,-352,80
4,1562491694189,-528,-560,416
4,1562491694191,-544,-480,512
6,1562491694199,-304,-816,-464
6,1562491694201,-176,-880,-336
6,1562491694203,-80,-944,-192
6,1562491694204,-176,-976,-128
6,1562491694206,-336,-944,-192
2,1562491694208,-848,-400,224
2,1562491694210,-864,-144,192
4,1562491694236,-736,-288,576
4,1562491694237,-960,-160,480
4,1562491694238,-1104,-128,352
6,1562491694250,-400,-912,-336
6,1562491694252,-352,-848,-480
2,1562491694254,-944,144,48
2,1562491694261,-1040,336,-32
4,1562491694282,-1168,-112,240
4,1562491694283,-1120,-112,256
6,1562491694288,-304,-832,-560
6,1562491694290,-304,-832,-544
2,1562491694298,-1088,400,-80
2,1562491694300,-1056,448,-80
2,1562491694301,-1008,416,-112
4,1562491694327,-992,-192,352
4,1562491694328,-944,-208,400
6,1562491694335,-288,-864,-448
6,1562491694336,-320,-880,-384
6,1562491694336,-336,-880,-384
2,1562491694340,-960,304,-48
2,1562491694341,-928,176,16
4,1562491694370,-944,-208,400
4,1562491694371,-944,-208,416
6,1562491694379,-336,-896,-368
6,1562491694383,-336,-880,-400
2,1562491694393,-992,112,48
2,1562491694396,-1056,144,32
2,1562491694398,-1072,272,16
4,1562491694415,-1008,-192,384
4,1562491694416,-1072,-144,384
4,1562491694418,-1072,-112,416
6,1562491694424,-336,-880,-448
6,1562491694426,-384,-896,-432
2,1562491694434,-1056,368,0
2,1562491694437,-1024,304,-96
4,1562491694462,-928,-192,400
4,1562491694463,-768,-368,368
6,1562491694470,-320,-912,-352
6,1562491694471,-176,-928,-272
2,1562491694483,-944,64,-48
2,1562491694484,-896,-96,48
4,1562491694507,-640,-432,336
4,1562491694510,-560,-496,368
6,1562491694518,-112,-912,-208
6,1562491694520,-80,-944,-176
6,1562491694522,-112,-976,-128
2,1562491694524,-864,-208,96
2,1562491694527,-848,-272,144
4,1562491694550,-560,-496,464
4,1562491694551,-752,-304,544
6,1562491694558,-272,-928,-176
6,1562491694566,-416,-912,-384
4,1562491694597,-1088,-96,448
4,1562491694598,-1328,16,304
4,1562491694599,-1408,48,224
6,1562491694608,-400,-832,-576
6,1562491694612,-368,-784,-704
2,1562491694621,-864,-176,160
2,1562491694623,-992,160,128
2,1562491694624,-1168,544,-32
2,1562491694626,-1184,816,-208
2,1562491694628,-1056,848,-240
4,1562491694639,-1344,48,256
4,1562491694640,-1136,-16,304
6,1562491694649,-400,-800,-656
6,1562491694651,-400,-848,-528
4,1562491694685,-832,-224,352
4,1562491694686,-624,-448,384
6,1562491694694,-304,-912,-352
6,1562491694697,-160,-912,-208
6,1562491694699,-160,-944,-128
2,1562491694710,-976,672,-224
2,1562491694713,-928,272,-144
2,1562491694715,-880,-208,32
2,1562491694718,-848,-384,144
4,1562491694734,-576,-496,464
4,1562491694737,-736,-352,512
6,1562491694747,-288,-944,-176
6,1562491694749,-352,-912,-288
2,1562491694751,-896,-192,160
2,1562491694753,-1040,32,0
2,1562491694760,-1072,176,-64
4,1562491694778,-912,-240,432
4,1562491694782,-1024,-240,336
4,1562491694784,-1120,-144,272
6,1562491694791,-304,-896,-384
6,1562491694793,-304,-864,-480
2,1562491694795,-1104,320,-64
2,1562491694798,-1088,480,-128
4,1562491694820,-1152,-96,272
4,1562491694822,-1088,-144,320
6,1562491694828,-336,-848,-528
6,1562491694830,-368,-864,-464
6,1562491694832,-288,-880,-384
2,1562491694840,-1040,480,-176
2,1562491694842,-976,288,-144
4,1562491694866,-928,-224,288
4,1562491694867,-800,-336,320
6,1562491694874,-208,-896,-320
6,1562491694878,-256,-896,-272
2,1562491694887,-896,16,-64
4,1562491694912,-816,-304,384
4,1562491694913,-880,-224,400
4,1562491694915,-976,-192,384
6,1562491694924,-304,-896,-304
6,1562491694927,-336,-896,-336
2,1562491694931,-880,-48,16
2,1562491694941,-912,96,16
2,1562491694942,-976,224,-32
2,1562491694944,-1008,336,-32
4,1562491694957,-1040,-144,352
4,1562491694960,-1088,-128,368
6,1562491694968,-336,-880,-400
6,1562491694970,-368,-880,-416
2,1562491694972,-1040,400,0
2,1562491694974,-1040,464,-16
4,1562491695000,-1120,-96,432
4,1562491695002,-1056,-128,432
6,1562491695009,-384,-880,-416
6,1562491695010,-384,-896,-400
6,1562491695017,-368,-928,-320
2,1562491695020,-1008,464,32
2,1562491695022,-992,400,144
4,1562491695045,-960,-144,480
4,1562491695046,-864,-144,432
6,1562491695052,-368,-912,-272
6,1562491695054,-176,-912,-240
2,1562491695063,-944,224,128
2,1562491695065,-896,-32,64
4,1562491695091,-688,-384,304
4,1562491695091,-576,-544,256
4,1562491695093,-640,-512,288
6,1562491695100,-32,-976,-192
6,1562491695102,-32,-928,-192
2,1562491695106,-864,-224,48
2,1562491695110,-848,-256,16
2,1562491695113,-896,-32,-48
4,1562491695137,-928,-240,416
4,1562491695138,-1152,-64,432
6,1562491695148,-288,-928,-304
6,1562491695150,-448,-880,-400
2,1562491695158,-1056,336,-192
4,1562491695182,-1248,-64,288
4,1562491695184,-1216,-64,192
6,1562491695191,-416,-832,-528
6,1562491695193,-320,-800,-592
6,1562491695195,-304,-832,-512
2,1562491695204,-1152,528,-208
2,1562491695208,-1120,496,-112
2,1562491695210,-1024,384,-64
4,1562491695227,-1104,-128,288
4,1562491695228,-864,-288,336
6,1562491695237,-272,-880,-368
6,1562491695238,-272,-928,-240
2,1562491695247,-1008,208,-64
2,1562491695248,-944,-48,32
4,1562491695272,-784,-352,416
4,1562491695274,-864,-272,432
4,1562491695276,-1024,-144,528
6,1562491695281,-336,-912,-320
6,1562491695283,-464,-896,-320
2,1562491695285,-912,-32,80
2,1562491695287,-1024,224,-48
2,1562491695289,-1088,400,-208
4,1562491695315,-1072,-112,448
4,1562491695316,-1056,-144,288
6,1562491695323,-480,-880,-368
6,1562491695324,-368,-880,-416
6,1562491695324,-272,-880,-464
4,1562491695361,-1040,-192,256
4,1562491695365,-992,-144,272
6,1562491695375,-304,-864,-416
6,1562491695377,-176,-896,-272
4,1562491695406,-752,-384,336
4,1562491695407,-688,-400,384
6,1562491695417,-192,-928,-208
6,1562491695422,-192,-912,-208
2,1562491695433,-1024,336,-64
2,1562491695435,-976,272,0
2,1562491695437,-992,320,0
2,1562491695438,-960,112,0
2,1562491695441,-896,-64,128
2,1562491695444,-880,-128,80
4,1562491695452,-720,-416,384
4,1562491695453,-912,-272,432
4,1562491695454,-1136,-64,400
6,1562491695461,-288,-928,-272
6,1562491695463,-432,-896,-400
2,1562491695469,-1040,272,-64
2,1562491695470,-1088,544,-192
4,1562491695496,-1248,0,272
4,1562491695497,-1248,-48,224
6,1562491695504,-432,-864,-528
6,1562491695505,-368,-848,-576
6,1562491695506,-352,-880,-528
2,1562491695515,-1088,624,-128
2,1562491695517,-1056,496,-112
4,1562491695546,-1152,-112,272
4,1562491695548,-1008,-160,352
6,1562491695554,-304,-912,-416
6,1562491695557,-272,-864,-304
2,1562491695558,-992,384,-16
2,1562491695560,-928,208,48
4,1562491695586,-848,-240,352
4,1562491695589,-736,-336,368
6,1562491695600,-208,-880,-224
6,1562491695603,-176,-928,-144
2,1562491695605,-896,16,80
2,1562491695610,-912,-96,96
4,1562491695631,-656,-416,416
4,1562491695638,-672,-448,448
4,1562491695640,-800,-368,448
6,1562491695644,-192,-960,-112
6,1562491695646,-256,-976,-192
4,1562491695676,-960,-240,352
4,1562491695677,-1104,-128,272
6,1562491695684,-272,-944,-288
6,1562491695686,-288,-912,-416
6,1562491695688,-304,-880,-464
2,1562491695700,-896,-144,80
2,1562491695702,-912,-64,32
2,1562491695703,-992,128,-48
2,1562491695704,-1024,272,-64
2,1562491695706,-1056,400,-96
4,1562491695720,-1152,-112,272
4,1562491695723,-1168,-96,304
6,1562491695732,-352,-896,-464
6,1562491695734,-352,-880,-432
2,1562491695736,-1056,480,-128
2,1562491695739,-1024,448,-144
4,1562491695765,-1088,-96,304
4,1562491695766,-896,-272,256
4,1562491695768,-752,-432,336
6,1562491695773,-256,-880,-352
6,1562491695774,-128,-928,-272
2,1562491695780,-992,208,-96
2,1562491695782,-912,-80,48
4,1562491695812,-752,-368,432
4,1562491695812,-816,-272,480
6,1562491695820,-208,-944,-192
6,1562491695827,-304,-928,-192
6,1562491695830,-320,-928,-256
2,1562491695838,-912,-112,112
2,1562491695841,-944,48,32
2,1562491695842,-992,80,-48
4,1562491695855,-880,-304,416
4,1562491695857,-944,-336,352
6,1562491695865,-256,-928,-304
6,1562491695867,-304,-912,-384
2,1562491695870,-1040,64,-48
2,1562491695872,-1056,176,-32
4,1562491695900,-1040,-176,352
4,1562491695902,-1072,-96,432
6,1562491695907,-416,-896,-384
6,1562491695918,-368,-880,-416
2,1562491695919,-1040,368,-80
2,1562491695922,-1024,448,-96
2,1562491695923,-1024,416,48
4,1562491695946,-1120,-112,304
4,1562491695947,-1152,-112,192
4,1562491695948,-1040,-112,320
6,1562491695952,-256,-864,-528
6,1562491695953,-288,-880,-448
2,1562491695963,-1024,400,32
2,1562491695964,-928,160,-80
4,1562491695991,-784,-304,336
4,1562491696002,-656,-464,320
6,1562491696003,-272,-896,-304
6,1562491696007,-144,-928,-208
6,1562491696012,-176,-976,-176
2,1562491696014,-880,-176,0
2,1562491696017,-880,-240,64
4,1562491696035,-688,-448,416
4,1562491696036,-880,-256,464
6,1562491696049,-304,-928,-224
6,1562491696051,-432,-896,-352
2,1562491696060,-928,-16,16
2,1562491696062,-1024,320,-80
4,1562491696081,-1136,-80,416
4,1562491696083,-1296,0,272
6,1562491696091,-416,-832,-528
6,1562491696093,-368,-832,-592
2,1562491696102,-1104,544,-112
2,1562491696104,-1136,624,-112
2,1562491696106,-1056,560,-112
4,1562491696127,-1296,0,224
4,1562491696128,-1152,-48,288
4,1562491696129,-880,-224,304
6,1562491696133,-368,-848,-544
6,1562491696134,-288,-912,-384
2,1562491696139,-976,320,-48
2,1562491696145,-896,-64,80
4,1562491696170,-704,-416,336
4,1562491696171,-656,-432,384
6,1562491696182,-160,-912,-256
6,1562491696184,-160,-928,-176
6,1562491696186,-224,-944,-128
2,1562491696188,-848,-192,128
2,1562491696189,-880,-112,64
4,1562491696215,-704,-384,464
4,1562491696215,-928,-240,448
6,1562491696223,-320,-944,-224
6,1562491696224,-368,-912,-384
2,1562491696234,-960,48,0
2,1562491696235,-1072,224,-96
4,1562491696260,-1120,-128,304
4,1562491696262,-1168,-144,208
6,1562491696268,-288,-896,-496
6,1562491696270,-288,-880,-464
2,1562491696280,-1136,352,-128
2,1562491696281,-1088,384,-96
2,1562491696282,-1008,384,-96
4,1562491696305,-1120,-160,272
4,1562491696306,-1008,-160,368
4,1562491696307,-880,-224,384
6,1562491696317,-320,-912,-416
6,1562491696320,-304,-912,-320
2,1562491696323,-960,224,-32
2,1562491696332,-912,0,48
4,1562491696351,-784,-352,336
4,1562491696352,-768,-352,384
6,1562491696357,-192,-912,-256
6,1562491696358,-176,-928,-224
6,1562491696368,-288,-944,-224
2,1562491696371,-880,-48,112
2,1562491696372,-912,96,48
4,1562491696395,-896,-256,464
4,1562491696398,-1056,-128,416
6,1562491696405,-384,-912,-320
6,1562491696408,-400,-912,-384
2,1562491696418,-1024,272,-64
2,1562491696421,-1072,400,-144
4,1562491696440,-1088,-144,352
4,1562491696443,-1120,-192,224
6,1562491696452,-304,-912,-448
6,1562491696454,-240,-912,-480
2,1562491696457,-1072,304,-160
2,1562491696460,-1072,304,-64
2,1562491696463,-1040,288,-96
4,1562491696486,-1104,-192,240
4,1562491696487,-896,-208,336
4,1562491696488,-704,-368,352
6,1562491696495,-272,-896,-384
6,1562491696497,-224,-864,-240
6,1562491696500,-128,-928,-128
2,1562491696510,-944,0,-48
2,1562491696511,-848,-224,64
4,1562491696530,-688,-480,336
4,1562491696531,-768,-384,352
6,1562491696537,-128,-960,-176
6,1562491696539,-256,-960,-224
2,1562491696545,-848,-144,96
2,1562491696548,-912,96,16
4,1562491696577,-880,-256,416
4,1562491696581,-992,-192,400
6,1562491696596,-352,-960,-272
6,1562491696597,-352,-912,-352
2,1562491696600,-992,288,-48
2,1562491696601,-1008,416,-112
4,1562491696620,-1136,-96,352
4,1562491696627,-1200,-48,288
4,1562491696629,-1120,-96,256
6,1562491696631,-400,-896,-464
6,1562491696633,-336,-864,-464
2,1562491696643,-1024,480,-112
2,1562491696644,-1024,448,-112
2,1562491696646,-960,336,-48
4,1562491696665,-1008,-192,304
4,1562491696666,-896,-272,352
6,1562491696673,-288,-912,-400
6,1562491696675,-240,-928,-336
6,1562491696676,-240,-928,-272
2,1562491696687,-928,208,-16
2,1562491696688,-928,144,16
4,1562491696710,-848,-288,384
4,1562491696712,-816,-304,368
6,1562491696718,-240,-912,-240
6,1562491696720,-176,-896,-256
2,1562491696730,-960,64,0
2,1562491696731,-960,-48,16
4,1562491696755,-784,-384,304
4,1562491696757,-816,-368,304
6,1562491696766,-144,-928,-272
6,1562491696768,-192,-944,-272
2,1562491696771,-960,-48,16
2,1562491696775,-992,32,-48
4,1562491696800,-864,-320,336
4,1562491696802,-880,-304,304
4,1562491696803,-864,-320,272
6,1562491696813,-224,-928,-304
6,1562491696816,-192,-880,-336
2,1562491696824,-1008,96,-96
2,1562491696827,-1008,32,-80
2,1562491696829,-1008,0,-32
4,1562491696844,-944,-320,304
4,1562491696847,-1008,-224,352
6,1562491696854,-208,-912,-352
6,1562491696857,-288,-944,-384
6,1562491696859,-400,-896,-384
4,1562491696892,-1088,-112,416
4,1562491696902,-1136,-96,368
6,1562491696904,-448,-880,-432
6,1562491696908,-400,-864,-496
2,1562491696911,-1024,64,-64
2,1562491696915,-1056,256,-64
2,1562491696919,-1056,400,-144
2,1562491696929,-1040,448,-144
4,1562491696936,-1200,-96,288
4,1562491696938,-1104,-112,240
6,1562491696946,-352,-848,-528
6,1562491696948,-272,-880,-432
2,1562491696950,-1056,448,-128
2,1562491696952,-976,272,-64
4,1562491696981,-928,-272,304
4,1562491696983,-832,-304,368
4,1562491696985,-816,-336,400
6,1562491696992,-256,-896,-336
6,1562491696994,-256,-912,-288
6,1562491696996,-272,-912,-288
2,1562491696998,-912,80,0
2,1562491697000,-928,-16,16
2,1562491697002,-960,16,16
4,1562491697026,-880,-272,400
4,1562491697027,-1040,-176,368
6,1562491697033,-336,-896,-352
6,1562491697035,-368,-896,-432
2,1562491697040,-1024,128,-16
2,1562491697041,-1088,336,-112
4,1562491697071,-1120,-144,320
4,1562491697073,-1136,-160,304
6,1562491697089,-352,-880,-464
6,1562491697093,-352,-896,-464
2,1562491697097,-1072,416,-144
2,1562491697100,-1056,368,-80
4,1562491697115,-1136,-144,320
6,1562491697126,-336,-896,-448
6,1562491697128,-272,-864,-384
2,1562491697135,-1056,368,-32
2,1562491697137,-1024,224,-32
4,1562491697160,-1104,-128,336
4,1562491697165,-880,-256,272
4,1562491697167,-672,-496,256
4,1562491697169,-560,-624,256
6,1562491697171,-96,-912,-272
6,1562491697173,16,-928,-176
6,1562491697175,16,-944,-144
2,1562491697184,-960,-112,0
2,1562491697185,-896,-288,32
2,1562491697186,-864,-256,32
4,1562491697205,-608,-560,352
4,1562491697206,-752,-336,512
6,1562491697214,-192,-976,-128
6,1562491697216,-368,-960,-176
2,1562491697219,-896,-80,-64
2,1562491697220,-960,96,-176
4,1562491697251,-912,-208,480
4,1562491697252,-1072,-176,304
6,1562491697262,-320,-944,-288
6,1562491697264,-272,-896,-464
2,1562491697271,-976,208,-144
2,1562491697274,-1024,336,-48
4,1562491697296,-1232,-64,240
4,1562491697298,-1200,-32,288
6,1562491697309,-320,-880,-512
6,1562491697311,-352,-896,-416
2,1562491697319,-1072,544,-80
2,1562491697320,-1040,544,-96
2,1562491697321,-992,288,-16
4,1562491697340,-1088,-112,352
4,1562491697341,-928,-256,336
4,1562491697344,-816,-336,368
6,1562491697352,-288,-912,-368
6,1562491697353,-192,-944,-272
6,1562491697354,-208,-960,-192
2,1562491697356,-928,48,112
2,1562491697357,-912,-32,112
4,1562491697387,-688,-384,416
6,1562491697394,-176,-976,-96
6,1562491697395,-192,-992,-96
2,1562491697403,-896,-144,96
2,1562491697405,-896,-176,64
4,1562491697429,-576,-496,464
4,1562491697431,-672,-416,448
4,1562491697436,-928,-256,416
6,1562491697438,-256,-960,-208
6,1562491697441,-368,-912,-320
4,1562491697478,-1136,-80,368
4,1562491697480,-1296,-48,288
4,1562491697483,-1296,-80,240
6,1562491697495,-416,-864,-496
6,1562491697497,-352,-832,-576
6,1562491697499,-320,-864,-560
2,1562491697501,-928,-32,16
2,1562491697503,-1056,240,-16
2,1562491697504,-1168,512,-160
2,1562491697506,-1136,592,-240
2,1562491697509,-1072,576,-144
4,1562491697521,-1200,-96,304
4,1562491697524,-1040,-144,352
6,1562491697534,-336,-912,-464
6,1562491697536,-272,-912,-352
2,1562491697539,-1008,448,-80
2,1562491697541,-912,160,0
4,1562491697565,-816,-288,384
4,1562491697567,-608,-416,384
6,1562491697573,-192,-896,-208
6,1562491697576,-128,-944,-128
2,1562491697584,-848,-144,96
2,1562491697585,-864,-272,144
4,1562491697611,-560,-512,480
4,1562491697612,-688,-416,512
6,1562491697620,-192,-960,-112
6,1562491697623,-272,-928,-208
2,1562491697632,-928,-208,112
2,1562491697634,-992,-32,-16
2,1562491697635,-1088,224,-96
4,1562491697656,-928,-240,448
4,1562491697658,-1152,-112,304
4,1562491697660,-1216,-144,224
6,1562491697670,-368,-896,-368
6,1562491697671,-336,-880,-512
6,1562491697672,-288,-864,-560
2,1562491697674,-1136,400,-160
2,1562491697677,-1120,448,-144
4,1562491697700,-1200,-128,240
4,1562491697702,-1152,-144,384
6,1562491697710,-320,-896,-512
6,1562491697711,-368,-912,-416
2,1562491697721,-1072,496,-160
2,1562491697723,-1024,432,-96
4,1562491697747,-1008,-160,416
4,1562491697750,-832,-240,336
6,1562491697759,-320,-896,-352
6,1562491697762,-192,-896,-272
2,1562491697766,-912,144,0
2,1562491697768,-848,-80,112
4,1562491697793,-784,-352,368
4,1562491697795,-816,-272,448
6,1562491697803,-224,-928,-256
6,1562491697807,-304,-928,-224
2,1562491697811,-912,0,96
2,1562491697813,-976,112,-48
2,1562491697815,-1008,80,-80
4,1562491697834,-848,-272,416
4,1562491697835,-912,-304,352
4,1562491697836,-976,-272,256
6,1562491697842,-256,-928,-288
6,1562491697844,-208,-912,-320
6,1562491697847,-192,-896,-416
2,1562491697854,-1024,96,-64
2,1562491697855,-1008,160,-32
4,1562491697879,-992,-256,288
4,1562491697880,-1008,-208,368
6,1562491697888,-256,-912,-384
6,1562491697888,-288,-912,-336
4,1562491697932,-912,-208,336
4,1562491697934,-816,-336,272
6,1562491697937,-192,-896,-320
6,1562491697940,-128,-896,-288
2,1562491697956,-1024,256,-48
2,1562491697958,-1008,208,-64
2,1562491697960,-960,16,-16
2,1562491697963,-928,-128,32
4,1562491697973,-752,-400,336
4,1562491697976,-752,-368,400
6,1562491697984,-160,-928,-256
6,1562491697986,-240,-928,-240
6,1562491697986,-224,-944,-288
4,1562491698015,-752,-336,400
4,1562491698016,-912,-288,400
4,1562491698018,-1104,-64,480
6,1562491698025,-352,-928,-368
6,1562491698026,-464,-880,-448
2,1562491698038,-944,-96,0
2,1562491698039,-992,-64,-64
2,1562491698042,-992,0,0
2,1562491698045,-976,208,16
2,1562491698047,-1056,496,-16
4,1562491698059,-1216,0,416
4,1562491698060,-1296,48,336
6,1562491698067,-448,-832,-512
6,1562491698068,-432,-816,-608
2,1562491698080,-1072,656,-64
2,1562491698081,-1056,768,-112
4,1562491698104,-1264,32,288
4,1562491698105,-1232,-48,336
6,1562491698112,-416,-864,-560
6,1562491698114,-432,-928,-528
2,1562491698122,-992,720,-128
2,1562491698124,-976,592,-64
4,1562491698150,-1184,-32,352
4,1562491698151,-880,-144,272
4,1562491698152,-640,-496,384
6,1562491698159,-368,-880,-528
6,1562491698161,-176,-848,-352
6,1562491698165,-112,-880,-176
2,1562491698175,-1008,304,-96
2,1562491698178,-960,-160,64
2,1562491698180,-928,-256,128
4,1562491698196,-576,-432,416
4,1562491698198,-656,-464,384
6,1562491698206,-144,-864,-112
6,1562491698208,-128,-912,-176
2,1562491698216,-896,-176,48
2,1562491698217,-960,-80,16
4,1562491698240,-800,-368,336
4,1562491698248,-992,-240,336
6,1562491698250,-192,-928,-320
6,1562491698252,-272,-928,-400
2,1562491698255,-992,96,-64
2,1562491698256,-1024,272,-96
4,1562491698285,-1040,-176,304
4,1562491698286,-1056,-208,320
6,1562491698293,-272,-928,-416
6,1562491698296,-288,-912,-416
2,1562491698306,-1040,288,-64
2,1562491698309,-1024,288,-16
4,1562491698331,-1056,-176,320
4,1562491698332,-1040,-160,352
4,1562491698333,-1008,-160,368
6,1562491698340,-288,-912,-432
6,1562491698342,-304,-896,-384
6,1562491698343,-288,-912,-368
2,1562491698351,-1024,352,-32
2,1562491698353,-1008,288,0
2,1562491698354,-992,128,16
4,1562491698378,-928,-240,336
4,1562491698379,-864,-304,384
6,1562491698387,-224,-912,-320
6,1562491698390,-240,-912,-272
2,1562491698394,-1008,96,16
2,1562491698396,-976,64,-48
4,1562491698420,-816,-320,416
4,1562491698422,-800,-320,384
6,1562491698428,-240,-912,-256
6,1562491698429,-224,-928,-256
2,1562491698438,-928,32,-80
2,1562491698441,-928,0,-80
4,1562491698465,-832,-336,336
4,1562491698466,-912,-320,336
6,1562491698472,-192,-928,-304
6,1562491698475,-256,-944,-336
2,1562491698484,-976,32,-48
2,1562491698487,-992,208,-48
4,1562491698510,-1056,-208,400
4,1562491698520,-1184,-32,448
4,1562491698522,-1184,32,352
6,1562491698524,-384,-928,-384
6,1562491698525,-480,-896,-448
6,1562491698527,-384,-880,-496
2,1562491698533,-1056,480,-64
2,1562491698535,-1040,624,-96
2,1562491698537,-1008,416,-32
4,1562491698555,-1088,-144,256
4,1562491698556,-880,-240,224
6,1562491698563,-240,-896,-448
6,1562491698565,-128,-848,-320
2,1562491698570,-976,176,0
2,1562491698571,-912,-96,16
4,1562491698603,-656,-464,288
4,1562491698606,-512,-528,368
6,1562491698620,-48,-880,-160
6,1562491698623,-80,-992,-112
2,1562491698625,-880,-256,48
2,1562491698627,-896,-272,64
4,1562491698646,-672,-496,512
4,1562491698647,-960,-208,528
6,1562491698660,-272,-992,-144
6,1562491698663,-448,-928,-336
6,1562491698665,-448,-896,-512
2,1562491698666,-1008,0,-48
2,1562491698673,-1072,352,-112
4,1562491698693,-1216,-48,416
4,1562491698694,-1376,64,256
4,1562491698695,-1328,32,224
6,1562491698701,-416,-864,-624
6,1562491698703,-368,-880,-576
2,1562491698705,-1104,624,-112
2,1562491698707,-1088,688,-80
2,1562491698710,-1024,640,-48
4,1562491698735,-1200,-96,336
4,1562491698736,-1008,-64,352
6,1562491698745,-352,-960,-464
6,1562491698748,-336,-832,-384
2,1562491698759,-976,512,0
2,1562491698762,-944,64,48
4,1562491698780,-656,-336,336
4,1562491698782,-496,-480,368
6,1562491698787,-48,-832,-208
6,1562491698788,-192,-864,-32
4,1562491698827,-624,-608,352
4,1562491698829,-720,-368,496
4,1562491698831,-928,-224,432
6,1562491698842,64,-1008,-128
6,1562491698847,-304,-992,-192
6,1562491698852,-320,-928,-352
2,1562491698854,-880,-304,192
2,1562491698858,-832,-272,160
2,1562491698861,-896,-64,16
2,1562491698863,-1024,96,-128
4,1562491698873,-1136,-176,288
4,1562491698875,-1216,-96,224
6,1562491698886,-288,-896,-512
6,1562491698888,-336,-896,-528
2,1562491698891,-1072,208,-96
2,1562491698894,-1120,352,-48
2,1562491698896,-1072,480,-96
6,1562491698924,-368,-896,-432
6,1562491698929,-320,-912,-352
2,1562491698932,-992,432,-112
4,1562491698962,-1136,-64,320
4,1562491698965,-1008,-176,384
4,1562491698968,-928,-240,368
4,1562491698970,-912,-256,352
6,1562491698980,-256,-912,-336
6,1562491698981,-256,-912,-320
2,1562491698984,-944,256,-64
2,1562491698994,-944,96,16
2,1562491698997,-960,96,0
2,1562491698999,-976,96,-48
4,1562491699010,-880,-272,384
4,1562491699014,-848,-288,384
4,1562491699016,-912,-272,368
6,1562491699018,-256,-912,-288
6,1562491699021,-240,-928,-288
6,1562491699023,-256,-928,-320
2,1562491699031,-960,96,-32
2,1562491699033,-976,160,16
4,1562491699049,-976,-240,432
4,1562491699050,-928,-192,496
6,1562491699059,-320,-944,-304
6,1562491699060,-352,-928,-272
2,1562491699066,-1040,240,48
2,1562491699067,-976,192,64
4,1562491699095,-832,-208,480
4,1562491699096,-832,-272,368
6,1562491699103,-288,-928,-256
6,1562491699104,-176,-880,-320
2,1562491699115,-944,96,48
2,1562491699116,-960,-16,16
4,1562491699143,-848,-320,160
4,1562491699143,-848,-416,64
6,1562491699148,-80,-832,-400
6,1562491699150,16,-880,-416
6,1562491699151,-208,-912,-448
2,1562491699155,-944,-112,-16
2,1562491699155,-976,-32,-96
2,1562491699156,-1040,256,-208
4,1562491699186,-960,-336,176
4,1562491699187,-1136,-128,368
4,1562491699188,-1184,-80,352
6,1562491699195,-432,-896,-464
6,1562491699196,-416,-864,-496
2,1562491699205,-1136,480,-224
2,1562491699206,-1088,480,-96
4,1562491699231,-1248,-64,320
4,1562491699234,-1216,-16,352
6,1562491699243,-400,-848,-544
6,1562491699245,-416,-864,-496
2,1562491699253,-1040,544,-32
2,1562491699254,-992,528,0
4,1562491699277,-1024,-96,400
4,1562491699279,-848,-224,400
6,1562491699288,-368,-912,-384
6,1562491699292,-288,-880,-288
2,1562491699295,-896,272,80
2,1562491699304,-848,0,96
4,1562491699321,-688,-320,368
4,1562491699323,-688,-416,400
6,1562491699329,-192,-896,-208
6,1562491699332,-192,-912,-192
6,1562491699335,-288,-912,-272
2,1562491699337,-848,-144,128
2,1562491699340,-896,-32,112
2,1562491699344,-1008,112,0
4,1562491699365,-800,-304,416
4,1562491699366,-928,-224,416
4,1562491699367,-1088,-160,320
6,1562491699372,-336,-912,-336
6,1562491699373,-320,-880,-464
2,1562491699381,-1072,224,-64
2,1562491699383,-1088,304,-64
4,1562491699409,-1136,-144,224
4,1562491699411,-1104,-160,288
6,1562491699419,-304,-864,-512
6,1562491699420,-336,-880,-448
2,1562491699431,-1088,368,-96
2,1562491699433,-1040,384,-112
4,1562491699456,-1088,-144,352
4,1562491699459,-1024,-144,352
6,1562491699468,-352,-880,-432
6,1562491699470,-320,-864,-416
2,1562491699473,-1008,352,-80
2,1562491699476,-960,160,16
4,1562491699501,-896,-240,352
4,1562491699503,-816,-304,400
6,1562491699512,-256,-880,-320
6,1562491699512,-240,-912,-272
6,1562491699514,-240,-928,-240
2,1562491699522,-928,32,48
2,1562491699523,-944,48,16
2,1562491699526,-944,80,16
4,1562491699545,-800,-320,400
4,1562491699546,-864,-288,368
4,1562491699547,-928,-240,352
6,1562491699553,-240,-928,-288
6,1562491699554,-288,-928,-320
2,1562491699562,-960,144,0
2,1562491699564,-1008,256,-48
4,1562491699595,-992,-208,368
4,1562491699598,-992,-176,336
6,1562491699611,-320,-928,-336
6,1562491699613,-304,-928,-352
2,1562491699616,-1008,288,-32
2,1562491699619,-944,256,-16
4,1562491699635,-992,-192,320
4,1562491699636,-1024,-160,352
6,1562491699646,-272,-896,-352
6,1562491699648,-320,-896,-368
6,1562491699650,-240,-928,-272
2,1562491699655,-944,272,16
2,1562491699656,-992,224,-16
4,1562491699680,-880,-224,336
4,1562491699682,-704,-416,320
4,1562491699684,-656,-480,368
6,1562491699690,-128,-928,-192
6,1562491699692,-144,-960,-176
2,1562491699702,-928,-32,64
2,1562491699705,-880,-176,128
2,1562491699709,-896,-64,96
4,1562491699726,-784,-336,464
4,1562491699734,-848,-240,400
6,1562491699736,-336,-960,-224
6,1562491699737,-352,-960,-304
2,1562491699739,-992,144,-64
2,1562491699748,-1008,96,-80
4,1562491699771,-784,-368,320
4,1562491699773,-1008,-240,400
6,1562491699781,-208,-944,-288
6,1562491699785,-352,-768,-400
2,1562491699788,-912,-96,80
2,1562491699792,-976,400,16
4,1562491699815,-1408,336,480
4,1562491699816,-1584,272,432
6,1562491699826,-720,-688,-640
6,1562491699828,-656,-720,-720
6,1562491699830,-416,-752,-736
2,1562491699837,-1264,1072,-128
2,1562491699839,-1296,1040,-128
4,1562491699861,-1472,160,176
4,1562491699863,-1184,-128,160
4,1562491699865,-864,-256,320
6,1562491699871,-240,-816,-560
6,1562491699876,-224,-912,-336
2,1562491699886,-1120,560,-80
2,1562491699888,-960,192,-16
2,1562491699890,-864,-144,32
4,1562491699905,-560,-432,448
4,1562491699906,-496,-496,592
6,1562491699916,-192,-928,-112
6,1562491699919,-256,-928,-16
2,1562491699921,-816,-272,160
2,1562491699923,-864,-192,160
4,1562491699950,-656,-320,592
4,1562491699951,-848,-272,448
6,1562491699960,-352,-944,-128
6,1562491699964,-304,-928,-288
2,1562491699976,-976,-48,32
2,1562491699977,-1056,96,0
4,1562491699996,-1008,-240,224
4,1562491699998,-1104,-160,128
6,1562491700008,-208,-896,-464
6,1562491700011,-192,-864,-528
6,1562491700013,-288,-848,-496
2,1562491700020,-1056,288,-48
2,1562491700022,-1024,464,-112
4,1562491700042,-1152,-80,224
4,1562491700043,-1184,0,384
4,1562491700044,-1152,-64,352
6,1562491700049,-432,-848,-480
6,1562491700050,-368,-864,-464
2,1562491700056,-1008,576,-128
2,1562491700058,-1040,576,-80
2,1562491700067,-992,304,0
4,1562491700087,-976,-144,288
4,1562491700089,-704,-336,320
6,1562491700096,-208,-912,-384
6,1562491700097,-144,-928,-208
2,1562491700099,-880,-16,96
2,1562491700101,-832,-176,144
4,1562491700133,-544,-464,480
4,1562491700134,-608,-416,624
6,1562491700144,-192,-976,-48
6,1562491700148,-320,-976,-80
6,1562491700152,-352,-912,-256
2,1562491700160,-832,-144,112
2,1562491700162,-912,-16,32
4,1562491700176,-848,-240,496
4,1562491700179,-1056,-144,320
6,1562491700189,-320,-864,-432
6,1562491700193,-272,-864,-528
2,1562491700195,-1040,144,-16
2,1562491700203,-1088,320,-48
2,1562491700204,-1088,432,-64
4,1562491700220,-1152,-112,224
4,1562491700221,-1184,-80,272
4,1562491700223,-1184,-16,384
6,1562491700230,-336,-832,-528
6,1562491700232,-432,-832,-512
2,1562491700235,-1056,560,-80
2,1562491700236,-1072,544,-64
4,1562491700264,-1104,-80,384
4,1562491700265,-928,-192,336
6,1562491700274,-368,-848,-448
6,1562491700278,-272,-912,-368
2,1562491700286,-1008,240,16
2,1562491700287,-896,0,112
4,1562491700312,-800,-288,368
4,1562491700313,-768,-256,448
6,1562491700320,-240,-928,-272
6,1562491700322,-336,-912,-256
6,1562491700324,-272,-928,-176
2,1562491700333,-848,48,112
2,1562491700336,-912,48,0
4,1562491700355,-688,-352,464
4,1562491700356,-720,-400,368
4,1562491700356,-816,-368,368
6,1562491700363,-208,-960,-256
6,1562491700365,-176,-912,-272
2,1562491700369,-944,-128,32
2,1562491700370,-944,-112,80
4,1562491700401,-1040,-80,400
4,1562491700403,-1232,64,432
6,1562491700416,-416,-832,-416
6,1562491700417,-528,-800,-512
2,1562491700419,-944,160,32
2,1562491700430,-1040,512,-48
2,1562491700432,-1136,672,0
4,1562491700446,-1296,96,352
4,1562491700448,-1216,16,304
6,1562491700455,-480,-784,-608
6,1562491700456,-416,-800,-576
2,1562491700462,-1136,656,16
2,1562491700465,-1024,464,-48
4,1562491700495,-1024,-128,304
4,1562491700496,-848,-272,352
6,1562491700502,-304,-848,-464
6,1562491700504,-272,-896,-288
6,1562491700505,-320,-896,-224
2,1562491700507,-928,144,32
2,1562491700511,-880,16,96
2,1562491700513,-896,112,96
4,1562491700536,-800,-272,416
4,1562491700536,-832,-240,464
4,1562491700537,-864,-192,448
6,1562491700544,-368,-896,-240
6,1562491700545,-384,-880,-288
2,1562491700551,-944,176,32
2,1562491700552,-960,144,32
4,1562491700580,-912,-192,400
4,1562491700581,-960,-176,336
2,1562491700595,-976,192,48
2,1562491700597,-992,304,0
4,1562491700627,-992,-160,352
4,1562491700628,-1024,-144,336
6,1562491700641,-368,-880,-320
6,1562491700645,-352,-880,-368
6,1562491700648,-352,-864,-384
6,1562491700651,-368,-864,-400
2,1562491700654,-976,352,-16
2,1562491700655,-992,320,16
4,1562491700670,-1024,-128,368
4,1562491700672,-992,-144,368
6,1562491700682,-368,-864,-400
6,1562491700685,-384,-848,-368
6,1562491700687,-400,-864,-336
2,1562491700695,-1008,256,32
2,1562491700696,-992,224,0
2,1562491700697,-992,176,-16
4,1562491700716,-944,-160,400
4,1562491700718,-944,-192,368
4,1562491700720,-944,-192,352
6,1562491700729,-368,-864,-336
6,1562491700730,-352,-880,-352
2,1562491700732,-1008,176,32
2,1562491700741,-976,240,32
4,1562491700760,-944,-176,368
4,1562491700765,-960,-160,384
6,1562491700767,-368,-864,-352
6,1562491700768,-384,-864,-352
2,1562491700779,-976,256,0
2,1562491700780,-992,256,-16
4,1562491700806,-976,-176,368
4,1562491700807,-976,-192,336
6,1562491700815,-384,-880,-368
6,1562491700817,-352,-880,-368
6,1562491700819,-336,-896,-368
2,1562491700823,-992,224,-32
2,1562491700826,-960,208,-32
4,1562491700851,-960,-192,320
4,1562491700852,-960,-208,320
6,1562491700859,-336,-880,-368
6,1562491700861,-352,-896,-352
2,1562491700871,-976,208,-48
2,1562491700873,-992,192,-48
2,1562491700876,-992,192,-32
4,1562491700895,-944,-208,352
4,1562491700896,-960,-208,352
4,1562491700897,-1008,-176,336
6,1562491700905,-352,-880,-352
6,1562491700908,-368,-880,-368
2,1562491700917,-992,240,-48
2,1562491700918,-1008,304,-64
4,1562491700943,-1024,-144,352
4,1562491700945,-992,-160,336
6,1562491700952,-384,-864,-384
6,1562491700953,-352,-880,-384
2,1562491700954,-1008,304,-64
2,1562491700956,-992,176,-16
4,1562491700986,-976,-256,320
4,1562491700987,-944,-256,336
6,1562491700994,-288,-896,-368
6,1562491701003,-304,-912,-352
6,1562491701006,-352,-912,-320
2,1562491701008,-992,144,16
2,1562491701012,-976,224,-32
4,1562491701030,-928,-192,384
4,1562491701031,-880,-224,400
6,1562491701038,-336,-912,-288
6,1562491701040,-272,-912,-256
2,1562491701049,-944,192,-16
2,1562491701050,-912,96,48
2,1562491701051,-960,96,80
4,1562491701076,-880,-272,352
4,1562491701078,-880,-272,336
4,1562491701079,-912,-240,320
6,1562491701087,-256,-912,-304
6,1562491701091,-256,-864,-336
2,1562491701094,-976,160,0
2,1562491701103,-976,192,-16
4,1562491701120,-976,-240,272
4,1562491701121,-1008,-224,256
6,1562491701131,-256,-880,-384
6,1562491701133,-256,-880,-400
2,1562491701134,-1024,192,-48
2,1562491701136,-1040,224,-64
4,1562491701165,-1056,-208,304
4,1562491701166,-1056,-144,336
6,1562491701172,-320,-896,-416
6,1562491701182,-368,-880,-416
6,1562491701183,-336,-896,-384
2,1562491701184,-1056,304,-128
2,1562491701185,-1040,256,-128
4,1562491701210,-1008,-192,336
4,1562491701213,-976,-240,336
4,1562491701223,-944,-240,368
6,1562491701226,-304,-912,-352
6,1562491701229,-304,-912,-304
2,1562491701240,-1024,160,-48
2,1562491701242,-992,160,16
2,1562491701244,-944,176,0
4,1562491701257,-896,-272,336
4,1562491701264,-912,-272,304
6,1562491701266,-272,-880,-288
6,1562491701267,-272,-896,-304
2,1562491701270,-944,160,-16
2,1562491701271,-992,144,-32
