6,1562653193370,-160,160,-640
6,1562653193372,-288,-736,-1488
2,1562653193396,-928,432,48
2,1562653193397,-1072,608,-64
4,1562653193403,-1088,-528,160
4,1562653193403,-1200,16,16
6,1562653193414,-528,-1216,-1360
6,1562653193415,-432,112,-688
2,1562653193442,-992,192,80
2,1562653193448,-880,208,176
4,1562653193449,-960,-16,16
4,1562653193451,-976,-128,48
4,1562653193452,-992,-128,-32
6,1562653193456,-448,-192,-672
6,1562653193458,-320,-80,-752
6,1562653193467,-352,-240,-864
2,1562653193486,-976,112,96
2,1562653193488,-1008,176,16
2,1562653193489,-976,240,-32
4,1562653193498,-1024,-144,0
4,1562653193500,-1008,-304,112
6,1562653193501,-336,-384,-1040
6,1562653193503,-432,-864,-1152
2,1562653193533,-1008,416,0
2,1562653193534,-992,256,48
4,1562653193540,-1088,-96,16
4,1562653193541,-1008,-32,0
6,1562653193549,-400,-144,-816
6,1562653193550,-400,-160,-736
2,1562653193577,-928,240,64
2,1562653193580,-976,144,32
4,1562653193591,-1008,-128,0
4,1562653193595,-976,-48,-48
6,1562653193606,-336,-80,-720
6,1562653193607,-288,-48,-784
2,1562653193623,-992,160,16
2,1562653193625,-1008,176,-64
4,1562653193634,-992,-192,-32
4,1562653193636,-1008,-96,-16
4,1562653193637,-1008,-352,128
6,1562653193639,-304,-288,-864
6,1562653193641,-320,-272,-1040
6,1562653193644,-464,-928,-1152
2,1562653193666,-960,208,32
2,1562653193667,-1008,416,32
2,1562653193668,-992,160,80
4,1562653193674,-1104,-48,16
4,1562653193676,-976,-64,16
6,1562653193683,-384,-16,-736
6,1562653193685,-432,-192,-720
2,1562653193713,-928,224,96
2,1562653193715,-992,176,48
4,1562653193720,-992,-128,16
4,1562653193721,-1008,-176,-32
2,1562653193758,-1008,208,-16
2,1562653193763,-960,240,-16
4,1562653193774,-1008,-80,-32
4,1562653193778,-1008,-272,80
6,1562653193782,-336,-192,-848
6,1562653193786,-320,-272,-864
6,1562653193789,-320,-304,-992
6,1562653193792,-400,-752,-1088
2,1562653193803,-976,384,0
2,1562653193804,-976,224,64
4,1562653193816,-1056,-64,32
4,1562653193819,-992,-64,16
4,1562653193822,-1008,-112,0
6,1562653193824,-384,-144,-800
6,1562653193826,-400,-208,-768
6,1562653193828,-336,-176,-800
4,1562653193853,-1008,-176,-32
4,1562653193855,-1008,-176,-48
6,1562653193863,-336,-288,-880
6,1562653193866,-272,-224,-864
2,1562653193891,-944,240,80
2,1562653193893,-976,208,48
2,1562653193895,-1008,208,-16
2,1562653193897,-1024,128,-48
2,1562653193907,-976,192,0
4,1562653193911,-1008,-128,-48
4,1562653193913,-1008,-224,64
6,1562653193916,-304,-320,-960
6,1562653193918,-320,-544,-1024
2,1562653193937,-992,288,32
2,1562653193940,-960,256,96
4,1562653193951,-1040,-96,48
4,1562653193953,-1008,-96,48
6,1562653193955,-432,-288,-832
6,1562653193956,-416,-304,-832
6,1562653193958,-400,-176,-736
2,1562653193982,-944,304,96
2,1562653193983,-976,176,32
4,1562653193992,-1024,-112,16
4,1562653193994,-1008,-48,-64
4,1562653193997,-1008,-64,-64
6,1562653194005,-288,-112,-784
6,1562653194007,-272,-64,-656
2,1562653194029,-976,240,-16
2,1562653194031,-992,160,-112
2,1562653194033,-944,144,48
4,1562653194041,-992,0,-48
4,1562653194043,-976,-272,64
6,1562653194054,-272,-80,-832
6,1562653194057,-416,-1088,-1328
2,1562653194072,-944,432,80
2,1562653194074,-1024,320,-16
4,1562653194083,-1056,-416,112
4,1562653194085,-1072,64,-32
6,1562653194087,-400,-832,-944
6,1562653194089,-416,-144,-800
2,1562653194117,-976,224,112
2,1562653194118,-944,320,64
4,1562653194129,-1008,-160,64
4,1562653194132,-1024,-128,64
6,1562653194134,-400,-560,-912
6,1562653194142,-368,-512,-1024
6,1562653194143,-464,-752,-1024
4,1562653194169,-1008,-192,96
4,1562653194170,-1072,-128,64
4,1562653194171,-1040,-144,-16
6,1562653194180,-432,-288,-768
6,1562653194181,-432,-32,-592
2,1562653194206,-960,288,96
2,1562653194208,-976,384,48
2,1562653194220,-1008,288,16
2,1562653194224,-1008,160,-16
2,1562653194226,-992,80,-64
4,1562653194229,-976,-112,-64
4,1562653194232,-976,-96,-160
2,1562653194252,-992,64,-96
2,1562653194253,-976,112,-64
4,1562653194262,-960,-144,-128
4,1562653194263,-976,-240,32
6,1562653194271,-288,-32,-704
6,1562653194273,-96,96,-704
6,1562653194275,-208,-192,-944
6,1562653194278,-256,-576,-1136
2,1562653194295,-976,288,0
2,1562653194297,-992,400,64
4,1562653194306,-1056,-304,96
4,1562653194307,-1088,-112,64
4,1562653194310,-1040,-16,48
6,1562653194319,-448,-816,-1168
6,1562653194320,-480,-352,-848
6,1562653194321,-464,-208,-736
2,1562653194342,-976,336,96
2,1562653194350,-928,304,144
2,1562653194352,-960,96,64
4,1562653194354,-1008,-48,16
4,1562653194356,-944,0,-48
6,1562653194359,-464,0,-560
6,1562653194362,-304,64,-656
2,1562653194386,-976,128,48
2,1562653194387,-1024,160,-80
4,1562653194396,-976,-208,-48
4,1562653194398,-1024,-160,-64
6,1562653194407,-320,-400,-928
6,1562653194408,-208,-160,-976
2,1562653194431,-992,176,-64
2,1562653194433,-992,432,-16
4,1562653194443,-1008,-320,64
4,1562653194447,-1088,-144,32
6,1562653194455,-368,-912,-1248
6,1562653194457,-448,-432,-960
6,1562653194458,-448,-176,-752
2,1562653194477,-976,320,32
2,1562653194479,-928,288,112
4,1562653194488,-1040,-32,16
4,1562653194490,-1008,-80,48
4,1562653194492,-992,-96,16
6,1562653194495,-464,-208,-704
6,1562653194498,-368,-128,-736
2,1562653194521,-944,224,96
2,1562653194522,-976,160,64
2,1562653194523,-992,288,0
4,1562653194531,-992,-160,-16
4,1562653194533,-1040,-272,48
6,1562653194540,-416,-480,-1040
6,1562653194542,-400,-592,-1088
2,1562653194566,-1024,272,-64
2,1562653194568,-992,240,16
4,1562653194574,-1040,-176,16
4,1562653194576,-1024,-112,16
6,1562653194588,-416,-432,-992
6,1562653194590,-352,-224,-864
2,1562653194613,-976,224,64
2,1562653194617,-976,160,32
4,1562653194628,-1008,-128,-16
4,1562653194631,-960,-64,-16
6,1562653194634,-368,32,-656
6,1562653194635,-400,-16,-640
6,1562653194636,-224,32,-800
2,1562653194656,-960,96,16
2,1562653194657,-976,128,0
4,1562653194666,-976,-96,-80
4,1562653194667,-976,-160,0
4,1562653194668,-1024,-224,32
6,1562653194679,-304,-256,-928
6,1562653194680,-384,-432,-1024
2,1562653194701,-960,256,-16
2,1562653194703,-1008,304,-16
2,1562653194705,-976,256,48
4,1562653194712,-1040,-112,0
4,1562653194713,-1024,-112,16
6,1562653194724,-464,-224,-848
6,1562653194726,-400,-208,-832
2,1562653194746,-960,240,64
2,1562653194748,-992,160,48
4,1562653194754,-1008,-112,0
4,1562653194754,-1008,-96,-16
6,1562653194767,-368,-144,-800
6,1562653194768,-320,-48,-768
2,1562653194793,-976,144,32
2,1562653194794,-960,416,48
4,1562653194801,-976,-192,32
4,1562653194804,-1072,-384,144
6,1562653194808,-480,-656,-1168
6,1562653194812,-480,-816,-1152
6,1562653194814,-400,-16,-752
2,1562653194837,-1024,384,-64
2,1562653194839,-976,208,64
2,1562653194841,-928,224,48
4,1562653194852,-1088,16,-32
4,1562653194853,-976,-96,0
4,1562653194855,-992,-80,-16
6,1562653194857,-416,-128,-720
6,1562653194859,-336,-64,-736
2,1562653194881,-960,160,32
2,1562653194883,-976,224,0
4,1562653194892,-992,-112,-32
4,1562653194895,-1008,-192,16
6,1562653194904,-352,-192,-864
6,1562653194906,-368,-368,-992
2,1562653194929,-992,256,-16
2,1562653194932,-992,368,16
4,1562653194942,-1040,-240,48
4,1562653194943,-1072,-160,32
6,1562653194953,-448,-608,-1104
6,1562653194955,-448,-368,-944
6,1562653194956,-416,-128,-768
2,1562653194971,-992,304,16
2,1562653194972,-960,240,64
4,1562653194983,-1040,-80,0
4,1562653194986,-992,-80,0
4,1562653194988,-976,-48,-32
6,1562653194991,-384,-80,-736
6,1562653194994,-352,48,-688
2,1562653195016,-944,192,48
2,1562653195017,-944,112,32
2,1562653195018,-976,208,16
4,1562653195023,-960,-128,-32
4,1562653195025,-1024,-240,16
6,1562653195032,-352,-160,-848
6,1562653195034,-384,-464,-1120
2,1562653195063,-1008,320,-16
2,1562653195064,-1024,320,-48
4,1562653195071,-1056,-272,32
4,1562653195073,-1040,-176,16
2,1562653195107,-1008,272,-16
2,1562653195109,-960,160,48
4,1562653195118,-1040,-96,0
4,1562653195121,-976,-112,0
6,1562653195124,-400,-480,-1104
6,1562653195128,-448,-384,-976
6,1562653195130,-400,-96,-784
6,1562653195132,-368,-96,-768
6,1562653195134,-320,-16,-720
2,1562653195151,-960,144,80
2,1562653195152,-976,128,32
4,1562653195161,-976,-112,-16
4,1562653195162,-976,-112,-48
4,1562653195164,-1008,-176,16
6,1562653195174,-352,-112,-832
6,1562653195175,-352,-256,-928
2,1562653195198,-992,192,0
2,1562653195201,-992,240,0
2,1562653195203,-992,256,16
4,1562653195211,-1024,-176,0
4,1562653195213,-1040,-208,32
6,1562653195216,-400,-288,-976
6,1562653195218,-448,-352,-944
2,1562653195242,-992,272,16
2,1562653195247,-976,208,16
4,1562653195250,-1040,-144,-16
4,1562653195252,-992,-160,0
6,1562653195257,-416,-160,-832
6,1562653195260,-368,-192,-864
2,1562653195287,-960,240,32
2,1562653195288,-976,224,0
4,1562653195297,-1008,-144,-16
4,1562653195298,-1008,-112,-16
6,1562653195310,-352,-192,-880
6,1562653195313,-368,-112,-816
6,1562653195317,-352,-96,-816
2,1562653195330,-992,128,-16
2,1562653195332,-976,128,48
4,1562653195342,-992,-96,-32
4,1562653195344,-976,-208,32
4,1562653195345,-1040,-352,80
6,1562653195352,-400,-352,-992
6,1562653195353,-464,-704,-1136
2,1562653195378,-992,272,64
2,1562653195380,-1040,352,-16
2,1562653195381,-992,256,-16
4,1562653195387,-1088,-128,0
4,1562653195388,-1024,-160,16
6,1562653195396,-432,-240,-928
6,1562653195397,-464,-352,-944
2,1562653195420,-944,352,32
2,1562653195421,-960,320,16
4,1562653195430,-1040,-160,48
4,1562653195431,-1040,-80,-16
6,1562653195436,-432,-400,-976
6,1562653195437,-384,-96,-800
6,1562653195438,-416,-48,-752
2,1562653195467,-976,208,16
2,1562653195468,-944,160,32
4,1562653195473,-992,-64,-16
6,1562653195486,-384,0,-688
6,1562653195487,-304,16,-768
2,1562653195511,-976,112,16
2,1562653195514,-976,144,0
4,1562653195526,-976,-96,-32
4,1562653195529,-960,-96,-64
4,1562653195532,-992,-192,-32
4,1562653195534,-1008,-64,-48
6,1562653195542,-288,-192,-848
6,1562653195544,-288,16,-832
2,1562653195556,-1008,208,-16
2,1562653195557,-960,192,0
2,1562653195559,-992,432,32
4,1562653195568,-992,-304,32
4,1562653195570,-1104,-192,48
6,1562653195572,-544,-704,-1152
6,1562653195575,-416,-352,-976
2,1562653195602,-1008,240,-32
2,1562653195602,-944,256,48
4,1562653195611,-1024,-96,-16
4,1562653195612,-1008,-144,16
6,1562653195620,-432,-112,-800
6,1562653195624,-464,-288,-880
6,1562653195628,-384,-256,-896
2,1562653195647,-944,304,16
2,1562653195648,-976,288,16
4,1562653195655,-1024,-128,0
4,1562653195656,-1024,-128,0
6,1562653195664,-432,-304,-944
6,1562653195666,-448,-336,-912
2,1562653195693,-976,240,0
2,1562653195694,-992,256,32
2,1562653195695,-976,240,16
4,1562653195701,-1008,-192,32
4,1562653195703,-1024,-128,0
4,1562653195704,-1008,-144,-16
6,1562653195707,-384,-208,-864
6,1562653195710,-400,-160,-832
2,1562653195737,-992,224,-16
2,1562653195738,-992,160,0
4,1562653195744,-992,-128,0
4,1562653195745,-992,-160,-32
6,1562653195751,-416,-192,-832
6,1562653195752,-384,-256,-912
2,1562653195781,-992,192,48
2,1562653195783,-1008,272,0
4,1562653195789,-1008,-256,16
4,1562653195791,-1040,-208,-16
6,1562653195800,-384,-400,-992
6,1562653195802,-336,-288,-960
6,1562653195805,-368,-144,-864
2,1562653195826,-1008,256,-32
2,1562653195827,-976,240,-16
4,1562653195835,-1024,-128,-32
4,1562653195837,-1008,-112,-32
4,1562653195840,-1008,-112,-32
6,1562653195848,-416,-128,-816
6,1562653195850,-384,-96,-816
2,1562653195871,-960,224,-16
2,1562653195872,-944,208,16
2,1562653195873,-944,256,32
4,1562653195883,-992,-128,-16
4,1562653195886,-1008,-288,48
6,1562653195888,-400,-224,-928
6,1562653195890,-464,-608,-1168
2,1562653195918,-976,400,48
2,1562653195920,-1024,256,-32
4,1562653195928,-1072,-192,64
4,1562653195929,-1024,-32,-48
6,1562653195936,-352,-304,-928
6,1562653195937,-368,96,-752
6,1562653195938,-448,96,-560
2,1562653195961,-976,176,16
2,1562653195967,-944,128,0
4,1562653195970,-976,-32,-48
4,1562653195972,-928,32,-80
6,1562653195983,-368,192,-672
6,1562653195984,-352,-224,-816
2,1562653196007,-912,128,80
2,1562653196009,-976,224,16
4,1562653196015,-960,-224,0
4,1562653196017,-1024,-80,-32
4,1562653196020,-960,-240,-80
6,1562653196023,-208,80,-672
6,1562653196026,-464,-464,-1328
2,1562653196053,-1008,112,-32
2,1562653196053,-944,464,48
2,1562653196054,-1040,416,-144
4,1562653196061,-1104,-352,144
4,1562653196062,-1088,32,-96
6,1562653196068,-480,-720,-1008
6,1562653196070,-336,-32,-944
2,1562653196095,-992,192,32
2,1562653196096,-912,288,48
4,1562653196102,-992,-160,32
4,1562653196104,-1024,-144,64
6,1562653196112,-496,-240,-800
6,1562653196113,-496,-416,-992
2,1562653196143,-944,352,112
2,1562653196145,-992,272,32
4,1562653196151,-1040,-160,48
4,1562653196153,-1024,-112,32
6,1562653196156,-448,-416,-976
6,1562653196157,-432,-240,-880
6,1562653196159,-464,-176,-768
2,1562653196188,-976,192,48
2,1562653196193,-992,224,16
4,1562653196196,-992,-176,0
4,1562653196198,-1008,-128,-64
4,1562653196201,-992,-64,-96
6,1562653196209,-464,-16,-672
6,1562653196211,-352,16,-768
2,1562653196231,-992,144,-48
2,1562653196232,-976,208,-48
2,1562653196234,-976,256,-48
4,1562653196242,-992,-176,-64
4,1562653196244,-1008,-160,-32
6,1562653196252,-272,-224,-944
6,1562653196253,-208,-144,-880
2,1562653196276,-976,176,-32
2,1562653196277,-976,320,32
4,1562653196284,-992,-192,-16
4,1562653196285,-1056,-192,48
6,1562653196297,-384,-400,-1104
6,1562653196297,-432,-432,-944
6,1562653196298,-432,-160,-832
2,1562653196321,-992,240,0
2,1562653196322,-960,224,80
4,1562653196329,-1024,-64,0
4,1562653196330,-1008,-144,16
6,1562653196335,-480,-240,-800
6,1562653196336,-432,-192,-800
2,1562653196365,-976,240,48
2,1562653196367,-992,208,48
2,1562653196369,-976,192,-16
4,1562653196377,-1024,-112,0
4,1562653196379,-1008,-112,-32
4,1562653196382,-1008,-112,-48
6,1562653196391,-352,-128,-768
6,1562653196393,-352,-144,-928
2,1562653196410,-944,272,16
2,1562653196412,-992,384,-16
4,1562653196420,-1008,-272,48
4,1562653196421,-1056,-160,0
6,1562653196430,-448,-656,-1072
6,1562653196432,-352,-432,-1008
6,1562653196434,-384,-160,-832
2,1562653196456,-1008,256,-16
2,1562653196462,-960,272,16
4,1562653196465,-1024,-96,-16
4,1562653196466,-1008,-128,16
6,1562653196471,-448,-240,-800
6,1562653196472,-384,-208,-832
2,1562653196501,-944,272,16
2,1562653196502,-960,240,48
4,1562653196510,-1008,-96,0
4,1562653196511,-1008,-112,0
4,1562653196518,-1024,-160,16
6,1562653196520,-368,-208,-848
6,1562653196521,-448,-368,-992
2,1562653196546,-976,224,32
2,1562653196547,-960,256,48
2,1562653196553,-992,352,32
4,1562653196555,-1024,-256,64
4,1562653196558,-1056,-256,48
6,1562653196568,-448,-512,-1040
6,1562653196570,-480,-624,-1072
2,1562653196596,-1008,336,-16
2,1562653196598,-976,208,16
4,1562653196606,-1072,-32,-16
4,1562653196608,-976,-48,-48
6,1562653196611,-352,-112,-800
6,1562653196613,-416,48,-672
6,1562653196615,-448,-80,-720
2,1562653196638,-944,160,32
2,1562653196639,-928,224,64
4,1562653196646,-976,-80,0
4,1562653196647,-992,-272,16
6,1562653196653,-416,-432,-1120
6,1562653196655,-336,-272,-912
2,1562653196681,-976,352,32
2,1562653196682,-1008,208,-48
4,1562653196689,-1056,-176,16
4,1562653196691,-992,-64,-64
4,1562653196694,-960,-48,-64
6,1562653196705,-320,16,-816
6,1562653196707,-336,144,-560
2,1562653196726,-976,176,32
2,1562653196729,-960,112,0
2,1562653196738,-960,160,48
4,1562653196739,-944,-64,-64
4,1562653196741,-992,-176,16
2,1562653196770,-1008,144,-32
2,1562653196772,-976,48,16
4,1562653196788,-1008,0,-80
4,1562653196792,-944,-288,-16
6,1562653196795,-368,144,-688
6,1562653196798,-304,-128,-736
6,1562653196800,-160,272,-544
6,1562653196802,-480,-464,-1200
6,1562653196804,-544,-1056,-1296
2,1562653196816,-944,448,64
2,1562653196818,-1040,448,-48
4,1562653196828,-1104,-448,192
4,1562653196830,-1120,-224,32
6,1562653196839,-512,-656,-1216
6,1562653196841,-496,-288,-832
2,1562653196861,-1024,320,32
2,1562653196862,-960,240,48
4,1562653196870,-1056,-112,32
4,1562653196871,-1008,-80,16
4,1562653196873,-992,-96,0
6,1562653196879,-448,-176,-768
6,1562653196881,-416,-160,-752
2,1562653196909,-944,208,96
2,1562653196910,-960,176,16
2,1562653196910,-944,208,0
4,1562653196916,-976,-80,-16
4,1562653196917,-1008,-208,16
6,1562653196921,-352,-80,-752
6,1562653196923,-432,-352,-912
6,1562653196926,-416,-288,-912
2,1562653196951,-992,304,-16
2,1562653196953,-976,288,0
4,1562653196963,-1040,-128,0
4,1562653196966,-1024,-144,16
6,1562653196977,-448,-304,-880
6,1562653196978,-448,-224,-848
2,1562653196998,-976,304,16
2,1562653197001,-976,224,48
4,1562653197010,-1024,-96,16
4,1562653197012,-1008,-144,16
6,1562653197014,-432,-192,-816
6,1562653197015,-416,-192,-816
2,1562653197043,-992,192,48
2,1562653197043,-992,176,16
2,1562653197044,-976,320,16
4,1562653197051,-992,-160,16
4,1562653197053,-1024,-192,16
4,1562653197055,-1024,-336,64
6,1562653197058,-400,-272,-960
6,1562653197069,-544,-688,-1232
2,1562653197086,-992,496,-16
2,1562653197087,-1024,304,-64
4,1562653197098,-1136,-272,112
4,1562653197100,-1040,112,-96
2,1562653197130,-912,112,96
4,1562653197140,-912,-64,0
4,1562653197151,-976,-80,16
6,1562653197153,-576,-800,-1088
6,1562653197155,-320,192,-688
6,1562653197156,-400,112,-608
6,1562653197160,-432,-48,-720
6,1562653197162,-384,-80,-864
2,1562653197178,-880,208,96
2,1562653197179,-928,240,48
2,1562653197181,-960,240,16
6,1562653197198,-528,-480,-1072
6,1562653197199,-368,-128,-864
2,1562653197223,-1024,272,16
2,1562653197226,-1024,176,0
2,1562653197228,-992,176,-16
4,1562653197237,-992,-128,-16
4,1562653197239,-992,-288,64
4,1562653197241,-1040,-160,-16
4,1562653197243,-992,-128,-48
4,1562653197245,-976,-48,-64
6,1562653197247,-336,64,-752
6,1562653197249,-336,144,-672
2,1562653197266,-976,144,0
4,1562653197274,-976,-160,-48
6,1562653197283,-320,32,-784
2,1562653197312,-976,160,0
4,1562653197321,-992,-80,-16
6,1562653197331,-256,64,-656
2,1562653197356,-992,64,-16
2,1562653197359,-912,176,80
2,1562653197368,-992,528,0
2,1562653197371,-1024,304,-32
4,1562653197373,-976,-32,-112
4,1562653197375,-960,-448,96
4,1562653197377,-1152,-192,128
4,1562653197378,-1040,-176,-16
4,1562653197380,-1104,-320,128
6,1562653197382,-192,304,-640
6,1562653197384,-560,-784,-1296
6,1562653197385,-480,-672,-1072
6,1562653197386,-528,-320,-1120
6,1562653197388,-656,-800,-1072
2,1562653197402,-960,496,112
2,1562653197403,-992,368,-48
2,1562653197405,-960,128,64
4,1562653197411,-1056,48,-48
4,1562653197412,-944,-80,0
6,1562653197418,-368,-64,-800
6,1562653197419,-384,16,-688
6,1562653197420,-432,-192,-784
2,1562653197447,-928,160,64
2,1562653197448,-960,176,32
4,1562653197457,-976,-160,48
4,1562653197457,-992,-192,-16
6,1562653197464,-368,-224,-896
6,1562653197465,-400,-288,-960
2,1562653197495,-1008,256,16
2,1562653197496,-992,320,-64
4,1562653197511,-1024,-208,-16
4,1562653197513,-1040,-192,16
6,1562653197516,-448,-384,-976
6,1562653197517,-416,-304,-992
2,1562653197536,-976,352,-32
2,1562653197539,-960,336,32
4,1562653197549,-1040,-192,16
4,1562653197551,-1040,-144,32
4,1562653197553,-992,-64,16
6,1562653197561,-480,-304,-880
6,1562653197563,-416,-32,-752
2,1562653197581,-960,208,32
2,1562653197583,-928,176,80
2,1562653197590,-960,240,64
4,1562653197591,-976,-176,32
4,1562653197593,-1024,-224,48
6,1562653197599,-464,-176,-816
6,1562653197600,-480,-320,-912
6,1562653197601,-496,-384,-1024
2,1562653197626,-1008,288,0
2,1562653197627,-1008,288,-32
4,1562653197633,-1024,-256,32
4,1562653197635,-1040,-160,0
6,1562653197644,-448,-256,-944
6,1562653197646,-400,-64,-800
2,1562653197672,-992,224,16
2,1562653197674,-976,160,64
4,1562653197686,-1008,-112,16
4,1562653197690,-976,-144,0
6,1562653197693,-400,32,-768
6,1562653197696,-384,16,-704
2,1562653197718,-960,176,64
2,1562653197720,-976,160,32
4,1562653197731,-992,-112,0
4,1562653197733,-976,-80,-48
4,1562653197735,-992,-224,0
6,1562653197738,-320,144,-720
6,1562653197740,-416,-112,-896
2,1562653197761,-960,224,16
2,1562653197768,-976,256,-16
2,1562653197771,-1008,208,-16
4,1562653197773,-1024,-192,0
4,1562653197776,-1008,-96,-32
6,1562653197785,-400,-176,-912
6,1562653197788,-336,0,-784
6,1562653197791,-304,192,-544
2,1562653197806,-992,128,16
2,1562653197808,-960,16,48
4,1562653197817,-976,16,-48
4,1562653197818,-944,16,-128
6,1562653197820,-240,480,-544
6,1562653197822,-688,-960,-1392
2,1562653197850,-896,256,160
2,1562653197851,-1024,752,-16
4,1562653197858,-976,-736,208
4,1562653197859,-1264,-512,208
6,1562653197865,-704,-1584,-1568
6,1562653197866,-320,192,-800
2,1562653197898,-1120,304,-224
2,1562653197899,-928,96,80
2,1562653197901,-896,304,64
4,1562653197914,-1040,176,-160
4,1562653197916,-928,-160,32
4,1562653197919,-992,-80,16
6,1562653197921,-464,-48,-672
6,1562653197923,-384,-192,-816
2,1562653197945,-960,192,80
2,1562653197947,-976,272,32
4,1562653197956,-992,-144,0
4,1562653197958,-1024,-224,48
6,1562653197960,-400,-80,-800
6,1562653197968,-496,-384,-960
6,1562653197969,-448,-304,-944
2,1562653197987,-976,304,0
2,1562653197988,-992,288,32
4,1562653197995,-1040,-176,-16
4,1562653197997,-1024,-208,0
6,1562653198001,-464,-320,-960
6,1562653198002,-448,-256,-912
2,1562653198033,-992,320,-48
2,1562653198033,-976,272,-16
4,1562653198048,-1040,-144,16
4,1562653198051,-1008,-128,0
4,1562653198053,-992,-112,0
6,1562653198056,-416,-128,-832
6,1562653198059,-400,-96,-816
2,1562653198077,-944,240,32
2,1562653198078,-944,192,48
2,1562653198087,-976,176,48
4,1562653198090,-976,-128,0
4,1562653198092,-992,-160,-16
6,1562653198102,-400,-64,-784
6,1562653198104,-368,-96,-832
6,1562653198107,-368,-144,-832
2,1562653198121,-992,240,0
2,1562653198122,-976,240,-16
4,1562653198129,-1008,-144,-16
4,1562653198131,-1008,-64,-32
6,1562653198135,-336,-32,-752
6,1562653198137,-320,96,-704
2,1562653198166,-976,160,0
2,1562653198168,-928,224,64
4,1562653198174,-976,-64,-32
4,1562653198178,-992,-432,80
6,1562653198188,-544,-544,-1152
6,1562653198191,-544,-896,-1200
2,1562653198211,-992,448,48
2,1562653198213,-1056,256,-64
4,1562653198220,-1120,-368,96
4,1562653198223,-1024,-80,-64
4,1562653198226,-992,-144,0
6,1562653198234,-352,-128,-928
6,1562653198235,-432,-112,-800
4,1562653198264,-1008,-160,0
4,1562653198265,-992,-224,16
6,1562653198271,-416,-224,-864
6,1562653198274,-384,-224,-960
6,1562653198276,-480,-480,-1040
2,1562653198300,-976,192,0
2,1562653198304,-944,272,16
2,1562653198306,-976,240,16
2,1562653198314,-976,304,32
2,1562653198318,-992,256,0
4,1562653198321,-1040,-256,64
4,1562653198323,-1024,-112,-16
6,1562653198333,-416,-176,-864
6,1562653198335,-368,16,-752
2,1562653198346,-992,176,32
2,1562653198349,-960,192,48
4,1562653198357,-976,-96,-32
4,1562653198359,-976,-112,0
6,1562653198367,-368,0,-736
6,1562653198368,-336,48,-704
2,1562653198393,-976,176,32
2,1562653198395,-992,160,16
4,1562653198403,-976,-96,-32
4,1562653198404,-992,-160,-32
4,1562653198407,-992,-48,-32
6,1562653198411,-352,-16,-800
6,1562653198412,-320,0,-688
2,1562653198437,-1008,144,-16
2,1562653198438,-992,32,16
2,1562653198440,-928,432,112
4,1562653198451,-944,-192,-96
4,1562653198452,-1104,-784,288
6,1562653198454,-240,304,-768
6,1562653198456,-768,-1472,-1488
6,1562653198464,-352,-416,-1104
2,1562653198482,-1088,528,-192
2,1562653198483,-1008,112,-16
4,1562653198489,-1136,32,-96
4,1562653198490,-944,-80,-32
6,1562653198497,-384,128,-688
6,1562653198498,-480,-192,-752
2,1562653198527,-896,256,64
2,1562653198530,-928,208,80
4,1562653198540,-992,-96,32
4,1562653198543,-992,-144,0
6,1562653198553,-368,-128,-832
6,1562653198554,-400,-144,-800
2,1562653198571,-992,208,48
2,1562653198574,-976,192,0
2,1562653198576,-976,304,32
4,1562653198585,-1008,-112,0
4,1562653198587,-992,-192,0
4,1562653198590,-1024,-320,32
6,1562653198593,-416,-192,-896
6,1562653198595,-464,-448,-1056
6,1562653198598,-464,-576,-1104
2,1562653198616,-1008,384,-16
2,1562653198617,-1024,240,-64
4,1562653198626,-1088,-224,0
4,1562653198627,-1008,-96,-32
6,1562653198636,-416,-160,-864
6,1562653198637,-416,-112,-784
2,1562653198660,-960,192,16
2,1562653198661,-944,192,48
6,1562653198676,-368,-112,-800
6,1562653198678,-464,-336,-1040
2,1562653198710,-944,240,48
2,1562653198711,-992,384,-16
4,1562653198722,-992,-144,0
4,1562653198724,-992,-144,0
4,1562653198726,-1008,-320,32
4,1562653198729,-1088,-288,32
6,1562653198731,-544,-560,-1120
6,1562653198733,-480,-288,-864
2,1562653198751,-1024,272,-48
2,1562653198752,-992,96,0
4,1562653198761,-1040,-112,-16
4,1562653198763,-944,-32,-32
4,1562653198765,-960,-96,16
6,1562653198775,-352,160,-672
6,1562653198777,-352,64,-656
2,1562653198797,-944,112,80
2,1562653198799,-960,160,64
2,1562653198800,-960,192,32
4,1562653198805,-960,-32,-48
4,1562653198807,-992,-112,0
6,1562653198816,-304,160,-624
6,1562653198818,-400,0,-720
6,1562653198819,-304,128,-544
2,1562653198842,-976,176,-16
2,1562653198843,-960,80,48
6,1562653198859,-240,400,-688
6,1562653198860,-800,-1392,-1440
2,1562653198887,-896,464,112
2,1562653198889,-1104,576,-144
4,1562653198903,-992,96,-32
4,1562653198907,-928,-176,-48
4,1562653198911,-1104,-768,240
4,1562653198914,-1168,-80,-80
4,1562653198916,-992,-112,-80
6,1562653198919,-496,-768,-1280
6,1562653198922,-304,96,-800
2,1562653198931,-1056,112,-96
2,1562653198934,-912,224,48
2,1562653198937,-912,240,48
4,1562653198947,-992,-192,32
4,1562653198949,-1008,-192,0
6,1562653198952,-432,-240,-832
6,1562653198954,-368,-224,-928
6,1562653198956,-480,-400,-1040
4,1562653198984,-1024,-288,48
4,1562653198985,-1072,-208,32
6,1562653198992,-512,-528,-1040
6,1562653198993,-368,-64,-784
2,1562653199021,-960,304,48
2,1562653199024,-992,384,-48
2,1562653199026,-1008,240,-32
2,1562653199028,-944,160,32
4,1562653199037,-992,-32,-64
4,1562653199040,-960,-80,0
6,1562653199044,-352,48,-720
6,1562653199046,-368,0,-672
2,1562653199067,-928,160,80
2,1562653199069,-960,176,96
4,1562653199081,-960,-80,16
4,1562653199082,-992,-192,16
4,1562653199084,-1040,-272,48
6,1562653199094,-416,-64,-784
6,1562653199096,-512,-368,-992
6,1562653199097,-448,-336,-992
2,1562653199112,-992,304,48
2,1562653199113,-1008,288,-32
2,1562653199114,-1008,240,-32
4,1562653199119,-1040,-208,0
4,1562653199120,-1008,-144,-16
6,1562653199130,-416,-208,-896
6,1562653199132,-384,-112,-832
2,1562653199156,-976,192,0
2,1562653199161,-976,208,32
4,1562653199164,-992,-160,0
4,1562653199165,-992,-144,-16
6,1562653199171,-384,-112,-832
6,1562653199172,-384,-96,-816
2,1562653199200,-960,208,16
4,1562653199210,-992,-144,0
4,1562653199212,-1008,-144,0
6,1562653199221,-416,-160,-816
6,1562653199224,-400,-128,-880
2,1562653199246,-960,240,32
2,1562653199248,-976,256,16
2,1562653199249,-976,304,16
2,1562653199252,-992,320,-16
4,1562653199261,-1008,-192,0
6,1562653199271,-464,-336,-976
6,1562653199272,-464,-384,-976
6,1562653199274,-432,-144,-848
2,1562653199291,-976,240,0
2,1562653199293,-944,240,32
4,1562653199302,-1040,-256,48
4,1562653199305,-1040,-176,0
4,1562653199308,-992,-160,0
4,1562653199310,-1008,-160,0
6,1562653199313,-416,-208,-848
6,1562653199314,-400,-160,-848
2,1562653199336,-976,208,32
2,1562653199337,-992,208,16
4,1562653199343,-992,-160,0
4,1562653199353,-1008,-160,0
6,1562653199355,-416,-160,-832
6,1562653199356,-400,-208,-896
2,1562653199382,-976,224,16
2,1562653199383,-992,272,16
6,1562653199398,-432,-320,-944
6,1562653199401,-448,-240,-912
2,1562653199426,-992,240,0
2,1562653199427,-992,208,16
2,1562653199432,-976,208,48
4,1562653199435,-1008,-224,16
4,1562653199437,-1024,-192,16
6,1562653199449,-416,-192,-864
6,1562653199451,-448,-224,-864
6,1562653199452,-560,-592,-1216
2,1562653199472,-976,320,32
2,1562653199473,-1008,480,-48
4,1562653199481,-1008,-192,16
4,1562653199483,-992,-144,0
4,1562653199485,-1008,-272,32
4,1562653199487,-1040,-512,80
4,1562653199490,-1136,-320,112
2,1562653199517,-1040,224,-80
2,1562653199518,-944,80,80
4,1562653199525,-1008,96,-96
4,1562653199526,-896,-80,-32
6,1562653199532,-672,-1040,-1312
6,1562653199533,-368,-16,-752
6,1562653199534,-304,352,-560
6,1562653199536,-448,48,-608
2,1562653199561,-896,160,96
2,1562653199562,-976,144,32
4,1562653199569,-944,-112,0
4,1562653199571,-960,48,-96
4,1562653199573,-960,-128,-64
6,1562653199581,-288,240,-528
6,1562653199583,-240,384,-624
6,1562653199584,-336,112,-496
2,1562653199611,-992,128,0
2,1562653199613,-960,160,-48
2,1562653199615,-992,48,-32
4,1562653199630,-992,48,-64
4,1562653199633,-960,144,-176
6,1562653199636,-80,544,-384
6,1562653199640,-112,480,-528
2,1562653199651,-960,16,16
2,1562653199653,-896,272,48
4,1562653199664,-976,-128,-176
4,1562653199667,-1008,-880,160
6,1562653199676,-576,-576,-1344
6,1562653199678,-1152,-2032,-1984
2,1562653199696,-1008,896,-48
2,1562653199699,-1136,544,-320
4,1562653199707,-1168,-1168,544
4,1562653199708,-1200,144,-224
6,1562653199714,-176,-1168,-1248
6,1562653199716,-240,672,-704
2,1562653199743,-1136,-208,16
2,1562653199744,-880,64,160
4,1562653199748,-928,80,-112
4,1562653199750,-960,-160,128
4,1562653199751,-976,-144,16
6,1562653199756,-464,0,-560
6,1562653199766,-464,-208,-704
2,1562653199786,-880,224,128
2,1562653199787,-960,208,112
2,1562653199789,-1024,320,-16
4,1562653199795,-992,-352,48
4,1562653199797,-1056,-176,32
6,1562653199801,-448,-432,-992
6,1562653199803,-496,-528,-976
6,1562653199804,-368,-64,-784
2,1562653199831,-1024,256,-64
2,1562653199832,-960,208,-16
4,1562653199842,-1008,-64,-80
4,1562653199843,-992,-80,-48
6,1562653199850,-352,16,-752
6,1562653199852,-368,-80,-784
2,1562653199877,-944,224,-16
2,1562653199878,-960,192,32
4,1562653199883,-976,-160,0
4,1562653199884,-992,-240,0
6,1562653199895,-384,-208,-880
6,1562653199896,-432,-352,-976
2,1562653199921,-992,240,16
2,1562653199922,-1008,240,-16
4,1562653199929,-1024,-256,0
4,1562653199931,-1024,-208,-16
4,1562653199932,-1024,-192,-16
6,1562653199938,-416,-320,-976
6,1562653199946,-400,-208,-912
6,1562653199947,-416,-224,-912
2,1562653199966,-1008,224,-32
2,1562653199967,-976,224,0
2,1562653199968,-976,208,48
4,1562653199973,-1008,-208,0
4,1562653199978,-992,-240,32
6,1562653199981,-416,-208,-928
6,1562653199984,-496,-320,-928
2,1562653200011,-960,240,32
2,1562653200013,-992,240,16
4,1562653200023,-1024,-208,48
4,1562653200026,-1008,-128,-16
6,1562653200035,-400,-128,-832
6,1562653200036,-352,16,-784
2,1562653200059,-976,208,16
2,1562653200061,-960,192,16
4,1562653200069,-992,-112,-32
4,1562653200071,-976,-80,-32
6,1562653200073,-368,48,-704
6,1562653200075,-368,16,-816
6,1562653200077,-384,-128,-912
2,1562653200101,-944,208,32
2,1562653200102,-992,224,-16
2,1562653200103,-992,256,0
6,1562653200116,-384,-304,-1024
6,1562653200118,-352,-288,-1056
2,1562653200146,-1008,272,0
2,1562653200147,-1008,176,0
4,1562653200160,-992,-208,-32
4,1562653200162,-992,-256,0
4,1562653200165,-1040,-272,16
4,1562653200167,-1024,-208,0
4,1562653200171,-992,-144,0
6,1562653200174,-368,-64,-864
6,1562653200183,-416,-64,-800
2,1562653200194,-960,176,64
2,1562653200196,-976,176,48
4,1562653200204,-992,-176,0
4,1562653200206,-992,-176,-16
6,1562653200207,-352,-48,-816
6,1562653200215,-368,-112,-864
2,1562653200235,-992,192,16
2,1562653200236,-1008,144,-32
4,1562653200244,-1008,-160,-16
4,1562653200245,-976,-16,-96
6,1562653200251,-288,112,-656
6,1562653200253,-336,64,-848
6,1562653200253,-432,-480,-960
2,1562653200281,-960,128,48
2,1562653200282,-976,336,0
2,1562653200285,-1024,176,-32
4,1562653200293,-960,-336,32
4,1562653200294,-1056,-176,16
4,1562653200296,-1008,-64,-48
6,1562653200301,-288,-64,-848
6,1562653200303,-384,-16,-896
2,1562653200326,-960,192,32
2,1562653200331,-944,528,32
6,1562653200344,-704,-1200,-1248
6,1562653200345,-432,-432,-1024
2,1562653200371,-1024,320,-48
2,1562653200372,-976,176,80
4,1562653200382,-976,-400,80
4,1562653200384,-1120,-384,176
4,1562653200387,-1024,-32,-48
4,1562653200391,-992,-176,32
6,1562653200394,-448,-112,-816
6,1562653200397,-496,-352,-880
2,1562653200418,-928,288,80
2,1562653200420,-976,224,48
4,1562653200428,-1024,-176,48
4,1562653200430,-1008,-176,-16
4,1562653200432,-1040,-304,64
6,1562653200438,-400,-192,-848
6,1562653200440,-480,-400,-1024
6,1562653200443,-480,-464,-960
2,1562653200462,-960,320,16
2,1562653200464,-1008,336,-32
2,1562653200465,-992,208,0
6,1562653200476,-368,-80,-816
6,1562653200483,-352,0,-752
2,1562653200508,-944,224,0
2,1562653200509,-928,224,0
4,1562653200519,-1040,-128,0
4,1562653200523,-992,-96,-48
4,1562653200526,-992,-112,-16
4,1562653200528,-976,-48,-48
6,1562653200531,-352,32,-704
6,1562653200533,-336,96,-720
2,1562653200551,-960,192,16
2,1562653200551,-960,160,0
4,1562653200559,-976,-96,-48
4,1562653200561,-976,-96,-32
6,1562653200571,-352,-16,-720
6,1562653200572,-256,144,-592
6,1562653200574,-496,-464,-1232
2,1562653200595,-1008,64,16
2,1562653200597,-928,272,80
4,1562653200605,-976,-96,-64
4,1562653200607,-1040,-656,176
4,1562653200608,-1136,-160,-16
6,1562653200616,-528,-960,-1168
6,1562653200618,-416,-240,-1040
2,1562653200643,-1056,528,-48
2,1562653200644,-1040,192,-32
2,1562653200644,-960,272,32
4,1562653200652,-1008,-160,0
4,1562653200653,-1008,-208,48
6,1562653200661,-496,-256,-864
6,1562653200662,-448,-320,-864
2,1562653200687,-960,256,32
2,1562653200688,-976,128,48
4,1562653200696,-1008,-128,-16
4,1562653200698,-944,-96,-16
6,1562653200701,-352,-32,-768
6,1562653200702,-368,-16,-704
2,1562653200731,-944,176,16
2,1562653200732,-944,272,32
4,1562653200745,-992,-128,-16
4,1562653200747,-1008,-256,16
6,1562653200756,-416,-176,-832
6,1562653200758,-528,-608,-1184
6,1562653200761,-496,-528,-1088
2,1562653200778,-960,448,16
2,1562653200779,-1008,400,-80
2,1562653200781,-1008,224,-16
4,1562653200787,-1072,-352,64
4,1562653200791,-1072,-160,0
4,1562653200794,-1008,-64,-16
6,1562653200802,-448,-160,-816
6,1562653200803,-384,64,-688
2,1562653200822,-944,128,48
2,1562653200823,-928,112,80
6,1562653200836,-352,80,-656
6,1562653200836,-400,-128,-864
2,1562653200866,-944,224,64
2,1562653200867,-992,304,-16
4,1562653200877,-944,-80,-16
4,1562653200879,-944,-144,-16
4,1562653200881,-1008,-256,16
4,1562653200883,-1040,-208,-16
6,1562653200894,-432,-288,-960
6,1562653200898,-416,-240,-944
2,1562653200911,-1008,288,-32
2,1562653200912,-976,256,-32
4,1562653200921,-1024,-176,-16
4,1562653200923,-992,-160,-16
6,1562653200932,-400,-128,-864
6,1562653200933,-400,-96,-832
6,1562653200935,-400,-64,-800
2,1562653200959,-960,224,0
2,1562653200960,-976,192,0
2,1562653200962,-976,192,16
4,1562653200971,-992,-144,-16
4,1562653200973,-992,-128,-32
6,1562653200976,-400,-112,-832
6,1562653200978,-336,-32,-736
2,1562653201002,-1008,128,0
2,1562653201003,-976,144,16
4,1562653201011,-992,-160,-32
4,1562653201013,-976,-112,-32
4,1562653201016,-976,-384,48
6,1562653201027,-336,0,-784
2,1562653201047,-976,496,32
2,1562653201048,-1040,256,-96
4,1562653201055,-1136,-352,96
4,1562653201056,-992,-16,-48
6,1562653201067,-608,-1008,-1312
6,1562653201068,-400,-304,-944
6,1562653201069,-464,-32,-784
6,1562653201070,-576,-512,-960
2,1562653201094,-960,176,64
2,1562653201094,-928,368,80
4,1562653201100,-1008,-256,64
4,1562653201101,-1040,-192,48
4,1562653201101,-992,-128,-16
6,1562653201106,-400,-224,-880
6,1562653201116,-448,-176,-848
2,1562653201136,-976,224,16
2,1562653201137,-960,256,16
2,1562653201138,-944,400,16
4,1562653201143,-1008,-256,48
4,1562653201144,-1072,-272,32
6,1562653201151,-576,-608,-1104
6,1562653201153,-368,-192,-864
2,1562653201181,-1008,288,-48
2,1562653201182,-976,144,16
4,1562653201188,-1008,-16,-80
4,1562653201190,-944,-64,-16
6,1562653201200,-320,160,-704
6,1562653201203,-384,96,-608
2,1562653201227,-928,160,32
2,1562653201229,-944,192,64
4,1562653201238,-960,-80,-32
4,1562653201240,-992,-176,-16
6,1562653201249,-368,48,-768
6,1562653201252,-352,-48,-768
6,1562653201253,-256,208,-560
2,1562653201272,-992,176,0
2,1562653201275,-1024,64,-16
4,1562653201286,-992,-32,-32
4,1562653201289,-976,48,-128
4,1562653201292,-976,-400,0
6,1562653201294,-240,368,-704
6,1562653201297,-624,-960,-1232
2,1562653201317,-944,96,48
2,1562653201318,-944,496,32
2,1562653201320,-1056,624,-128
4,1562653201327,-1104,-704,240
4,1562653201328,-1168,-256,-16
6,1562653201335,-608,-1488,-1584
6,1562653201337,-432,-336,-1024
2,1562653201362,-1040,240,-80
2,1562653201363,-944,224,32
4,1562653201372,-1024,-48,-64
4,1562653201374,-992,-64,0
2,1562653201412,-896,192,64
2,1562653201415,-928,160,64
4,1562653201418,-944,-64,-16
4,1562653201431,-960,-64,-32
6,1562653201434,-448,-64,-720
6,1562653201436,-400,-48,-704
6,1562653201438,-336,48,-672
6,1562653201439,-384,16,-720
6,1562653201441,-448,-272,-848
2,1562653201452,-944,160,32
2,1562653201454,-960,288,32
2,1562653201455,-992,432,0
4,1562653201462,-976,-176,16
4,1562653201464,-1024,-288,16
4,1562653201465,-1088,-320,16
6,1562653201472,-480,-592,-1136
6,1562653201474,-496,-640,-1216
2,1562653201496,-1024,432,-48
2,1562653201497,-1008,304,-64
4,1562653201504,-1072,-240,16
4,1562653201505,-1024,-112,-16
6,1562653201511,-480,-304,-912
6,1562653201513,-448,-32,-720
2,1562653201543,-960,192,-16
2,1562653201544,-912,240,64
4,1562653201550,-976,-128,0
4,1562653201551,-1008,-256,32
6,1562653201562,-464,-192,-944
6,1562653201563,-480,-336,-864
6,1562653201564,-320,-80,-816
2,1562653201586,-976,208,32
2,1562653201587,-992,160,48
4,1562653201594,-992,-160,16
4,1562653201597,-976,-144,-32
6,1562653201601,-288,64,-768
6,1562653201602,-320,176,-592
2,1562653201632,-992,160,16
2,1562653201633,-976,160,16
4,1562653201644,-944,-80,-48
4,1562653201645,-960,-80,-64
4,1562653201646,-992,-112,0
6,1562653201656,-400,48,-736
6,1562653201659,-368,64,-656
2,1562653201679,-960,224,32
2,1562653201681,-976,176,0
2,1562653201687,-960,192,32
4,1562653201689,-976,-96,-48
4,1562653201691,-1008,-336,-32
6,1562653201701,-352,16,-880
6,1562653201703,-464,-432,-976
2,1562653201722,-976,304,0
2,1562653201728,-992,352,-64
4,1562653201731,-1024,-304,48
4,1562653201733,-1072,-352,32
6,1562653201736,-480,-576,-1152
6,1562653201737,-368,-480,-1152
6,1562653201738,-384,-208,-928
2,1562653201767,-1040,352,-64
2,1562653201768,-1008,176,-48
4,1562653201777,-1040,-224,-32
4,1562653201778,-992,-144,-16
4,1562653201781,-992,-144,0
6,1562653201792,-432,-112,-816
6,1562653201796,-384,-128,-800
2,1562653201812,-960,160,32
2,1562653201813,-944,208,80
2,1562653201814,-960,208,64
4,1562653201823,-992,-160,0
4,1562653201826,-992,-192,16
6,1562653201835,-368,-112,-832
6,1562653201836,-448,-256,-880
2,1562653201858,-960,272,32
2,1562653201859,-992,352,0
4,1562653201864,-1024,-224,48
4,1562653201865,-1024,-272,32
6,1562653201871,-480,-384,-1008
6,1562653201873,-480,-432,-1024
2,1562653201902,-992,336,-16
2,1562653201903,-992,240,-16
6,1562653201917,-432,-224,-912
6,1562653201919,-400,-32,-784
6,1562653201921,-384,-16,-752
2,1562653201945,-960,192,16
2,1562653201947,-944,192,16
4,1562653201955,-1040,-192,0
4,1562653201957,-1008,-128,-16
4,1562653201960,-976,-112,-32
4,1562653201962,-976,-128,-32
4,1562653201964,-992,-192,-16
6,1562653201972,-368,-64,-832
6,1562653201973,-368,-160,-864
2,1562653201994,-960,208,16
2,1562653201995,-976,208,0
2,1562653201996,-976,240,0
4,1562653202003,-992,-208,-16
4,1562653202006,-1008,-224,0
6,1562653202016,-384,-192,-912
6,1562653202018,-400,-208,-896
2,1562653202037,-992,272,-16
4,1562653202045,-1024,-176,-16
6,1562653202051,-400,-112,-832
2,1562653202081,-992,224,-16
4,1562653202090,-992,-144,-32
6,1562653202101,-400,-48,-752
2,1562653202125,-976,176,-16
2,1562653202132,-928,272,32
2,1562653202134,-960,480,16
2,1562653202135,-1024,400,-32
4,1562653202138,-992,-128,-32
4,1562653202143,-1008,-448,128
4,1562653202145,-1104,-432,80
4,1562653202148,-1104,-144,16
4,1562653202150,-944,32,-80
6,1562653202158,-416,-176,-992
6,1562653202160,-576,-896,-1200
6,1562653202163,-544,-848,-1376
6,1562653202166,-400,16,-720
6,1562653202168,-384,240,-592
6,1562653202186,-416,48,-592
6,1562653202187,-240,304,-592
2,1562653202216,-1024,144,-16
2,1562653202219,-928,96,64
2,1562653202222,-928,128,80
2,1562653202234,-944,80,80
2,1562653202236,-960,288,48
4,1562653202240,-928,-96,-16
4,1562653202243,-928,0,-32
4,1562653202247,-944,-224,-32
4,1562653202249,-1024,-272,64
6,1562653202251,-416,-192,-880
6,1562653202253,-448,-352,-960
6,1562653202254,-288,-64,-912
2,1562653202265,-1008,336,-64
2,1562653202268,-1008,224,-48
4,1562653202277,-1040,-144,-64
4,1562653202281,-1008,-192,-64
6,1562653202283,-416,48,-656
6,1562653202285,-336,208,-544
2,1562653202308,-1008,128,-80
2,1562653202309,-976,48,-32
2,1562653202310,-880,320,80
4,1562653202316,-976,-32,-96
4,1562653202318,-976,-64,-160
4,1562653202320,-992,-912,336
6,1562653202323,-384,-80,-1168
6,1562653202325,-912,-2032,-1712
2,1562653202352,-1008,896,32
2,1562653202353,-1104,160,-192
4,1562653202358,-1248,-528,256
4,1562653202360,-992,160,-160
6,1562653202365,-256,-784,-1232
6,1562653202367,-192,592,-592
2,1562653202397,-992,-96,144
2,1562653202399,-896,224,64
4,1562653202406,-912,-64,-48
4,1562653202408,-960,0,0
6,1562653202411,-576,48,-528
6,1562653202420,-400,64,-496
6,1562653202422,-272,112,-800
2,1562653202442,-912,176,64
2,1562653202443,-944,224,112
4,1562653202448,-944,-48,-64
4,1562653202450,-992,-304,48
6,1562653202460,-512,-416,-992
6,1562653202461,-464,-480,-1024
2,1562653202486,-976,352,0
2,1562653202487,-1008,384,-80
2,1562653202489,-992,272,-64
4,1562653202496,-1056,-304,32
4,1562653202500,-1040,-160,-80
4,1562653202502,-992,-208,-32
6,1562653202505,-336,-80,-912
6,1562653202508,-496,-208,-848
2,1562653202531,-976,208,-64
2,1562653202532,-960,208,16
4,1562653202542,-1008,-208,-16
4,1562653202545,-1008,-240,-16
6,1562653202554,-400,-240,-912
6,1562653202557,-320,-224,-976
2,1562653202576,-992,192,32
4,1562653202586,-992,-304,32
4,1562653202588,-1024,-224,32
6,1562653202599,-432,-384,-1024
6,1562653202601,-352,-256,-928
6,1562653202602,-352,-16,-800
2,1562653202622,-992,224,0
2,1562653202633,-1008,176,16
2,1562653202634,-976,176,48
4,1562653202636,-992,-128,-32
4,1562653202637,-976,-128,-16
4,1562653202638,-992,-128,-16
6,1562653202639,-464,-16,-672
6,1562653202641,-400,-64,-784
2,1562653202668,-976,176,16
2,1562653202669,-960,224,48
2,1562653202670,-976,272,0
4,1562653202680,-1008,-224,32
4,1562653202682,-1024,-336,32
6,1562653202688,-384,-240,-896
6,1562653202690,-528,-560,-1200
2,1562653202711,-976,400,0
2,1562653202714,-1008,288,-80
4,1562653202727,-1072,-256,48
4,1562653202730,-1024,-48,-80
6,1562653202733,-496,-416,-960
6,1562653202735,-352,64,-736
6,1562653202738,-384,112,-624
2,1562653202758,-976,160,0
2,1562653202763,-928,128,32
4,1562653202764,-944,-64,-48
4,1562653202766,-960,-208,-16
6,1562653202772,-416,-176,-848
6,1562653202773,-384,-272,-1008
2,1562653202800,-960,208,80
2,1562653202801,-1008,256,16
4,1562653202807,-1008,-240,16
4,1562653202814,-1040,-368,48
4,1562653202818,-1056,-176,0
6,1562653202821,-512,-576,-1136
6,1562653202823,-432,-224,-912
2,1562653202846,-1024,352,-16
2,1562653202847,-992,208,-32
2,1562653202848,-960,160,32
4,1562653202853,-992,-80,-48
4,1562653202855,-944,-112,-32
6,1562653202863,-400,64,-704
6,1562653202864,-480,32,-640
2,1562653202894,-976,96,16
2,1562653202896,-992,192,32
4,1562653202908,-976,-208,-16
4,1562653202911,-1008,-272,-16
6,1562653202915,-400,-160,-848
6,1562653202917,-352,-304,-1056
6,1562653202918,-448,-560,-1232
2,1562653202936,-1008,272,-32
2,1562653202938,-992,384,-48
4,1562653202946,-1040,-368,16
4,1562653202949,-1056,-240,16
6,1562653202958,-448,-368,-1008
6,1562653202959,-384,48,-752
2,1562653202981,-1008,256,-48
2,1562653202982,-928,176,64
2,1562653202983,-928,112,80
6,1562653202997,-400,32,-608
6,1562653202998,-416,128,-672
2,1562653203026,-944,160,128
2,1562653203032,-992,448,0
4,1562653203044,-1008,-16,-32
4,1562653203046,-960,-80,0
4,1562653203050,-928,-48,-32
4,1562653203052,-1008,-384,64
4,1562653203055,-1088,-272,32
6,1562653203058,-592,-528,-1104
6,1562653203061,-448,-464,-1168
2,1562653203071,-1008,352,-80
2,1562653203073,-976,304,-48
4,1562653203084,-1040,-176,0
4,1562653203086,-1008,-64,-16
6,1562653203095,-432,-224,-928
6,1562653203097,-400,16,-784
6,1562653203098,-352,176,-560
2,1562653203116,-944,192,48
2,1562653203117,-944,96,32
4,1562653203130,-960,-96,-32
4,1562653203132,-928,-112,-80
6,1562653203134,-448,112,-704
6,1562653203135,-400,-112,-880
2,1562653203162,-944,160,32
2,1562653203166,-976,256,0
2,1562653203168,-1008,224,-48
4,1562653203176,-992,-192,-16
4,1562653203178,-1008,-256,-16
4,1562653203182,-1008,-240,-16
6,1562653203184,-304,-176,-960
6,1562653203186,-368,-192,-992
2,1562653203209,-1008,224,-48
2,1562653203209,-992,208,-16
4,1562653203214,-1024,-208,0
4,1562653203217,-1008,-128,-16
6,1562653203220,-416,-192,-896
6,1562653203222,-352,-16,-752
6,1562653203232,-400,32,-880
2,1562653203251,-992,160,16
2,1562653203253,-944,224,48
6,1562653203266,-544,-544,-1024
6,1562653203268,-400,-368,-1104
2,1562653203295,-992,320,0
2,1562653203298,-1008,240,-16
4,1562653203310,-976,-144,-48
4,1562653203313,-1008,-368,64
4,1562653203315,-1040,-240,0
4,1562653203317,-1024,-208,-16
4,1562653203319,-992,-160,-32
6,1562653203322,-352,-176,-944
6,1562653203324,-400,-80,-816
2,1562653203344,-992,208,-48
2,1562653203345,-992,160,0
2,1562653203347,-992,144,-16
4,1562653203357,-992,-176,-48
4,1562653203359,-992,-160,-64
6,1562653203368,-416,-64,-768
6,1562653203369,-368,-80,-848
